WIDTH = 8;
DEPTH = 41616;
ADDRESS_RADIX = HEX;
DATA_RADIX = HEX;
CONTENT
BEGIN
  0 : FF;
  1 : FF;
  2 : FF;
  3 : FF;
  4 : FF;
  5 : FF;
  6 : FF;
  7 : FF;
  8 : FF;
  9 : FF;
  A : FF;
  B : FF;
  C : FF;
  D : FF;
  E : FF;
  F : FF;
  10 : FF;
  11 : FF;
  12 : FF;
  13 : FF;
  14 : FF;
  15 : FF;
  16 : FF;
  17 : FF;
  18 : FF;
  19 : FF;
  1A : FF;
  1B : FF;
  1C : FF;
  1D : FF;
  1E : FF;
  1F : FF;
  20 : FF;
  21 : FF;
  22 : FF;
  23 : FF;
  24 : FF;
  25 : FF;
  26 : FF;
  27 : FF;
  28 : FF;
  29 : FF;
  2A : FF;
  2B : FF;
  2C : FF;
  2D : FF;
  2E : FF;
  2F : FF;
  30 : FF;
  31 : FF;
  32 : FF;
  33 : FF;
  34 : FF;
  35 : FF;
  36 : FF;
  37 : FF;
  38 : FF;
  39 : FF;
  3A : FF;
  3B : FF;
  3C : FF;
  3D : FF;
  3E : FF;
  3F : FF;
  40 : FF;
  41 : FF;
  42 : FF;
  43 : FF;
  44 : FF;
  45 : FF;
  46 : FF;
  47 : FF;
  48 : FF;
  49 : FF;
  4A : FF;
  4B : FF;
  4C : FF;
  4D : FF;
  4E : FF;
  4F : FF;
  50 : FF;
  51 : FF;
  52 : FF;
  53 : FF;
  54 : FF;
  55 : FF;
  56 : FF;
  57 : FF;
  58 : FF;
  59 : FF;
  5A : FF;
  5B : FF;
  5C : FF;
  5D : FF;
  5E : FF;
  5F : FF;
  60 : FF;
  61 : FF;
  62 : FF;
  63 : FF;
  64 : FF;
  65 : FF;
  66 : FF;
  67 : FF;
  68 : FF;
  69 : FF;
  6A : FF;
  6B : FF;
  6C : FF;
  6D : FF;
  6E : FF;
  6F : FF;
  70 : FF;
  71 : FF;
  72 : FF;
  73 : FF;
  74 : FF;
  75 : FF;
  76 : FF;
  77 : FF;
  78 : FF;
  79 : FF;
  7A : FF;
  7B : FF;
  7C : FF;
  7D : FF;
  7E : FF;
  7F : FF;
  80 : FF;
  81 : FF;
  82 : FF;
  83 : FF;
  84 : FF;
  85 : FF;
  86 : FF;
  87 : FF;
  88 : FF;
  89 : FF;
  8A : FF;
  8B : FF;
  8C : FF;
  8D : FF;
  8E : FF;
  8F : FF;
  90 : FF;
  91 : FF;
  92 : FF;
  93 : FF;
  94 : FF;
  95 : FF;
  96 : FF;
  97 : FF;
  98 : FF;
  99 : FF;
  9A : FF;
  9B : FF;
  9C : FF;
  9D : FF;
  9E : FF;
  9F : FF;
  A0 : FF;
  A1 : FF;
  A2 : FF;
  A3 : FF;
  A4 : FF;
  A5 : FF;
  A6 : FF;
  A7 : FF;
  A8 : FF;
  A9 : FF;
  AA : FF;
  AB : FF;
  AC : FF;
  AD : FF;
  AE : FF;
  AF : FF;
  B0 : FF;
  B1 : FF;
  B2 : FF;
  B3 : FF;
  B4 : FF;
  B5 : FF;
  B6 : FF;
  B7 : FF;
  B8 : FF;
  B9 : FF;
  BA : FF;
  BB : FF;
  BC : FF;
  BD : FF;
  BE : FF;
  BF : FF;
  C0 : FF;
  C1 : FF;
  C2 : FF;
  C3 : FF;
  C4 : FF;
  C5 : FF;
  C6 : FF;
  C7 : FF;
  C8 : FF;
  C9 : FF;
  CA : FF;
  CB : FF;
  CC : FF;
  CD : FF;
  CE : FF;
  CF : FF;
  D0 : FF;
  D1 : FF;
  D2 : FF;
  D3 : FF;
  D4 : FF;
  D5 : FF;
  D6 : FF;
  D7 : FF;
  D8 : FF;
  D9 : FF;
  DA : FF;
  DB : FF;
  DC : FF;
  DD : FF;
  DE : FF;
  DF : FF;
  E0 : FF;
  E1 : FF;
  E2 : FF;
  E3 : FF;
  E4 : FF;
  E5 : FF;
  E6 : FF;
  E7 : FF;
  E8 : FF;
  E9 : FF;
  EA : FF;
  EB : FF;
  EC : FF;
  ED : FF;
  EE : FF;
  EF : FF;
  F0 : FF;
  F1 : FF;
  F2 : FF;
  F3 : FF;
  F4 : FF;
  F5 : FF;
  F6 : FF;
  F7 : FF;
  F8 : FF;
  F9 : FF;
  FA : FF;
  FB : FF;
  FC : FF;
  FD : FF;
  FE : FF;
  FF : FF;
  100 : FF;
  101 : FF;
  102 : FF;
  103 : FF;
  104 : FF;
  105 : FF;
  106 : FF;
  107 : FF;
  108 : FF;
  109 : FF;
  10A : FF;
  10B : FF;
  10C : FF;
  10D : FF;
  10E : FF;
  10F : FF;
  110 : FF;
  111 : FF;
  112 : FF;
  113 : FF;
  114 : FF;
  115 : FF;
  116 : FF;
  117 : FF;
  118 : FF;
  119 : FF;
  11A : FF;
  11B : FF;
  11C : FF;
  11D : FF;
  11E : FF;
  11F : FF;
  120 : FF;
  121 : FF;
  122 : FF;
  123 : FF;
  124 : FF;
  125 : FF;
  126 : FF;
  127 : FF;
  128 : FF;
  129 : FF;
  12A : FF;
  12B : FF;
  12C : FF;
  12D : FF;
  12E : FF;
  12F : FF;
  130 : FF;
  131 : FF;
  132 : FF;
  133 : FF;
  134 : FF;
  135 : FF;
  136 : FF;
  137 : FF;
  138 : FF;
  139 : FF;
  13A : FF;
  13B : FF;
  13C : FF;
  13D : FF;
  13E : FF;
  13F : FF;
  140 : FF;
  141 : FF;
  142 : FF;
  143 : FF;
  144 : FF;
  145 : FF;
  146 : FF;
  147 : FF;
  148 : FF;
  149 : FF;
  14A : FF;
  14B : FF;
  14C : FF;
  14D : FF;
  14E : FF;
  14F : FF;
  150 : FF;
  151 : FF;
  152 : FF;
  153 : FF;
  154 : FF;
  155 : FF;
  156 : FF;
  157 : FF;
  158 : FF;
  159 : FF;
  15A : FF;
  15B : FF;
  15C : FF;
  15D : FF;
  15E : FF;
  15F : FF;
  160 : FF;
  161 : FF;
  162 : FF;
  163 : FF;
  164 : FF;
  165 : FF;
  166 : FF;
  167 : FF;
  168 : FF;
  169 : FF;
  16A : FF;
  16B : FF;
  16C : FF;
  16D : FF;
  16E : FF;
  16F : FF;
  170 : FF;
  171 : FF;
  172 : FF;
  173 : FF;
  174 : FF;
  175 : FF;
  176 : FF;
  177 : FF;
  178 : FF;
  179 : FF;
  17A : FF;
  17B : FF;
  17C : FF;
  17D : FF;
  17E : FF;
  17F : FF;
  180 : FF;
  181 : FF;
  182 : FF;
  183 : FF;
  184 : FF;
  185 : FF;
  186 : FF;
  187 : FF;
  188 : FF;
  189 : FF;
  18A : FF;
  18B : FF;
  18C : FF;
  18D : FF;
  18E : FF;
  18F : FF;
  190 : FF;
  191 : FF;
  192 : FF;
  193 : FF;
  194 : FF;
  195 : FF;
  196 : FF;
  197 : FF;
  198 : FF;
  199 : FF;
  19A : FF;
  19B : FF;
  19C : FF;
  19D : FF;
  19E : FF;
  19F : FF;
  1A0 : FF;
  1A1 : FF;
  1A2 : FF;
  1A3 : FF;
  1A4 : FF;
  1A5 : FF;
  1A6 : FF;
  1A7 : FF;
  1A8 : FF;
  1A9 : FF;
  1AA : FF;
  1AB : FF;
  1AC : FF;
  1AD : FF;
  1AE : FF;
  1AF : FF;
  1B0 : FF;
  1B1 : FF;
  1B2 : FF;
  1B3 : FF;
  1B4 : FF;
  1B5 : FF;
  1B6 : FF;
  1B7 : FF;
  1B8 : FF;
  1B9 : FF;
  1BA : FF;
  1BB : FF;
  1BC : FF;
  1BD : FF;
  1BE : FF;
  1BF : FF;
  1C0 : FF;
  1C1 : FF;
  1C2 : FF;
  1C3 : FF;
  1C4 : FF;
  1C5 : FF;
  1C6 : FF;
  1C7 : FF;
  1C8 : FF;
  1C9 : FF;
  1CA : FF;
  1CB : FF;
  1CC : FF;
  1CD : FF;
  1CE : FF;
  1CF : FF;
  1D0 : FF;
  1D1 : FF;
  1D2 : FF;
  1D3 : FF;
  1D4 : FF;
  1D5 : FF;
  1D6 : FF;
  1D7 : FF;
  1D8 : FF;
  1D9 : FF;
  1DA : FF;
  1DB : FF;
  1DC : FF;
  1DD : FF;
  1DE : FF;
  1DF : FF;
  1E0 : FF;
  1E1 : FF;
  1E2 : FF;
  1E3 : FF;
  1E4 : FF;
  1E5 : FF;
  1E6 : FF;
  1E7 : FF;
  1E8 : FF;
  1E9 : FF;
  1EA : FF;
  1EB : FF;
  1EC : FF;
  1ED : FF;
  1EE : FF;
  1EF : FF;
  1F0 : FF;
  1F1 : FF;
  1F2 : FF;
  1F3 : FF;
  1F4 : FF;
  1F5 : FF;
  1F6 : FF;
  1F7 : FF;
  1F8 : FF;
  1F9 : FF;
  1FA : FF;
  1FB : FF;
  1FC : FF;
  1FD : FF;
  1FE : FF;
  1FF : FF;
  200 : FF;
  201 : FF;
  202 : FF;
  203 : FF;
  204 : FF;
  205 : FF;
  206 : FF;
  207 : FF;
  208 : FF;
  209 : FF;
  20A : FF;
  20B : FF;
  20C : FF;
  20D : FF;
  20E : FF;
  20F : FF;
  210 : FF;
  211 : FF;
  212 : FF;
  213 : FF;
  214 : FF;
  215 : FF;
  216 : FF;
  217 : FF;
  218 : FF;
  219 : FF;
  21A : FF;
  21B : FF;
  21C : FF;
  21D : FF;
  21E : FF;
  21F : FF;
  220 : FF;
  221 : FF;
  222 : FF;
  223 : FF;
  224 : FF;
  225 : FF;
  226 : FF;
  227 : FF;
  228 : FF;
  229 : FF;
  22A : FF;
  22B : FF;
  22C : FF;
  22D : FF;
  22E : FF;
  22F : FF;
  230 : FF;
  231 : FF;
  232 : FF;
  233 : FF;
  234 : FF;
  235 : FF;
  236 : FF;
  237 : FF;
  238 : FF;
  239 : FF;
  23A : FF;
  23B : FF;
  23C : FF;
  23D : FF;
  23E : FF;
  23F : FF;
  240 : FF;
  241 : FF;
  242 : FF;
  243 : FF;
  244 : FF;
  245 : FF;
  246 : FF;
  247 : FF;
  248 : FF;
  249 : FF;
  24A : FF;
  24B : FF;
  24C : FF;
  24D : FF;
  24E : FF;
  24F : FF;
  250 : FF;
  251 : FF;
  252 : FF;
  253 : FF;
  254 : FF;
  255 : FF;
  256 : FF;
  257 : FF;
  258 : FF;
  259 : FF;
  25A : FF;
  25B : FF;
  25C : FF;
  25D : FF;
  25E : FF;
  25F : FF;
  260 : FF;
  261 : FF;
  262 : FF;
  263 : FF;
  264 : FF;
  265 : FF;
  266 : FF;
  267 : FF;
  268 : FF;
  269 : FF;
  26A : FF;
  26B : FF;
  26C : FF;
  26D : FF;
  26E : FF;
  26F : FF;
  270 : FF;
  271 : FF;
  272 : FF;
  273 : FF;
  274 : FF;
  275 : FF;
  276 : FF;
  277 : FF;
  278 : FF;
  279 : FF;
  27A : FF;
  27B : FF;
  27C : FF;
  27D : FF;
  27E : FF;
  27F : FF;
  280 : FF;
  281 : FF;
  282 : FF;
  283 : FF;
  284 : FF;
  285 : FF;
  286 : FF;
  287 : FF;
  288 : FF;
  289 : FF;
  28A : FF;
  28B : FF;
  28C : FF;
  28D : FF;
  28E : FF;
  28F : FF;
  290 : FF;
  291 : FF;
  292 : FF;
  293 : FF;
  294 : FF;
  295 : FF;
  296 : FF;
  297 : FF;
  298 : FF;
  299 : FF;
  29A : FF;
  29B : FF;
  29C : FF;
  29D : FF;
  29E : FF;
  29F : FF;
  2A0 : FF;
  2A1 : FF;
  2A2 : FF;
  2A3 : FF;
  2A4 : FF;
  2A5 : FF;
  2A6 : FF;
  2A7 : FF;
  2A8 : FF;
  2A9 : FF;
  2AA : FF;
  2AB : FF;
  2AC : FF;
  2AD : FF;
  2AE : FF;
  2AF : FF;
  2B0 : FF;
  2B1 : FF;
  2B2 : FF;
  2B3 : FF;
  2B4 : FF;
  2B5 : FF;
  2B6 : FF;
  2B7 : FF;
  2B8 : FF;
  2B9 : FF;
  2BA : FF;
  2BB : FF;
  2BC : FF;
  2BD : FF;
  2BE : FF;
  2BF : FF;
  2C0 : FF;
  2C1 : FF;
  2C2 : FF;
  2C3 : FF;
  2C4 : FF;
  2C5 : FF;
  2C6 : FF;
  2C7 : FF;
  2C8 : FF;
  2C9 : FF;
  2CA : FF;
  2CB : FF;
  2CC : FF;
  2CD : FF;
  2CE : FF;
  2CF : FF;
  2D0 : FF;
  2D1 : FF;
  2D2 : FF;
  2D3 : FF;
  2D4 : FF;
  2D5 : FF;
  2D6 : FF;
  2D7 : FF;
  2D8 : FF;
  2D9 : FF;
  2DA : FF;
  2DB : FF;
  2DC : FF;
  2DD : FF;
  2DE : FF;
  2DF : FF;
  2E0 : FF;
  2E1 : FF;
  2E2 : FF;
  2E3 : FF;
  2E4 : FF;
  2E5 : FF;
  2E6 : FF;
  2E7 : FF;
  2E8 : FF;
  2E9 : FF;
  2EA : FF;
  2EB : FF;
  2EC : FF;
  2ED : FF;
  2EE : FF;
  2EF : FF;
  2F0 : FF;
  2F1 : FF;
  2F2 : FF;
  2F3 : FF;
  2F4 : FF;
  2F5 : FF;
  2F6 : FF;
  2F7 : FF;
  2F8 : FF;
  2F9 : FF;
  2FA : FF;
  2FB : FF;
  2FC : FF;
  2FD : FF;
  2FE : FF;
  2FF : FF;
  300 : FF;
  301 : FF;
  302 : FF;
  303 : FF;
  304 : FF;
  305 : FF;
  306 : FF;
  307 : FF;
  308 : FF;
  309 : FF;
  30A : FF;
  30B : FF;
  30C : FF;
  30D : FF;
  30E : FF;
  30F : FF;
  310 : FF;
  311 : FF;
  312 : FF;
  313 : FF;
  314 : FF;
  315 : FF;
  316 : FF;
  317 : FF;
  318 : FF;
  319 : FF;
  31A : FF;
  31B : FF;
  31C : FF;
  31D : FF;
  31E : FF;
  31F : FF;
  320 : FF;
  321 : FF;
  322 : FF;
  323 : FF;
  324 : FF;
  325 : FF;
  326 : FF;
  327 : FF;
  328 : FF;
  329 : FF;
  32A : FF;
  32B : FF;
  32C : FF;
  32D : FF;
  32E : FF;
  32F : FF;
  330 : FF;
  331 : FF;
  332 : FF;
  333 : FF;
  334 : FF;
  335 : FF;
  336 : FF;
  337 : FF;
  338 : FF;
  339 : FF;
  33A : FF;
  33B : FF;
  33C : FF;
  33D : FF;
  33E : FF;
  33F : FF;
  340 : FF;
  341 : FF;
  342 : FF;
  343 : FF;
  344 : FF;
  345 : FF;
  346 : FF;
  347 : FF;
  348 : FF;
  349 : FF;
  34A : FF;
  34B : FF;
  34C : FF;
  34D : FF;
  34E : FF;
  34F : FF;
  350 : FF;
  351 : FF;
  352 : FF;
  353 : FF;
  354 : FF;
  355 : FF;
  356 : FF;
  357 : FF;
  358 : FF;
  359 : FF;
  35A : FF;
  35B : FF;
  35C : FF;
  35D : FF;
  35E : FF;
  35F : FF;
  360 : FF;
  361 : FF;
  362 : FF;
  363 : FF;
  364 : FF;
  365 : FF;
  366 : FF;
  367 : FF;
  368 : FF;
  369 : FF;
  36A : FF;
  36B : FF;
  36C : FF;
  36D : FF;
  36E : FF;
  36F : FF;
  370 : FF;
  371 : FF;
  372 : FF;
  373 : FF;
  374 : FF;
  375 : FF;
  376 : FF;
  377 : FF;
  378 : FF;
  379 : FF;
  37A : FF;
  37B : FF;
  37C : FF;
  37D : FF;
  37E : FF;
  37F : FF;
  380 : FF;
  381 : FF;
  382 : FF;
  383 : FF;
  384 : FF;
  385 : FF;
  386 : FF;
  387 : FF;
  388 : FF;
  389 : FF;
  38A : FF;
  38B : FF;
  38C : FF;
  38D : FF;
  38E : FF;
  38F : FF;
  390 : FF;
  391 : FF;
  392 : FF;
  393 : FF;
  394 : FF;
  395 : FF;
  396 : FF;
  397 : FF;
  398 : FF;
  399 : FF;
  39A : FF;
  39B : FF;
  39C : FF;
  39D : FF;
  39E : FF;
  39F : FF;
  3A0 : FF;
  3A1 : FF;
  3A2 : FF;
  3A3 : FF;
  3A4 : FF;
  3A5 : FF;
  3A6 : FF;
  3A7 : FF;
  3A8 : FF;
  3A9 : FF;
  3AA : FF;
  3AB : FF;
  3AC : FF;
  3AD : FF;
  3AE : FF;
  3AF : FF;
  3B0 : FF;
  3B1 : FF;
  3B2 : FF;
  3B3 : FF;
  3B4 : FF;
  3B5 : FF;
  3B6 : FF;
  3B7 : FF;
  3B8 : FF;
  3B9 : FF;
  3BA : FF;
  3BB : FF;
  3BC : FF;
  3BD : FF;
  3BE : FF;
  3BF : FF;
  3C0 : FF;
  3C1 : FF;
  3C2 : FF;
  3C3 : FF;
  3C4 : FF;
  3C5 : FF;
  3C6 : FF;
  3C7 : FF;
  3C8 : FF;
  3C9 : FF;
  3CA : FF;
  3CB : FF;
  3CC : FF;
  3CD : FF;
  3CE : FF;
  3CF : FF;
  3D0 : FF;
  3D1 : FF;
  3D2 : FF;
  3D3 : FF;
  3D4 : FF;
  3D5 : FF;
  3D6 : FF;
  3D7 : FF;
  3D8 : FF;
  3D9 : FF;
  3DA : FF;
  3DB : FF;
  3DC : FF;
  3DD : FF;
  3DE : FF;
  3DF : FF;
  3E0 : FF;
  3E1 : FF;
  3E2 : FF;
  3E3 : FF;
  3E4 : FF;
  3E5 : FF;
  3E6 : FF;
  3E7 : FF;
  3E8 : FF;
  3E9 : FF;
  3EA : FF;
  3EB : FF;
  3EC : FF;
  3ED : FF;
  3EE : FF;
  3EF : FF;
  3F0 : FF;
  3F1 : FF;
  3F2 : FF;
  3F3 : FF;
  3F4 : FF;
  3F5 : FF;
  3F6 : FF;
  3F7 : FF;
  3F8 : FF;
  3F9 : FF;
  3FA : FF;
  3FB : FF;
  3FC : FF;
  3FD : FF;
  3FE : FF;
  3FF : FF;
  400 : FF;
  401 : FF;
  402 : FF;
  403 : FF;
  404 : FF;
  405 : FF;
  406 : FF;
  407 : FF;
  408 : FF;
  409 : FF;
  40A : FF;
  40B : FF;
  40C : FF;
  40D : FF;
  40E : FF;
  40F : FF;
  410 : FF;
  411 : FF;
  412 : FF;
  413 : FF;
  414 : FF;
  415 : FF;
  416 : FF;
  417 : FF;
  418 : FF;
  419 : FF;
  41A : FF;
  41B : FF;
  41C : FF;
  41D : FF;
  41E : FF;
  41F : FF;
  420 : FF;
  421 : FF;
  422 : FF;
  423 : FF;
  424 : FF;
  425 : FF;
  426 : FF;
  427 : FF;
  428 : FF;
  429 : FF;
  42A : FF;
  42B : FF;
  42C : FF;
  42D : FF;
  42E : FF;
  42F : FF;
  430 : FF;
  431 : FF;
  432 : FF;
  433 : FF;
  434 : FF;
  435 : FF;
  436 : FF;
  437 : FF;
  438 : FF;
  439 : FF;
  43A : FF;
  43B : FF;
  43C : FF;
  43D : FF;
  43E : FF;
  43F : FF;
  440 : FF;
  441 : FF;
  442 : FF;
  443 : FF;
  444 : FF;
  445 : FF;
  446 : FF;
  447 : FF;
  448 : FF;
  449 : FF;
  44A : FF;
  44B : FF;
  44C : FF;
  44D : FF;
  44E : FF;
  44F : FF;
  450 : FF;
  451 : FF;
  452 : FF;
  453 : FF;
  454 : FF;
  455 : FF;
  456 : FF;
  457 : FF;
  458 : FF;
  459 : FF;
  45A : FF;
  45B : FF;
  45C : FF;
  45D : FF;
  45E : FF;
  45F : FF;
  460 : FF;
  461 : FF;
  462 : FF;
  463 : FF;
  464 : FF;
  465 : FF;
  466 : FF;
  467 : FF;
  468 : FF;
  469 : FF;
  46A : FF;
  46B : FF;
  46C : FF;
  46D : FF;
  46E : FF;
  46F : FF;
  470 : FF;
  471 : FF;
  472 : FF;
  473 : FF;
  474 : FF;
  475 : FF;
  476 : FF;
  477 : FF;
  478 : FF;
  479 : FF;
  47A : FF;
  47B : FF;
  47C : FF;
  47D : FF;
  47E : FF;
  47F : FF;
  480 : FF;
  481 : FF;
  482 : FF;
  483 : FF;
  484 : FF;
  485 : FF;
  486 : FF;
  487 : FF;
  488 : FF;
  489 : FF;
  48A : FF;
  48B : FF;
  48C : FF;
  48D : FF;
  48E : FF;
  48F : FF;
  490 : FF;
  491 : FF;
  492 : FF;
  493 : FF;
  494 : FF;
  495 : FF;
  496 : FF;
  497 : FF;
  498 : FF;
  499 : FF;
  49A : FF;
  49B : FF;
  49C : FF;
  49D : FF;
  49E : FF;
  49F : FF;
  4A0 : FF;
  4A1 : FF;
  4A2 : FF;
  4A3 : FF;
  4A4 : FF;
  4A5 : FF;
  4A6 : FF;
  4A7 : FF;
  4A8 : FF;
  4A9 : FF;
  4AA : FF;
  4AB : FF;
  4AC : FF;
  4AD : FF;
  4AE : FF;
  4AF : FF;
  4B0 : FF;
  4B1 : FF;
  4B2 : FF;
  4B3 : FF;
  4B4 : FF;
  4B5 : FF;
  4B6 : FF;
  4B7 : FF;
  4B8 : FF;
  4B9 : FF;
  4BA : FF;
  4BB : FF;
  4BC : FF;
  4BD : FF;
  4BE : FF;
  4BF : FF;
  4C0 : FF;
  4C1 : FF;
  4C2 : FF;
  4C3 : FF;
  4C4 : FF;
  4C5 : FF;
  4C6 : FF;
  4C7 : FF;
  4C8 : FF;
  4C9 : FF;
  4CA : FF;
  4CB : FF;
  4CC : FF;
  4CD : FF;
  4CE : FF;
  4CF : FF;
  4D0 : FF;
  4D1 : FF;
  4D2 : FF;
  4D3 : FF;
  4D4 : FF;
  4D5 : FF;
  4D6 : FF;
  4D7 : FF;
  4D8 : FF;
  4D9 : FF;
  4DA : FF;
  4DB : FF;
  4DC : FF;
  4DD : FF;
  4DE : FF;
  4DF : FF;
  4E0 : FF;
  4E1 : FF;
  4E2 : FF;
  4E3 : FF;
  4E4 : FF;
  4E5 : FF;
  4E6 : FF;
  4E7 : FF;
  4E8 : FF;
  4E9 : FF;
  4EA : FF;
  4EB : FF;
  4EC : FF;
  4ED : FF;
  4EE : FF;
  4EF : FF;
  4F0 : FF;
  4F1 : FF;
  4F2 : FF;
  4F3 : FF;
  4F4 : FF;
  4F5 : FF;
  4F6 : FF;
  4F7 : FF;
  4F8 : FF;
  4F9 : FF;
  4FA : FF;
  4FB : FF;
  4FC : FF;
  4FD : FF;
  4FE : FF;
  4FF : FF;
  500 : FF;
  501 : FF;
  502 : FF;
  503 : FF;
  504 : FF;
  505 : FF;
  506 : FF;
  507 : FF;
  508 : FF;
  509 : FF;
  50A : FF;
  50B : FF;
  50C : FF;
  50D : FF;
  50E : FF;
  50F : FF;
  510 : FF;
  511 : FF;
  512 : FF;
  513 : FF;
  514 : FF;
  515 : FF;
  516 : FF;
  517 : FF;
  518 : FF;
  519 : FF;
  51A : FF;
  51B : FF;
  51C : FF;
  51D : FF;
  51E : FF;
  51F : FF;
  520 : FF;
  521 : FF;
  522 : FF;
  523 : FF;
  524 : FF;
  525 : FF;
  526 : FF;
  527 : FF;
  528 : FF;
  529 : FF;
  52A : FF;
  52B : FF;
  52C : FF;
  52D : FF;
  52E : FF;
  52F : FF;
  530 : FF;
  531 : FF;
  532 : FF;
  533 : FF;
  534 : FF;
  535 : FF;
  536 : FF;
  537 : FF;
  538 : FF;
  539 : FF;
  53A : FF;
  53B : FF;
  53C : FF;
  53D : FF;
  53E : FF;
  53F : FF;
  540 : FF;
  541 : FF;
  542 : FF;
  543 : FF;
  544 : FF;
  545 : FF;
  546 : FF;
  547 : FF;
  548 : FF;
  549 : FF;
  54A : FF;
  54B : FF;
  54C : FF;
  54D : FF;
  54E : FF;
  54F : FF;
  550 : FF;
  551 : FF;
  552 : FF;
  553 : FF;
  554 : FF;
  555 : FF;
  556 : FF;
  557 : FF;
  558 : FF;
  559 : FF;
  55A : FF;
  55B : FF;
  55C : FF;
  55D : FF;
  55E : FF;
  55F : FF;
  560 : FF;
  561 : FF;
  562 : FF;
  563 : FF;
  564 : FF;
  565 : FF;
  566 : FF;
  567 : FF;
  568 : FF;
  569 : FF;
  56A : FF;
  56B : FF;
  56C : FF;
  56D : FF;
  56E : FF;
  56F : FF;
  570 : FF;
  571 : FF;
  572 : FF;
  573 : FF;
  574 : FF;
  575 : FF;
  576 : FF;
  577 : FF;
  578 : FF;
  579 : FF;
  57A : FF;
  57B : FF;
  57C : FF;
  57D : FF;
  57E : FF;
  57F : FF;
  580 : FF;
  581 : FF;
  582 : FF;
  583 : FF;
  584 : FF;
  585 : FF;
  586 : FF;
  587 : FF;
  588 : FF;
  589 : FF;
  58A : FF;
  58B : FF;
  58C : FF;
  58D : FF;
  58E : FF;
  58F : FF;
  590 : FF;
  591 : FF;
  592 : FF;
  593 : FF;
  594 : FF;
  595 : FF;
  596 : FF;
  597 : FF;
  598 : FF;
  599 : FF;
  59A : FF;
  59B : FF;
  59C : FF;
  59D : FF;
  59E : FF;
  59F : FF;
  5A0 : FF;
  5A1 : FF;
  5A2 : FF;
  5A3 : FF;
  5A4 : FF;
  5A5 : FF;
  5A6 : FF;
  5A7 : FF;
  5A8 : FF;
  5A9 : FF;
  5AA : FF;
  5AB : FF;
  5AC : FF;
  5AD : FF;
  5AE : FF;
  5AF : FF;
  5B0 : FF;
  5B1 : FF;
  5B2 : FF;
  5B3 : FF;
  5B4 : FF;
  5B5 : FF;
  5B6 : FF;
  5B7 : FF;
  5B8 : FF;
  5B9 : FF;
  5BA : FF;
  5BB : FF;
  5BC : FF;
  5BD : FF;
  5BE : FF;
  5BF : FF;
  5C0 : FF;
  5C1 : FF;
  5C2 : FF;
  5C3 : FF;
  5C4 : FF;
  5C5 : FF;
  5C6 : FF;
  5C7 : FF;
  5C8 : FF;
  5C9 : FF;
  5CA : FF;
  5CB : FF;
  5CC : FF;
  5CD : FF;
  5CE : FF;
  5CF : FF;
  5D0 : FF;
  5D1 : FF;
  5D2 : FF;
  5D3 : FF;
  5D4 : FF;
  5D5 : FF;
  5D6 : FF;
  5D7 : FF;
  5D8 : FF;
  5D9 : FF;
  5DA : FF;
  5DB : FF;
  5DC : FF;
  5DD : FF;
  5DE : FF;
  5DF : FF;
  5E0 : FF;
  5E1 : FF;
  5E2 : FF;
  5E3 : FF;
  5E4 : FF;
  5E5 : FF;
  5E6 : FF;
  5E7 : FF;
  5E8 : FF;
  5E9 : FF;
  5EA : FF;
  5EB : FF;
  5EC : FF;
  5ED : FF;
  5EE : FF;
  5EF : FF;
  5F0 : FF;
  5F1 : FF;
  5F2 : FF;
  5F3 : FF;
  5F4 : FF;
  5F5 : FF;
  5F6 : FF;
  5F7 : FF;
  5F8 : FF;
  5F9 : FF;
  5FA : FF;
  5FB : FF;
  5FC : FF;
  5FD : FF;
  5FE : FF;
  5FF : FF;
  600 : FF;
  601 : FF;
  602 : FF;
  603 : FF;
  604 : FF;
  605 : FF;
  606 : FF;
  607 : FF;
  608 : FF;
  609 : FF;
  60A : FF;
  60B : FF;
  60C : FF;
  60D : FF;
  60E : FF;
  60F : FF;
  610 : FF;
  611 : FF;
  612 : FF;
  613 : FF;
  614 : FF;
  615 : FF;
  616 : FF;
  617 : FF;
  618 : FF;
  619 : FF;
  61A : FF;
  61B : FF;
  61C : FF;
  61D : FF;
  61E : FF;
  61F : FF;
  620 : FF;
  621 : FF;
  622 : FF;
  623 : FF;
  624 : FF;
  625 : FF;
  626 : FF;
  627 : FF;
  628 : FF;
  629 : FF;
  62A : FF;
  62B : FF;
  62C : FF;
  62D : FF;
  62E : FF;
  62F : FF;
  630 : FF;
  631 : FF;
  632 : FF;
  633 : FF;
  634 : FF;
  635 : FF;
  636 : FF;
  637 : FF;
  638 : FF;
  639 : FF;
  63A : FF;
  63B : FF;
  63C : FF;
  63D : FF;
  63E : FF;
  63F : FF;
  640 : FF;
  641 : FF;
  642 : FF;
  643 : FF;
  644 : FF;
  645 : FF;
  646 : FF;
  647 : FF;
  648 : FF;
  649 : FF;
  64A : FF;
  64B : FF;
  64C : FF;
  64D : FF;
  64E : FF;
  64F : FF;
  650 : FF;
  651 : FF;
  652 : FF;
  653 : FF;
  654 : FF;
  655 : FF;
  656 : FF;
  657 : FF;
  658 : FF;
  659 : FF;
  65A : FF;
  65B : FF;
  65C : FF;
  65D : FF;
  65E : FF;
  65F : FF;
  660 : FF;
  661 : FF;
  662 : FF;
  663 : FF;
  664 : FF;
  665 : FF;
  666 : FF;
  667 : FF;
  668 : FF;
  669 : FF;
  66A : FF;
  66B : FF;
  66C : FF;
  66D : FF;
  66E : FF;
  66F : FF;
  670 : FF;
  671 : FF;
  672 : FF;
  673 : FF;
  674 : FF;
  675 : FF;
  676 : FF;
  677 : FF;
  678 : FF;
  679 : FF;
  67A : FF;
  67B : FF;
  67C : FF;
  67D : FF;
  67E : FF;
  67F : FF;
  680 : FF;
  681 : FF;
  682 : FF;
  683 : FF;
  684 : FF;
  685 : FF;
  686 : FF;
  687 : FF;
  688 : FF;
  689 : FF;
  68A : FF;
  68B : FF;
  68C : FF;
  68D : FF;
  68E : FF;
  68F : FF;
  690 : FF;
  691 : FF;
  692 : FF;
  693 : FF;
  694 : FF;
  695 : FF;
  696 : FF;
  697 : FF;
  698 : FF;
  699 : FF;
  69A : FF;
  69B : FF;
  69C : FF;
  69D : FF;
  69E : FF;
  69F : FF;
  6A0 : FF;
  6A1 : FF;
  6A2 : FF;
  6A3 : FF;
  6A4 : FF;
  6A5 : FF;
  6A6 : FF;
  6A7 : FF;
  6A8 : FF;
  6A9 : FF;
  6AA : FF;
  6AB : FF;
  6AC : FF;
  6AD : FF;
  6AE : FF;
  6AF : FF;
  6B0 : FF;
  6B1 : FF;
  6B2 : FF;
  6B3 : FF;
  6B4 : FF;
  6B5 : FF;
  6B6 : FF;
  6B7 : FF;
  6B8 : FF;
  6B9 : FF;
  6BA : FF;
  6BB : FF;
  6BC : FF;
  6BD : FF;
  6BE : FF;
  6BF : FF;
  6C0 : FF;
  6C1 : FF;
  6C2 : FF;
  6C3 : FF;
  6C4 : FF;
  6C5 : FF;
  6C6 : FF;
  6C7 : FF;
  6C8 : FF;
  6C9 : FF;
  6CA : FF;
  6CB : FF;
  6CC : FF;
  6CD : FF;
  6CE : FF;
  6CF : FF;
  6D0 : FF;
  6D1 : FF;
  6D2 : FF;
  6D3 : FF;
  6D4 : FF;
  6D5 : FF;
  6D6 : FF;
  6D7 : FF;
  6D8 : FF;
  6D9 : FF;
  6DA : FF;
  6DB : FF;
  6DC : FF;
  6DD : FF;
  6DE : FF;
  6DF : FF;
  6E0 : FF;
  6E1 : FF;
  6E2 : FF;
  6E3 : FF;
  6E4 : FF;
  6E5 : FF;
  6E6 : FF;
  6E7 : FF;
  6E8 : FF;
  6E9 : FF;
  6EA : FF;
  6EB : FF;
  6EC : FF;
  6ED : FF;
  6EE : FF;
  6EF : FF;
  6F0 : FF;
  6F1 : FF;
  6F2 : FF;
  6F3 : FF;
  6F4 : FF;
  6F5 : FF;
  6F6 : FF;
  6F7 : FF;
  6F8 : FF;
  6F9 : FF;
  6FA : FF;
  6FB : FF;
  6FC : FF;
  6FD : FF;
  6FE : FF;
  6FF : FF;
  700 : FF;
  701 : FF;
  702 : FF;
  703 : FF;
  704 : FF;
  705 : FF;
  706 : FF;
  707 : FF;
  708 : FF;
  709 : FF;
  70A : FF;
  70B : FF;
  70C : FF;
  70D : FF;
  70E : FF;
  70F : FF;
  710 : FF;
  711 : FF;
  712 : FF;
  713 : FF;
  714 : FF;
  715 : FF;
  716 : FF;
  717 : FF;
  718 : FF;
  719 : FF;
  71A : FF;
  71B : FF;
  71C : FF;
  71D : FF;
  71E : FF;
  71F : FF;
  720 : FF;
  721 : FF;
  722 : FF;
  723 : FF;
  724 : FF;
  725 : FF;
  726 : FF;
  727 : FF;
  728 : FF;
  729 : FF;
  72A : FF;
  72B : FF;
  72C : FF;
  72D : FF;
  72E : FF;
  72F : FF;
  730 : FF;
  731 : FF;
  732 : FF;
  733 : FF;
  734 : FF;
  735 : FF;
  736 : FF;
  737 : FF;
  738 : FF;
  739 : FF;
  73A : FF;
  73B : FF;
  73C : FF;
  73D : FF;
  73E : FF;
  73F : FF;
  740 : FF;
  741 : FF;
  742 : FF;
  743 : FF;
  744 : FF;
  745 : FF;
  746 : FF;
  747 : FF;
  748 : FF;
  749 : FF;
  74A : FF;
  74B : FF;
  74C : FF;
  74D : FF;
  74E : FF;
  74F : FF;
  750 : FF;
  751 : FF;
  752 : FF;
  753 : FF;
  754 : FF;
  755 : FF;
  756 : FF;
  757 : FF;
  758 : FF;
  759 : FF;
  75A : FF;
  75B : FF;
  75C : FF;
  75D : FF;
  75E : FF;
  75F : FF;
  760 : FF;
  761 : FF;
  762 : FF;
  763 : FF;
  764 : FF;
  765 : FF;
  766 : FF;
  767 : FF;
  768 : FF;
  769 : FF;
  76A : FF;
  76B : FF;
  76C : FF;
  76D : FF;
  76E : FF;
  76F : FF;
  770 : FF;
  771 : FF;
  772 : FF;
  773 : FF;
  774 : FF;
  775 : FF;
  776 : FF;
  777 : FF;
  778 : FF;
  779 : FF;
  77A : FF;
  77B : FF;
  77C : FF;
  77D : FF;
  77E : FF;
  77F : FF;
  780 : FF;
  781 : FF;
  782 : FF;
  783 : FF;
  784 : FF;
  785 : FF;
  786 : FF;
  787 : FF;
  788 : FF;
  789 : FF;
  78A : FF;
  78B : FF;
  78C : FF;
  78D : FF;
  78E : FF;
  78F : FF;
  790 : FF;
  791 : FF;
  792 : FF;
  793 : FF;
  794 : FF;
  795 : FF;
  796 : FF;
  797 : FF;
  798 : FF;
  799 : FF;
  79A : FF;
  79B : FF;
  79C : FF;
  79D : FF;
  79E : FF;
  79F : FF;
  7A0 : FF;
  7A1 : FF;
  7A2 : FF;
  7A3 : FF;
  7A4 : FF;
  7A5 : FF;
  7A6 : FF;
  7A7 : FF;
  7A8 : FF;
  7A9 : FF;
  7AA : FF;
  7AB : FF;
  7AC : FF;
  7AD : FF;
  7AE : FF;
  7AF : FF;
  7B0 : FF;
  7B1 : FF;
  7B2 : FF;
  7B3 : FF;
  7B4 : FF;
  7B5 : FF;
  7B6 : FF;
  7B7 : FF;
  7B8 : FF;
  7B9 : FF;
  7BA : FF;
  7BB : FF;
  7BC : FF;
  7BD : FF;
  7BE : FF;
  7BF : FF;
  7C0 : FF;
  7C1 : FF;
  7C2 : FF;
  7C3 : FF;
  7C4 : FF;
  7C5 : FF;
  7C6 : FF;
  7C7 : FF;
  7C8 : FF;
  7C9 : FF;
  7CA : FF;
  7CB : FF;
  7CC : FF;
  7CD : FF;
  7CE : FF;
  7CF : FF;
  7D0 : FF;
  7D1 : FF;
  7D2 : FF;
  7D3 : FF;
  7D4 : FF;
  7D5 : FF;
  7D6 : FF;
  7D7 : FF;
  7D8 : FF;
  7D9 : FF;
  7DA : FF;
  7DB : FF;
  7DC : FF;
  7DD : FF;
  7DE : FF;
  7DF : FF;
  7E0 : FF;
  7E1 : FF;
  7E2 : FF;
  7E3 : FF;
  7E4 : FF;
  7E5 : FF;
  7E6 : FF;
  7E7 : FF;
  7E8 : FF;
  7E9 : FF;
  7EA : FF;
  7EB : FF;
  7EC : FF;
  7ED : FF;
  7EE : FF;
  7EF : FF;
  7F0 : FF;
  7F1 : FF;
  7F2 : FF;
  7F3 : FF;
  7F4 : FF;
  7F5 : FF;
  7F6 : FF;
  7F7 : FF;
  7F8 : FF;
  7F9 : FF;
  7FA : FF;
  7FB : FF;
  7FC : FF;
  7FD : FF;
  7FE : FF;
  7FF : FF;
  800 : FF;
  801 : FF;
  802 : FF;
  803 : FF;
  804 : FF;
  805 : FF;
  806 : FF;
  807 : FF;
  808 : FF;
  809 : FF;
  80A : FF;
  80B : FF;
  80C : FF;
  80D : FF;
  80E : FF;
  80F : FF;
  810 : FF;
  811 : FF;
  812 : FF;
  813 : FF;
  814 : FF;
  815 : FF;
  816 : FF;
  817 : FF;
  818 : FF;
  819 : FF;
  81A : FF;
  81B : FF;
  81C : FF;
  81D : FF;
  81E : FF;
  81F : FF;
  820 : FF;
  821 : FF;
  822 : FF;
  823 : FF;
  824 : FF;
  825 : FF;
  826 : FF;
  827 : FF;
  828 : FF;
  829 : FF;
  82A : FF;
  82B : FF;
  82C : FF;
  82D : FF;
  82E : FF;
  82F : FF;
  830 : FF;
  831 : FF;
  832 : FF;
  833 : FF;
  834 : FF;
  835 : FF;
  836 : FF;
  837 : FF;
  838 : FF;
  839 : FF;
  83A : FF;
  83B : FF;
  83C : FF;
  83D : FF;
  83E : FF;
  83F : FF;
  840 : FF;
  841 : FF;
  842 : FF;
  843 : FF;
  844 : FF;
  845 : FF;
  846 : FF;
  847 : FF;
  848 : FF;
  849 : FF;
  84A : FF;
  84B : FF;
  84C : FF;
  84D : FF;
  84E : FF;
  84F : FF;
  850 : FF;
  851 : FF;
  852 : FF;
  853 : FF;
  854 : FF;
  855 : FF;
  856 : FF;
  857 : FF;
  858 : FF;
  859 : FF;
  85A : FF;
  85B : FF;
  85C : FF;
  85D : FF;
  85E : FF;
  85F : FF;
  860 : FF;
  861 : FF;
  862 : FF;
  863 : FF;
  864 : FF;
  865 : FF;
  866 : FF;
  867 : FF;
  868 : FF;
  869 : FF;
  86A : FF;
  86B : FF;
  86C : FF;
  86D : FF;
  86E : FF;
  86F : FF;
  870 : FF;
  871 : FF;
  872 : FF;
  873 : FF;
  874 : FF;
  875 : FF;
  876 : FF;
  877 : FF;
  878 : FF;
  879 : FF;
  87A : FF;
  87B : FF;
  87C : FF;
  87D : FF;
  87E : FF;
  87F : FF;
  880 : FF;
  881 : FF;
  882 : FF;
  883 : FF;
  884 : FF;
  885 : FF;
  886 : FF;
  887 : FF;
  888 : FF;
  889 : FF;
  88A : FF;
  88B : FF;
  88C : FF;
  88D : FF;
  88E : FF;
  88F : FF;
  890 : FF;
  891 : FF;
  892 : FF;
  893 : FF;
  894 : FF;
  895 : FF;
  896 : FF;
  897 : FF;
  898 : FF;
  899 : FF;
  89A : FF;
  89B : FF;
  89C : FF;
  89D : FF;
  89E : FF;
  89F : FF;
  8A0 : FF;
  8A1 : FF;
  8A2 : FF;
  8A3 : FF;
  8A4 : FF;
  8A5 : FF;
  8A6 : FF;
  8A7 : FF;
  8A8 : FF;
  8A9 : FF;
  8AA : FF;
  8AB : FF;
  8AC : FF;
  8AD : FF;
  8AE : FF;
  8AF : FF;
  8B0 : FF;
  8B1 : FF;
  8B2 : FF;
  8B3 : FF;
  8B4 : FF;
  8B5 : FF;
  8B6 : FF;
  8B7 : FF;
  8B8 : FF;
  8B9 : FF;
  8BA : FF;
  8BB : FF;
  8BC : FF;
  8BD : FF;
  8BE : FF;
  8BF : FF;
  8C0 : FF;
  8C1 : FF;
  8C2 : FF;
  8C3 : FF;
  8C4 : FF;
  8C5 : FF;
  8C6 : FF;
  8C7 : FF;
  8C8 : FF;
  8C9 : FF;
  8CA : FF;
  8CB : FF;
  8CC : FF;
  8CD : FF;
  8CE : FF;
  8CF : FF;
  8D0 : FF;
  8D1 : FF;
  8D2 : FF;
  8D3 : FF;
  8D4 : FF;
  8D5 : FF;
  8D6 : FF;
  8D7 : FF;
  8D8 : FF;
  8D9 : FF;
  8DA : FF;
  8DB : FF;
  8DC : FF;
  8DD : FF;
  8DE : FF;
  8DF : FF;
  8E0 : FF;
  8E1 : FF;
  8E2 : FF;
  8E3 : FF;
  8E4 : FF;
  8E5 : FF;
  8E6 : FF;
  8E7 : FF;
  8E8 : FF;
  8E9 : FF;
  8EA : FF;
  8EB : FF;
  8EC : FF;
  8ED : FF;
  8EE : FF;
  8EF : FF;
  8F0 : FF;
  8F1 : FF;
  8F2 : FF;
  8F3 : FF;
  8F4 : FF;
  8F5 : FF;
  8F6 : FF;
  8F7 : FF;
  8F8 : FF;
  8F9 : FF;
  8FA : FF;
  8FB : FF;
  8FC : FF;
  8FD : FF;
  8FE : FF;
  8FF : FF;
  900 : FF;
  901 : FF;
  902 : FF;
  903 : FF;
  904 : FF;
  905 : FF;
  906 : FF;
  907 : FF;
  908 : FF;
  909 : FF;
  90A : FF;
  90B : FF;
  90C : FF;
  90D : FF;
  90E : FF;
  90F : FF;
  910 : FF;
  911 : FF;
  912 : FF;
  913 : FF;
  914 : FF;
  915 : FF;
  916 : FF;
  917 : FF;
  918 : FF;
  919 : FF;
  91A : FF;
  91B : FF;
  91C : FF;
  91D : FF;
  91E : FF;
  91F : FF;
  920 : FF;
  921 : FF;
  922 : FF;
  923 : FF;
  924 : FF;
  925 : FF;
  926 : FF;
  927 : FF;
  928 : FF;
  929 : FF;
  92A : FF;
  92B : FF;
  92C : FF;
  92D : FF;
  92E : FF;
  92F : FF;
  930 : FF;
  931 : FF;
  932 : FF;
  933 : FF;
  934 : FF;
  935 : FF;
  936 : FF;
  937 : FF;
  938 : FF;
  939 : FF;
  93A : FF;
  93B : FF;
  93C : FF;
  93D : FF;
  93E : FF;
  93F : FF;
  940 : FF;
  941 : FF;
  942 : FF;
  943 : FF;
  944 : FF;
  945 : FF;
  946 : FF;
  947 : FF;
  948 : FF;
  949 : FF;
  94A : FF;
  94B : FF;
  94C : FF;
  94D : FF;
  94E : FF;
  94F : FF;
  950 : FF;
  951 : FF;
  952 : FF;
  953 : FF;
  954 : FF;
  955 : FF;
  956 : FF;
  957 : FF;
  958 : FF;
  959 : FF;
  95A : FF;
  95B : FF;
  95C : FF;
  95D : FF;
  95E : FF;
  95F : FF;
  960 : FF;
  961 : FF;
  962 : FF;
  963 : FF;
  964 : FF;
  965 : FF;
  966 : FF;
  967 : FF;
  968 : FF;
  969 : FF;
  96A : FF;
  96B : FF;
  96C : FF;
  96D : FF;
  96E : FF;
  96F : FF;
  970 : FF;
  971 : FF;
  972 : FF;
  973 : FF;
  974 : FF;
  975 : FF;
  976 : FF;
  977 : FF;
  978 : FF;
  979 : FF;
  97A : FF;
  97B : FF;
  97C : FF;
  97D : FF;
  97E : FF;
  97F : FF;
  980 : FF;
  981 : FF;
  982 : FF;
  983 : FF;
  984 : FF;
  985 : FF;
  986 : FF;
  987 : FF;
  988 : FF;
  989 : FF;
  98A : FF;
  98B : FF;
  98C : FF;
  98D : FF;
  98E : FF;
  98F : FF;
  990 : FF;
  991 : FF;
  992 : FF;
  993 : FF;
  994 : FF;
  995 : FF;
  996 : FF;
  997 : FF;
  998 : FF;
  999 : FF;
  99A : FF;
  99B : FF;
  99C : FF;
  99D : FF;
  99E : FF;
  99F : FF;
  9A0 : FF;
  9A1 : FF;
  9A2 : FF;
  9A3 : FF;
  9A4 : FF;
  9A5 : FF;
  9A6 : FF;
  9A7 : FF;
  9A8 : FF;
  9A9 : FF;
  9AA : FF;
  9AB : FF;
  9AC : FF;
  9AD : FF;
  9AE : FF;
  9AF : FF;
  9B0 : FF;
  9B1 : FF;
  9B2 : FF;
  9B3 : FF;
  9B4 : FF;
  9B5 : FF;
  9B6 : FF;
  9B7 : FF;
  9B8 : FF;
  9B9 : FF;
  9BA : FF;
  9BB : FF;
  9BC : FF;
  9BD : FF;
  9BE : FF;
  9BF : FF;
  9C0 : FF;
  9C1 : FF;
  9C2 : FF;
  9C3 : FF;
  9C4 : FF;
  9C5 : FF;
  9C6 : FF;
  9C7 : FF;
  9C8 : FF;
  9C9 : FF;
  9CA : FF;
  9CB : FF;
  9CC : FF;
  9CD : FF;
  9CE : FF;
  9CF : FF;
  9D0 : FF;
  9D1 : FF;
  9D2 : FF;
  9D3 : FF;
  9D4 : FF;
  9D5 : FF;
  9D6 : FF;
  9D7 : FF;
  9D8 : FF;
  9D9 : FF;
  9DA : FF;
  9DB : FF;
  9DC : FF;
  9DD : FF;
  9DE : FF;
  9DF : FF;
  9E0 : FF;
  9E1 : FF;
  9E2 : FF;
  9E3 : FF;
  9E4 : FF;
  9E5 : FF;
  9E6 : FF;
  9E7 : FF;
  9E8 : FF;
  9E9 : FF;
  9EA : FF;
  9EB : FF;
  9EC : FF;
  9ED : FF;
  9EE : FF;
  9EF : FF;
  9F0 : FF;
  9F1 : FF;
  9F2 : FF;
  9F3 : FF;
  9F4 : FF;
  9F5 : FF;
  9F6 : FF;
  9F7 : FF;
  9F8 : FF;
  9F9 : FF;
  9FA : FF;
  9FB : FF;
  9FC : FF;
  9FD : FF;
  9FE : FF;
  9FF : FF;
  A00 : FF;
  A01 : FF;
  A02 : FF;
  A03 : FF;
  A04 : FF;
  A05 : FF;
  A06 : FF;
  A07 : FF;
  A08 : FF;
  A09 : FF;
  A0A : FF;
  A0B : FF;
  A0C : FF;
  A0D : FF;
  A0E : FF;
  A0F : FF;
  A10 : FF;
  A11 : FF;
  A12 : FF;
  A13 : FF;
  A14 : FF;
  A15 : FF;
  A16 : FF;
  A17 : FF;
  A18 : FF;
  A19 : FF;
  A1A : FF;
  A1B : FF;
  A1C : FF;
  A1D : FF;
  A1E : FF;
  A1F : FF;
  A20 : FF;
  A21 : FF;
  A22 : FF;
  A23 : FF;
  A24 : FF;
  A25 : FF;
  A26 : FF;
  A27 : FF;
  A28 : FF;
  A29 : FF;
  A2A : FF;
  A2B : FF;
  A2C : FF;
  A2D : FF;
  A2E : FF;
  A2F : FF;
  A30 : FF;
  A31 : FF;
  A32 : FF;
  A33 : FF;
  A34 : FF;
  A35 : FF;
  A36 : FF;
  A37 : FF;
  A38 : FF;
  A39 : FF;
  A3A : FF;
  A3B : FF;
  A3C : FF;
  A3D : FF;
  A3E : FF;
  A3F : FF;
  A40 : FF;
  A41 : FF;
  A42 : FF;
  A43 : FF;
  A44 : FF;
  A45 : FF;
  A46 : FF;
  A47 : FF;
  A48 : FF;
  A49 : FF;
  A4A : FF;
  A4B : FF;
  A4C : FF;
  A4D : FF;
  A4E : FF;
  A4F : FF;
  A50 : FF;
  A51 : FF;
  A52 : FF;
  A53 : FF;
  A54 : FF;
  A55 : FF;
  A56 : FF;
  A57 : FF;
  A58 : FF;
  A59 : FF;
  A5A : FF;
  A5B : FF;
  A5C : FF;
  A5D : FF;
  A5E : FF;
  A5F : FF;
  A60 : FF;
  A61 : FF;
  A62 : FF;
  A63 : FF;
  A64 : FF;
  A65 : FF;
  A66 : FF;
  A67 : FF;
  A68 : FF;
  A69 : FF;
  A6A : FF;
  A6B : FF;
  A6C : FF;
  A6D : FF;
  A6E : FF;
  A6F : FF;
  A70 : FF;
  A71 : FF;
  A72 : FF;
  A73 : FF;
  A74 : FF;
  A75 : FF;
  A76 : FF;
  A77 : FF;
  A78 : FF;
  A79 : FF;
  A7A : FF;
  A7B : FF;
  A7C : FF;
  A7D : FF;
  A7E : FF;
  A7F : FF;
  A80 : FF;
  A81 : FF;
  A82 : FF;
  A83 : FF;
  A84 : FF;
  A85 : FF;
  A86 : FF;
  A87 : FF;
  A88 : FF;
  A89 : FF;
  A8A : FF;
  A8B : FF;
  A8C : FF;
  A8D : FF;
  A8E : FF;
  A8F : FF;
  A90 : FF;
  A91 : FF;
  A92 : FF;
  A93 : FF;
  A94 : FF;
  A95 : FF;
  A96 : FF;
  A97 : FF;
  A98 : FF;
  A99 : FF;
  A9A : FF;
  A9B : FF;
  A9C : FF;
  A9D : FF;
  A9E : FF;
  A9F : FF;
  AA0 : FF;
  AA1 : FF;
  AA2 : FF;
  AA3 : FF;
  AA4 : FF;
  AA5 : FF;
  AA6 : FF;
  AA7 : FF;
  AA8 : FF;
  AA9 : FF;
  AAA : FF;
  AAB : FF;
  AAC : FF;
  AAD : FF;
  AAE : FF;
  AAF : FF;
  AB0 : FF;
  AB1 : FF;
  AB2 : FF;
  AB3 : FF;
  AB4 : FF;
  AB5 : FF;
  AB6 : FF;
  AB7 : FF;
  AB8 : FF;
  AB9 : FF;
  ABA : FF;
  ABB : FF;
  ABC : FF;
  ABD : FF;
  ABE : FF;
  ABF : FF;
  AC0 : FF;
  AC1 : FF;
  AC2 : FF;
  AC3 : FF;
  AC4 : FF;
  AC5 : FF;
  AC6 : FF;
  AC7 : FF;
  AC8 : FF;
  AC9 : FF;
  ACA : FF;
  ACB : FF;
  ACC : FF;
  ACD : FF;
  ACE : FF;
  ACF : FF;
  AD0 : FF;
  AD1 : FF;
  AD2 : FF;
  AD3 : FF;
  AD4 : FF;
  AD5 : FF;
  AD6 : FF;
  AD7 : FF;
  AD8 : FF;
  AD9 : FF;
  ADA : FF;
  ADB : FF;
  ADC : FF;
  ADD : FF;
  ADE : FF;
  ADF : FF;
  AE0 : FF;
  AE1 : FF;
  AE2 : FF;
  AE3 : FF;
  AE4 : FF;
  AE5 : FF;
  AE6 : FF;
  AE7 : FF;
  AE8 : FF;
  AE9 : FF;
  AEA : FF;
  AEB : FF;
  AEC : FF;
  AED : FF;
  AEE : FF;
  AEF : FF;
  AF0 : FF;
  AF1 : FF;
  AF2 : FF;
  AF3 : FF;
  AF4 : FF;
  AF5 : FF;
  AF6 : FF;
  AF7 : FF;
  AF8 : FF;
  AF9 : FF;
  AFA : FF;
  AFB : FF;
  AFC : FF;
  AFD : FF;
  AFE : FF;
  AFF : FF;
  B00 : FF;
  B01 : FF;
  B02 : FF;
  B03 : FF;
  B04 : FF;
  B05 : FF;
  B06 : FF;
  B07 : FF;
  B08 : FF;
  B09 : FF;
  B0A : FF;
  B0B : FF;
  B0C : FF;
  B0D : FF;
  B0E : FF;
  B0F : FF;
  B10 : FF;
  B11 : FF;
  B12 : FF;
  B13 : FF;
  B14 : FF;
  B15 : FF;
  B16 : FF;
  B17 : FF;
  B18 : FF;
  B19 : FF;
  B1A : FF;
  B1B : FF;
  B1C : FF;
  B1D : FF;
  B1E : FF;
  B1F : FF;
  B20 : FF;
  B21 : FF;
  B22 : FF;
  B23 : FF;
  B24 : FF;
  B25 : FF;
  B26 : FF;
  B27 : FF;
  B28 : FF;
  B29 : FF;
  B2A : FF;
  B2B : FF;
  B2C : FF;
  B2D : FF;
  B2E : FF;
  B2F : FF;
  B30 : FF;
  B31 : FF;
  B32 : FF;
  B33 : FF;
  B34 : FF;
  B35 : FF;
  B36 : FF;
  B37 : FF;
  B38 : FF;
  B39 : FF;
  B3A : FF;
  B3B : FF;
  B3C : FF;
  B3D : FF;
  B3E : FF;
  B3F : FF;
  B40 : FF;
  B41 : FF;
  B42 : FF;
  B43 : FF;
  B44 : FF;
  B45 : FF;
  B46 : FF;
  B47 : FF;
  B48 : FF;
  B49 : FF;
  B4A : FF;
  B4B : FF;
  B4C : FF;
  B4D : FF;
  B4E : FF;
  B4F : FF;
  B50 : FF;
  B51 : FF;
  B52 : FF;
  B53 : FF;
  B54 : FF;
  B55 : FF;
  B56 : FF;
  B57 : FF;
  B58 : FF;
  B59 : FF;
  B5A : FF;
  B5B : FF;
  B5C : FF;
  B5D : FF;
  B5E : FF;
  B5F : FF;
  B60 : FF;
  B61 : FF;
  B62 : FF;
  B63 : FF;
  B64 : FF;
  B65 : FF;
  B66 : FF;
  B67 : FF;
  B68 : FF;
  B69 : FF;
  B6A : FF;
  B6B : FF;
  B6C : FF;
  B6D : FF;
  B6E : FF;
  B6F : FF;
  B70 : FF;
  B71 : FF;
  B72 : FF;
  B73 : FF;
  B74 : FF;
  B75 : FF;
  B76 : FF;
  B77 : FF;
  B78 : FF;
  B79 : FF;
  B7A : FF;
  B7B : FF;
  B7C : FF;
  B7D : FF;
  B7E : FF;
  B7F : FF;
  B80 : FF;
  B81 : FF;
  B82 : FF;
  B83 : FF;
  B84 : FF;
  B85 : FF;
  B86 : FF;
  B87 : FF;
  B88 : FF;
  B89 : FF;
  B8A : FF;
  B8B : FF;
  B8C : FF;
  B8D : FF;
  B8E : FF;
  B8F : FF;
  B90 : FF;
  B91 : FF;
  B92 : FF;
  B93 : FF;
  B94 : FF;
  B95 : FF;
  B96 : FF;
  B97 : FF;
  B98 : FF;
  B99 : FF;
  B9A : FF;
  B9B : FF;
  B9C : FF;
  B9D : FF;
  B9E : FF;
  B9F : FF;
  BA0 : FF;
  BA1 : FF;
  BA2 : FF;
  BA3 : FF;
  BA4 : FF;
  BA5 : FF;
  BA6 : FF;
  BA7 : FF;
  BA8 : FF;
  BA9 : FF;
  BAA : FF;
  BAB : FF;
  BAC : FF;
  BAD : FF;
  BAE : FF;
  BAF : FF;
  BB0 : FF;
  BB1 : FF;
  BB2 : FF;
  BB3 : FF;
  BB4 : FF;
  BB5 : FF;
  BB6 : FF;
  BB7 : FF;
  BB8 : FF;
  BB9 : FF;
  BBA : FF;
  BBB : FF;
  BBC : FF;
  BBD : FF;
  BBE : FF;
  BBF : FF;
  BC0 : FF;
  BC1 : FF;
  BC2 : FF;
  BC3 : FF;
  BC4 : FF;
  BC5 : FF;
  BC6 : FF;
  BC7 : FF;
  BC8 : FF;
  BC9 : FF;
  BCA : FF;
  BCB : FF;
  BCC : FF;
  BCD : FF;
  BCE : FF;
  BCF : FF;
  BD0 : FF;
  BD1 : FF;
  BD2 : FF;
  BD3 : FF;
  BD4 : FF;
  BD5 : FF;
  BD6 : FF;
  BD7 : FF;
  BD8 : FF;
  BD9 : FF;
  BDA : FF;
  BDB : FF;
  BDC : FF;
  BDD : FF;
  BDE : FF;
  BDF : FF;
  BE0 : FF;
  BE1 : FF;
  BE2 : FF;
  BE3 : FF;
  BE4 : FF;
  BE5 : FF;
  BE6 : FF;
  BE7 : FF;
  BE8 : FF;
  BE9 : FF;
  BEA : FF;
  BEB : FF;
  BEC : FF;
  BED : FF;
  BEE : FF;
  BEF : FF;
  BF0 : FF;
  BF1 : FF;
  BF2 : FF;
  BF3 : FF;
  BF4 : FF;
  BF5 : FF;
  BF6 : FF;
  BF7 : FF;
  BF8 : FF;
  BF9 : FF;
  BFA : FF;
  BFB : FF;
  BFC : FF;
  BFD : FF;
  BFE : FF;
  BFF : FF;
  C00 : FF;
  C01 : FF;
  C02 : FF;
  C03 : FF;
  C04 : FF;
  C05 : FF;
  C06 : FF;
  C07 : FF;
  C08 : FF;
  C09 : FF;
  C0A : FF;
  C0B : FF;
  C0C : FF;
  C0D : FF;
  C0E : FF;
  C0F : FF;
  C10 : FF;
  C11 : FF;
  C12 : FF;
  C13 : FF;
  C14 : FF;
  C15 : FF;
  C16 : FF;
  C17 : FF;
  C18 : FF;
  C19 : FF;
  C1A : FF;
  C1B : FF;
  C1C : FF;
  C1D : FF;
  C1E : FF;
  C1F : FF;
  C20 : FF;
  C21 : FF;
  C22 : FF;
  C23 : FF;
  C24 : FF;
  C25 : FF;
  C26 : FF;
  C27 : FF;
  C28 : FF;
  C29 : FF;
  C2A : FF;
  C2B : FF;
  C2C : FF;
  C2D : FF;
  C2E : FF;
  C2F : FF;
  C30 : FF;
  C31 : FF;
  C32 : FF;
  C33 : FF;
  C34 : FF;
  C35 : FF;
  C36 : FF;
  C37 : FF;
  C38 : FF;
  C39 : FF;
  C3A : FF;
  C3B : FF;
  C3C : FF;
  C3D : FF;
  C3E : FF;
  C3F : FF;
  C40 : FF;
  C41 : FF;
  C42 : FF;
  C43 : FF;
  C44 : FF;
  C45 : FF;
  C46 : FF;
  C47 : FF;
  C48 : FF;
  C49 : FF;
  C4A : FF;
  C4B : FF;
  C4C : FF;
  C4D : FF;
  C4E : FF;
  C4F : FF;
  C50 : FF;
  C51 : FF;
  C52 : FF;
  C53 : FF;
  C54 : FF;
  C55 : FF;
  C56 : FF;
  C57 : FF;
  C58 : FF;
  C59 : FF;
  C5A : FF;
  C5B : FF;
  C5C : FF;
  C5D : FF;
  C5E : FF;
  C5F : FF;
  C60 : FF;
  C61 : FF;
  C62 : FF;
  C63 : FF;
  C64 : FF;
  C65 : FF;
  C66 : FF;
  C67 : FF;
  C68 : FF;
  C69 : FF;
  C6A : FF;
  C6B : FF;
  C6C : FF;
  C6D : FF;
  C6E : FF;
  C6F : FF;
  C70 : FF;
  C71 : FF;
  C72 : FF;
  C73 : FF;
  C74 : FF;
  C75 : FF;
  C76 : FF;
  C77 : FF;
  C78 : FF;
  C79 : FF;
  C7A : FF;
  C7B : FF;
  C7C : FF;
  C7D : FF;
  C7E : FF;
  C7F : FF;
  C80 : FF;
  C81 : FF;
  C82 : FF;
  C83 : FF;
  C84 : FF;
  C85 : FF;
  C86 : FF;
  C87 : FF;
  C88 : FF;
  C89 : FF;
  C8A : FF;
  C8B : FF;
  C8C : FF;
  C8D : FF;
  C8E : FF;
  C8F : FF;
  C90 : FF;
  C91 : FF;
  C92 : FF;
  C93 : FF;
  C94 : FF;
  C95 : FF;
  C96 : FF;
  C97 : FF;
  C98 : FF;
  C99 : FF;
  C9A : FF;
  C9B : FF;
  C9C : FF;
  C9D : FF;
  C9E : FF;
  C9F : FF;
  CA0 : FF;
  CA1 : FF;
  CA2 : FF;
  CA3 : FF;
  CA4 : FF;
  CA5 : FF;
  CA6 : FF;
  CA7 : FF;
  CA8 : FF;
  CA9 : FF;
  CAA : FF;
  CAB : FF;
  CAC : FF;
  CAD : FF;
  CAE : FF;
  CAF : FF;
  CB0 : FF;
  CB1 : FF;
  CB2 : FF;
  CB3 : FF;
  CB4 : FF;
  CB5 : FF;
  CB6 : FF;
  CB7 : FF;
  CB8 : FF;
  CB9 : FF;
  CBA : FF;
  CBB : FF;
  CBC : FF;
  CBD : FF;
  CBE : FF;
  CBF : FF;
  CC0 : FF;
  CC1 : FF;
  CC2 : FF;
  CC3 : FF;
  CC4 : FF;
  CC5 : FF;
  CC6 : FF;
  CC7 : FF;
  CC8 : FF;
  CC9 : FF;
  CCA : FF;
  CCB : FF;
  CCC : FF;
  CCD : FF;
  CCE : FF;
  CCF : FF;
  CD0 : FF;
  CD1 : FF;
  CD2 : FF;
  CD3 : FF;
  CD4 : FF;
  CD5 : FF;
  CD6 : FF;
  CD7 : FF;
  CD8 : FF;
  CD9 : FF;
  CDA : FF;
  CDB : FF;
  CDC : FF;
  CDD : FF;
  CDE : FF;
  CDF : FF;
  CE0 : FF;
  CE1 : FF;
  CE2 : FF;
  CE3 : FF;
  CE4 : FF;
  CE5 : FF;
  CE6 : FF;
  CE7 : FF;
  CE8 : FF;
  CE9 : FF;
  CEA : FF;
  CEB : FF;
  CEC : FF;
  CED : FF;
  CEE : FF;
  CEF : FF;
  CF0 : FF;
  CF1 : FF;
  CF2 : FF;
  CF3 : FF;
  CF4 : FF;
  CF5 : FF;
  CF6 : FF;
  CF7 : FF;
  CF8 : FF;
  CF9 : FF;
  CFA : FF;
  CFB : FF;
  CFC : FF;
  CFD : FF;
  CFE : FF;
  CFF : FF;
  D00 : FF;
  D01 : FF;
  D02 : FF;
  D03 : FF;
  D04 : FF;
  D05 : FF;
  D06 : FF;
  D07 : FF;
  D08 : FF;
  D09 : FF;
  D0A : FF;
  D0B : FF;
  D0C : FF;
  D0D : FF;
  D0E : FF;
  D0F : FF;
  D10 : FF;
  D11 : FF;
  D12 : FF;
  D13 : FF;
  D14 : FF;
  D15 : FF;
  D16 : FF;
  D17 : FF;
  D18 : FF;
  D19 : FF;
  D1A : FF;
  D1B : FF;
  D1C : FF;
  D1D : FF;
  D1E : FF;
  D1F : FF;
  D20 : FF;
  D21 : FF;
  D22 : FF;
  D23 : FF;
  D24 : FF;
  D25 : FF;
  D26 : FF;
  D27 : FF;
  D28 : FF;
  D29 : FF;
  D2A : FF;
  D2B : FF;
  D2C : FF;
  D2D : FF;
  D2E : FF;
  D2F : FF;
  D30 : FF;
  D31 : FF;
  D32 : FF;
  D33 : FF;
  D34 : FF;
  D35 : FF;
  D36 : FF;
  D37 : FF;
  D38 : FF;
  D39 : FF;
  D3A : FF;
  D3B : FF;
  D3C : FF;
  D3D : FF;
  D3E : FF;
  D3F : FF;
  D40 : FF;
  D41 : FF;
  D42 : FF;
  D43 : FF;
  D44 : FF;
  D45 : FF;
  D46 : FF;
  D47 : FF;
  D48 : FF;
  D49 : FF;
  D4A : FF;
  D4B : FF;
  D4C : FF;
  D4D : FF;
  D4E : FF;
  D4F : FF;
  D50 : FF;
  D51 : FF;
  D52 : FF;
  D53 : FF;
  D54 : FF;
  D55 : FF;
  D56 : FF;
  D57 : FF;
  D58 : FF;
  D59 : FF;
  D5A : FF;
  D5B : FF;
  D5C : FF;
  D5D : FF;
  D5E : FF;
  D5F : FF;
  D60 : FF;
  D61 : FF;
  D62 : FF;
  D63 : FF;
  D64 : FF;
  D65 : FF;
  D66 : FF;
  D67 : FF;
  D68 : FF;
  D69 : FF;
  D6A : FF;
  D6B : FF;
  D6C : FF;
  D6D : FF;
  D6E : FF;
  D6F : FF;
  D70 : FF;
  D71 : FF;
  D72 : FF;
  D73 : FF;
  D74 : FF;
  D75 : FF;
  D76 : FF;
  D77 : FF;
  D78 : FF;
  D79 : FF;
  D7A : FF;
  D7B : FF;
  D7C : FF;
  D7D : FF;
  D7E : FF;
  D7F : FF;
  D80 : FF;
  D81 : FF;
  D82 : FF;
  D83 : FF;
  D84 : FF;
  D85 : FF;
  D86 : FF;
  D87 : FF;
  D88 : FF;
  D89 : FF;
  D8A : FF;
  D8B : FF;
  D8C : FF;
  D8D : FF;
  D8E : FF;
  D8F : FF;
  D90 : FF;
  D91 : FF;
  D92 : FF;
  D93 : FF;
  D94 : FF;
  D95 : FF;
  D96 : FF;
  D97 : FF;
  D98 : FF;
  D99 : FF;
  D9A : FF;
  D9B : FF;
  D9C : FF;
  D9D : FF;
  D9E : FF;
  D9F : FF;
  DA0 : FF;
  DA1 : FF;
  DA2 : FF;
  DA3 : FF;
  DA4 : FF;
  DA5 : FF;
  DA6 : FF;
  DA7 : FF;
  DA8 : FF;
  DA9 : FF;
  DAA : FF;
  DAB : FF;
  DAC : FF;
  DAD : FF;
  DAE : FF;
  DAF : FF;
  DB0 : FF;
  DB1 : FF;
  DB2 : FF;
  DB3 : FF;
  DB4 : FF;
  DB5 : FF;
  DB6 : FF;
  DB7 : FF;
  DB8 : FF;
  DB9 : FF;
  DBA : FF;
  DBB : FF;
  DBC : FF;
  DBD : FF;
  DBE : FF;
  DBF : FF;
  DC0 : FF;
  DC1 : FF;
  DC2 : FF;
  DC3 : FF;
  DC4 : FF;
  DC5 : FF;
  DC6 : FF;
  DC7 : FF;
  DC8 : FF;
  DC9 : FF;
  DCA : FF;
  DCB : FF;
  DCC : FF;
  DCD : FF;
  DCE : FF;
  DCF : FF;
  DD0 : FF;
  DD1 : FF;
  DD2 : FF;
  DD3 : FF;
  DD4 : FF;
  DD5 : FF;
  DD6 : FF;
  DD7 : FF;
  DD8 : FF;
  DD9 : FF;
  DDA : FF;
  DDB : FF;
  DDC : FF;
  DDD : FF;
  DDE : FF;
  DDF : FF;
  DE0 : FF;
  DE1 : FF;
  DE2 : FF;
  DE3 : FF;
  DE4 : FF;
  DE5 : FF;
  DE6 : FF;
  DE7 : FF;
  DE8 : FF;
  DE9 : FF;
  DEA : FF;
  DEB : FF;
  DEC : FF;
  DED : FF;
  DEE : FF;
  DEF : FF;
  DF0 : FF;
  DF1 : FF;
  DF2 : FF;
  DF3 : FF;
  DF4 : FF;
  DF5 : FF;
  DF6 : FF;
  DF7 : FF;
  DF8 : FF;
  DF9 : FF;
  DFA : FF;
  DFB : FF;
  DFC : FF;
  DFD : FF;
  DFE : FF;
  DFF : FF;
  E00 : FF;
  E01 : FF;
  E02 : FF;
  E03 : FF;
  E04 : FF;
  E05 : FF;
  E06 : FF;
  E07 : FF;
  E08 : FF;
  E09 : FF;
  E0A : FF;
  E0B : FF;
  E0C : FF;
  E0D : FF;
  E0E : FF;
  E0F : FF;
  E10 : FF;
  E11 : FF;
  E12 : FF;
  E13 : FF;
  E14 : FF;
  E15 : FF;
  E16 : FF;
  E17 : FF;
  E18 : FF;
  E19 : FF;
  E1A : FF;
  E1B : FF;
  E1C : FF;
  E1D : FF;
  E1E : FF;
  E1F : FF;
  E20 : FF;
  E21 : FF;
  E22 : FF;
  E23 : FF;
  E24 : FF;
  E25 : FF;
  E26 : FF;
  E27 : FF;
  E28 : FF;
  E29 : FF;
  E2A : FF;
  E2B : FF;
  E2C : FF;
  E2D : FF;
  E2E : FF;
  E2F : FF;
  E30 : FF;
  E31 : FF;
  E32 : FF;
  E33 : FF;
  E34 : FF;
  E35 : FF;
  E36 : FF;
  E37 : FF;
  E38 : FF;
  E39 : FF;
  E3A : FF;
  E3B : FF;
  E3C : FF;
  E3D : FF;
  E3E : FF;
  E3F : FF;
  E40 : FF;
  E41 : FF;
  E42 : FF;
  E43 : FF;
  E44 : FF;
  E45 : FF;
  E46 : FF;
  E47 : FF;
  E48 : FF;
  E49 : FF;
  E4A : FF;
  E4B : FF;
  E4C : FF;
  E4D : FF;
  E4E : FF;
  E4F : FF;
  E50 : FF;
  E51 : FF;
  E52 : FF;
  E53 : FF;
  E54 : FF;
  E55 : FF;
  E56 : FF;
  E57 : FF;
  E58 : FF;
  E59 : FF;
  E5A : FF;
  E5B : FF;
  E5C : FF;
  E5D : FF;
  E5E : FF;
  E5F : FF;
  E60 : FF;
  E61 : FF;
  E62 : FF;
  E63 : FF;
  E64 : FF;
  E65 : FF;
  E66 : FF;
  E67 : FF;
  E68 : FF;
  E69 : FF;
  E6A : FF;
  E6B : FF;
  E6C : FF;
  E6D : FF;
  E6E : FF;
  E6F : FF;
  E70 : FF;
  E71 : FF;
  E72 : FF;
  E73 : FF;
  E74 : FF;
  E75 : FF;
  E76 : FF;
  E77 : FF;
  E78 : FF;
  E79 : FF;
  E7A : FF;
  E7B : FF;
  E7C : FF;
  E7D : FF;
  E7E : FF;
  E7F : FF;
  E80 : FF;
  E81 : FF;
  E82 : FF;
  E83 : FF;
  E84 : FF;
  E85 : FF;
  E86 : FF;
  E87 : FF;
  E88 : FF;
  E89 : FF;
  E8A : FF;
  E8B : FF;
  E8C : FF;
  E8D : FF;
  E8E : FF;
  E8F : FF;
  E90 : FF;
  E91 : FF;
  E92 : FF;
  E93 : FF;
  E94 : FF;
  E95 : FF;
  E96 : FF;
  E97 : FF;
  E98 : FF;
  E99 : FF;
  E9A : FF;
  E9B : FF;
  E9C : FF;
  E9D : FF;
  E9E : FF;
  E9F : FF;
  EA0 : FF;
  EA1 : FF;
  EA2 : FF;
  EA3 : FF;
  EA4 : FF;
  EA5 : FF;
  EA6 : FF;
  EA7 : FF;
  EA8 : FF;
  EA9 : FF;
  EAA : FF;
  EAB : FF;
  EAC : FF;
  EAD : FF;
  EAE : FF;
  EAF : FF;
  EB0 : FF;
  EB1 : FF;
  EB2 : FF;
  EB3 : FF;
  EB4 : FF;
  EB5 : FF;
  EB6 : FF;
  EB7 : FF;
  EB8 : FF;
  EB9 : FF;
  EBA : FF;
  EBB : FF;
  EBC : FF;
  EBD : FF;
  EBE : FF;
  EBF : FF;
  EC0 : FF;
  EC1 : FF;
  EC2 : FF;
  EC3 : FF;
  EC4 : FF;
  EC5 : FF;
  EC6 : FF;
  EC7 : FF;
  EC8 : FF;
  EC9 : FF;
  ECA : FF;
  ECB : FF;
  ECC : FF;
  ECD : FF;
  ECE : FF;
  ECF : FF;
  ED0 : FF;
  ED1 : FF;
  ED2 : FF;
  ED3 : FF;
  ED4 : FF;
  ED5 : FF;
  ED6 : FF;
  ED7 : FF;
  ED8 : FF;
  ED9 : FF;
  EDA : FF;
  EDB : FF;
  EDC : FF;
  EDD : FF;
  EDE : FF;
  EDF : FF;
  EE0 : FF;
  EE1 : FF;
  EE2 : FF;
  EE3 : FF;
  EE4 : FF;
  EE5 : FF;
  EE6 : FF;
  EE7 : FF;
  EE8 : FF;
  EE9 : FF;
  EEA : FF;
  EEB : FF;
  EEC : FF;
  EED : FF;
  EEE : FF;
  EEF : FF;
  EF0 : FF;
  EF1 : FF;
  EF2 : FF;
  EF3 : FF;
  EF4 : FF;
  EF5 : FF;
  EF6 : FF;
  EF7 : FF;
  EF8 : FF;
  EF9 : FF;
  EFA : FF;
  EFB : FF;
  EFC : FF;
  EFD : FF;
  EFE : FF;
  EFF : FF;
  F00 : FF;
  F01 : FF;
  F02 : FF;
  F03 : FF;
  F04 : FF;
  F05 : FF;
  F06 : FF;
  F07 : FF;
  F08 : FF;
  F09 : FF;
  F0A : FF;
  F0B : FF;
  F0C : FF;
  F0D : FF;
  F0E : FF;
  F0F : FF;
  F10 : FF;
  F11 : FF;
  F12 : FF;
  F13 : FF;
  F14 : FF;
  F15 : FF;
  F16 : FF;
  F17 : FF;
  F18 : FF;
  F19 : FF;
  F1A : FF;
  F1B : FF;
  F1C : FF;
  F1D : FF;
  F1E : FF;
  F1F : FF;
  F20 : FF;
  F21 : FF;
  F22 : FF;
  F23 : FF;
  F24 : FF;
  F25 : FF;
  F26 : FF;
  F27 : FF;
  F28 : FF;
  F29 : FF;
  F2A : FF;
  F2B : FF;
  F2C : FF;
  F2D : FF;
  F2E : FF;
  F2F : FF;
  F30 : FF;
  F31 : FF;
  F32 : FF;
  F33 : FF;
  F34 : FF;
  F35 : FF;
  F36 : FF;
  F37 : FF;
  F38 : FF;
  F39 : FF;
  F3A : FF;
  F3B : FF;
  F3C : FF;
  F3D : FF;
  F3E : FF;
  F3F : FF;
  F40 : FF;
  F41 : FF;
  F42 : FF;
  F43 : FF;
  F44 : FF;
  F45 : FF;
  F46 : FF;
  F47 : FF;
  F48 : FF;
  F49 : FF;
  F4A : FF;
  F4B : FF;
  F4C : FF;
  F4D : FF;
  F4E : FF;
  F4F : FF;
  F50 : FF;
  F51 : FF;
  F52 : FF;
  F53 : FF;
  F54 : FF;
  F55 : FF;
  F56 : FF;
  F57 : FF;
  F58 : FF;
  F59 : FF;
  F5A : FF;
  F5B : FF;
  F5C : FF;
  F5D : FF;
  F5E : FF;
  F5F : FF;
  F60 : FF;
  F61 : FF;
  F62 : FF;
  F63 : FF;
  F64 : FF;
  F65 : FF;
  F66 : FF;
  F67 : FF;
  F68 : FF;
  F69 : FF;
  F6A : FF;
  F6B : FF;
  F6C : FF;
  F6D : FF;
  F6E : FF;
  F6F : FF;
  F70 : FF;
  F71 : FF;
  F72 : FF;
  F73 : FF;
  F74 : FF;
  F75 : FF;
  F76 : FF;
  F77 : FF;
  F78 : FF;
  F79 : FF;
  F7A : FF;
  F7B : FF;
  F7C : FF;
  F7D : FF;
  F7E : FF;
  F7F : FF;
  F80 : FF;
  F81 : FF;
  F82 : FF;
  F83 : FF;
  F84 : FF;
  F85 : FF;
  F86 : FF;
  F87 : FF;
  F88 : FF;
  F89 : FF;
  F8A : FF;
  F8B : FF;
  F8C : FF;
  F8D : FF;
  F8E : FF;
  F8F : FF;
  F90 : FF;
  F91 : FF;
  F92 : FF;
  F93 : FF;
  F94 : FF;
  F95 : FF;
  F96 : FF;
  F97 : FF;
  F98 : FF;
  F99 : FF;
  F9A : FF;
  F9B : FF;
  F9C : FF;
  F9D : FF;
  F9E : FF;
  F9F : FF;
  FA0 : FF;
  FA1 : FF;
  FA2 : FF;
  FA3 : FF;
  FA4 : FF;
  FA5 : FF;
  FA6 : FF;
  FA7 : FF;
  FA8 : FF;
  FA9 : FF;
  FAA : FF;
  FAB : FF;
  FAC : FF;
  FAD : FF;
  FAE : FF;
  FAF : FF;
  FB0 : FF;
  FB1 : FF;
  FB2 : FF;
  FB3 : FF;
  FB4 : FF;
  FB5 : FF;
  FB6 : FF;
  FB7 : FF;
  FB8 : FF;
  FB9 : FF;
  FBA : FF;
  FBB : FF;
  FBC : FF;
  FBD : FF;
  FBE : FF;
  FBF : FF;
  FC0 : FF;
  FC1 : FF;
  FC2 : FF;
  FC3 : FF;
  FC4 : FF;
  FC5 : FF;
  FC6 : FF;
  FC7 : FF;
  FC8 : FF;
  FC9 : FF;
  FCA : FF;
  FCB : FF;
  FCC : FF;
  FCD : FF;
  FCE : FF;
  FCF : FF;
  FD0 : FF;
  FD1 : FF;
  FD2 : FF;
  FD3 : FF;
  FD4 : FF;
  FD5 : FF;
  FD6 : FF;
  FD7 : FF;
  FD8 : FF;
  FD9 : FF;
  FDA : FF;
  FDB : FF;
  FDC : FF;
  FDD : FF;
  FDE : FF;
  FDF : FF;
  FE0 : FF;
  FE1 : FF;
  FE2 : FF;
  FE3 : FF;
  FE4 : FF;
  FE5 : FF;
  FE6 : FF;
  FE7 : FF;
  FE8 : FF;
  FE9 : FF;
  FEA : FF;
  FEB : FF;
  FEC : FF;
  FED : FF;
  FEE : FF;
  FEF : FF;
  FF0 : FF;
  FF1 : FF;
  FF2 : FF;
  FF3 : FF;
  FF4 : FF;
  FF5 : FF;
  FF6 : FF;
  FF7 : FF;
  FF8 : FF;
  FF9 : FF;
  FFA : FF;
  FFB : FF;
  FFC : FF;
  FFD : FF;
  FFE : FF;
  FFF : FF;
  1000 : FF;
  1001 : FF;
  1002 : FF;
  1003 : FF;
  1004 : FF;
  1005 : FF;
  1006 : FF;
  1007 : FF;
  1008 : FF;
  1009 : FF;
  100A : FF;
  100B : FF;
  100C : FF;
  100D : FF;
  100E : FF;
  100F : FF;
  1010 : FF;
  1011 : FF;
  1012 : FF;
  1013 : FF;
  1014 : FF;
  1015 : FF;
  1016 : FF;
  1017 : FF;
  1018 : FF;
  1019 : FF;
  101A : FF;
  101B : FF;
  101C : FF;
  101D : FF;
  101E : FF;
  101F : FF;
  1020 : FF;
  1021 : FF;
  1022 : FF;
  1023 : FF;
  1024 : FF;
  1025 : FF;
  1026 : FF;
  1027 : FF;
  1028 : FF;
  1029 : FF;
  102A : FF;
  102B : FF;
  102C : FF;
  102D : FF;
  102E : FF;
  102F : FF;
  1030 : FF;
  1031 : FF;
  1032 : FF;
  1033 : FF;
  1034 : FF;
  1035 : FF;
  1036 : FF;
  1037 : FF;
  1038 : FF;
  1039 : FF;
  103A : FF;
  103B : FF;
  103C : FF;
  103D : FF;
  103E : FF;
  103F : FF;
  1040 : FF;
  1041 : FF;
  1042 : FF;
  1043 : FF;
  1044 : FF;
  1045 : FF;
  1046 : FF;
  1047 : FF;
  1048 : FF;
  1049 : FF;
  104A : FF;
  104B : FF;
  104C : FF;
  104D : FF;
  104E : FF;
  104F : FF;
  1050 : FF;
  1051 : FF;
  1052 : FF;
  1053 : FF;
  1054 : FF;
  1055 : FF;
  1056 : FF;
  1057 : FF;
  1058 : FF;
  1059 : FF;
  105A : FF;
  105B : FF;
  105C : FF;
  105D : FF;
  105E : FF;
  105F : FF;
  1060 : FF;
  1061 : FF;
  1062 : FF;
  1063 : FF;
  1064 : FF;
  1065 : FF;
  1066 : FF;
  1067 : FF;
  1068 : FF;
  1069 : FF;
  106A : FF;
  106B : FF;
  106C : FF;
  106D : FF;
  106E : FF;
  106F : FF;
  1070 : FF;
  1071 : FF;
  1072 : FF;
  1073 : FF;
  1074 : FF;
  1075 : FF;
  1076 : FF;
  1077 : FF;
  1078 : FF;
  1079 : FF;
  107A : FF;
  107B : FF;
  107C : FF;
  107D : FF;
  107E : FF;
  107F : FF;
  1080 : FF;
  1081 : FF;
  1082 : FF;
  1083 : FF;
  1084 : FF;
  1085 : FF;
  1086 : FF;
  1087 : FF;
  1088 : FF;
  1089 : FF;
  108A : FF;
  108B : FF;
  108C : FF;
  108D : FF;
  108E : FF;
  108F : FF;
  1090 : FF;
  1091 : FF;
  1092 : FF;
  1093 : FF;
  1094 : FF;
  1095 : FF;
  1096 : FF;
  1097 : FF;
  1098 : FF;
  1099 : FF;
  109A : FF;
  109B : FF;
  109C : FF;
  109D : FF;
  109E : FF;
  109F : FF;
  10A0 : FF;
  10A1 : FF;
  10A2 : FF;
  10A3 : FF;
  10A4 : FF;
  10A5 : FF;
  10A6 : FF;
  10A7 : FF;
  10A8 : FF;
  10A9 : FF;
  10AA : FF;
  10AB : FF;
  10AC : FF;
  10AD : FF;
  10AE : FF;
  10AF : FF;
  10B0 : FF;
  10B1 : FF;
  10B2 : FF;
  10B3 : FF;
  10B4 : FF;
  10B5 : FF;
  10B6 : FF;
  10B7 : FF;
  10B8 : FF;
  10B9 : FF;
  10BA : FF;
  10BB : FF;
  10BC : FF;
  10BD : FF;
  10BE : FF;
  10BF : FF;
  10C0 : FF;
  10C1 : FF;
  10C2 : FF;
  10C3 : FF;
  10C4 : FF;
  10C5 : FF;
  10C6 : FF;
  10C7 : FF;
  10C8 : FF;
  10C9 : FF;
  10CA : FF;
  10CB : FF;
  10CC : FF;
  10CD : FF;
  10CE : FF;
  10CF : FF;
  10D0 : FF;
  10D1 : FF;
  10D2 : FF;
  10D3 : FF;
  10D4 : FF;
  10D5 : FF;
  10D6 : FF;
  10D7 : FF;
  10D8 : FF;
  10D9 : FF;
  10DA : FF;
  10DB : FF;
  10DC : FF;
  10DD : FF;
  10DE : FF;
  10DF : FF;
  10E0 : FF;
  10E1 : FF;
  10E2 : FF;
  10E3 : FF;
  10E4 : FF;
  10E5 : FF;
  10E6 : FF;
  10E7 : FF;
  10E8 : FF;
  10E9 : FF;
  10EA : FF;
  10EB : FF;
  10EC : FF;
  10ED : FF;
  10EE : FF;
  10EF : FF;
  10F0 : FF;
  10F1 : FF;
  10F2 : FF;
  10F3 : FF;
  10F4 : FF;
  10F5 : FF;
  10F6 : FF;
  10F7 : FF;
  10F8 : FF;
  10F9 : FF;
  10FA : FF;
  10FB : FF;
  10FC : FF;
  10FD : FF;
  10FE : FF;
  10FF : FF;
  1100 : FF;
  1101 : FF;
  1102 : FF;
  1103 : FF;
  1104 : FF;
  1105 : FF;
  1106 : FE;
  1107 : DF;
  1108 : BC;
  1109 : BB;
  110A : D1;
  110B : F2;
  110C : FF;
  110D : FF;
  110E : FF;
  110F : FF;
  1110 : FF;
  1111 : FF;
  1112 : FF;
  1113 : FF;
  1114 : FF;
  1115 : FF;
  1116 : FF;
  1117 : FF;
  1118 : FF;
  1119 : FF;
  111A : FF;
  111B : FF;
  111C : FF;
  111D : FF;
  111E : FF;
  111F : FF;
  1120 : FF;
  1121 : FF;
  1122 : FF;
  1123 : FF;
  1124 : FF;
  1125 : FF;
  1126 : FF;
  1127 : FF;
  1128 : FF;
  1129 : FF;
  112A : FF;
  112B : FF;
  112C : FF;
  112D : FF;
  112E : FF;
  112F : FF;
  1130 : FF;
  1131 : FF;
  1132 : FF;
  1133 : FF;
  1134 : FF;
  1135 : FF;
  1136 : FF;
  1137 : FF;
  1138 : FF;
  1139 : FF;
  113A : FF;
  113B : FF;
  113C : FF;
  113D : FF;
  113E : FF;
  113F : FF;
  1140 : FF;
  1141 : FF;
  1142 : FF;
  1143 : FF;
  1144 : FF;
  1145 : FF;
  1146 : FF;
  1147 : FF;
  1148 : FF;
  1149 : FF;
  114A : FF;
  114B : FF;
  114C : FF;
  114D : FF;
  114E : FF;
  114F : FF;
  1150 : FF;
  1151 : FF;
  1152 : FF;
  1153 : FF;
  1154 : FF;
  1155 : FF;
  1156 : FF;
  1157 : FF;
  1158 : FF;
  1159 : FF;
  115A : FF;
  115B : FF;
  115C : FF;
  115D : FF;
  115E : FF;
  115F : FF;
  1160 : FF;
  1161 : FF;
  1162 : FF;
  1163 : FF;
  1164 : FF;
  1165 : FF;
  1166 : FF;
  1167 : FF;
  1168 : FF;
  1169 : FF;
  116A : FF;
  116B : FF;
  116C : FF;
  116D : FF;
  116E : FF;
  116F : FF;
  1170 : FF;
  1171 : FF;
  1172 : FF;
  1173 : FF;
  1174 : FF;
  1175 : FF;
  1176 : FF;
  1177 : FF;
  1178 : FF;
  1179 : FF;
  117A : FF;
  117B : FF;
  117C : FF;
  117D : FF;
  117E : FF;
  117F : FF;
  1180 : FF;
  1181 : FF;
  1182 : FF;
  1183 : FF;
  1184 : FF;
  1185 : FF;
  1186 : FF;
  1187 : FF;
  1188 : FF;
  1189 : FF;
  118A : FF;
  118B : FF;
  118C : FF;
  118D : FF;
  118E : FF;
  118F : FF;
  1190 : FF;
  1191 : FF;
  1192 : FF;
  1193 : FF;
  1194 : FF;
  1195 : FF;
  1196 : FF;
  1197 : FF;
  1198 : FF;
  1199 : FF;
  119A : FF;
  119B : FF;
  119C : FF;
  119D : FF;
  119E : FF;
  119F : FF;
  11A0 : FF;
  11A1 : FF;
  11A2 : FF;
  11A3 : FF;
  11A4 : FF;
  11A5 : FF;
  11A6 : FF;
  11A7 : FF;
  11A8 : FF;
  11A9 : FF;
  11AA : FF;
  11AB : FF;
  11AC : FF;
  11AD : FF;
  11AE : FF;
  11AF : FF;
  11B0 : FF;
  11B1 : FF;
  11B2 : FF;
  11B3 : FF;
  11B4 : F5;
  11B5 : E3;
  11B6 : E7;
  11B7 : FB;
  11B8 : FF;
  11B9 : FF;
  11BA : FF;
  11BB : FF;
  11BC : FF;
  11BD : FF;
  11BE : FF;
  11BF : FF;
  11C0 : FF;
  11C1 : FF;
  11C2 : FF;
  11C3 : FF;
  11C4 : FF;
  11C5 : FF;
  11C6 : FF;
  11C7 : FF;
  11C8 : FF;
  11C9 : FF;
  11CA : FF;
  11CB : FF;
  11CC : FF;
  11CD : FF;
  11CE : FF;
  11CF : FF;
  11D0 : FF;
  11D1 : FF;
  11D2 : C9;
  11D3 : 77;
  11D4 : 6E;
  11D5 : 6E;
  11D6 : 6F;
  11D7 : 87;
  11D8 : BC;
  11D9 : F7;
  11DA : FF;
  11DB : FF;
  11DC : D3;
  11DD : 9A;
  11DE : A7;
  11DF : C9;
  11E0 : F0;
  11E1 : FF;
  11E2 : FF;
  11E3 : FF;
  11E4 : FF;
  11E5 : FF;
  11E6 : FF;
  11E7 : FF;
  11E8 : FF;
  11E9 : FF;
  11EA : FF;
  11EB : FF;
  11EC : FF;
  11ED : FF;
  11EE : FF;
  11EF : FF;
  11F0 : FF;
  11F1 : FF;
  11F2 : FF;
  11F3 : FF;
  11F4 : FF;
  11F5 : FF;
  11F6 : FF;
  11F7 : FF;
  11F8 : FF;
  11F9 : FF;
  11FA : FF;
  11FB : FF;
  11FC : FF;
  11FD : FF;
  11FE : FF;
  11FF : FF;
  1200 : FF;
  1201 : FF;
  1202 : FF;
  1203 : FF;
  1204 : FF;
  1205 : FF;
  1206 : FF;
  1207 : FF;
  1208 : FF;
  1209 : FF;
  120A : FF;
  120B : FF;
  120C : FF;
  120D : FF;
  120E : FF;
  120F : FF;
  1210 : FF;
  1211 : FF;
  1212 : FF;
  1213 : FF;
  1214 : FF;
  1215 : FF;
  1216 : FF;
  1217 : FF;
  1218 : FF;
  1219 : FF;
  121A : FF;
  121B : FF;
  121C : FF;
  121D : FF;
  121E : FF;
  121F : FF;
  1220 : FF;
  1221 : FF;
  1222 : FF;
  1223 : FF;
  1224 : FF;
  1225 : FF;
  1226 : FF;
  1227 : FF;
  1228 : FF;
  1229 : FF;
  122A : FF;
  122B : FF;
  122C : FF;
  122D : FF;
  122E : FF;
  122F : FF;
  1230 : FF;
  1231 : FF;
  1232 : FF;
  1233 : FF;
  1234 : FF;
  1235 : FF;
  1236 : FF;
  1237 : FF;
  1238 : FF;
  1239 : FF;
  123A : FF;
  123B : FF;
  123C : FF;
  123D : FF;
  123E : FF;
  123F : FF;
  1240 : FF;
  1241 : FF;
  1242 : FF;
  1243 : FF;
  1244 : FF;
  1245 : FF;
  1246 : FF;
  1247 : FF;
  1248 : FF;
  1249 : FF;
  124A : FF;
  124B : FF;
  124C : FF;
  124D : FF;
  124E : FF;
  124F : FF;
  1250 : FF;
  1251 : FF;
  1252 : FF;
  1253 : FF;
  1254 : FF;
  1255 : FF;
  1256 : FF;
  1257 : FF;
  1258 : FF;
  1259 : FF;
  125A : FF;
  125B : FF;
  125C : FF;
  125D : FF;
  125E : FF;
  125F : FF;
  1260 : FF;
  1261 : FF;
  1262 : FF;
  1263 : FF;
  1264 : FF;
  1265 : FF;
  1266 : FF;
  1267 : FF;
  1268 : FF;
  1269 : FF;
  126A : FF;
  126B : FF;
  126C : FF;
  126D : FF;
  126E : FF;
  126F : FF;
  1270 : FF;
  1271 : FF;
  1272 : FF;
  1273 : FF;
  1274 : FF;
  1275 : FF;
  1276 : FF;
  1277 : FF;
  1278 : FF;
  1279 : FF;
  127A : FF;
  127B : FF;
  127C : FF;
  127D : FF;
  127E : FF;
  127F : EB;
  1280 : C9;
  1281 : C2;
  1282 : C2;
  1283 : D3;
  1284 : F9;
  1285 : FF;
  1286 : FF;
  1287 : FF;
  1288 : FF;
  1289 : FF;
  128A : FF;
  128B : FF;
  128C : FF;
  128D : FF;
  128E : FF;
  128F : FF;
  1290 : FF;
  1291 : FF;
  1292 : FF;
  1293 : F6;
  1294 : CF;
  1295 : B3;
  1296 : B5;
  1297 : CA;
  1298 : E6;
  1299 : F8;
  129A : FF;
  129B : FF;
  129C : FF;
  129D : EE;
  129E : 7F;
  129F : 6F;
  12A0 : 69;
  12A1 : 68;
  12A2 : 6A;
  12A3 : 6D;
  12A4 : 6C;
  12A5 : 8B;
  12A6 : DD;
  12A7 : C6;
  12A8 : 5E;
  12A9 : 5D;
  12AA : 5E;
  12AB : 6A;
  12AC : 7C;
  12AD : AD;
  12AE : EC;
  12AF : FF;
  12B0 : FF;
  12B1 : FF;
  12B2 : FF;
  12B3 : FF;
  12B4 : FF;
  12B5 : FF;
  12B6 : FF;
  12B7 : FF;
  12B8 : FF;
  12B9 : FF;
  12BA : FF;
  12BB : FF;
  12BC : FF;
  12BD : FF;
  12BE : FF;
  12BF : FF;
  12C0 : FF;
  12C1 : FF;
  12C2 : FF;
  12C3 : FF;
  12C4 : FF;
  12C5 : FF;
  12C6 : FF;
  12C7 : FF;
  12C8 : FF;
  12C9 : FF;
  12CA : FF;
  12CB : FF;
  12CC : FF;
  12CD : FF;
  12CE : FF;
  12CF : FF;
  12D0 : FF;
  12D1 : FF;
  12D2 : FF;
  12D3 : FF;
  12D4 : FF;
  12D5 : FF;
  12D6 : FF;
  12D7 : FF;
  12D8 : FF;
  12D9 : FF;
  12DA : FF;
  12DB : FF;
  12DC : FF;
  12DD : FF;
  12DE : FF;
  12DF : FF;
  12E0 : FF;
  12E1 : FF;
  12E2 : FF;
  12E3 : FF;
  12E4 : FF;
  12E5 : FF;
  12E6 : FF;
  12E7 : FF;
  12E8 : FF;
  12E9 : FF;
  12EA : FF;
  12EB : FF;
  12EC : FF;
  12ED : FF;
  12EE : FF;
  12EF : FF;
  12F0 : FF;
  12F1 : FF;
  12F2 : FF;
  12F3 : FF;
  12F4 : FF;
  12F5 : FF;
  12F6 : FF;
  12F7 : FF;
  12F8 : FF;
  12F9 : FF;
  12FA : FF;
  12FB : FF;
  12FC : FF;
  12FD : FF;
  12FE : FF;
  12FF : FF;
  1300 : FF;
  1301 : FF;
  1302 : FF;
  1303 : FF;
  1304 : FF;
  1305 : FF;
  1306 : FF;
  1307 : FF;
  1308 : FF;
  1309 : FF;
  130A : FF;
  130B : FF;
  130C : FF;
  130D : FF;
  130E : FF;
  130F : FF;
  1310 : FF;
  1311 : FF;
  1312 : FF;
  1313 : FF;
  1314 : FF;
  1315 : FF;
  1316 : FF;
  1317 : FF;
  1318 : FF;
  1319 : FF;
  131A : FF;
  131B : FF;
  131C : FF;
  131D : FF;
  131E : FF;
  131F : FF;
  1320 : FF;
  1321 : FF;
  1322 : FF;
  1323 : FF;
  1324 : FF;
  1325 : FF;
  1326 : FF;
  1327 : FF;
  1328 : FF;
  1329 : FF;
  132A : FF;
  132B : FF;
  132C : FF;
  132D : FF;
  132E : FF;
  132F : FF;
  1330 : FF;
  1331 : FF;
  1332 : FF;
  1333 : FF;
  1334 : FF;
  1335 : FF;
  1336 : FF;
  1337 : FF;
  1338 : FF;
  1339 : FF;
  133A : FF;
  133B : FF;
  133C : FF;
  133D : FF;
  133E : FF;
  133F : FF;
  1340 : FF;
  1341 : FF;
  1342 : FF;
  1343 : FF;
  1344 : FF;
  1345 : FF;
  1346 : FF;
  1347 : FF;
  1348 : FF;
  1349 : FF;
  134A : F5;
  134B : CA;
  134C : C8;
  134D : C3;
  134E : C5;
  134F : C8;
  1350 : DD;
  1351 : FF;
  1352 : FF;
  1353 : FF;
  1354 : FF;
  1355 : FF;
  1356 : FF;
  1357 : FF;
  1358 : FF;
  1359 : FF;
  135A : FF;
  135B : FF;
  135C : FF;
  135D : FF;
  135E : F3;
  135F : 95;
  1360 : 6A;
  1361 : 6A;
  1362 : 69;
  1363 : 69;
  1364 : 6D;
  1365 : 8F;
  1366 : C1;
  1367 : E9;
  1368 : FF;
  1369 : BC;
  136A : 66;
  136B : 65;
  136C : 66;
  136D : 69;
  136E : 68;
  136F : 68;
  1370 : 6A;
  1371 : 6B;
  1372 : 6F;
  1373 : 6C;
  1374 : 5A;
  1375 : 57;
  1376 : 57;
  1377 : 5E;
  1378 : 6B;
  1379 : 6B;
  137A : 7B;
  137B : C6;
  137C : FB;
  137D : FF;
  137E : FF;
  137F : FF;
  1380 : FF;
  1381 : FF;
  1382 : FF;
  1383 : FF;
  1384 : FF;
  1385 : FF;
  1386 : FF;
  1387 : FF;
  1388 : FF;
  1389 : FF;
  138A : FF;
  138B : FF;
  138C : FF;
  138D : FF;
  138E : FF;
  138F : FF;
  1390 : FF;
  1391 : FF;
  1392 : FF;
  1393 : FF;
  1394 : FF;
  1395 : FF;
  1396 : FF;
  1397 : FF;
  1398 : FF;
  1399 : FF;
  139A : FF;
  139B : FF;
  139C : FF;
  139D : FF;
  139E : FF;
  139F : FF;
  13A0 : FF;
  13A1 : FF;
  13A2 : FF;
  13A3 : FF;
  13A4 : FF;
  13A5 : FF;
  13A6 : FF;
  13A7 : FF;
  13A8 : FF;
  13A9 : FF;
  13AA : FF;
  13AB : FF;
  13AC : FF;
  13AD : FF;
  13AE : FF;
  13AF : FF;
  13B0 : FF;
  13B1 : FF;
  13B2 : FF;
  13B3 : FF;
  13B4 : FF;
  13B5 : FF;
  13B6 : FF;
  13B7 : FF;
  13B8 : FF;
  13B9 : FF;
  13BA : FF;
  13BB : FF;
  13BC : FF;
  13BD : FF;
  13BE : FF;
  13BF : FF;
  13C0 : FF;
  13C1 : FF;
  13C2 : FF;
  13C3 : FF;
  13C4 : FF;
  13C5 : FF;
  13C6 : FF;
  13C7 : FF;
  13C8 : FF;
  13C9 : FF;
  13CA : FF;
  13CB : FF;
  13CC : FF;
  13CD : FF;
  13CE : FF;
  13CF : FF;
  13D0 : FF;
  13D1 : FF;
  13D2 : FF;
  13D3 : FF;
  13D4 : FF;
  13D5 : FF;
  13D6 : FF;
  13D7 : FF;
  13D8 : FF;
  13D9 : FF;
  13DA : FF;
  13DB : FF;
  13DC : FF;
  13DD : FF;
  13DE : FF;
  13DF : FF;
  13E0 : FF;
  13E1 : FF;
  13E2 : FF;
  13E3 : FF;
  13E4 : FF;
  13E5 : FF;
  13E6 : FF;
  13E7 : FF;
  13E8 : FF;
  13E9 : FF;
  13EA : FF;
  13EB : FF;
  13EC : FF;
  13ED : FF;
  13EE : FF;
  13EF : FF;
  13F0 : FF;
  13F1 : FF;
  13F2 : FF;
  13F3 : FF;
  13F4 : FF;
  13F5 : FF;
  13F6 : FF;
  13F7 : FF;
  13F8 : FF;
  13F9 : FF;
  13FA : FF;
  13FB : FF;
  13FC : FF;
  13FD : FF;
  13FE : FF;
  13FF : FF;
  1400 : FF;
  1401 : FF;
  1402 : FF;
  1403 : FF;
  1404 : FF;
  1405 : FF;
  1406 : FF;
  1407 : FF;
  1408 : FF;
  1409 : FF;
  140A : FF;
  140B : FF;
  140C : FF;
  140D : FF;
  140E : FF;
  140F : FF;
  1410 : FF;
  1411 : FF;
  1412 : FF;
  1413 : FF;
  1414 : FF;
  1415 : FF;
  1416 : DD;
  1417 : C5;
  1418 : C2;
  1419 : C1;
  141A : C1;
  141B : C7;
  141C : D0;
  141D : F8;
  141E : FF;
  141F : FF;
  1420 : FF;
  1421 : FF;
  1422 : FF;
  1423 : FF;
  1424 : FF;
  1425 : FF;
  1426 : FF;
  1427 : FF;
  1428 : FF;
  1429 : FF;
  142A : B2;
  142B : 6C;
  142C : 6A;
  142D : 69;
  142E : 69;
  142F : 69;
  1430 : 69;
  1431 : 6B;
  1432 : 6D;
  1433 : 7E;
  1434 : BA;
  1435 : 85;
  1436 : 5A;
  1437 : 57;
  1438 : 5B;
  1439 : 60;
  143A : 65;
  143B : 69;
  143C : 68;
  143D : 68;
  143E : 6A;
  143F : 69;
  1440 : 62;
  1441 : 59;
  1442 : 57;
  1443 : 57;
  1444 : 5D;
  1445 : 68;
  1446 : 6C;
  1447 : 6F;
  1448 : A6;
  1449 : F3;
  144A : FF;
  144B : FF;
  144C : FF;
  144D : FF;
  144E : FF;
  144F : FF;
  1450 : FF;
  1451 : FF;
  1452 : FF;
  1453 : FF;
  1454 : FF;
  1455 : FF;
  1456 : FF;
  1457 : FF;
  1458 : FF;
  1459 : FF;
  145A : FF;
  145B : FF;
  145C : FF;
  145D : FF;
  145E : FF;
  145F : FF;
  1460 : FF;
  1461 : FF;
  1462 : FF;
  1463 : FF;
  1464 : FF;
  1465 : FF;
  1466 : FF;
  1467 : FF;
  1468 : FF;
  1469 : FF;
  146A : FF;
  146B : FF;
  146C : FF;
  146D : FF;
  146E : FF;
  146F : FF;
  1470 : FF;
  1471 : FF;
  1472 : FF;
  1473 : FF;
  1474 : FF;
  1475 : FF;
  1476 : FF;
  1477 : FF;
  1478 : FF;
  1479 : FF;
  147A : FF;
  147B : FF;
  147C : FF;
  147D : FF;
  147E : FF;
  147F : FF;
  1480 : FF;
  1481 : FF;
  1482 : FF;
  1483 : FF;
  1484 : FF;
  1485 : FF;
  1486 : FF;
  1487 : FF;
  1488 : FF;
  1489 : FF;
  148A : FF;
  148B : FF;
  148C : FF;
  148D : FF;
  148E : FF;
  148F : FF;
  1490 : FF;
  1491 : FF;
  1492 : FF;
  1493 : FF;
  1494 : FF;
  1495 : FF;
  1496 : FF;
  1497 : FF;
  1498 : FF;
  1499 : FF;
  149A : FF;
  149B : FF;
  149C : FF;
  149D : FF;
  149E : FF;
  149F : FF;
  14A0 : FF;
  14A1 : FF;
  14A2 : FF;
  14A3 : FF;
  14A4 : FF;
  14A5 : FF;
  14A6 : FF;
  14A7 : FF;
  14A8 : FF;
  14A9 : FF;
  14AA : FF;
  14AB : FF;
  14AC : FF;
  14AD : FF;
  14AE : FF;
  14AF : FF;
  14B0 : FF;
  14B1 : FF;
  14B2 : FF;
  14B3 : FF;
  14B4 : FF;
  14B5 : FF;
  14B6 : FF;
  14B7 : FF;
  14B8 : FF;
  14B9 : FF;
  14BA : FF;
  14BB : FF;
  14BC : FF;
  14BD : FF;
  14BE : FF;
  14BF : FF;
  14C0 : FF;
  14C1 : FF;
  14C2 : FF;
  14C3 : FF;
  14C4 : FF;
  14C5 : FF;
  14C6 : FF;
  14C7 : FF;
  14C8 : FF;
  14C9 : FF;
  14CA : FF;
  14CB : FF;
  14CC : FF;
  14CD : FF;
  14CE : FF;
  14CF : FF;
  14D0 : FF;
  14D1 : FF;
  14D2 : FF;
  14D3 : FF;
  14D4 : FF;
  14D5 : FF;
  14D6 : FF;
  14D7 : FF;
  14D8 : FF;
  14D9 : FF;
  14DA : FF;
  14DB : FF;
  14DC : FF;
  14DD : FF;
  14DE : FF;
  14DF : FF;
  14E0 : FF;
  14E1 : FE;
  14E2 : CF;
  14E3 : C8;
  14E4 : C1;
  14E5 : C1;
  14E6 : C1;
  14E7 : C4;
  14E8 : C6;
  14E9 : F0;
  14EA : FF;
  14EB : FF;
  14EC : FF;
  14ED : FF;
  14EE : FF;
  14EF : FF;
  14F0 : FF;
  14F1 : FF;
  14F2 : FF;
  14F3 : FF;
  14F4 : FF;
  14F5 : FC;
  14F6 : 84;
  14F7 : 6C;
  14F8 : 68;
  14F9 : 68;
  14FA : 68;
  14FB : 68;
  14FC : 68;
  14FD : 68;
  14FE : 68;
  14FF : 6C;
  1500 : 6C;
  1501 : 66;
  1502 : 5F;
  1503 : 58;
  1504 : 56;
  1505 : 56;
  1506 : 5A;
  1507 : 61;
  1508 : 67;
  1509 : 68;
  150A : 68;
  150B : 68;
  150C : 68;
  150D : 64;
  150E : 5A;
  150F : 56;
  1510 : 57;
  1511 : 60;
  1512 : 68;
  1513 : 6A;
  1514 : 6C;
  1515 : 8A;
  1516 : E0;
  1517 : FF;
  1518 : FF;
  1519 : FF;
  151A : FF;
  151B : FF;
  151C : FF;
  151D : FF;
  151E : FF;
  151F : FF;
  1520 : FF;
  1521 : FF;
  1522 : FF;
  1523 : FF;
  1524 : FF;
  1525 : FF;
  1526 : FF;
  1527 : FF;
  1528 : FF;
  1529 : FF;
  152A : FF;
  152B : FF;
  152C : FF;
  152D : FF;
  152E : FF;
  152F : FF;
  1530 : FF;
  1531 : FF;
  1532 : FF;
  1533 : FF;
  1534 : FF;
  1535 : FF;
  1536 : FF;
  1537 : FF;
  1538 : FF;
  1539 : FF;
  153A : FF;
  153B : FF;
  153C : FF;
  153D : FF;
  153E : FF;
  153F : FF;
  1540 : FF;
  1541 : FF;
  1542 : FF;
  1543 : FF;
  1544 : FF;
  1545 : FF;
  1546 : FF;
  1547 : FF;
  1548 : FF;
  1549 : FF;
  154A : FF;
  154B : FF;
  154C : FF;
  154D : FF;
  154E : FF;
  154F : FF;
  1550 : FF;
  1551 : FF;
  1552 : FF;
  1553 : FF;
  1554 : FF;
  1555 : FF;
  1556 : FF;
  1557 : FF;
  1558 : FF;
  1559 : FF;
  155A : FF;
  155B : FF;
  155C : FF;
  155D : FF;
  155E : FF;
  155F : FF;
  1560 : FF;
  1561 : FF;
  1562 : FF;
  1563 : FF;
  1564 : FF;
  1565 : FF;
  1566 : FF;
  1567 : FF;
  1568 : FF;
  1569 : FF;
  156A : FF;
  156B : FF;
  156C : FF;
  156D : FF;
  156E : FF;
  156F : FF;
  1570 : FF;
  1571 : FF;
  1572 : FF;
  1573 : FF;
  1574 : FF;
  1575 : FF;
  1576 : FF;
  1577 : FF;
  1578 : FF;
  1579 : FF;
  157A : FF;
  157B : FF;
  157C : FF;
  157D : FF;
  157E : FF;
  157F : FF;
  1580 : FF;
  1581 : FF;
  1582 : FF;
  1583 : FF;
  1584 : FF;
  1585 : FF;
  1586 : FF;
  1587 : FF;
  1588 : FF;
  1589 : FF;
  158A : FF;
  158B : FF;
  158C : FF;
  158D : FF;
  158E : FF;
  158F : FF;
  1590 : FF;
  1591 : FF;
  1592 : FF;
  1593 : FF;
  1594 : FF;
  1595 : FF;
  1596 : FF;
  1597 : FF;
  1598 : FF;
  1599 : FF;
  159A : FF;
  159B : FF;
  159C : FF;
  159D : FF;
  159E : FF;
  159F : FF;
  15A0 : FF;
  15A1 : FF;
  15A2 : FF;
  15A3 : FF;
  15A4 : FF;
  15A5 : FF;
  15A6 : FF;
  15A7 : FF;
  15A8 : FF;
  15A9 : FF;
  15AA : FF;
  15AB : FF;
  15AC : FF;
  15AD : F7;
  15AE : CB;
  15AF : C6;
  15B0 : C1;
  15B1 : C1;
  15B2 : C1;
  15B3 : C4;
  15B4 : C5;
  15B5 : EF;
  15B6 : FF;
  15B7 : FF;
  15B8 : FF;
  15B9 : FF;
  15BA : FF;
  15BB : FF;
  15BC : FF;
  15BD : FF;
  15BE : FF;
  15BF : FF;
  15C0 : FF;
  15C1 : EF;
  15C2 : 7D;
  15C3 : 6C;
  15C4 : 68;
  15C5 : 68;
  15C6 : 68;
  15C7 : 68;
  15C8 : 68;
  15C9 : 68;
  15CA : 68;
  15CB : 68;
  15CC : 69;
  15CD : 69;
  15CE : 68;
  15CF : 65;
  15D0 : 5D;
  15D1 : 57;
  15D2 : 56;
  15D3 : 57;
  15D4 : 5D;
  15D5 : 66;
  15D6 : 68;
  15D7 : 68;
  15D8 : 68;
  15D9 : 69;
  15DA : 65;
  15DB : 5B;
  15DC : 56;
  15DD : 58;
  15DE : 63;
  15DF : 68;
  15E0 : 69;
  15E1 : 6E;
  15E2 : 7E;
  15E3 : D7;
  15E4 : FF;
  15E5 : FF;
  15E6 : FF;
  15E7 : FF;
  15E8 : FF;
  15E9 : FF;
  15EA : FF;
  15EB : FF;
  15EC : FF;
  15ED : FF;
  15EE : FF;
  15EF : FF;
  15F0 : FF;
  15F1 : FF;
  15F2 : FF;
  15F3 : FF;
  15F4 : FF;
  15F5 : FF;
  15F6 : FF;
  15F7 : FF;
  15F8 : FF;
  15F9 : FF;
  15FA : FF;
  15FB : FF;
  15FC : FF;
  15FD : FF;
  15FE : FF;
  15FF : FF;
  1600 : FF;
  1601 : FF;
  1602 : FF;
  1603 : FF;
  1604 : FF;
  1605 : FF;
  1606 : FF;
  1607 : FF;
  1608 : FF;
  1609 : FF;
  160A : FF;
  160B : FF;
  160C : FF;
  160D : FF;
  160E : FF;
  160F : FF;
  1610 : FF;
  1611 : FF;
  1612 : FF;
  1613 : FF;
  1614 : FF;
  1615 : FF;
  1616 : FF;
  1617 : FF;
  1618 : FF;
  1619 : FF;
  161A : FF;
  161B : FF;
  161C : FF;
  161D : FF;
  161E : FF;
  161F : FF;
  1620 : FF;
  1621 : FF;
  1622 : FF;
  1623 : FF;
  1624 : FF;
  1625 : FF;
  1626 : FF;
  1627 : FF;
  1628 : FF;
  1629 : FF;
  162A : FF;
  162B : FF;
  162C : FF;
  162D : FF;
  162E : FF;
  162F : FF;
  1630 : FF;
  1631 : FF;
  1632 : FF;
  1633 : FF;
  1634 : FF;
  1635 : FF;
  1636 : FF;
  1637 : FF;
  1638 : FF;
  1639 : FE;
  163A : FE;
  163B : FF;
  163C : FF;
  163D : FF;
  163E : FF;
  163F : FF;
  1640 : FF;
  1641 : FF;
  1642 : FF;
  1643 : FF;
  1644 : FF;
  1645 : FF;
  1646 : FF;
  1647 : FF;
  1648 : FF;
  1649 : FF;
  164A : FF;
  164B : FF;
  164C : FF;
  164D : FF;
  164E : FF;
  164F : FF;
  1650 : FF;
  1651 : FF;
  1652 : FF;
  1653 : FF;
  1654 : FF;
  1655 : FF;
  1656 : FF;
  1657 : FF;
  1658 : FF;
  1659 : FF;
  165A : FF;
  165B : FF;
  165C : FF;
  165D : FF;
  165E : FF;
  165F : FF;
  1660 : FF;
  1661 : FF;
  1662 : FF;
  1663 : FF;
  1664 : FF;
  1665 : FF;
  1666 : FF;
  1667 : FF;
  1668 : FF;
  1669 : FF;
  166A : FF;
  166B : FF;
  166C : FF;
  166D : FF;
  166E : FF;
  166F : FF;
  1670 : FF;
  1671 : FF;
  1672 : FF;
  1673 : FF;
  1674 : FF;
  1675 : FF;
  1676 : FF;
  1677 : FF;
  1678 : FF;
  1679 : F6;
  167A : CA;
  167B : C6;
  167C : C1;
  167D : C1;
  167E : C1;
  167F : C5;
  1680 : C9;
  1681 : F2;
  1682 : FF;
  1683 : FF;
  1684 : FF;
  1685 : FF;
  1686 : FF;
  1687 : FF;
  1688 : FF;
  1689 : FF;
  168A : FF;
  168B : FF;
  168C : FF;
  168D : ED;
  168E : 7B;
  168F : 6C;
  1690 : 68;
  1691 : 68;
  1692 : 68;
  1693 : 68;
  1694 : 68;
  1695 : 68;
  1696 : 68;
  1697 : 68;
  1698 : 68;
  1699 : 68;
  169A : 68;
  169B : 68;
  169C : 68;
  169D : 61;
  169E : 59;
  169F : 56;
  16A0 : 56;
  16A1 : 5B;
  16A2 : 63;
  16A3 : 68;
  16A4 : 68;
  16A5 : 68;
  16A6 : 68;
  16A7 : 66;
  16A8 : 5B;
  16A9 : 56;
  16AA : 5A;
  16AB : 66;
  16AC : 68;
  16AD : 68;
  16AE : 6D;
  16AF : 76;
  16B0 : CC;
  16B1 : FF;
  16B2 : FF;
  16B3 : FF;
  16B4 : FF;
  16B5 : FF;
  16B6 : FF;
  16B7 : FF;
  16B8 : FF;
  16B9 : FF;
  16BA : FF;
  16BB : FF;
  16BC : FF;
  16BD : FF;
  16BE : FF;
  16BF : FF;
  16C0 : FF;
  16C1 : FF;
  16C2 : FF;
  16C3 : FF;
  16C4 : FF;
  16C5 : FF;
  16C6 : FF;
  16C7 : FF;
  16C8 : FF;
  16C9 : FF;
  16CA : FF;
  16CB : FF;
  16CC : FF;
  16CD : FF;
  16CE : FF;
  16CF : FF;
  16D0 : FF;
  16D1 : FF;
  16D2 : FF;
  16D3 : FF;
  16D4 : FF;
  16D5 : FF;
  16D6 : FF;
  16D7 : FF;
  16D8 : FF;
  16D9 : FF;
  16DA : FF;
  16DB : FF;
  16DC : FF;
  16DD : FF;
  16DE : FF;
  16DF : FF;
  16E0 : FF;
  16E1 : FF;
  16E2 : FF;
  16E3 : FF;
  16E4 : FF;
  16E5 : FF;
  16E6 : FF;
  16E7 : FF;
  16E8 : FF;
  16E9 : FF;
  16EA : FF;
  16EB : FF;
  16EC : FF;
  16ED : FF;
  16EE : FF;
  16EF : FF;
  16F0 : FF;
  16F1 : FF;
  16F2 : FF;
  16F3 : FF;
  16F4 : FF;
  16F5 : FF;
  16F6 : FF;
  16F7 : FF;
  16F8 : FF;
  16F9 : FF;
  16FA : FF;
  16FB : FF;
  16FC : FF;
  16FD : FF;
  16FE : FF;
  16FF : FF;
  1700 : FF;
  1701 : FF;
  1702 : FF;
  1703 : FF;
  1704 : FC;
  1705 : F4;
  1706 : F1;
  1707 : F3;
  1708 : FC;
  1709 : FF;
  170A : FF;
  170B : FF;
  170C : FF;
  170D : FF;
  170E : FF;
  170F : FF;
  1710 : FF;
  1711 : FF;
  1712 : FF;
  1713 : FF;
  1714 : FF;
  1715 : FF;
  1716 : FF;
  1717 : FF;
  1718 : FF;
  1719 : FF;
  171A : FF;
  171B : FF;
  171C : FF;
  171D : FF;
  171E : FF;
  171F : FF;
  1720 : FF;
  1721 : FF;
  1722 : FF;
  1723 : FF;
  1724 : FF;
  1725 : FF;
  1726 : FF;
  1727 : FF;
  1728 : FF;
  1729 : FF;
  172A : FF;
  172B : FF;
  172C : FF;
  172D : FF;
  172E : FF;
  172F : FF;
  1730 : FF;
  1731 : FF;
  1732 : FF;
  1733 : FF;
  1734 : FF;
  1735 : FF;
  1736 : FF;
  1737 : FF;
  1738 : FF;
  1739 : FF;
  173A : FF;
  173B : FF;
  173C : FF;
  173D : FF;
  173E : FF;
  173F : FF;
  1740 : FF;
  1741 : FF;
  1742 : FF;
  1743 : FF;
  1744 : FF;
  1745 : FE;
  1746 : D0;
  1747 : C8;
  1748 : C1;
  1749 : C1;
  174A : C1;
  174B : C9;
  174C : D4;
  174D : FC;
  174E : FF;
  174F : FF;
  1750 : FF;
  1751 : FF;
  1752 : FF;
  1753 : FF;
  1754 : FF;
  1755 : FF;
  1756 : FF;
  1757 : FF;
  1758 : FF;
  1759 : F3;
  175A : 7F;
  175B : 6C;
  175C : 68;
  175D : 68;
  175E : 68;
  175F : 68;
  1760 : 68;
  1761 : 68;
  1762 : 68;
  1763 : 68;
  1764 : 68;
  1765 : 68;
  1766 : 68;
  1767 : 68;
  1768 : 68;
  1769 : 68;
  176A : 65;
  176B : 5D;
  176C : 57;
  176D : 56;
  176E : 58;
  176F : 62;
  1770 : 68;
  1771 : 68;
  1772 : 68;
  1773 : 69;
  1774 : 65;
  1775 : 5B;
  1776 : 56;
  1777 : 5C;
  1778 : 67;
  1779 : 68;
  177A : 68;
  177B : 6C;
  177C : 74;
  177D : C3;
  177E : FF;
  177F : FF;
  1780 : FF;
  1781 : FF;
  1782 : FF;
  1783 : FF;
  1784 : FF;
  1785 : FF;
  1786 : FF;
  1787 : FF;
  1788 : FF;
  1789 : FF;
  178A : FF;
  178B : FF;
  178C : FF;
  178D : FF;
  178E : FF;
  178F : FF;
  1790 : FF;
  1791 : FF;
  1792 : FF;
  1793 : FF;
  1794 : FF;
  1795 : FF;
  1796 : FF;
  1797 : FF;
  1798 : FF;
  1799 : FF;
  179A : FF;
  179B : FF;
  179C : FF;
  179D : FF;
  179E : FF;
  179F : FF;
  17A0 : FF;
  17A1 : FF;
  17A2 : FF;
  17A3 : FF;
  17A4 : FF;
  17A5 : FF;
  17A6 : FF;
  17A7 : FF;
  17A8 : FF;
  17A9 : FF;
  17AA : FF;
  17AB : FF;
  17AC : FF;
  17AD : FF;
  17AE : FF;
  17AF : FF;
  17B0 : FF;
  17B1 : FF;
  17B2 : FF;
  17B3 : FF;
  17B4 : FF;
  17B5 : FF;
  17B6 : FF;
  17B7 : FF;
  17B8 : FF;
  17B9 : FF;
  17BA : FF;
  17BB : FF;
  17BC : FF;
  17BD : FF;
  17BE : FF;
  17BF : FF;
  17C0 : FF;
  17C1 : FF;
  17C2 : FF;
  17C3 : FF;
  17C4 : FF;
  17C5 : FF;
  17C6 : FF;
  17C7 : FF;
  17C8 : FF;
  17C9 : FF;
  17CA : FF;
  17CB : FF;
  17CC : FF;
  17CD : FF;
  17CE : FF;
  17CF : FC;
  17D0 : F3;
  17D1 : FB;
  17D2 : F4;
  17D3 : FB;
  17D4 : F2;
  17D5 : FB;
  17D6 : FF;
  17D7 : FF;
  17D8 : FF;
  17D9 : FF;
  17DA : FF;
  17DB : FF;
  17DC : FF;
  17DD : FF;
  17DE : FF;
  17DF : FF;
  17E0 : FF;
  17E1 : FF;
  17E2 : FF;
  17E3 : FF;
  17E4 : FF;
  17E5 : FF;
  17E6 : FF;
  17E7 : FF;
  17E8 : FF;
  17E9 : FF;
  17EA : FF;
  17EB : FF;
  17EC : FF;
  17ED : FF;
  17EE : FF;
  17EF : FF;
  17F0 : FF;
  17F1 : FF;
  17F2 : FF;
  17F3 : FF;
  17F4 : FF;
  17F5 : FF;
  17F6 : FF;
  17F7 : FF;
  17F8 : FF;
  17F9 : FF;
  17FA : FF;
  17FB : FF;
  17FC : FF;
  17FD : FF;
  17FE : FF;
  17FF : FF;
  1800 : FF;
  1801 : F5;
  1802 : E3;
  1803 : E2;
  1804 : E3;
  1805 : E3;
  1806 : E3;
  1807 : E3;
  1808 : E3;
  1809 : E3;
  180A : E3;
  180B : E3;
  180C : E3;
  180D : E3;
  180E : E3;
  180F : E3;
  1810 : E3;
  1811 : E4;
  1812 : CD;
  1813 : C4;
  1814 : C2;
  1815 : C1;
  1816 : C5;
  1817 : C4;
  1818 : E4;
  1819 : FF;
  181A : FF;
  181B : FF;
  181C : FF;
  181D : FF;
  181E : FF;
  181F : FF;
  1820 : FF;
  1821 : FF;
  1822 : FF;
  1823 : FF;
  1824 : FF;
  1825 : FF;
  1826 : 88;
  1827 : 6C;
  1828 : 68;
  1829 : 68;
  182A : 68;
  182B : 68;
  182C : 68;
  182D : 68;
  182E : 68;
  182F : 68;
  1830 : 68;
  1831 : 68;
  1832 : 68;
  1833 : 68;
  1834 : 68;
  1835 : 68;
  1836 : 69;
  1837 : 67;
  1838 : 61;
  1839 : 58;
  183A : 56;
  183B : 57;
  183C : 61;
  183D : 68;
  183E : 68;
  183F : 68;
  1840 : 68;
  1841 : 65;
  1842 : 5A;
  1843 : 56;
  1844 : 60;
  1845 : 68;
  1846 : 68;
  1847 : 68;
  1848 : 6B;
  1849 : 72;
  184A : C8;
  184B : FF;
  184C : FF;
  184D : FF;
  184E : FF;
  184F : FF;
  1850 : FF;
  1851 : FF;
  1852 : FF;
  1853 : FF;
  1854 : FF;
  1855 : FF;
  1856 : FF;
  1857 : FF;
  1858 : FF;
  1859 : FF;
  185A : FF;
  185B : FF;
  185C : FF;
  185D : FF;
  185E : FF;
  185F : FF;
  1860 : FF;
  1861 : FF;
  1862 : FF;
  1863 : FF;
  1864 : FF;
  1865 : FF;
  1866 : FF;
  1867 : FF;
  1868 : FF;
  1869 : FF;
  186A : FF;
  186B : FF;
  186C : FF;
  186D : FF;
  186E : FF;
  186F : FF;
  1870 : FF;
  1871 : FF;
  1872 : FF;
  1873 : FF;
  1874 : FF;
  1875 : FF;
  1876 : FF;
  1877 : FF;
  1878 : FF;
  1879 : FF;
  187A : FF;
  187B : FF;
  187C : FF;
  187D : FF;
  187E : FF;
  187F : FF;
  1880 : FF;
  1881 : FF;
  1882 : FF;
  1883 : FF;
  1884 : FF;
  1885 : FF;
  1886 : FF;
  1887 : FF;
  1888 : FF;
  1889 : FF;
  188A : FF;
  188B : FF;
  188C : FF;
  188D : FF;
  188E : FF;
  188F : FF;
  1890 : FF;
  1891 : FF;
  1892 : FF;
  1893 : FF;
  1894 : FF;
  1895 : FF;
  1896 : FF;
  1897 : FF;
  1898 : FF;
  1899 : FF;
  189A : FF;
  189B : F4;
  189C : F9;
  189D : EF;
  189E : ED;
  189F : EE;
  18A0 : FA;
  18A1 : F3;
  18A2 : FE;
  18A3 : FF;
  18A4 : FF;
  18A5 : FF;
  18A6 : FF;
  18A7 : FF;
  18A8 : FF;
  18A9 : FF;
  18AA : FF;
  18AB : FF;
  18AC : FF;
  18AD : FF;
  18AE : FF;
  18AF : FF;
  18B0 : FF;
  18B1 : FF;
  18B2 : FF;
  18B3 : FF;
  18B4 : FF;
  18B5 : FF;
  18B6 : FF;
  18B7 : FF;
  18B8 : FF;
  18B9 : FF;
  18BA : FF;
  18BB : FF;
  18BC : FF;
  18BD : FF;
  18BE : FF;
  18BF : FF;
  18C0 : FF;
  18C1 : FF;
  18C2 : FF;
  18C3 : FF;
  18C4 : FF;
  18C5 : FF;
  18C6 : FF;
  18C7 : FF;
  18C8 : FF;
  18C9 : FF;
  18CA : FF;
  18CB : FF;
  18CC : FF;
  18CD : E8;
  18CE : C6;
  18CF : CA;
  18D0 : C8;
  18D1 : C8;
  18D2 : C8;
  18D3 : C8;
  18D4 : C8;
  18D5 : C8;
  18D6 : C8;
  18D7 : C8;
  18D8 : C8;
  18D9 : C8;
  18DA : C8;
  18DB : C8;
  18DC : C8;
  18DD : C7;
  18DE : C6;
  18DF : C8;
  18E0 : C8;
  18E1 : C9;
  18E2 : C5;
  18E3 : D6;
  18E4 : FD;
  18E5 : FF;
  18E6 : FF;
  18E7 : FF;
  18E8 : FF;
  18E9 : FF;
  18EA : FF;
  18EB : FF;
  18EC : FF;
  18ED : FF;
  18EE : FF;
  18EF : FF;
  18F0 : FF;
  18F1 : FF;
  18F2 : A1;
  18F3 : 6A;
  18F4 : 68;
  18F5 : 68;
  18F6 : 68;
  18F7 : 68;
  18F8 : 68;
  18F9 : 68;
  18FA : 68;
  18FB : 68;
  18FC : 68;
  18FD : 68;
  18FE : 68;
  18FF : 68;
  1900 : 68;
  1901 : 68;
  1902 : 68;
  1903 : 68;
  1904 : 68;
  1905 : 64;
  1906 : 5A;
  1907 : 55;
  1908 : 57;
  1909 : 60;
  190A : 68;
  190B : 68;
  190C : 68;
  190D : 68;
  190E : 65;
  190F : 5A;
  1910 : 58;
  1911 : 64;
  1912 : 69;
  1913 : 68;
  1914 : 68;
  1915 : 6C;
  1916 : 72;
  1917 : CC;
  1918 : FF;
  1919 : FF;
  191A : FF;
  191B : FF;
  191C : FF;
  191D : FF;
  191E : FF;
  191F : FF;
  1920 : FF;
  1921 : FF;
  1922 : FF;
  1923 : FF;
  1924 : FF;
  1925 : FF;
  1926 : FF;
  1927 : FF;
  1928 : FF;
  1929 : FF;
  192A : FF;
  192B : FF;
  192C : FF;
  192D : FF;
  192E : FF;
  192F : FF;
  1930 : FF;
  1931 : FF;
  1932 : FF;
  1933 : FF;
  1934 : FF;
  1935 : FF;
  1936 : FF;
  1937 : FF;
  1938 : FF;
  1939 : FF;
  193A : FF;
  193B : FF;
  193C : FF;
  193D : FF;
  193E : FF;
  193F : FF;
  1940 : FF;
  1941 : FF;
  1942 : FF;
  1943 : FF;
  1944 : FF;
  1945 : FF;
  1946 : FF;
  1947 : FF;
  1948 : FF;
  1949 : FF;
  194A : FF;
  194B : FF;
  194C : FF;
  194D : FF;
  194E : FF;
  194F : FF;
  1950 : FF;
  1951 : FF;
  1952 : FF;
  1953 : FF;
  1954 : FF;
  1955 : FF;
  1956 : FF;
  1957 : FF;
  1958 : FF;
  1959 : FF;
  195A : FF;
  195B : FF;
  195C : FF;
  195D : FF;
  195E : FF;
  195F : FF;
  1960 : FF;
  1961 : FF;
  1962 : FF;
  1963 : FF;
  1964 : FF;
  1965 : FF;
  1966 : F9;
  1967 : F3;
  1968 : F3;
  1969 : ED;
  196A : ED;
  196B : ED;
  196C : F2;
  196D : F2;
  196E : F8;
  196F : FF;
  1970 : FF;
  1971 : FF;
  1972 : FF;
  1973 : FF;
  1974 : FF;
  1975 : FF;
  1976 : FF;
  1977 : FF;
  1978 : FF;
  1979 : FF;
  197A : FF;
  197B : FF;
  197C : FF;
  197D : FF;
  197E : FF;
  197F : FF;
  1980 : FF;
  1981 : FF;
  1982 : FF;
  1983 : FF;
  1984 : FF;
  1985 : FF;
  1986 : FF;
  1987 : FF;
  1988 : FF;
  1989 : FF;
  198A : FF;
  198B : FF;
  198C : FF;
  198D : FF;
  198E : FF;
  198F : FF;
  1990 : FF;
  1991 : FF;
  1992 : FF;
  1993 : FF;
  1994 : FF;
  1995 : FF;
  1996 : FF;
  1997 : FF;
  1998 : FF;
  1999 : EE;
  199A : D1;
  199B : CF;
  199C : D0;
  199D : D0;
  199E : D0;
  199F : D0;
  19A0 : D0;
  19A1 : D0;
  19A2 : D0;
  19A3 : D0;
  19A4 : D0;
  19A5 : D0;
  19A6 : D0;
  19A7 : D0;
  19A8 : D0;
  19A9 : D0;
  19AA : D0;
  19AB : D0;
  19AC : CF;
  19AD : CF;
  19AE : E0;
  19AF : FB;
  19B0 : FF;
  19B1 : FF;
  19B2 : FF;
  19B3 : FF;
  19B4 : FF;
  19B5 : FF;
  19B6 : FF;
  19B7 : FF;
  19B8 : FF;
  19B9 : FF;
  19BA : FF;
  19BB : FF;
  19BC : FF;
  19BD : FF;
  19BE : C3;
  19BF : 69;
  19C0 : 69;
  19C1 : 68;
  19C2 : 68;
  19C3 : 68;
  19C4 : 68;
  19C5 : 68;
  19C6 : 68;
  19C7 : 68;
  19C8 : 68;
  19C9 : 68;
  19CA : 68;
  19CB : 68;
  19CC : 68;
  19CD : 68;
  19CE : 68;
  19CF : 68;
  19D0 : 68;
  19D1 : 68;
  19D2 : 66;
  19D3 : 5C;
  19D4 : 56;
  19D5 : 56;
  19D6 : 60;
  19D7 : 68;
  19D8 : 68;
  19D9 : 68;
  19DA : 68;
  19DB : 64;
  19DC : 58;
  19DD : 5C;
  19DE : 68;
  19DF : 68;
  19E0 : 68;
  19E1 : 68;
  19E2 : 6C;
  19E3 : 76;
  19E4 : D2;
  19E5 : FF;
  19E6 : FF;
  19E7 : FF;
  19E8 : FF;
  19E9 : FF;
  19EA : FF;
  19EB : FF;
  19EC : FF;
  19ED : FF;
  19EE : FF;
  19EF : FF;
  19F0 : FF;
  19F1 : FF;
  19F2 : FF;
  19F3 : FF;
  19F4 : FF;
  19F5 : FF;
  19F6 : FF;
  19F7 : FF;
  19F8 : FF;
  19F9 : FF;
  19FA : FF;
  19FB : FF;
  19FC : FF;
  19FD : FF;
  19FE : FF;
  19FF : FF;
  1A00 : FF;
  1A01 : FF;
  1A02 : FF;
  1A03 : FF;
  1A04 : FF;
  1A05 : FF;
  1A06 : FF;
  1A07 : FF;
  1A08 : FF;
  1A09 : FF;
  1A0A : FF;
  1A0B : FF;
  1A0C : FF;
  1A0D : FF;
  1A0E : FF;
  1A0F : FF;
  1A10 : FF;
  1A11 : FF;
  1A12 : FF;
  1A13 : FF;
  1A14 : FF;
  1A15 : FF;
  1A16 : FF;
  1A17 : FF;
  1A18 : FF;
  1A19 : FF;
  1A1A : FF;
  1A1B : FF;
  1A1C : F4;
  1A1D : E1;
  1A1E : E1;
  1A1F : F7;
  1A20 : FF;
  1A21 : FF;
  1A22 : FF;
  1A23 : FF;
  1A24 : FF;
  1A25 : FF;
  1A26 : FF;
  1A27 : FF;
  1A28 : FF;
  1A29 : FF;
  1A2A : FF;
  1A2B : FF;
  1A2C : FF;
  1A2D : FF;
  1A2E : FF;
  1A2F : FF;
  1A30 : FF;
  1A31 : FD;
  1A32 : F6;
  1A33 : FB;
  1A34 : ED;
  1A35 : ED;
  1A36 : ED;
  1A37 : ED;
  1A38 : ED;
  1A39 : F9;
  1A3A : F4;
  1A3B : FD;
  1A3C : FF;
  1A3D : FF;
  1A3E : FF;
  1A3F : FF;
  1A40 : FF;
  1A41 : FF;
  1A42 : FF;
  1A43 : FF;
  1A44 : FF;
  1A45 : FF;
  1A46 : FF;
  1A47 : FF;
  1A48 : FF;
  1A49 : FF;
  1A4A : FF;
  1A4B : FF;
  1A4C : FF;
  1A4D : FF;
  1A4E : FF;
  1A4F : FF;
  1A50 : FF;
  1A51 : FF;
  1A52 : FF;
  1A53 : FF;
  1A54 : FF;
  1A55 : FF;
  1A56 : FF;
  1A57 : FF;
  1A58 : FF;
  1A59 : FF;
  1A5A : FF;
  1A5B : FF;
  1A5C : FF;
  1A5D : FF;
  1A5E : FF;
  1A5F : FF;
  1A60 : FF;
  1A61 : FF;
  1A62 : FF;
  1A63 : FF;
  1A64 : FF;
  1A65 : FF;
  1A66 : FC;
  1A67 : FC;
  1A68 : FC;
  1A69 : FC;
  1A6A : FC;
  1A6B : FC;
  1A6C : FC;
  1A6D : FC;
  1A6E : FC;
  1A6F : FC;
  1A70 : FC;
  1A71 : FC;
  1A72 : FC;
  1A73 : FC;
  1A74 : FC;
  1A75 : FC;
  1A76 : FC;
  1A77 : FC;
  1A78 : FB;
  1A79 : FC;
  1A7A : FF;
  1A7B : FF;
  1A7C : FF;
  1A7D : FF;
  1A7E : FF;
  1A7F : FF;
  1A80 : FF;
  1A81 : FF;
  1A82 : FF;
  1A83 : FF;
  1A84 : FF;
  1A85 : FF;
  1A86 : FF;
  1A87 : FF;
  1A88 : FF;
  1A89 : FF;
  1A8A : E6;
  1A8B : 6F;
  1A8C : 6A;
  1A8D : 68;
  1A8E : 68;
  1A8F : 68;
  1A90 : 68;
  1A91 : 68;
  1A92 : 68;
  1A93 : 68;
  1A94 : 68;
  1A95 : 68;
  1A96 : 68;
  1A97 : 68;
  1A98 : 68;
  1A99 : 68;
  1A9A : 68;
  1A9B : 68;
  1A9C : 68;
  1A9D : 68;
  1A9E : 68;
  1A9F : 68;
  1AA0 : 60;
  1AA1 : 57;
  1AA2 : 56;
  1AA3 : 60;
  1AA4 : 68;
  1AA5 : 68;
  1AA6 : 68;
  1AA7 : 68;
  1AA8 : 62;
  1AA9 : 59;
  1AAA : 63;
  1AAB : 68;
  1AAC : 68;
  1AAD : 68;
  1AAE : 68;
  1AAF : 6C;
  1AB0 : 7D;
  1AB1 : DE;
  1AB2 : FF;
  1AB3 : FF;
  1AB4 : FF;
  1AB5 : FF;
  1AB6 : FF;
  1AB7 : FF;
  1AB8 : FF;
  1AB9 : FF;
  1ABA : FF;
  1ABB : FF;
  1ABC : FF;
  1ABD : FF;
  1ABE : FF;
  1ABF : FF;
  1AC0 : FF;
  1AC1 : FF;
  1AC2 : FF;
  1AC3 : FF;
  1AC4 : FF;
  1AC5 : FF;
  1AC6 : FF;
  1AC7 : FF;
  1AC8 : FF;
  1AC9 : FF;
  1ACA : FF;
  1ACB : FF;
  1ACC : FF;
  1ACD : FF;
  1ACE : FF;
  1ACF : FF;
  1AD0 : FF;
  1AD1 : FF;
  1AD2 : FF;
  1AD3 : FF;
  1AD4 : FF;
  1AD5 : FF;
  1AD6 : FF;
  1AD7 : FF;
  1AD8 : FF;
  1AD9 : FF;
  1ADA : FF;
  1ADB : FF;
  1ADC : FF;
  1ADD : FF;
  1ADE : FF;
  1ADF : FF;
  1AE0 : FF;
  1AE1 : FF;
  1AE2 : FF;
  1AE3 : FF;
  1AE4 : FF;
  1AE5 : FF;
  1AE6 : FF;
  1AE7 : F4;
  1AE8 : CE;
  1AE9 : CB;
  1AEA : CB;
  1AEB : D3;
  1AEC : FA;
  1AED : FF;
  1AEE : FF;
  1AEF : FF;
  1AF0 : FF;
  1AF1 : FF;
  1AF2 : FF;
  1AF3 : FF;
  1AF4 : FF;
  1AF5 : FF;
  1AF6 : FF;
  1AF7 : FF;
  1AF8 : FF;
  1AF9 : FF;
  1AFA : FF;
  1AFB : FF;
  1AFC : FF;
  1AFD : FB;
  1AFE : EE;
  1AFF : F1;
  1B00 : ED;
  1B01 : ED;
  1B02 : ED;
  1B03 : ED;
  1B04 : ED;
  1B05 : EF;
  1B06 : F0;
  1B07 : FA;
  1B08 : FF;
  1B09 : FF;
  1B0A : FF;
  1B0B : FF;
  1B0C : FF;
  1B0D : FF;
  1B0E : FF;
  1B0F : FF;
  1B10 : FF;
  1B11 : FF;
  1B12 : FF;
  1B13 : FF;
  1B14 : FF;
  1B15 : FF;
  1B16 : FF;
  1B17 : FF;
  1B18 : FF;
  1B19 : FF;
  1B1A : FF;
  1B1B : FF;
  1B1C : FF;
  1B1D : FF;
  1B1E : FF;
  1B1F : FF;
  1B20 : FF;
  1B21 : FF;
  1B22 : FF;
  1B23 : FF;
  1B24 : FF;
  1B25 : FF;
  1B26 : FF;
  1B27 : FF;
  1B28 : FF;
  1B29 : FF;
  1B2A : FF;
  1B2B : FF;
  1B2C : FF;
  1B2D : FF;
  1B2E : FF;
  1B2F : FF;
  1B30 : FF;
  1B31 : FF;
  1B32 : FF;
  1B33 : FF;
  1B34 : FF;
  1B35 : FF;
  1B36 : FF;
  1B37 : FF;
  1B38 : FF;
  1B39 : FF;
  1B3A : FF;
  1B3B : FF;
  1B3C : FF;
  1B3D : FF;
  1B3E : FF;
  1B3F : FF;
  1B40 : FF;
  1B41 : FF;
  1B42 : FF;
  1B43 : FF;
  1B44 : FF;
  1B45 : FF;
  1B46 : FF;
  1B47 : FF;
  1B48 : FF;
  1B49 : FF;
  1B4A : FF;
  1B4B : FF;
  1B4C : FF;
  1B4D : FF;
  1B4E : FF;
  1B4F : FF;
  1B50 : FF;
  1B51 : FF;
  1B52 : FF;
  1B53 : FF;
  1B54 : FF;
  1B55 : FF;
  1B56 : F8;
  1B57 : 90;
  1B58 : 6B;
  1B59 : 68;
  1B5A : 68;
  1B5B : 68;
  1B5C : 68;
  1B5D : 68;
  1B5E : 68;
  1B5F : 68;
  1B60 : 68;
  1B61 : 68;
  1B62 : 68;
  1B63 : 68;
  1B64 : 68;
  1B65 : 68;
  1B66 : 68;
  1B67 : 68;
  1B68 : 68;
  1B69 : 68;
  1B6A : 68;
  1B6B : 69;
  1B6C : 68;
  1B6D : 62;
  1B6E : 58;
  1B6F : 56;
  1B70 : 61;
  1B71 : 68;
  1B72 : 68;
  1B73 : 68;
  1B74 : 68;
  1B75 : 61;
  1B76 : 5C;
  1B77 : 67;
  1B78 : 68;
  1B79 : 68;
  1B7A : 68;
  1B7B : 68;
  1B7C : 6D;
  1B7D : 88;
  1B7E : E8;
  1B7F : FF;
  1B80 : FF;
  1B81 : FF;
  1B82 : FF;
  1B83 : FF;
  1B84 : FF;
  1B85 : FF;
  1B86 : FF;
  1B87 : FF;
  1B88 : FF;
  1B89 : FF;
  1B8A : FF;
  1B8B : FF;
  1B8C : FF;
  1B8D : FF;
  1B8E : FF;
  1B8F : FF;
  1B90 : FF;
  1B91 : FF;
  1B92 : FF;
  1B93 : FF;
  1B94 : FF;
  1B95 : FF;
  1B96 : FF;
  1B97 : FF;
  1B98 : FF;
  1B99 : FF;
  1B9A : FF;
  1B9B : FF;
  1B9C : FF;
  1B9D : FF;
  1B9E : FF;
  1B9F : FF;
  1BA0 : FF;
  1BA1 : FF;
  1BA2 : FF;
  1BA3 : FF;
  1BA4 : FF;
  1BA5 : FF;
  1BA6 : FF;
  1BA7 : FF;
  1BA8 : FF;
  1BA9 : FF;
  1BAA : FF;
  1BAB : FF;
  1BAC : FF;
  1BAD : FF;
  1BAE : FF;
  1BAF : FF;
  1BB0 : FF;
  1BB1 : FF;
  1BB2 : FF;
  1BB3 : D8;
  1BB4 : C9;
  1BB5 : C2;
  1BB6 : C2;
  1BB7 : C5;
  1BB8 : EF;
  1BB9 : FF;
  1BBA : FF;
  1BBB : FF;
  1BBC : FF;
  1BBD : FF;
  1BBE : FF;
  1BBF : FF;
  1BC0 : FF;
  1BC1 : FF;
  1BC2 : FF;
  1BC3 : FF;
  1BC4 : FF;
  1BC5 : FF;
  1BC6 : FF;
  1BC7 : FF;
  1BC8 : FE;
  1BC9 : F6;
  1BCA : F9;
  1BCB : ED;
  1BCC : ED;
  1BCD : ED;
  1BCE : ED;
  1BCF : ED;
  1BD0 : ED;
  1BD1 : ED;
  1BD2 : F6;
  1BD3 : F3;
  1BD4 : FD;
  1BD5 : FF;
  1BD6 : FF;
  1BD7 : FF;
  1BD8 : FF;
  1BD9 : FF;
  1BDA : FF;
  1BDB : FF;
  1BDC : FF;
  1BDD : FF;
  1BDE : FF;
  1BDF : FF;
  1BE0 : FF;
  1BE1 : FF;
  1BE2 : FF;
  1BE3 : FF;
  1BE4 : FF;
  1BE5 : FF;
  1BE6 : FF;
  1BE7 : FF;
  1BE8 : FF;
  1BE9 : FF;
  1BEA : FF;
  1BEB : FF;
  1BEC : FF;
  1BED : FF;
  1BEE : FF;
  1BEF : FF;
  1BF0 : FF;
  1BF1 : FF;
  1BF2 : FF;
  1BF3 : FF;
  1BF4 : FF;
  1BF5 : FF;
  1BF6 : FF;
  1BF7 : FF;
  1BF8 : FF;
  1BF9 : FF;
  1BFA : FF;
  1BFB : FF;
  1BFC : FF;
  1BFD : FF;
  1BFE : FF;
  1BFF : FF;
  1C00 : FF;
  1C01 : FF;
  1C02 : FF;
  1C03 : FF;
  1C04 : FF;
  1C05 : FF;
  1C06 : FF;
  1C07 : FF;
  1C08 : FF;
  1C09 : FF;
  1C0A : FF;
  1C0B : FF;
  1C0C : FF;
  1C0D : FF;
  1C0E : FF;
  1C0F : FF;
  1C10 : FF;
  1C11 : FF;
  1C12 : FF;
  1C13 : FF;
  1C14 : FF;
  1C15 : FF;
  1C16 : FF;
  1C17 : FF;
  1C18 : FF;
  1C19 : FF;
  1C1A : FF;
  1C1B : FF;
  1C1C : FF;
  1C1D : FF;
  1C1E : FF;
  1C1F : FF;
  1C20 : FF;
  1C21 : FF;
  1C22 : FF;
  1C23 : BF;
  1C24 : 6C;
  1C25 : 68;
  1C26 : 68;
  1C27 : 68;
  1C28 : 68;
  1C29 : 68;
  1C2A : 68;
  1C2B : 68;
  1C2C : 68;
  1C2D : 68;
  1C2E : 68;
  1C2F : 68;
  1C30 : 68;
  1C31 : 68;
  1C32 : 68;
  1C33 : 68;
  1C34 : 68;
  1C35 : 68;
  1C36 : 68;
  1C37 : 68;
  1C38 : 68;
  1C39 : 68;
  1C3A : 63;
  1C3B : 59;
  1C3C : 56;
  1C3D : 61;
  1C3E : 68;
  1C3F : 68;
  1C40 : 68;
  1C41 : 68;
  1C42 : 60;
  1C43 : 63;
  1C44 : 68;
  1C45 : 68;
  1C46 : 68;
  1C47 : 68;
  1C48 : 68;
  1C49 : 6D;
  1C4A : 92;
  1C4B : F2;
  1C4C : FF;
  1C4D : FF;
  1C4E : FF;
  1C4F : FF;
  1C50 : FF;
  1C51 : FF;
  1C52 : FF;
  1C53 : FF;
  1C54 : FF;
  1C55 : FF;
  1C56 : FF;
  1C57 : FF;
  1C58 : FF;
  1C59 : FF;
  1C5A : FF;
  1C5B : FF;
  1C5C : FF;
  1C5D : FF;
  1C5E : FF;
  1C5F : FF;
  1C60 : FF;
  1C61 : FF;
  1C62 : FF;
  1C63 : FF;
  1C64 : FF;
  1C65 : FF;
  1C66 : FF;
  1C67 : FF;
  1C68 : FF;
  1C69 : FF;
  1C6A : FF;
  1C6B : FF;
  1C6C : FF;
  1C6D : FF;
  1C6E : FF;
  1C6F : FF;
  1C70 : FF;
  1C71 : FF;
  1C72 : FF;
  1C73 : FF;
  1C74 : FF;
  1C75 : FF;
  1C76 : FF;
  1C77 : FF;
  1C78 : FF;
  1C79 : FF;
  1C7A : FF;
  1C7B : FF;
  1C7C : FF;
  1C7D : FF;
  1C7E : F2;
  1C7F : CB;
  1C80 : C6;
  1C81 : C1;
  1C82 : C2;
  1C83 : C5;
  1C84 : E4;
  1C85 : FF;
  1C86 : FF;
  1C87 : FF;
  1C88 : FF;
  1C89 : FF;
  1C8A : FF;
  1C8B : FF;
  1C8C : FF;
  1C8D : FF;
  1C8E : FF;
  1C8F : FF;
  1C90 : FF;
  1C91 : FF;
  1C92 : FF;
  1C93 : FF;
  1C94 : FD;
  1C95 : EF;
  1C96 : F2;
  1C97 : ED;
  1C98 : ED;
  1C99 : ED;
  1C9A : ED;
  1C9B : ED;
  1C9C : ED;
  1C9D : ED;
  1C9E : F1;
  1C9F : EE;
  1CA0 : FB;
  1CA1 : FF;
  1CA2 : FF;
  1CA3 : FF;
  1CA4 : FF;
  1CA5 : FF;
  1CA6 : FF;
  1CA7 : FF;
  1CA8 : FF;
  1CA9 : FF;
  1CAA : FF;
  1CAB : FF;
  1CAC : FF;
  1CAD : FF;
  1CAE : FF;
  1CAF : FF;
  1CB0 : FF;
  1CB1 : FF;
  1CB2 : FF;
  1CB3 : FF;
  1CB4 : FF;
  1CB5 : FF;
  1CB6 : FF;
  1CB7 : FF;
  1CB8 : FF;
  1CB9 : FF;
  1CBA : FF;
  1CBB : FF;
  1CBC : FF;
  1CBD : FF;
  1CBE : FF;
  1CBF : FF;
  1CC0 : FF;
  1CC1 : FF;
  1CC2 : FF;
  1CC3 : FF;
  1CC4 : FF;
  1CC5 : FF;
  1CC6 : FF;
  1CC7 : FF;
  1CC8 : FF;
  1CC9 : FF;
  1CCA : FF;
  1CCB : FF;
  1CCC : FF;
  1CCD : FF;
  1CCE : FF;
  1CCF : FF;
  1CD0 : FF;
  1CD1 : FF;
  1CD2 : FF;
  1CD3 : FF;
  1CD4 : FF;
  1CD5 : FF;
  1CD6 : FF;
  1CD7 : FF;
  1CD8 : FF;
  1CD9 : FF;
  1CDA : FF;
  1CDB : FF;
  1CDC : FF;
  1CDD : FF;
  1CDE : FF;
  1CDF : FF;
  1CE0 : FF;
  1CE1 : FF;
  1CE2 : FF;
  1CE3 : FF;
  1CE4 : FF;
  1CE5 : FF;
  1CE6 : FF;
  1CE7 : FF;
  1CE8 : FF;
  1CE9 : FF;
  1CEA : FF;
  1CEB : FF;
  1CEC : FF;
  1CED : FF;
  1CEE : FF;
  1CEF : E4;
  1CF0 : 75;
  1CF1 : 6A;
  1CF2 : 68;
  1CF3 : 68;
  1CF4 : 68;
  1CF5 : 68;
  1CF6 : 68;
  1CF7 : 68;
  1CF8 : 68;
  1CF9 : 68;
  1CFA : 68;
  1CFB : 68;
  1CFC : 68;
  1CFD : 68;
  1CFE : 68;
  1CFF : 68;
  1D00 : 68;
  1D01 : 68;
  1D02 : 68;
  1D03 : 68;
  1D04 : 68;
  1D05 : 68;
  1D06 : 68;
  1D07 : 65;
  1D08 : 5A;
  1D09 : 57;
  1D0A : 63;
  1D0B : 68;
  1D0C : 68;
  1D0D : 68;
  1D0E : 66;
  1D0F : 62;
  1D10 : 68;
  1D11 : 68;
  1D12 : 68;
  1D13 : 68;
  1D14 : 68;
  1D15 : 69;
  1D16 : 6C;
  1D17 : A1;
  1D18 : FB;
  1D19 : FF;
  1D1A : FF;
  1D1B : FF;
  1D1C : FF;
  1D1D : FF;
  1D1E : FF;
  1D1F : FF;
  1D20 : FF;
  1D21 : FF;
  1D22 : FF;
  1D23 : FF;
  1D24 : FF;
  1D25 : FF;
  1D26 : FF;
  1D27 : FF;
  1D28 : FF;
  1D29 : FF;
  1D2A : FF;
  1D2B : FF;
  1D2C : FF;
  1D2D : FF;
  1D2E : FF;
  1D2F : FF;
  1D30 : FF;
  1D31 : FF;
  1D32 : FF;
  1D33 : FF;
  1D34 : FF;
  1D35 : FF;
  1D36 : FF;
  1D37 : FF;
  1D38 : FF;
  1D39 : FF;
  1D3A : FF;
  1D3B : FF;
  1D3C : FF;
  1D3D : F9;
  1D3E : F1;
  1D3F : F9;
  1D40 : FF;
  1D41 : FF;
  1D42 : FF;
  1D43 : FF;
  1D44 : FF;
  1D45 : FF;
  1D46 : FF;
  1D47 : FF;
  1D48 : FF;
  1D49 : FF;
  1D4A : EB;
  1D4B : C1;
  1D4C : C3;
  1D4D : C1;
  1D4E : C2;
  1D4F : C5;
  1D50 : E7;
  1D51 : FF;
  1D52 : FF;
  1D53 : FF;
  1D54 : FF;
  1D55 : FF;
  1D56 : FF;
  1D57 : FF;
  1D58 : FF;
  1D59 : FF;
  1D5A : FF;
  1D5B : FF;
  1D5C : FF;
  1D5D : FF;
  1D5E : FF;
  1D5F : FF;
  1D60 : F9;
  1D61 : F0;
  1D62 : EF;
  1D63 : ED;
  1D64 : ED;
  1D65 : ED;
  1D66 : ED;
  1D67 : ED;
  1D68 : ED;
  1D69 : ED;
  1D6A : EF;
  1D6B : F0;
  1D6C : F7;
  1D6D : FF;
  1D6E : FF;
  1D6F : FF;
  1D70 : FF;
  1D71 : FF;
  1D72 : FF;
  1D73 : FF;
  1D74 : FF;
  1D75 : FF;
  1D76 : FF;
  1D77 : FF;
  1D78 : FF;
  1D79 : FF;
  1D7A : FF;
  1D7B : FF;
  1D7C : FF;
  1D7D : FF;
  1D7E : FF;
  1D7F : FF;
  1D80 : FF;
  1D81 : FF;
  1D82 : FF;
  1D83 : FF;
  1D84 : FF;
  1D85 : FF;
  1D86 : FF;
  1D87 : FF;
  1D88 : FF;
  1D89 : FF;
  1D8A : FF;
  1D8B : FF;
  1D8C : FF;
  1D8D : FF;
  1D8E : FF;
  1D8F : FF;
  1D90 : FF;
  1D91 : FF;
  1D92 : FF;
  1D93 : FF;
  1D94 : FF;
  1D95 : FF;
  1D96 : FF;
  1D97 : FF;
  1D98 : FF;
  1D99 : FF;
  1D9A : FF;
  1D9B : FF;
  1D9C : FF;
  1D9D : FF;
  1D9E : FF;
  1D9F : FF;
  1DA0 : FF;
  1DA1 : FF;
  1DA2 : FF;
  1DA3 : FF;
  1DA4 : FF;
  1DA5 : FF;
  1DA6 : FF;
  1DA7 : FF;
  1DA8 : FF;
  1DA9 : FF;
  1DAA : FF;
  1DAB : FF;
  1DAC : FF;
  1DAD : FF;
  1DAE : FF;
  1DAF : FF;
  1DB0 : FF;
  1DB1 : FF;
  1DB2 : FF;
  1DB3 : FF;
  1DB4 : FF;
  1DB5 : FF;
  1DB6 : FF;
  1DB7 : FF;
  1DB8 : FF;
  1DB9 : FF;
  1DBA : FF;
  1DBB : FF;
  1DBC : A6;
  1DBD : 6E;
  1DBE : 68;
  1DBF : 68;
  1DC0 : 68;
  1DC1 : 68;
  1DC2 : 68;
  1DC3 : 68;
  1DC4 : 68;
  1DC5 : 68;
  1DC6 : 68;
  1DC7 : 68;
  1DC8 : 68;
  1DC9 : 68;
  1DCA : 68;
  1DCB : 68;
  1DCC : 68;
  1DCD : 68;
  1DCE : 68;
  1DCF : 68;
  1DD0 : 68;
  1DD1 : 68;
  1DD2 : 68;
  1DD3 : 69;
  1DD4 : 66;
  1DD5 : 5B;
  1DD6 : 58;
  1DD7 : 64;
  1DD8 : 68;
  1DD9 : 68;
  1DDA : 68;
  1DDB : 67;
  1DDC : 66;
  1DDD : 68;
  1DDE : 68;
  1DDF : 68;
  1DE0 : 68;
  1DE1 : 68;
  1DE2 : 6A;
  1DE3 : 69;
  1DE4 : BD;
  1DE5 : FF;
  1DE6 : FF;
  1DE7 : FF;
  1DE8 : FF;
  1DE9 : FF;
  1DEA : FF;
  1DEB : FF;
  1DEC : FF;
  1DED : FF;
  1DEE : FF;
  1DEF : FF;
  1DF0 : FF;
  1DF1 : FF;
  1DF2 : FF;
  1DF3 : FF;
  1DF4 : FF;
  1DF5 : FF;
  1DF6 : FF;
  1DF7 : FF;
  1DF8 : FF;
  1DF9 : FF;
  1DFA : FF;
  1DFB : FF;
  1DFC : FF;
  1DFD : FF;
  1DFE : FF;
  1DFF : FF;
  1E00 : FF;
  1E01 : FF;
  1E02 : FF;
  1E03 : FF;
  1E04 : FF;
  1E05 : FF;
  1E06 : FF;
  1E07 : FF;
  1E08 : FF;
  1E09 : DD;
  1E0A : C4;
  1E0B : CE;
  1E0C : D7;
  1E0D : DB;
  1E0E : E1;
  1E0F : E6;
  1E10 : EB;
  1E11 : F0;
  1E12 : F5;
  1E13 : FB;
  1E14 : FF;
  1E15 : FF;
  1E16 : EB;
  1E17 : C2;
  1E18 : C3;
  1E19 : C1;
  1E1A : C3;
  1E1B : C3;
  1E1C : F1;
  1E1D : FF;
  1E1E : FF;
  1E1F : FF;
  1E20 : FF;
  1E21 : FF;
  1E22 : FF;
  1E23 : FF;
  1E24 : FF;
  1E25 : FF;
  1E26 : FF;
  1E27 : FF;
  1E28 : FF;
  1E29 : FF;
  1E2A : FF;
  1E2B : FF;
  1E2C : F3;
  1E2D : F3;
  1E2E : EE;
  1E2F : ED;
  1E30 : ED;
  1E31 : ED;
  1E32 : ED;
  1E33 : ED;
  1E34 : ED;
  1E35 : ED;
  1E36 : EE;
  1E37 : F4;
  1E38 : F2;
  1E39 : FF;
  1E3A : FF;
  1E3B : FF;
  1E3C : FF;
  1E3D : FF;
  1E3E : FF;
  1E3F : FF;
  1E40 : FF;
  1E41 : FF;
  1E42 : FF;
  1E43 : FF;
  1E44 : FF;
  1E45 : FF;
  1E46 : FF;
  1E47 : FF;
  1E48 : FF;
  1E49 : FF;
  1E4A : FF;
  1E4B : FF;
  1E4C : FF;
  1E4D : FF;
  1E4E : FF;
  1E4F : FF;
  1E50 : FF;
  1E51 : FF;
  1E52 : FF;
  1E53 : FF;
  1E54 : FF;
  1E55 : FF;
  1E56 : FF;
  1E57 : FF;
  1E58 : FF;
  1E59 : FF;
  1E5A : FF;
  1E5B : FF;
  1E5C : FF;
  1E5D : FF;
  1E5E : FF;
  1E5F : FF;
  1E60 : FF;
  1E61 : FF;
  1E62 : FF;
  1E63 : FF;
  1E64 : FF;
  1E65 : FF;
  1E66 : FF;
  1E67 : FF;
  1E68 : FF;
  1E69 : FF;
  1E6A : FF;
  1E6B : FF;
  1E6C : FF;
  1E6D : FF;
  1E6E : FF;
  1E6F : FF;
  1E70 : FF;
  1E71 : FF;
  1E72 : FF;
  1E73 : FF;
  1E74 : FF;
  1E75 : FF;
  1E76 : FF;
  1E77 : FF;
  1E78 : FF;
  1E79 : FF;
  1E7A : FF;
  1E7B : FF;
  1E7C : FF;
  1E7D : FF;
  1E7E : FF;
  1E7F : FF;
  1E80 : FF;
  1E81 : FF;
  1E82 : FF;
  1E83 : FF;
  1E84 : FF;
  1E85 : FF;
  1E86 : FF;
  1E87 : FF;
  1E88 : D4;
  1E89 : 71;
  1E8A : 6B;
  1E8B : 68;
  1E8C : 68;
  1E8D : 68;
  1E8E : 68;
  1E8F : 68;
  1E90 : 68;
  1E91 : 68;
  1E92 : 68;
  1E93 : 68;
  1E94 : 68;
  1E95 : 68;
  1E96 : 68;
  1E97 : 68;
  1E98 : 68;
  1E99 : 68;
  1E9A : 68;
  1E9B : 68;
  1E9C : 68;
  1E9D : 68;
  1E9E : 68;
  1E9F : 68;
  1EA0 : 69;
  1EA1 : 66;
  1EA2 : 5B;
  1EA3 : 5A;
  1EA4 : 65;
  1EA5 : 68;
  1EA6 : 68;
  1EA7 : 68;
  1EA8 : 68;
  1EA9 : 68;
  1EAA : 68;
  1EAB : 68;
  1EAC : 68;
  1EAD : 68;
  1EAE : 68;
  1EAF : 6B;
  1EB0 : 75;
  1EB1 : D4;
  1EB2 : FF;
  1EB3 : FF;
  1EB4 : FF;
  1EB5 : FF;
  1EB6 : FF;
  1EB7 : FF;
  1EB8 : FF;
  1EB9 : FF;
  1EBA : FF;
  1EBB : FF;
  1EBC : FF;
  1EBD : FF;
  1EBE : FF;
  1EBF : FF;
  1EC0 : FF;
  1EC1 : FF;
  1EC2 : FF;
  1EC3 : FF;
  1EC4 : FF;
  1EC5 : FF;
  1EC6 : FF;
  1EC7 : FF;
  1EC8 : FF;
  1EC9 : FF;
  1ECA : FF;
  1ECB : FF;
  1ECC : FF;
  1ECD : FF;
  1ECE : FF;
  1ECF : FF;
  1ED0 : FF;
  1ED1 : FF;
  1ED2 : FF;
  1ED3 : FF;
  1ED4 : FE;
  1ED5 : CF;
  1ED6 : C5;
  1ED7 : C2;
  1ED8 : C5;
  1ED9 : C8;
  1EDA : C6;
  1EDB : C2;
  1EDC : C3;
  1EDD : C6;
  1EDE : C8;
  1EDF : CA;
  1EE0 : CD;
  1EE1 : D4;
  1EE2 : D3;
  1EE3 : C5;
  1EE4 : C4;
  1EE5 : C4;
  1EE6 : CA;
  1EE7 : D6;
  1EE8 : FC;
  1EE9 : FF;
  1EEA : FF;
  1EEB : FF;
  1EEC : FF;
  1EED : FF;
  1EEE : FF;
  1EEF : FF;
  1EF0 : FF;
  1EF1 : FF;
  1EF2 : FF;
  1EF3 : FF;
  1EF4 : FF;
  1EF5 : FF;
  1EF6 : FF;
  1EF7 : FD;
  1EF8 : EF;
  1EF9 : F5;
  1EFA : ED;
  1EFB : ED;
  1EFC : ED;
  1EFD : ED;
  1EFE : ED;
  1EFF : ED;
  1F00 : ED;
  1F01 : ED;
  1F02 : ED;
  1F03 : F5;
  1F04 : F1;
  1F05 : FC;
  1F06 : FF;
  1F07 : FF;
  1F08 : FF;
  1F09 : FF;
  1F0A : FF;
  1F0B : FF;
  1F0C : FF;
  1F0D : FF;
  1F0E : FF;
  1F0F : FF;
  1F10 : FF;
  1F11 : FF;
  1F12 : FF;
  1F13 : FF;
  1F14 : FF;
  1F15 : FF;
  1F16 : FF;
  1F17 : FF;
  1F18 : FF;
  1F19 : FF;
  1F1A : FF;
  1F1B : FF;
  1F1C : FF;
  1F1D : FF;
  1F1E : FF;
  1F1F : FF;
  1F20 : FF;
  1F21 : FF;
  1F22 : FF;
  1F23 : FF;
  1F24 : FF;
  1F25 : FF;
  1F26 : FF;
  1F27 : FF;
  1F28 : FF;
  1F29 : FF;
  1F2A : FF;
  1F2B : FF;
  1F2C : FF;
  1F2D : FF;
  1F2E : FF;
  1F2F : FF;
  1F30 : FF;
  1F31 : FF;
  1F32 : FF;
  1F33 : FF;
  1F34 : FF;
  1F35 : FF;
  1F36 : FF;
  1F37 : FF;
  1F38 : FF;
  1F39 : FF;
  1F3A : FF;
  1F3B : FF;
  1F3C : FF;
  1F3D : FF;
  1F3E : FF;
  1F3F : FF;
  1F40 : FF;
  1F41 : FF;
  1F42 : FF;
  1F43 : FF;
  1F44 : FF;
  1F45 : FF;
  1F46 : FF;
  1F47 : FF;
  1F48 : FF;
  1F49 : FF;
  1F4A : FF;
  1F4B : FF;
  1F4C : FF;
  1F4D : FF;
  1F4E : FF;
  1F4F : FF;
  1F50 : FF;
  1F51 : FF;
  1F52 : FF;
  1F53 : FF;
  1F54 : FF;
  1F55 : 99;
  1F56 : 6D;
  1F57 : 68;
  1F58 : 68;
  1F59 : 68;
  1F5A : 68;
  1F5B : 68;
  1F5C : 68;
  1F5D : 68;
  1F5E : 68;
  1F5F : 68;
  1F60 : 68;
  1F61 : 68;
  1F62 : 68;
  1F63 : 68;
  1F64 : 68;
  1F65 : 68;
  1F66 : 68;
  1F67 : 68;
  1F68 : 68;
  1F69 : 68;
  1F6A : 68;
  1F6B : 68;
  1F6C : 68;
  1F6D : 68;
  1F6E : 66;
  1F6F : 5C;
  1F70 : 5C;
  1F71 : 68;
  1F72 : 69;
  1F73 : 68;
  1F74 : 68;
  1F75 : 68;
  1F76 : 68;
  1F77 : 68;
  1F78 : 68;
  1F79 : 68;
  1F7A : 68;
  1F7B : 68;
  1F7C : 6D;
  1F7D : 82;
  1F7E : EA;
  1F7F : FF;
  1F80 : FF;
  1F81 : FF;
  1F82 : FF;
  1F83 : FF;
  1F84 : FF;
  1F85 : FF;
  1F86 : FF;
  1F87 : FF;
  1F88 : FF;
  1F89 : FF;
  1F8A : FF;
  1F8B : FF;
  1F8C : FF;
  1F8D : FF;
  1F8E : FF;
  1F8F : FF;
  1F90 : FF;
  1F91 : FF;
  1F92 : FF;
  1F93 : FF;
  1F94 : FF;
  1F95 : FF;
  1F96 : FF;
  1F97 : FF;
  1F98 : FF;
  1F99 : FF;
  1F9A : FF;
  1F9B : FF;
  1F9C : FF;
  1F9D : FF;
  1F9E : FF;
  1F9F : FF;
  1FA0 : F9;
  1FA1 : C4;
  1FA2 : CE;
  1FA3 : F6;
  1FA4 : F7;
  1FA5 : EF;
  1FA6 : E9;
  1FA7 : E2;
  1FA8 : DB;
  1FA9 : D4;
  1FAA : CE;
  1FAB : C8;
  1FAC : C6;
  1FAD : C4;
  1FAE : C4;
  1FAF : C3;
  1FB0 : C7;
  1FB1 : C4;
  1FB2 : CE;
  1FB3 : F4;
  1FB4 : FF;
  1FB5 : FF;
  1FB6 : FF;
  1FB7 : FF;
  1FB8 : FF;
  1FB9 : FF;
  1FBA : FF;
  1FBB : FF;
  1FBC : FF;
  1FBD : FF;
  1FBE : FF;
  1FBF : FF;
  1FC0 : FF;
  1FC1 : FF;
  1FC2 : FF;
  1FC3 : F9;
  1FC4 : EF;
  1FC5 : F2;
  1FC6 : ED;
  1FC7 : ED;
  1FC8 : ED;
  1FC9 : ED;
  1FCA : ED;
  1FCB : ED;
  1FCC : ED;
  1FCD : ED;
  1FCE : ED;
  1FCF : F2;
  1FD0 : ED;
  1FD1 : F9;
  1FD2 : FF;
  1FD3 : FF;
  1FD4 : FF;
  1FD5 : FF;
  1FD6 : FF;
  1FD7 : FF;
  1FD8 : FF;
  1FD9 : FF;
  1FDA : FF;
  1FDB : FF;
  1FDC : FF;
  1FDD : FF;
  1FDE : FF;
  1FDF : FF;
  1FE0 : FF;
  1FE1 : FF;
  1FE2 : FF;
  1FE3 : FF;
  1FE4 : FF;
  1FE5 : FF;
  1FE6 : FF;
  1FE7 : FF;
  1FE8 : FF;
  1FE9 : FF;
  1FEA : FF;
  1FEB : FF;
  1FEC : FF;
  1FED : FF;
  1FEE : FF;
  1FEF : FF;
  1FF0 : FF;
  1FF1 : FF;
  1FF2 : FF;
  1FF3 : FF;
  1FF4 : FF;
  1FF5 : FF;
  1FF6 : FF;
  1FF7 : FF;
  1FF8 : FF;
  1FF9 : FF;
  1FFA : FF;
  1FFB : FF;
  1FFC : FF;
  1FFD : FF;
  1FFE : FF;
  1FFF : FF;
  2000 : FF;
  2001 : FF;
  2002 : FF;
  2003 : FF;
  2004 : FF;
  2005 : FF;
  2006 : FF;
  2007 : FF;
  2008 : FF;
  2009 : FF;
  200A : FF;
  200B : FF;
  200C : FF;
  200D : FF;
  200E : FF;
  200F : FF;
  2010 : FF;
  2011 : FF;
  2012 : FF;
  2013 : FF;
  2014 : FF;
  2015 : FF;
  2016 : FF;
  2017 : FF;
  2018 : FF;
  2019 : FF;
  201A : FF;
  201B : FF;
  201C : FF;
  201D : FF;
  201E : FF;
  201F : FF;
  2020 : FF;
  2021 : D2;
  2022 : 73;
  2023 : 6B;
  2024 : 68;
  2025 : 68;
  2026 : 68;
  2027 : 68;
  2028 : 68;
  2029 : 68;
  202A : 68;
  202B : 68;
  202C : 68;
  202D : 68;
  202E : 68;
  202F : 68;
  2030 : 68;
  2031 : 68;
  2032 : 68;
  2033 : 68;
  2034 : 68;
  2035 : 68;
  2036 : 68;
  2037 : 68;
  2038 : 68;
  2039 : 68;
  203A : 68;
  203B : 66;
  203C : 5B;
  203D : 5F;
  203E : 69;
  203F : 68;
  2040 : 68;
  2041 : 68;
  2042 : 68;
  2043 : 68;
  2044 : 68;
  2045 : 68;
  2046 : 68;
  2047 : 68;
  2048 : 69;
  2049 : 6C;
  204A : A8;
  204B : FF;
  204C : FF;
  204D : FF;
  204E : FF;
  204F : FF;
  2050 : FF;
  2051 : FF;
  2052 : FF;
  2053 : FF;
  2054 : FF;
  2055 : FF;
  2056 : FF;
  2057 : FF;
  2058 : FF;
  2059 : FF;
  205A : FF;
  205B : FF;
  205C : FF;
  205D : FF;
  205E : FF;
  205F : FF;
  2060 : FF;
  2061 : FF;
  2062 : FF;
  2063 : FF;
  2064 : FF;
  2065 : FF;
  2066 : FF;
  2067 : FF;
  2068 : FF;
  2069 : FF;
  206A : FF;
  206B : FF;
  206C : EB;
  206D : C5;
  206E : D9;
  206F : FF;
  2070 : FF;
  2071 : FF;
  2072 : FF;
  2073 : FF;
  2074 : FF;
  2075 : FF;
  2076 : FF;
  2077 : FE;
  2078 : F8;
  2079 : F2;
  207A : EE;
  207B : E6;
  207C : DD;
  207D : E4;
  207E : F7;
  207F : FF;
  2080 : FF;
  2081 : FF;
  2082 : FF;
  2083 : FF;
  2084 : FF;
  2085 : FF;
  2086 : FF;
  2087 : FF;
  2088 : FF;
  2089 : FF;
  208A : FF;
  208B : FF;
  208C : FF;
  208D : FF;
  208E : FF;
  208F : F5;
  2090 : F3;
  2091 : EF;
  2092 : ED;
  2093 : ED;
  2094 : ED;
  2095 : ED;
  2096 : ED;
  2097 : ED;
  2098 : ED;
  2099 : ED;
  209A : ED;
  209B : EE;
  209C : F6;
  209D : F4;
  209E : FF;
  209F : FF;
  20A0 : FF;
  20A1 : FF;
  20A2 : FF;
  20A3 : FF;
  20A4 : FF;
  20A5 : FF;
  20A6 : FF;
  20A7 : FF;
  20A8 : FF;
  20A9 : FF;
  20AA : FF;
  20AB : FF;
  20AC : FF;
  20AD : FF;
  20AE : FF;
  20AF : FF;
  20B0 : FF;
  20B1 : FF;
  20B2 : FF;
  20B3 : FF;
  20B4 : FF;
  20B5 : FF;
  20B6 : FF;
  20B7 : FF;
  20B8 : FF;
  20B9 : FF;
  20BA : FF;
  20BB : FF;
  20BC : FF;
  20BD : FF;
  20BE : FF;
  20BF : FF;
  20C0 : FF;
  20C1 : FF;
  20C2 : FF;
  20C3 : FF;
  20C4 : FF;
  20C5 : FF;
  20C6 : FF;
  20C7 : FF;
  20C8 : FF;
  20C9 : FF;
  20CA : FF;
  20CB : FF;
  20CC : FF;
  20CD : FF;
  20CE : FF;
  20CF : FF;
  20D0 : FF;
  20D1 : FF;
  20D2 : FF;
  20D3 : FF;
  20D4 : FF;
  20D5 : FF;
  20D6 : FF;
  20D7 : FF;
  20D8 : FF;
  20D9 : FF;
  20DA : FF;
  20DB : FF;
  20DC : FF;
  20DD : FF;
  20DE : FF;
  20DF : FF;
  20E0 : FF;
  20E1 : FF;
  20E2 : FF;
  20E3 : FF;
  20E4 : FF;
  20E5 : FF;
  20E6 : FF;
  20E7 : FF;
  20E8 : FF;
  20E9 : FF;
  20EA : FF;
  20EB : FF;
  20EC : FF;
  20ED : FE;
  20EE : 93;
  20EF : 6C;
  20F0 : 68;
  20F1 : 68;
  20F2 : 68;
  20F3 : 68;
  20F4 : 68;
  20F5 : 68;
  20F6 : 68;
  20F7 : 68;
  20F8 : 68;
  20F9 : 68;
  20FA : 68;
  20FB : 68;
  20FC : 68;
  20FD : 68;
  20FE : 68;
  20FF : 68;
  2100 : 68;
  2101 : 68;
  2102 : 68;
  2103 : 68;
  2104 : 68;
  2105 : 68;
  2106 : 68;
  2107 : 69;
  2108 : 66;
  2109 : 5C;
  210A : 62;
  210B : 68;
  210C : 68;
  210D : 68;
  210E : 68;
  210F : 68;
  2110 : 68;
  2111 : 68;
  2112 : 68;
  2113 : 68;
  2114 : 68;
  2115 : 6C;
  2116 : 7E;
  2117 : E8;
  2118 : FF;
  2119 : FF;
  211A : FF;
  211B : FF;
  211C : FF;
  211D : FF;
  211E : FF;
  211F : FF;
  2120 : FF;
  2121 : FF;
  2122 : FF;
  2123 : FF;
  2124 : FF;
  2125 : FF;
  2126 : FF;
  2127 : FF;
  2128 : FF;
  2129 : FF;
  212A : FF;
  212B : FF;
  212C : FF;
  212D : FF;
  212E : FF;
  212F : FF;
  2130 : FF;
  2131 : FF;
  2132 : FF;
  2133 : FF;
  2134 : FF;
  2135 : FF;
  2136 : FF;
  2137 : FF;
  2138 : DB;
  2139 : C4;
  213A : E4;
  213B : FF;
  213C : FF;
  213D : FF;
  213E : FF;
  213F : FF;
  2140 : FF;
  2141 : FF;
  2142 : FF;
  2143 : FF;
  2144 : FF;
  2145 : FF;
  2146 : FF;
  2147 : FF;
  2148 : FF;
  2149 : FF;
  214A : FF;
  214B : FF;
  214C : FF;
  214D : FF;
  214E : FF;
  214F : FF;
  2150 : FF;
  2151 : FF;
  2152 : FF;
  2153 : FF;
  2154 : FF;
  2155 : FF;
  2156 : FF;
  2157 : FF;
  2158 : FF;
  2159 : FF;
  215A : FF;
  215B : F3;
  215C : FB;
  215D : ED;
  215E : ED;
  215F : ED;
  2160 : ED;
  2161 : ED;
  2162 : ED;
  2163 : ED;
  2164 : ED;
  2165 : ED;
  2166 : ED;
  2167 : ED;
  2168 : FB;
  2169 : F4;
  216A : FE;
  216B : FF;
  216C : FF;
  216D : FF;
  216E : FF;
  216F : FF;
  2170 : FF;
  2171 : FF;
  2172 : FF;
  2173 : FF;
  2174 : FF;
  2175 : FF;
  2176 : FF;
  2177 : FF;
  2178 : FF;
  2179 : FF;
  217A : FF;
  217B : FF;
  217C : FF;
  217D : FF;
  217E : FF;
  217F : FF;
  2180 : FF;
  2181 : FF;
  2182 : FF;
  2183 : FF;
  2184 : FF;
  2185 : FF;
  2186 : FF;
  2187 : FF;
  2188 : FF;
  2189 : FF;
  218A : FF;
  218B : FF;
  218C : FF;
  218D : FF;
  218E : FF;
  218F : FF;
  2190 : FF;
  2191 : FF;
  2192 : FF;
  2193 : FF;
  2194 : FF;
  2195 : FF;
  2196 : FF;
  2197 : FF;
  2198 : FF;
  2199 : FF;
  219A : FF;
  219B : FF;
  219C : FF;
  219D : FF;
  219E : FF;
  219F : FF;
  21A0 : FF;
  21A1 : FF;
  21A2 : FF;
  21A3 : FF;
  21A4 : FF;
  21A5 : FF;
  21A6 : FF;
  21A7 : FF;
  21A8 : FF;
  21A9 : FF;
  21AA : FF;
  21AB : FF;
  21AC : FF;
  21AD : FF;
  21AE : FF;
  21AF : FF;
  21B0 : FF;
  21B1 : FF;
  21B2 : FF;
  21B3 : FF;
  21B4 : FF;
  21B5 : FF;
  21B6 : FF;
  21B7 : FF;
  21B8 : FF;
  21B9 : FF;
  21BA : D8;
  21BB : 6D;
  21BC : 6A;
  21BD : 68;
  21BE : 68;
  21BF : 68;
  21C0 : 68;
  21C1 : 68;
  21C2 : 68;
  21C3 : 68;
  21C4 : 68;
  21C5 : 68;
  21C6 : 68;
  21C7 : 68;
  21C8 : 68;
  21C9 : 68;
  21CA : 68;
  21CB : 68;
  21CC : 68;
  21CD : 68;
  21CE : 68;
  21CF : 68;
  21D0 : 68;
  21D1 : 68;
  21D2 : 68;
  21D3 : 68;
  21D4 : 69;
  21D5 : 64;
  21D6 : 5C;
  21D7 : 64;
  21D8 : 68;
  21D9 : 68;
  21DA : 68;
  21DB : 68;
  21DC : 68;
  21DD : 68;
  21DE : 68;
  21DF : 68;
  21E0 : 68;
  21E1 : 69;
  21E2 : 6C;
  21E3 : AF;
  21E4 : FF;
  21E5 : FF;
  21E6 : FF;
  21E7 : FF;
  21E8 : FF;
  21E9 : FF;
  21EA : FF;
  21EB : FF;
  21EC : FF;
  21ED : FF;
  21EE : FF;
  21EF : FF;
  21F0 : FF;
  21F1 : FF;
  21F2 : FF;
  21F3 : FF;
  21F4 : FF;
  21F5 : FF;
  21F6 : FF;
  21F7 : FF;
  21F8 : FF;
  21F9 : FF;
  21FA : FF;
  21FB : FF;
  21FC : FF;
  21FD : FF;
  21FE : FF;
  21FF : FF;
  2200 : FF;
  2201 : FF;
  2202 : FF;
  2203 : FD;
  2204 : CE;
  2205 : C4;
  2206 : F1;
  2207 : FF;
  2208 : FF;
  2209 : FF;
  220A : FF;
  220B : FF;
  220C : FF;
  220D : FF;
  220E : FF;
  220F : FF;
  2210 : FF;
  2211 : FF;
  2212 : FF;
  2213 : FF;
  2214 : FF;
  2215 : FF;
  2216 : FF;
  2217 : FF;
  2218 : FF;
  2219 : FF;
  221A : FF;
  221B : FF;
  221C : FF;
  221D : FF;
  221E : FF;
  221F : FF;
  2220 : FF;
  2221 : FF;
  2222 : FF;
  2223 : FF;
  2224 : FF;
  2225 : FF;
  2226 : FC;
  2227 : F1;
  2228 : F7;
  2229 : ED;
  222A : ED;
  222B : ED;
  222C : ED;
  222D : ED;
  222E : ED;
  222F : ED;
  2230 : ED;
  2231 : ED;
  2232 : ED;
  2233 : ED;
  2234 : F5;
  2235 : F0;
  2236 : FB;
  2237 : FF;
  2238 : FF;
  2239 : FF;
  223A : FF;
  223B : FF;
  223C : FF;
  223D : FF;
  223E : FF;
  223F : FF;
  2240 : FF;
  2241 : FF;
  2242 : FF;
  2243 : FF;
  2244 : FF;
  2245 : FF;
  2246 : FF;
  2247 : FF;
  2248 : FF;
  2249 : FF;
  224A : FF;
  224B : FF;
  224C : FF;
  224D : FF;
  224E : FF;
  224F : FF;
  2250 : FF;
  2251 : FF;
  2252 : FF;
  2253 : FF;
  2254 : FF;
  2255 : FF;
  2256 : FF;
  2257 : FF;
  2258 : FF;
  2259 : FF;
  225A : FF;
  225B : FF;
  225C : FF;
  225D : FF;
  225E : FF;
  225F : FF;
  2260 : FF;
  2261 : FF;
  2262 : FF;
  2263 : FF;
  2264 : FF;
  2265 : FF;
  2266 : FF;
  2267 : FF;
  2268 : FF;
  2269 : FF;
  226A : FF;
  226B : FF;
  226C : FF;
  226D : FF;
  226E : FF;
  226F : FF;
  2270 : FF;
  2271 : FF;
  2272 : FF;
  2273 : FF;
  2274 : FF;
  2275 : FF;
  2276 : FF;
  2277 : FF;
  2278 : FF;
  2279 : FF;
  227A : FF;
  227B : FF;
  227C : FF;
  227D : FF;
  227E : FF;
  227F : FF;
  2280 : FF;
  2281 : FF;
  2282 : FF;
  2283 : FF;
  2284 : FF;
  2285 : FF;
  2286 : FD;
  2287 : A8;
  2288 : 6D;
  2289 : 68;
  228A : 68;
  228B : 68;
  228C : 68;
  228D : 68;
  228E : 68;
  228F : 68;
  2290 : 68;
  2291 : 68;
  2292 : 68;
  2293 : 68;
  2294 : 68;
  2295 : 68;
  2296 : 68;
  2297 : 68;
  2298 : 68;
  2299 : 68;
  229A : 68;
  229B : 68;
  229C : 68;
  229D : 68;
  229E : 68;
  229F : 68;
  22A0 : 68;
  22A1 : 68;
  22A2 : 63;
  22A3 : 5E;
  22A4 : 67;
  22A5 : 68;
  22A6 : 68;
  22A7 : 68;
  22A8 : 68;
  22A9 : 68;
  22AA : 68;
  22AB : 68;
  22AC : 68;
  22AD : 68;
  22AE : 6C;
  22AF : 7E;
  22B0 : E5;
  22B1 : FF;
  22B2 : FF;
  22B3 : FF;
  22B4 : FF;
  22B5 : FF;
  22B6 : FF;
  22B7 : FF;
  22B8 : FF;
  22B9 : FF;
  22BA : FF;
  22BB : FF;
  22BC : FF;
  22BD : FF;
  22BE : FF;
  22BF : FF;
  22C0 : FF;
  22C1 : FF;
  22C2 : FF;
  22C3 : FF;
  22C4 : FF;
  22C5 : FF;
  22C6 : FF;
  22C7 : FF;
  22C8 : FF;
  22C9 : FF;
  22CA : FF;
  22CB : FF;
  22CC : FF;
  22CD : FF;
  22CE : FF;
  22CF : F1;
  22D0 : C5;
  22D1 : CB;
  22D2 : FD;
  22D3 : FF;
  22D4 : FF;
  22D5 : FF;
  22D6 : FF;
  22D7 : FF;
  22D8 : FF;
  22D9 : FF;
  22DA : FF;
  22DB : FF;
  22DC : FF;
  22DD : FF;
  22DE : FF;
  22DF : FF;
  22E0 : FF;
  22E1 : FF;
  22E2 : FF;
  22E3 : FF;
  22E4 : FF;
  22E5 : FF;
  22E6 : FF;
  22E7 : FF;
  22E8 : FF;
  22E9 : FF;
  22EA : FF;
  22EB : FF;
  22EC : FF;
  22ED : FF;
  22EE : FF;
  22EF : FF;
  22F0 : FF;
  22F1 : FF;
  22F2 : FA;
  22F3 : EE;
  22F4 : F3;
  22F5 : ED;
  22F6 : ED;
  22F7 : ED;
  22F8 : ED;
  22F9 : ED;
  22FA : ED;
  22FB : ED;
  22FC : ED;
  22FD : ED;
  22FE : ED;
  22FF : ED;
  2300 : F0;
  2301 : ED;
  2302 : F9;
  2303 : FF;
  2304 : FF;
  2305 : FF;
  2306 : FF;
  2307 : FF;
  2308 : FF;
  2309 : FF;
  230A : FF;
  230B : FF;
  230C : FF;
  230D : FF;
  230E : FF;
  230F : FF;
  2310 : FF;
  2311 : FF;
  2312 : FF;
  2313 : FF;
  2314 : FF;
  2315 : FF;
  2316 : FF;
  2317 : FF;
  2318 : FF;
  2319 : FF;
  231A : FF;
  231B : FF;
  231C : FF;
  231D : FF;
  231E : FF;
  231F : FF;
  2320 : FF;
  2321 : FF;
  2322 : FF;
  2323 : FF;
  2324 : FF;
  2325 : FF;
  2326 : FF;
  2327 : FF;
  2328 : FF;
  2329 : FF;
  232A : FF;
  232B : FF;
  232C : FF;
  232D : FF;
  232E : FF;
  232F : FF;
  2330 : FF;
  2331 : FF;
  2332 : FF;
  2333 : FF;
  2334 : FF;
  2335 : FF;
  2336 : FF;
  2337 : FF;
  2338 : FF;
  2339 : FF;
  233A : FF;
  233B : FF;
  233C : FF;
  233D : FF;
  233E : FF;
  233F : FF;
  2340 : FF;
  2341 : FF;
  2342 : FF;
  2343 : FF;
  2344 : FF;
  2345 : FF;
  2346 : FF;
  2347 : FF;
  2348 : FF;
  2349 : FF;
  234A : FF;
  234B : FF;
  234C : FF;
  234D : FF;
  234E : FF;
  234F : FF;
  2350 : FF;
  2351 : FF;
  2352 : FF;
  2353 : E5;
  2354 : 7B;
  2355 : 6B;
  2356 : 68;
  2357 : 68;
  2358 : 68;
  2359 : 68;
  235A : 68;
  235B : 68;
  235C : 68;
  235D : 68;
  235E : 68;
  235F : 68;
  2360 : 68;
  2361 : 68;
  2362 : 68;
  2363 : 68;
  2364 : 68;
  2365 : 68;
  2366 : 68;
  2367 : 68;
  2368 : 68;
  2369 : 68;
  236A : 68;
  236B : 68;
  236C : 68;
  236D : 68;
  236E : 68;
  236F : 62;
  2370 : 61;
  2371 : 68;
  2372 : 68;
  2373 : 68;
  2374 : 68;
  2375 : 68;
  2376 : 68;
  2377 : 68;
  2378 : 68;
  2379 : 68;
  237A : 68;
  237B : 6D;
  237C : BD;
  237D : FF;
  237E : FF;
  237F : FF;
  2380 : FF;
  2381 : FF;
  2382 : FF;
  2383 : FF;
  2384 : FF;
  2385 : FF;
  2386 : FF;
  2387 : FF;
  2388 : FF;
  2389 : FF;
  238A : FF;
  238B : FF;
  238C : FF;
  238D : FF;
  238E : FF;
  238F : FF;
  2390 : FF;
  2391 : FF;
  2392 : FF;
  2393 : FF;
  2394 : FF;
  2395 : FF;
  2396 : FF;
  2397 : FF;
  2398 : FF;
  2399 : FF;
  239A : FF;
  239B : E4;
  239C : C5;
  239D : D9;
  239E : FF;
  239F : FF;
  23A0 : FF;
  23A1 : FF;
  23A2 : FF;
  23A3 : FF;
  23A4 : FF;
  23A5 : FF;
  23A6 : FF;
  23A7 : FF;
  23A8 : FF;
  23A9 : FF;
  23AA : FF;
  23AB : FF;
  23AC : FF;
  23AD : FF;
  23AE : FF;
  23AF : FF;
  23B0 : FF;
  23B1 : FF;
  23B2 : FF;
  23B3 : FF;
  23B4 : FF;
  23B5 : FF;
  23B6 : FF;
  23B7 : FF;
  23B8 : FF;
  23B9 : FF;
  23BA : FF;
  23BB : FF;
  23BC : FF;
  23BD : FF;
  23BE : F7;
  23BF : F9;
  23C0 : EE;
  23C1 : ED;
  23C2 : ED;
  23C3 : ED;
  23C4 : ED;
  23C5 : ED;
  23C6 : ED;
  23C7 : ED;
  23C8 : ED;
  23C9 : ED;
  23CA : ED;
  23CB : ED;
  23CC : ED;
  23CD : FC;
  23CE : F6;
  23CF : FF;
  23D0 : FF;
  23D1 : FF;
  23D2 : FF;
  23D3 : FF;
  23D4 : FF;
  23D5 : FF;
  23D6 : FF;
  23D7 : FF;
  23D8 : FF;
  23D9 : FF;
  23DA : FF;
  23DB : FF;
  23DC : FF;
  23DD : FF;
  23DE : FF;
  23DF : FF;
  23E0 : FF;
  23E1 : FF;
  23E2 : FF;
  23E3 : FF;
  23E4 : FF;
  23E5 : FF;
  23E6 : FF;
  23E7 : FF;
  23E8 : FF;
  23E9 : FF;
  23EA : FF;
  23EB : FF;
  23EC : FF;
  23ED : FF;
  23EE : FF;
  23EF : FF;
  23F0 : FF;
  23F1 : FF;
  23F2 : FF;
  23F3 : FF;
  23F4 : FF;
  23F5 : FF;
  23F6 : FF;
  23F7 : FF;
  23F8 : FF;
  23F9 : FF;
  23FA : FF;
  23FB : FF;
  23FC : FF;
  23FD : FF;
  23FE : FF;
  23FF : FF;
  2400 : FF;
  2401 : FF;
  2402 : FF;
  2403 : FF;
  2404 : FF;
  2405 : FF;
  2406 : FF;
  2407 : FF;
  2408 : FF;
  2409 : FF;
  240A : FF;
  240B : FF;
  240C : FF;
  240D : FF;
  240E : FF;
  240F : FF;
  2410 : FF;
  2411 : FF;
  2412 : FF;
  2413 : FF;
  2414 : FF;
  2415 : FF;
  2416 : FF;
  2417 : FF;
  2418 : FF;
  2419 : FF;
  241A : FF;
  241B : FF;
  241C : FF;
  241D : FF;
  241E : FF;
  241F : FF;
  2420 : B8;
  2421 : 6B;
  2422 : 69;
  2423 : 68;
  2424 : 68;
  2425 : 68;
  2426 : 68;
  2427 : 68;
  2428 : 68;
  2429 : 68;
  242A : 68;
  242B : 68;
  242C : 68;
  242D : 68;
  242E : 68;
  242F : 68;
  2430 : 68;
  2431 : 68;
  2432 : 68;
  2433 : 68;
  2434 : 68;
  2435 : 68;
  2436 : 68;
  2437 : 68;
  2438 : 68;
  2439 : 68;
  243A : 68;
  243B : 67;
  243C : 61;
  243D : 65;
  243E : 68;
  243F : 68;
  2440 : 68;
  2441 : 68;
  2442 : 68;
  2443 : 68;
  2444 : 68;
  2445 : 68;
  2446 : 68;
  2447 : 6C;
  2448 : 8D;
  2449 : F2;
  244A : FF;
  244B : FF;
  244C : FF;
  244D : FF;
  244E : FF;
  244F : FF;
  2450 : FF;
  2451 : FF;
  2452 : FF;
  2453 : FF;
  2454 : FF;
  2455 : FF;
  2456 : FF;
  2457 : FF;
  2458 : FF;
  2459 : FF;
  245A : FF;
  245B : FF;
  245C : FF;
  245D : FF;
  245E : FF;
  245F : FF;
  2460 : FF;
  2461 : FF;
  2462 : FF;
  2463 : FF;
  2464 : FF;
  2465 : FF;
  2466 : FF;
  2467 : DA;
  2468 : CA;
  2469 : E8;
  246A : FF;
  246B : FF;
  246C : FF;
  246D : FF;
  246E : FF;
  246F : FF;
  2470 : FF;
  2471 : FF;
  2472 : FF;
  2473 : FF;
  2474 : FC;
  2475 : E8;
  2476 : E4;
  2477 : F8;
  2478 : FF;
  2479 : FF;
  247A : FF;
  247B : FF;
  247C : FF;
  247D : FF;
  247E : FF;
  247F : FF;
  2480 : FF;
  2481 : FF;
  2482 : FF;
  2483 : FF;
  2484 : FF;
  2485 : FF;
  2486 : FF;
  2487 : FF;
  2488 : FF;
  2489 : FE;
  248A : F5;
  248B : FB;
  248C : ED;
  248D : ED;
  248E : ED;
  248F : ED;
  2490 : ED;
  2491 : ED;
  2492 : ED;
  2493 : ED;
  2494 : ED;
  2495 : ED;
  2496 : ED;
  2497 : ED;
  2498 : ED;
  2499 : F9;
  249A : F3;
  249B : FE;
  249C : FF;
  249D : FF;
  249E : FF;
  249F : FF;
  24A0 : FF;
  24A1 : FF;
  24A2 : FF;
  24A3 : FF;
  24A4 : FF;
  24A5 : FF;
  24A6 : FF;
  24A7 : FF;
  24A8 : FF;
  24A9 : FF;
  24AA : FF;
  24AB : FF;
  24AC : FF;
  24AD : FF;
  24AE : FF;
  24AF : FF;
  24B0 : FF;
  24B1 : FF;
  24B2 : FF;
  24B3 : FF;
  24B4 : FF;
  24B5 : FF;
  24B6 : FF;
  24B7 : FF;
  24B8 : FF;
  24B9 : FF;
  24BA : FF;
  24BB : FF;
  24BC : FF;
  24BD : FF;
  24BE : FF;
  24BF : FF;
  24C0 : FF;
  24C1 : FF;
  24C2 : FF;
  24C3 : FF;
  24C4 : FF;
  24C5 : FF;
  24C6 : FF;
  24C7 : FF;
  24C8 : FF;
  24C9 : FF;
  24CA : FF;
  24CB : FF;
  24CC : FF;
  24CD : FF;
  24CE : FF;
  24CF : FF;
  24D0 : FF;
  24D1 : FF;
  24D2 : FF;
  24D3 : FF;
  24D4 : FF;
  24D5 : FF;
  24D6 : FF;
  24D7 : FF;
  24D8 : FF;
  24D9 : FF;
  24DA : FF;
  24DB : FF;
  24DC : FF;
  24DD : FF;
  24DE : FF;
  24DF : FF;
  24E0 : FF;
  24E1 : FF;
  24E2 : FF;
  24E3 : FF;
  24E4 : FF;
  24E5 : FF;
  24E6 : FF;
  24E7 : FF;
  24E8 : FF;
  24E9 : FF;
  24EA : FF;
  24EB : FF;
  24EC : F5;
  24ED : 8F;
  24EE : 6D;
  24EF : 68;
  24F0 : 68;
  24F1 : 68;
  24F2 : 68;
  24F3 : 68;
  24F4 : 68;
  24F5 : 68;
  24F6 : 68;
  24F7 : 68;
  24F8 : 68;
  24F9 : 68;
  24FA : 68;
  24FB : 68;
  24FC : 68;
  24FD : 68;
  24FE : 68;
  24FF : 68;
  2500 : 68;
  2501 : 68;
  2502 : 68;
  2503 : 68;
  2504 : 68;
  2505 : 68;
  2506 : 68;
  2507 : 68;
  2508 : 66;
  2509 : 62;
  250A : 67;
  250B : 68;
  250C : 68;
  250D : 68;
  250E : 68;
  250F : 68;
  2510 : 68;
  2511 : 68;
  2512 : 68;
  2513 : 69;
  2514 : 68;
  2515 : D7;
  2516 : FF;
  2517 : FF;
  2518 : FF;
  2519 : FF;
  251A : FF;
  251B : FF;
  251C : FF;
  251D : FF;
  251E : FF;
  251F : FF;
  2520 : FF;
  2521 : FF;
  2522 : FF;
  2523 : FF;
  2524 : FF;
  2525 : FF;
  2526 : FF;
  2527 : FF;
  2528 : FF;
  2529 : FF;
  252A : FF;
  252B : FF;
  252C : FF;
  252D : FF;
  252E : FF;
  252F : FF;
  2530 : FF;
  2531 : FF;
  2532 : F9;
  2533 : CF;
  2534 : C3;
  2535 : F5;
  2536 : FF;
  2537 : FF;
  2538 : FF;
  2539 : FF;
  253A : FF;
  253B : FF;
  253C : FF;
  253D : FF;
  253E : FF;
  253F : FD;
  2540 : D8;
  2541 : C2;
  2542 : C5;
  2543 : D1;
  2544 : F9;
  2545 : FF;
  2546 : FF;
  2547 : FF;
  2548 : FF;
  2549 : FF;
  254A : FF;
  254B : FF;
  254C : FF;
  254D : FF;
  254E : FF;
  254F : FF;
  2550 : FF;
  2551 : FF;
  2552 : FF;
  2553 : FF;
  2554 : FF;
  2555 : FD;
  2556 : F2;
  2557 : F6;
  2558 : ED;
  2559 : ED;
  255A : ED;
  255B : ED;
  255C : ED;
  255D : ED;
  255E : ED;
  255F : ED;
  2560 : ED;
  2561 : ED;
  2562 : ED;
  2563 : ED;
  2564 : ED;
  2565 : F4;
  2566 : F0;
  2567 : FC;
  2568 : FF;
  2569 : FF;
  256A : FF;
  256B : FF;
  256C : FF;
  256D : FF;
  256E : FF;
  256F : FF;
  2570 : FF;
  2571 : FF;
  2572 : FF;
  2573 : FF;
  2574 : FF;
  2575 : FF;
  2576 : FF;
  2577 : FF;
  2578 : FF;
  2579 : FF;
  257A : FF;
  257B : FF;
  257C : FF;
  257D : FF;
  257E : FF;
  257F : FF;
  2580 : FF;
  2581 : FF;
  2582 : FF;
  2583 : FF;
  2584 : FF;
  2585 : FF;
  2586 : FF;
  2587 : FF;
  2588 : FF;
  2589 : FF;
  258A : FF;
  258B : FF;
  258C : FF;
  258D : FF;
  258E : FF;
  258F : FF;
  2590 : FF;
  2591 : FF;
  2592 : FF;
  2593 : FF;
  2594 : FF;
  2595 : FF;
  2596 : FF;
  2597 : FF;
  2598 : FF;
  2599 : FF;
  259A : FF;
  259B : FF;
  259C : FF;
  259D : FF;
  259E : FF;
  259F : FF;
  25A0 : FF;
  25A1 : FF;
  25A2 : FF;
  25A3 : FF;
  25A4 : FF;
  25A5 : FF;
  25A6 : FF;
  25A7 : FF;
  25A8 : FF;
  25A9 : FF;
  25AA : FF;
  25AB : FF;
  25AC : FF;
  25AD : FF;
  25AE : FF;
  25AF : FF;
  25B0 : FF;
  25B1 : FF;
  25B2 : FF;
  25B3 : FF;
  25B4 : FF;
  25B5 : FF;
  25B6 : FF;
  25B7 : FF;
  25B8 : FF;
  25B9 : DB;
  25BA : 75;
  25BB : 6B;
  25BC : 68;
  25BD : 68;
  25BE : 68;
  25BF : 68;
  25C0 : 68;
  25C1 : 68;
  25C2 : 68;
  25C3 : 68;
  25C4 : 68;
  25C5 : 68;
  25C6 : 68;
  25C7 : 68;
  25C8 : 68;
  25C9 : 68;
  25CA : 68;
  25CB : 68;
  25CC : 68;
  25CD : 68;
  25CE : 68;
  25CF : 68;
  25D0 : 68;
  25D1 : 68;
  25D2 : 68;
  25D3 : 68;
  25D4 : 68;
  25D5 : 64;
  25D6 : 66;
  25D7 : 68;
  25D8 : 68;
  25D9 : 68;
  25DA : 68;
  25DB : 68;
  25DC : 68;
  25DD : 68;
  25DE : 68;
  25DF : 68;
  25E0 : 6B;
  25E1 : A9;
  25E2 : FE;
  25E3 : FF;
  25E4 : FF;
  25E5 : FF;
  25E6 : FF;
  25E7 : FF;
  25E8 : FF;
  25E9 : FF;
  25EA : FF;
  25EB : FF;
  25EC : FF;
  25ED : FF;
  25EE : FF;
  25EF : FF;
  25F0 : FF;
  25F1 : FF;
  25F2 : FF;
  25F3 : FF;
  25F4 : FF;
  25F5 : FF;
  25F6 : FF;
  25F7 : FF;
  25F8 : FF;
  25F9 : FF;
  25FA : FF;
  25FB : FF;
  25FC : FF;
  25FD : FF;
  25FE : F0;
  25FF : C3;
  2600 : CC;
  2601 : FB;
  2602 : FF;
  2603 : FF;
  2604 : FF;
  2605 : FF;
  2606 : FF;
  2607 : FF;
  2608 : FF;
  2609 : FF;
  260A : FF;
  260B : E3;
  260C : C7;
  260D : C5;
  260E : C4;
  260F : C7;
  2610 : E8;
  2611 : FF;
  2612 : FF;
  2613 : FF;
  2614 : FF;
  2615 : FF;
  2616 : FF;
  2617 : FF;
  2618 : FF;
  2619 : FF;
  261A : FF;
  261B : FF;
  261C : FF;
  261D : FF;
  261E : FF;
  261F : FF;
  2620 : FF;
  2621 : FC;
  2622 : EF;
  2623 : F3;
  2624 : ED;
  2625 : ED;
  2626 : ED;
  2627 : ED;
  2628 : ED;
  2629 : ED;
  262A : ED;
  262B : ED;
  262C : ED;
  262D : ED;
  262E : ED;
  262F : ED;
  2630 : ED;
  2631 : F0;
  2632 : EE;
  2633 : FB;
  2634 : FF;
  2635 : FF;
  2636 : FF;
  2637 : FF;
  2638 : FF;
  2639 : FF;
  263A : FF;
  263B : FF;
  263C : FF;
  263D : FF;
  263E : FF;
  263F : FF;
  2640 : FF;
  2641 : FF;
  2642 : FF;
  2643 : FF;
  2644 : FF;
  2645 : FF;
  2646 : FF;
  2647 : FF;
  2648 : FF;
  2649 : FF;
  264A : FF;
  264B : FF;
  264C : FF;
  264D : FF;
  264E : FF;
  264F : FF;
  2650 : FF;
  2651 : FF;
  2652 : FF;
  2653 : FF;
  2654 : FF;
  2655 : FF;
  2656 : FF;
  2657 : FF;
  2658 : FF;
  2659 : FF;
  265A : FF;
  265B : FF;
  265C : FF;
  265D : FF;
  265E : FF;
  265F : FF;
  2660 : FF;
  2661 : FF;
  2662 : FF;
  2663 : FF;
  2664 : FF;
  2665 : FF;
  2666 : FF;
  2667 : FF;
  2668 : FF;
  2669 : FF;
  266A : FF;
  266B : FF;
  266C : FF;
  266D : FF;
  266E : FF;
  266F : FF;
  2670 : FF;
  2671 : FF;
  2672 : FF;
  2673 : FF;
  2674 : FF;
  2675 : FF;
  2676 : FF;
  2677 : FF;
  2678 : FF;
  2679 : FF;
  267A : FF;
  267B : FF;
  267C : FF;
  267D : FF;
  267E : FF;
  267F : FF;
  2680 : FF;
  2681 : FF;
  2682 : FF;
  2683 : FF;
  2684 : FF;
  2685 : FF;
  2686 : BE;
  2687 : 69;
  2688 : 69;
  2689 : 68;
  268A : 68;
  268B : 68;
  268C : 68;
  268D : 68;
  268E : 68;
  268F : 68;
  2690 : 68;
  2691 : 68;
  2692 : 68;
  2693 : 68;
  2694 : 68;
  2695 : 68;
  2696 : 68;
  2697 : 68;
  2698 : 68;
  2699 : 68;
  269A : 68;
  269B : 68;
  269C : 68;
  269D : 68;
  269E : 68;
  269F : 68;
  26A0 : 68;
  26A1 : 67;
  26A2 : 63;
  26A3 : 67;
  26A4 : 68;
  26A5 : 68;
  26A6 : 68;
  26A7 : 68;
  26A8 : 68;
  26A9 : 68;
  26AA : 68;
  26AB : 68;
  26AC : 6B;
  26AD : 80;
  26AE : F8;
  26AF : FF;
  26B0 : FF;
  26B1 : FF;
  26B2 : FF;
  26B3 : FF;
  26B4 : FF;
  26B5 : FF;
  26B6 : FF;
  26B7 : FF;
  26B8 : FF;
  26B9 : FF;
  26BA : FF;
  26BB : FF;
  26BC : FF;
  26BD : FF;
  26BE : FF;
  26BF : FF;
  26C0 : FF;
  26C1 : FF;
  26C2 : FF;
  26C3 : FF;
  26C4 : FF;
  26C5 : FF;
  26C6 : FF;
  26C7 : FF;
  26C8 : FF;
  26C9 : FF;
  26CA : E5;
  26CB : CD;
  26CC : DA;
  26CD : FE;
  26CE : FF;
  26CF : FF;
  26D0 : FF;
  26D1 : FF;
  26D2 : FF;
  26D3 : FF;
  26D4 : FF;
  26D5 : FF;
  26D6 : FA;
  26D7 : D2;
  26D8 : C8;
  26D9 : C1;
  26DA : C2;
  26DB : C5;
  26DC : DD;
  26DD : FF;
  26DE : FF;
  26DF : FF;
  26E0 : FF;
  26E1 : FF;
  26E2 : FF;
  26E3 : FF;
  26E4 : FF;
  26E5 : FF;
  26E6 : FF;
  26E7 : FF;
  26E8 : FF;
  26E9 : FF;
  26EA : FF;
  26EB : FF;
  26EC : FF;
  26ED : FB;
  26EE : F2;
  26EF : EF;
  26F0 : ED;
  26F1 : ED;
  26F2 : ED;
  26F3 : ED;
  26F4 : ED;
  26F5 : ED;
  26F6 : ED;
  26F7 : ED;
  26F8 : ED;
  26F9 : ED;
  26FA : ED;
  26FB : ED;
  26FC : ED;
  26FD : EE;
  26FE : F7;
  26FF : F9;
  2700 : FF;
  2701 : FF;
  2702 : FF;
  2703 : FF;
  2704 : FF;
  2705 : FF;
  2706 : FF;
  2707 : FF;
  2708 : FF;
  2709 : FF;
  270A : FF;
  270B : FF;
  270C : FF;
  270D : FF;
  270E : FF;
  270F : FF;
  2710 : FF;
  2711 : FF;
  2712 : FF;
  2713 : FF;
  2714 : FF;
  2715 : FF;
  2716 : FF;
  2717 : FF;
  2718 : FF;
  2719 : FF;
  271A : FF;
  271B : FF;
  271C : FF;
  271D : FF;
  271E : FF;
  271F : FF;
  2720 : FF;
  2721 : FF;
  2722 : FF;
  2723 : FF;
  2724 : FF;
  2725 : FF;
  2726 : FF;
  2727 : FF;
  2728 : FF;
  2729 : FF;
  272A : FF;
  272B : FF;
  272C : FF;
  272D : FF;
  272E : FF;
  272F : FF;
  2730 : FF;
  2731 : FF;
  2732 : FF;
  2733 : FF;
  2734 : FF;
  2735 : FF;
  2736 : FF;
  2737 : FF;
  2738 : FF;
  2739 : FF;
  273A : FF;
  273B : FF;
  273C : FF;
  273D : FF;
  273E : FF;
  273F : FF;
  2740 : FF;
  2741 : FF;
  2742 : FF;
  2743 : FF;
  2744 : FF;
  2745 : FF;
  2746 : FF;
  2747 : FF;
  2748 : FF;
  2749 : FF;
  274A : FF;
  274B : FF;
  274C : FF;
  274D : FF;
  274E : FF;
  274F : FF;
  2750 : FF;
  2751 : FF;
  2752 : FB;
  2753 : A0;
  2754 : 6C;
  2755 : 67;
  2756 : 67;
  2757 : 67;
  2758 : 67;
  2759 : 67;
  275A : 67;
  275B : 67;
  275C : 67;
  275D : 67;
  275E : 67;
  275F : 67;
  2760 : 67;
  2761 : 67;
  2762 : 67;
  2763 : 67;
  2764 : 67;
  2765 : 67;
  2766 : 67;
  2767 : 67;
  2768 : 67;
  2769 : 67;
  276A : 67;
  276B : 67;
  276C : 68;
  276D : 68;
  276E : 65;
  276F : 65;
  2770 : 68;
  2771 : 68;
  2772 : 68;
  2773 : 68;
  2774 : 68;
  2775 : 68;
  2776 : 68;
  2777 : 68;
  2778 : 6A;
  2779 : 70;
  277A : DD;
  277B : FF;
  277C : FF;
  277D : FF;
  277E : FF;
  277F : FF;
  2780 : FF;
  2781 : FF;
  2782 : FF;
  2783 : FF;
  2784 : FF;
  2785 : FF;
  2786 : FF;
  2787 : FF;
  2788 : FF;
  2789 : FF;
  278A : FF;
  278B : FF;
  278C : FF;
  278D : FF;
  278E : FF;
  278F : FF;
  2790 : FF;
  2791 : FF;
  2792 : FF;
  2793 : FF;
  2794 : FF;
  2795 : FE;
  2796 : D8;
  2797 : CB;
  2798 : EA;
  2799 : FF;
  279A : FF;
  279B : FF;
  279C : FF;
  279D : FF;
  279E : FF;
  279F : FF;
  27A0 : FF;
  27A1 : FF;
  27A2 : F2;
  27A3 : C8;
  27A4 : C5;
  27A5 : C1;
  27A6 : C2;
  27A7 : C5;
  27A8 : DE;
  27A9 : FF;
  27AA : FF;
  27AB : FF;
  27AC : FF;
  27AD : FF;
  27AE : FF;
  27AF : FF;
  27B0 : FF;
  27B1 : FF;
  27B2 : FF;
  27B3 : FF;
  27B4 : FF;
  27B5 : FF;
  27B6 : FF;
  27B7 : FF;
  27B8 : FF;
  27B9 : F8;
  27BA : F9;
  27BB : ED;
  27BC : ED;
  27BD : ED;
  27BE : ED;
  27BF : ED;
  27C0 : ED;
  27C1 : ED;
  27C2 : ED;
  27C3 : ED;
  27C4 : ED;
  27C5 : ED;
  27C6 : ED;
  27C7 : ED;
  27C8 : ED;
  27C9 : EE;
  27CA : F6;
  27CB : F7;
  27CC : FF;
  27CD : FF;
  27CE : FF;
  27CF : FF;
  27D0 : FF;
  27D1 : FF;
  27D2 : FF;
  27D3 : FF;
  27D4 : FF;
  27D5 : FF;
  27D6 : FF;
  27D7 : FF;
  27D8 : FF;
  27D9 : FF;
  27DA : FF;
  27DB : FF;
  27DC : FF;
  27DD : FF;
  27DE : FF;
  27DF : FF;
  27E0 : FF;
  27E1 : FF;
  27E2 : FF;
  27E3 : FF;
  27E4 : FF;
  27E5 : FF;
  27E6 : FF;
  27E7 : FF;
  27E8 : FF;
  27E9 : FF;
  27EA : FF;
  27EB : FF;
  27EC : FF;
  27ED : FF;
  27EE : FF;
  27EF : FF;
  27F0 : FF;
  27F1 : FF;
  27F2 : FF;
  27F3 : FF;
  27F4 : FF;
  27F5 : FF;
  27F6 : FF;
  27F7 : FF;
  27F8 : FF;
  27F9 : FF;
  27FA : FF;
  27FB : FF;
  27FC : FF;
  27FD : FF;
  27FE : FF;
  27FF : FF;
  2800 : FF;
  2801 : FF;
  2802 : FF;
  2803 : FF;
  2804 : FF;
  2805 : FF;
  2806 : FF;
  2807 : FF;
  2808 : FF;
  2809 : FF;
  280A : FF;
  280B : FF;
  280C : FF;
  280D : FF;
  280E : FF;
  280F : FF;
  2810 : FF;
  2811 : FF;
  2812 : FF;
  2813 : FF;
  2814 : FF;
  2815 : FF;
  2816 : FF;
  2817 : FF;
  2818 : FF;
  2819 : FF;
  281A : FF;
  281B : FF;
  281C : FF;
  281D : FF;
  281E : FF;
  281F : E9;
  2820 : 85;
  2821 : 6C;
  2822 : 69;
  2823 : 69;
  2824 : 69;
  2825 : 69;
  2826 : 69;
  2827 : 69;
  2828 : 69;
  2829 : 69;
  282A : 69;
  282B : 69;
  282C : 69;
  282D : 69;
  282E : 69;
  282F : 69;
  2830 : 69;
  2831 : 69;
  2832 : 69;
  2833 : 69;
  2834 : 69;
  2835 : 69;
  2836 : 68;
  2837 : 68;
  2838 : 68;
  2839 : 67;
  283A : 66;
  283B : 65;
  283C : 66;
  283D : 67;
  283E : 67;
  283F : 67;
  2840 : 68;
  2841 : 68;
  2842 : 68;
  2843 : 68;
  2844 : 69;
  2845 : 69;
  2846 : BA;
  2847 : FF;
  2848 : FF;
  2849 : FF;
  284A : FF;
  284B : FF;
  284C : FF;
  284D : FF;
  284E : FF;
  284F : FF;
  2850 : FF;
  2851 : FF;
  2852 : FF;
  2853 : FF;
  2854 : FF;
  2855 : FF;
  2856 : FF;
  2857 : FF;
  2858 : FF;
  2859 : FF;
  285A : FF;
  285B : FF;
  285C : FF;
  285D : FF;
  285E : FF;
  285F : FF;
  2860 : FF;
  2861 : F4;
  2862 : C5;
  2863 : C6;
  2864 : D5;
  2865 : E3;
  2866 : E8;
  2867 : EE;
  2868 : F5;
  2869 : FA;
  286A : FD;
  286B : FD;
  286C : FE;
  286D : FF;
  286E : F0;
  286F : C7;
  2870 : C4;
  2871 : C1;
  2872 : C2;
  2873 : C6;
  2874 : E9;
  2875 : FF;
  2876 : FF;
  2877 : FF;
  2878 : FF;
  2879 : FF;
  287A : FF;
  287B : FF;
  287C : FF;
  287D : FF;
  287E : FF;
  287F : FF;
  2880 : FF;
  2881 : FF;
  2882 : FF;
  2883 : FF;
  2884 : FF;
  2885 : F5;
  2886 : F5;
  2887 : ED;
  2888 : ED;
  2889 : ED;
  288A : ED;
  288B : ED;
  288C : ED;
  288D : ED;
  288E : ED;
  288F : ED;
  2890 : ED;
  2891 : ED;
  2892 : ED;
  2893 : ED;
  2894 : ED;
  2895 : ED;
  2896 : F4;
  2897 : F3;
  2898 : FE;
  2899 : FF;
  289A : FF;
  289B : FF;
  289C : FF;
  289D : FF;
  289E : FF;
  289F : FF;
  28A0 : FF;
  28A1 : FF;
  28A2 : FF;
  28A3 : FF;
  28A4 : FF;
  28A5 : FF;
  28A6 : FF;
  28A7 : FF;
  28A8 : FF;
  28A9 : FF;
  28AA : FF;
  28AB : FF;
  28AC : FF;
  28AD : FF;
  28AE : FF;
  28AF : FF;
  28B0 : FF;
  28B1 : FF;
  28B2 : FF;
  28B3 : FF;
  28B4 : FF;
  28B5 : FF;
  28B6 : FF;
  28B7 : FF;
  28B8 : FF;
  28B9 : FF;
  28BA : FF;
  28BB : FF;
  28BC : FF;
  28BD : FF;
  28BE : FF;
  28BF : FF;
  28C0 : FF;
  28C1 : FF;
  28C2 : FF;
  28C3 : FF;
  28C4 : FF;
  28C5 : FF;
  28C6 : FF;
  28C7 : FF;
  28C8 : FF;
  28C9 : FF;
  28CA : FF;
  28CB : FF;
  28CC : FF;
  28CD : FF;
  28CE : FF;
  28CF : FF;
  28D0 : FF;
  28D1 : FF;
  28D2 : FF;
  28D3 : FF;
  28D4 : FF;
  28D5 : FF;
  28D6 : FF;
  28D7 : FF;
  28D8 : FF;
  28D9 : FF;
  28DA : FF;
  28DB : FF;
  28DC : FF;
  28DD : FF;
  28DE : FF;
  28DF : FF;
  28E0 : FF;
  28E1 : FF;
  28E2 : FB;
  28E3 : F5;
  28E4 : EF;
  28E5 : E9;
  28E6 : E4;
  28E7 : DB;
  28E8 : D2;
  28E9 : C9;
  28EA : C1;
  28EB : BC;
  28EC : 9E;
  28ED : 7C;
  28EE : 7C;
  28EF : 7D;
  28F0 : 7E;
  28F1 : 7F;
  28F2 : 80;
  28F3 : 80;
  28F4 : 80;
  28F5 : 81;
  28F6 : 82;
  28F7 : 81;
  28F8 : 82;
  28F9 : 82;
  28FA : 82;
  28FB : 82;
  28FC : 82;
  28FD : 81;
  28FE : 80;
  28FF : 80;
  2900 : 7E;
  2901 : 7C;
  2902 : 7A;
  2903 : 78;
  2904 : 76;
  2905 : 74;
  2906 : 71;
  2907 : 6E;
  2908 : 6C;
  2909 : 6C;
  290A : 6A;
  290B : 69;
  290C : 64;
  290D : 5F;
  290E : 61;
  290F : 63;
  2910 : 67;
  2911 : 6B;
  2912 : A2;
  2913 : FF;
  2914 : FF;
  2915 : FF;
  2916 : FF;
  2917 : FF;
  2918 : FF;
  2919 : FF;
  291A : FF;
  291B : FF;
  291C : FF;
  291D : FF;
  291E : FF;
  291F : FF;
  2920 : FF;
  2921 : FF;
  2922 : FF;
  2923 : FF;
  2924 : FF;
  2925 : FF;
  2926 : FF;
  2927 : FF;
  2928 : FF;
  2929 : FF;
  292A : FF;
  292B : FF;
  292C : FF;
  292D : EC;
  292E : C5;
  292F : C4;
  2930 : C4;
  2931 : C2;
  2932 : C2;
  2933 : C5;
  2934 : C4;
  2935 : C2;
  2936 : C8;
  2937 : CF;
  2938 : D6;
  2939 : DE;
  293A : DD;
  293B : C8;
  293C : C4;
  293D : C1;
  293E : C8;
  293F : CD;
  2940 : F7;
  2941 : FF;
  2942 : FF;
  2943 : FF;
  2944 : FF;
  2945 : FF;
  2946 : FF;
  2947 : FF;
  2948 : FF;
  2949 : FF;
  294A : FF;
  294B : FF;
  294C : FF;
  294D : FF;
  294E : FF;
  294F : FF;
  2950 : FF;
  2951 : F3;
  2952 : F4;
  2953 : ED;
  2954 : ED;
  2955 : ED;
  2956 : ED;
  2957 : ED;
  2958 : ED;
  2959 : ED;
  295A : ED;
  295B : ED;
  295C : ED;
  295D : ED;
  295E : ED;
  295F : ED;
  2960 : ED;
  2961 : ED;
  2962 : F3;
  2963 : F2;
  2964 : FE;
  2965 : FF;
  2966 : FF;
  2967 : FF;
  2968 : FF;
  2969 : FF;
  296A : FF;
  296B : FF;
  296C : FF;
  296D : FF;
  296E : FF;
  296F : FF;
  2970 : FF;
  2971 : FF;
  2972 : FF;
  2973 : FF;
  2974 : FF;
  2975 : FF;
  2976 : FF;
  2977 : FF;
  2978 : FF;
  2979 : FF;
  297A : FF;
  297B : FF;
  297C : FF;
  297D : FF;
  297E : FF;
  297F : FF;
  2980 : FF;
  2981 : FF;
  2982 : FF;
  2983 : FF;
  2984 : FF;
  2985 : FF;
  2986 : FF;
  2987 : FF;
  2988 : FF;
  2989 : FF;
  298A : FF;
  298B : FF;
  298C : FF;
  298D : FF;
  298E : FF;
  298F : FF;
  2990 : FF;
  2991 : FF;
  2992 : FF;
  2993 : FF;
  2994 : FF;
  2995 : FF;
  2996 : FF;
  2997 : FF;
  2998 : FF;
  2999 : FF;
  299A : FF;
  299B : FF;
  299C : FF;
  299D : FF;
  299E : FF;
  299F : FF;
  29A0 : FF;
  29A1 : FF;
  29A2 : FF;
  29A3 : FF;
  29A4 : FF;
  29A5 : FF;
  29A6 : FF;
  29A7 : FF;
  29A8 : FD;
  29A9 : F1;
  29AA : E2;
  29AB : D5;
  29AC : CA;
  29AD : BC;
  29AE : AF;
  29AF : A3;
  29B0 : 95;
  29B1 : 8A;
  29B2 : 88;
  29B3 : 89;
  29B4 : 89;
  29B5 : 89;
  29B6 : 89;
  29B7 : 89;
  29B8 : 86;
  29B9 : 86;
  29BA : 86;
  29BB : 86;
  29BC : 86;
  29BD : 86;
  29BE : 86;
  29BF : 86;
  29C0 : 86;
  29C1 : 86;
  29C2 : 86;
  29C3 : 86;
  29C4 : 86;
  29C5 : 86;
  29C6 : 86;
  29C7 : 86;
  29C8 : 86;
  29C9 : 86;
  29CA : 86;
  29CB : 86;
  29CC : 86;
  29CD : 86;
  29CE : 86;
  29CF : 86;
  29D0 : 86;
  29D1 : 86;
  29D2 : 86;
  29D3 : 86;
  29D4 : 83;
  29D5 : 80;
  29D6 : 7D;
  29D7 : 76;
  29D8 : 81;
  29D9 : 92;
  29DA : 88;
  29DB : 7A;
  29DC : 69;
  29DD : 65;
  29DE : 8B;
  29DF : FF;
  29E0 : FF;
  29E1 : FF;
  29E2 : FF;
  29E3 : FF;
  29E4 : FF;
  29E5 : FF;
  29E6 : FF;
  29E7 : FF;
  29E8 : FF;
  29E9 : FF;
  29EA : FF;
  29EB : FF;
  29EC : FF;
  29ED : FF;
  29EE : FF;
  29EF : FF;
  29F0 : FF;
  29F1 : FF;
  29F2 : FF;
  29F3 : FF;
  29F4 : FF;
  29F5 : FF;
  29F6 : FF;
  29F7 : FF;
  29F8 : FF;
  29F9 : FB;
  29FA : EE;
  29FB : EB;
  29FC : EC;
  29FD : E6;
  29FE : E0;
  29FF : DA;
  2A00 : D5;
  2A01 : D1;
  2A02 : CE;
  2A03 : CA;
  2A04 : C4;
  2A05 : C2;
  2A06 : CA;
  2A07 : CA;
  2A08 : C9;
  2A09 : CB;
  2A0A : C8;
  2A0B : EB;
  2A0C : FF;
  2A0D : FF;
  2A0E : FF;
  2A0F : FF;
  2A10 : FF;
  2A11 : FF;
  2A12 : FF;
  2A13 : FF;
  2A14 : FF;
  2A15 : FF;
  2A16 : FF;
  2A17 : FF;
  2A18 : FF;
  2A19 : FF;
  2A1A : FF;
  2A1B : FF;
  2A1C : FD;
  2A1D : F0;
  2A1E : F3;
  2A1F : ED;
  2A20 : ED;
  2A21 : ED;
  2A22 : ED;
  2A23 : ED;
  2A24 : ED;
  2A25 : ED;
  2A26 : ED;
  2A27 : ED;
  2A28 : ED;
  2A29 : ED;
  2A2A : ED;
  2A2B : ED;
  2A2C : ED;
  2A2D : ED;
  2A2E : F2;
  2A2F : EF;
  2A30 : FD;
  2A31 : FF;
  2A32 : FF;
  2A33 : FF;
  2A34 : FF;
  2A35 : FF;
  2A36 : FF;
  2A37 : FF;
  2A38 : FF;
  2A39 : FF;
  2A3A : FF;
  2A3B : FF;
  2A3C : FF;
  2A3D : FF;
  2A3E : FF;
  2A3F : FF;
  2A40 : FF;
  2A41 : FF;
  2A42 : FF;
  2A43 : FF;
  2A44 : FF;
  2A45 : FF;
  2A46 : FF;
  2A47 : FF;
  2A48 : FF;
  2A49 : FF;
  2A4A : FF;
  2A4B : FF;
  2A4C : FF;
  2A4D : FF;
  2A4E : FF;
  2A4F : FF;
  2A50 : FF;
  2A51 : FF;
  2A52 : FF;
  2A53 : FF;
  2A54 : FF;
  2A55 : FF;
  2A56 : FF;
  2A57 : FF;
  2A58 : FF;
  2A59 : FF;
  2A5A : FF;
  2A5B : FF;
  2A5C : FF;
  2A5D : FF;
  2A5E : FF;
  2A5F : FF;
  2A60 : FF;
  2A61 : FF;
  2A62 : FF;
  2A63 : FF;
  2A64 : FF;
  2A65 : FF;
  2A66 : FF;
  2A67 : FF;
  2A68 : FF;
  2A69 : FF;
  2A6A : FF;
  2A6B : FF;
  2A6C : FF;
  2A6D : FF;
  2A6E : FF;
  2A6F : FF;
  2A70 : FB;
  2A71 : E4;
  2A72 : CC;
  2A73 : BA;
  2A74 : AC;
  2A75 : 9E;
  2A76 : 90;
  2A77 : 89;
  2A78 : 8F;
  2A79 : 8D;
  2A7A : 8B;
  2A7B : 8A;
  2A7C : 89;
  2A7D : 87;
  2A7E : 86;
  2A7F : 86;
  2A80 : 86;
  2A81 : 85;
  2A82 : 85;
  2A83 : 85;
  2A84 : 85;
  2A85 : 85;
  2A86 : 85;
  2A87 : 85;
  2A88 : 85;
  2A89 : 85;
  2A8A : 85;
  2A8B : 85;
  2A8C : 85;
  2A8D : 85;
  2A8E : 85;
  2A8F : 85;
  2A90 : 85;
  2A91 : 85;
  2A92 : 85;
  2A93 : 85;
  2A94 : 85;
  2A95 : 85;
  2A96 : 85;
  2A97 : 85;
  2A98 : 85;
  2A99 : 85;
  2A9A : 85;
  2A9B : 85;
  2A9C : 85;
  2A9D : 85;
  2A9E : 85;
  2A9F : 85;
  2AA0 : 85;
  2AA1 : 86;
  2AA2 : 84;
  2AA3 : 86;
  2AA4 : C0;
  2AA5 : E6;
  2AA6 : D9;
  2AA7 : CB;
  2AA8 : BB;
  2AA9 : AC;
  2AAA : A7;
  2AAB : EA;
  2AAC : FE;
  2AAD : FF;
  2AAE : FF;
  2AAF : FF;
  2AB0 : FF;
  2AB1 : FF;
  2AB2 : FF;
  2AB3 : FF;
  2AB4 : FF;
  2AB5 : FF;
  2AB6 : FF;
  2AB7 : FF;
  2AB8 : FF;
  2AB9 : FF;
  2ABA : FF;
  2ABB : FF;
  2ABC : FF;
  2ABD : FF;
  2ABE : FF;
  2ABF : FF;
  2AC0 : FF;
  2AC1 : FF;
  2AC2 : FF;
  2AC3 : FF;
  2AC4 : FF;
  2AC5 : FF;
  2AC6 : FF;
  2AC7 : FF;
  2AC8 : FF;
  2AC9 : FF;
  2ACA : FF;
  2ACB : FF;
  2ACC : FF;
  2ACD : FD;
  2ACE : F9;
  2ACF : F4;
  2AD0 : F0;
  2AD1 : ED;
  2AD2 : E8;
  2AD3 : E3;
  2AD4 : DE;
  2AD5 : DF;
  2AD6 : EF;
  2AD7 : FE;
  2AD8 : FF;
  2AD9 : FF;
  2ADA : FF;
  2ADB : FF;
  2ADC : FF;
  2ADD : FF;
  2ADE : FF;
  2ADF : FF;
  2AE0 : FF;
  2AE1 : FF;
  2AE2 : FF;
  2AE3 : FF;
  2AE4 : FF;
  2AE5 : FF;
  2AE6 : FF;
  2AE7 : FF;
  2AE8 : FC;
  2AE9 : ED;
  2AEA : F1;
  2AEB : ED;
  2AEC : ED;
  2AED : ED;
  2AEE : ED;
  2AEF : ED;
  2AF0 : ED;
  2AF1 : ED;
  2AF2 : ED;
  2AF3 : ED;
  2AF4 : ED;
  2AF5 : ED;
  2AF6 : ED;
  2AF7 : ED;
  2AF8 : ED;
  2AF9 : ED;
  2AFA : F1;
  2AFB : EF;
  2AFC : FB;
  2AFD : FF;
  2AFE : FF;
  2AFF : FF;
  2B00 : FF;
  2B01 : FF;
  2B02 : FF;
  2B03 : FF;
  2B04 : FF;
  2B05 : FF;
  2B06 : FF;
  2B07 : FF;
  2B08 : FF;
  2B09 : FF;
  2B0A : FF;
  2B0B : FF;
  2B0C : FF;
  2B0D : FF;
  2B0E : FF;
  2B0F : FF;
  2B10 : FF;
  2B11 : FF;
  2B12 : FF;
  2B13 : FF;
  2B14 : FF;
  2B15 : FF;
  2B16 : FF;
  2B17 : FF;
  2B18 : FF;
  2B19 : FF;
  2B1A : FF;
  2B1B : FF;
  2B1C : FF;
  2B1D : FF;
  2B1E : FF;
  2B1F : FF;
  2B20 : FF;
  2B21 : FF;
  2B22 : FF;
  2B23 : FF;
  2B24 : FF;
  2B25 : FF;
  2B26 : FF;
  2B27 : FF;
  2B28 : FF;
  2B29 : FF;
  2B2A : FF;
  2B2B : FF;
  2B2C : FF;
  2B2D : FF;
  2B2E : FF;
  2B2F : FF;
  2B30 : FF;
  2B31 : FF;
  2B32 : FF;
  2B33 : FF;
  2B34 : FF;
  2B35 : FF;
  2B36 : FF;
  2B37 : FF;
  2B38 : FC;
  2B39 : ED;
  2B3A : D1;
  2B3B : B4;
  2B3C : 9C;
  2B3D : 8F;
  2B3E : 86;
  2B3F : 8B;
  2B40 : 89;
  2B41 : 83;
  2B42 : 83;
  2B43 : 85;
  2B44 : 88;
  2B45 : 8A;
  2B46 : 88;
  2B47 : 86;
  2B48 : 85;
  2B49 : 85;
  2B4A : 85;
  2B4B : 85;
  2B4C : 85;
  2B4D : 85;
  2B4E : 85;
  2B4F : 85;
  2B50 : 85;
  2B51 : 85;
  2B52 : 85;
  2B53 : 85;
  2B54 : 85;
  2B55 : 85;
  2B56 : 85;
  2B57 : 85;
  2B58 : 85;
  2B59 : 85;
  2B5A : 85;
  2B5B : 85;
  2B5C : 85;
  2B5D : 85;
  2B5E : 85;
  2B5F : 85;
  2B60 : 85;
  2B61 : 85;
  2B62 : 85;
  2B63 : 85;
  2B64 : 85;
  2B65 : 85;
  2B66 : 85;
  2B67 : 85;
  2B68 : 85;
  2B69 : 85;
  2B6A : 85;
  2B6B : 85;
  2B6C : 85;
  2B6D : 84;
  2B6E : 81;
  2B6F : A9;
  2B70 : E0;
  2B71 : E2;
  2B72 : E1;
  2B73 : E4;
  2B74 : E7;
  2B75 : E5;
  2B76 : DC;
  2B77 : DD;
  2B78 : E0;
  2B79 : DA;
  2B7A : E8;
  2B7B : FB;
  2B7C : FC;
  2B7D : FF;
  2B7E : FF;
  2B7F : FF;
  2B80 : FF;
  2B81 : FF;
  2B82 : FF;
  2B83 : FF;
  2B84 : FF;
  2B85 : FF;
  2B86 : FF;
  2B87 : FF;
  2B88 : FF;
  2B89 : FF;
  2B8A : FF;
  2B8B : FF;
  2B8C : FF;
  2B8D : FF;
  2B8E : FF;
  2B8F : FF;
  2B90 : FF;
  2B91 : FF;
  2B92 : FF;
  2B93 : FF;
  2B94 : FF;
  2B95 : FF;
  2B96 : FF;
  2B97 : FF;
  2B98 : FF;
  2B99 : FF;
  2B9A : FF;
  2B9B : FF;
  2B9C : FF;
  2B9D : FF;
  2B9E : FF;
  2B9F : FF;
  2BA0 : FF;
  2BA1 : FF;
  2BA2 : FF;
  2BA3 : FF;
  2BA4 : FF;
  2BA5 : FF;
  2BA6 : FF;
  2BA7 : FF;
  2BA8 : FF;
  2BA9 : FF;
  2BAA : FF;
  2BAB : FF;
  2BAC : FF;
  2BAD : FF;
  2BAE : FF;
  2BAF : FF;
  2BB0 : FF;
  2BB1 : FF;
  2BB2 : FF;
  2BB3 : FF;
  2BB4 : FB;
  2BB5 : EF;
  2BB6 : F0;
  2BB7 : ED;
  2BB8 : ED;
  2BB9 : ED;
  2BBA : ED;
  2BBB : ED;
  2BBC : ED;
  2BBD : ED;
  2BBE : ED;
  2BBF : ED;
  2BC0 : ED;
  2BC1 : ED;
  2BC2 : ED;
  2BC3 : ED;
  2BC4 : ED;
  2BC5 : ED;
  2BC6 : F0;
  2BC7 : EE;
  2BC8 : F9;
  2BC9 : FF;
  2BCA : FF;
  2BCB : FF;
  2BCC : FF;
  2BCD : FF;
  2BCE : FF;
  2BCF : FF;
  2BD0 : FF;
  2BD1 : FF;
  2BD2 : FF;
  2BD3 : FF;
  2BD4 : FF;
  2BD5 : FF;
  2BD6 : FF;
  2BD7 : FF;
  2BD8 : FF;
  2BD9 : FF;
  2BDA : FF;
  2BDB : FF;
  2BDC : FF;
  2BDD : FF;
  2BDE : FF;
  2BDF : FF;
  2BE0 : FF;
  2BE1 : FF;
  2BE2 : FF;
  2BE3 : FF;
  2BE4 : FF;
  2BE5 : FF;
  2BE6 : FF;
  2BE7 : FF;
  2BE8 : FF;
  2BE9 : FF;
  2BEA : FF;
  2BEB : FF;
  2BEC : FF;
  2BED : FF;
  2BEE : FF;
  2BEF : FF;
  2BF0 : FF;
  2BF1 : FF;
  2BF2 : FF;
  2BF3 : FF;
  2BF4 : FF;
  2BF5 : FF;
  2BF6 : FF;
  2BF7 : FF;
  2BF8 : FF;
  2BF9 : FF;
  2BFA : FF;
  2BFB : FF;
  2BFC : FF;
  2BFD : FF;
  2BFE : FF;
  2BFF : FF;
  2C00 : FF;
  2C01 : FA;
  2C02 : EA;
  2C03 : CB;
  2C04 : A4;
  2C05 : 8C;
  2C06 : 86;
  2C07 : 88;
  2C08 : 8B;
  2C09 : 89;
  2C0A : 87;
  2C0B : 7C;
  2C0C : 6C;
  2C0D : 5C;
  2C0E : 58;
  2C0F : 5B;
  2C10 : 5E;
  2C11 : 6A;
  2C12 : 7B;
  2C13 : 89;
  2C14 : 8B;
  2C15 : 86;
  2C16 : 85;
  2C17 : 85;
  2C18 : 85;
  2C19 : 85;
  2C1A : 85;
  2C1B : 85;
  2C1C : 85;
  2C1D : 85;
  2C1E : 85;
  2C1F : 85;
  2C20 : 85;
  2C21 : 85;
  2C22 : 85;
  2C23 : 85;
  2C24 : 85;
  2C25 : 85;
  2C26 : 85;
  2C27 : 85;
  2C28 : 85;
  2C29 : 85;
  2C2A : 85;
  2C2B : 85;
  2C2C : 85;
  2C2D : 85;
  2C2E : 85;
  2C2F : 85;
  2C30 : 85;
  2C31 : 85;
  2C32 : 85;
  2C33 : 85;
  2C34 : 85;
  2C35 : 85;
  2C36 : 85;
  2C37 : 85;
  2C38 : 85;
  2C39 : 82;
  2C3A : 92;
  2C3B : D4;
  2C3C : E3;
  2C3D : DF;
  2C3E : DF;
  2C3F : DF;
  2C40 : DF;
  2C41 : E0;
  2C42 : E2;
  2C43 : E6;
  2C44 : E9;
  2C45 : E4;
  2C46 : DD;
  2C47 : D9;
  2C48 : D9;
  2C49 : EE;
  2C4A : F3;
  2C4B : F9;
  2C4C : FF;
  2C4D : FF;
  2C4E : FF;
  2C4F : FF;
  2C50 : FF;
  2C51 : FF;
  2C52 : FF;
  2C53 : FF;
  2C54 : FF;
  2C55 : FF;
  2C56 : FF;
  2C57 : FF;
  2C58 : FF;
  2C59 : FF;
  2C5A : FF;
  2C5B : FF;
  2C5C : FF;
  2C5D : FF;
  2C5E : FF;
  2C5F : FF;
  2C60 : FF;
  2C61 : FF;
  2C62 : FF;
  2C63 : FF;
  2C64 : FF;
  2C65 : FF;
  2C66 : FF;
  2C67 : FF;
  2C68 : FF;
  2C69 : FF;
  2C6A : FF;
  2C6B : FF;
  2C6C : FF;
  2C6D : FF;
  2C6E : FF;
  2C6F : FF;
  2C70 : FF;
  2C71 : FF;
  2C72 : FF;
  2C73 : FF;
  2C74 : FF;
  2C75 : FF;
  2C76 : FF;
  2C77 : FF;
  2C78 : FF;
  2C79 : FF;
  2C7A : FF;
  2C7B : FF;
  2C7C : FF;
  2C7D : FF;
  2C7E : FF;
  2C7F : FF;
  2C80 : F9;
  2C81 : ED;
  2C82 : F0;
  2C83 : ED;
  2C84 : ED;
  2C85 : ED;
  2C86 : ED;
  2C87 : ED;
  2C88 : ED;
  2C89 : ED;
  2C8A : ED;
  2C8B : ED;
  2C8C : ED;
  2C8D : ED;
  2C8E : ED;
  2C8F : ED;
  2C90 : ED;
  2C91 : ED;
  2C92 : EF;
  2C93 : EE;
  2C94 : F7;
  2C95 : FF;
  2C96 : FF;
  2C97 : FF;
  2C98 : FF;
  2C99 : FF;
  2C9A : FF;
  2C9B : FF;
  2C9C : FF;
  2C9D : FF;
  2C9E : FF;
  2C9F : FF;
  2CA0 : FF;
  2CA1 : FF;
  2CA2 : FF;
  2CA3 : FF;
  2CA4 : FF;
  2CA5 : FF;
  2CA6 : FF;
  2CA7 : FF;
  2CA8 : FF;
  2CA9 : FF;
  2CAA : FF;
  2CAB : FF;
  2CAC : FF;
  2CAD : FF;
  2CAE : FF;
  2CAF : FF;
  2CB0 : FF;
  2CB1 : FF;
  2CB2 : FF;
  2CB3 : FF;
  2CB4 : FF;
  2CB5 : FF;
  2CB6 : FF;
  2CB7 : FF;
  2CB8 : FF;
  2CB9 : FF;
  2CBA : FF;
  2CBB : FF;
  2CBC : FF;
  2CBD : FF;
  2CBE : FF;
  2CBF : FF;
  2CC0 : FF;
  2CC1 : FF;
  2CC2 : FF;
  2CC3 : FF;
  2CC4 : FF;
  2CC5 : FF;
  2CC6 : FF;
  2CC7 : FF;
  2CC8 : FF;
  2CC9 : FF;
  2CCA : FF;
  2CCB : ED;
  2CCC : CE;
  2CCD : AD;
  2CCE : 8E;
  2CCF : 8A;
  2CD0 : 89;
  2CD1 : 88;
  2CD2 : 87;
  2CD3 : 86;
  2CD4 : 85;
  2CD5 : 85;
  2CD6 : 85;
  2CD7 : 85;
  2CD8 : 85;
  2CD9 : 84;
  2CDA : 76;
  2CDB : 62;
  2CDC : 4B;
  2CDD : 3C;
  2CDE : 3B;
  2CDF : 49;
  2CE0 : 6A;
  2CE1 : 86;
  2CE2 : 89;
  2CE3 : 85;
  2CE4 : 85;
  2CE5 : 85;
  2CE6 : 85;
  2CE7 : 85;
  2CE8 : 85;
  2CE9 : 85;
  2CEA : 85;
  2CEB : 85;
  2CEC : 85;
  2CED : 85;
  2CEE : 85;
  2CEF : 85;
  2CF0 : 85;
  2CF1 : 85;
  2CF2 : 85;
  2CF3 : 85;
  2CF4 : 85;
  2CF5 : 85;
  2CF6 : 85;
  2CF7 : 85;
  2CF8 : 85;
  2CF9 : 85;
  2CFA : 85;
  2CFB : 85;
  2CFC : 85;
  2CFD : 85;
  2CFE : 85;
  2CFF : 85;
  2D00 : 85;
  2D01 : 85;
  2D02 : 85;
  2D03 : 85;
  2D04 : 84;
  2D05 : 83;
  2D06 : BA;
  2D07 : E3;
  2D08 : DF;
  2D09 : DF;
  2D0A : DF;
  2D0B : DF;
  2D0C : DF;
  2D0D : DF;
  2D0E : DF;
  2D0F : DF;
  2D10 : DF;
  2D11 : E1;
  2D12 : E2;
  2D13 : E5;
  2D14 : E6;
  2D15 : E5;
  2D16 : D4;
  2D17 : E2;
  2D18 : ED;
  2D19 : F4;
  2D1A : FF;
  2D1B : FF;
  2D1C : FF;
  2D1D : FF;
  2D1E : FF;
  2D1F : FF;
  2D20 : FF;
  2D21 : FF;
  2D22 : FF;
  2D23 : FF;
  2D24 : FF;
  2D25 : FF;
  2D26 : FF;
  2D27 : FF;
  2D28 : FF;
  2D29 : FF;
  2D2A : FF;
  2D2B : FF;
  2D2C : FF;
  2D2D : FF;
  2D2E : FF;
  2D2F : FF;
  2D30 : FF;
  2D31 : FF;
  2D32 : FF;
  2D33 : FF;
  2D34 : FF;
  2D35 : FF;
  2D36 : FF;
  2D37 : FF;
  2D38 : FF;
  2D39 : FF;
  2D3A : FF;
  2D3B : FF;
  2D3C : FF;
  2D3D : FF;
  2D3E : FF;
  2D3F : FF;
  2D40 : FF;
  2D41 : FF;
  2D42 : FF;
  2D43 : FF;
  2D44 : FF;
  2D45 : FF;
  2D46 : FF;
  2D47 : FF;
  2D48 : FF;
  2D49 : FF;
  2D4A : FF;
  2D4B : FF;
  2D4C : F6;
  2D4D : F0;
  2D4E : EF;
  2D4F : ED;
  2D50 : ED;
  2D51 : ED;
  2D52 : ED;
  2D53 : ED;
  2D54 : ED;
  2D55 : ED;
  2D56 : ED;
  2D57 : ED;
  2D58 : ED;
  2D59 : ED;
  2D5A : ED;
  2D5B : ED;
  2D5C : ED;
  2D5D : ED;
  2D5E : EF;
  2D5F : F1;
  2D60 : F4;
  2D61 : FF;
  2D62 : FF;
  2D63 : FF;
  2D64 : FF;
  2D65 : FF;
  2D66 : FF;
  2D67 : FF;
  2D68 : FF;
  2D69 : FF;
  2D6A : FF;
  2D6B : FF;
  2D6C : FF;
  2D6D : FF;
  2D6E : FF;
  2D6F : FF;
  2D70 : FF;
  2D71 : FF;
  2D72 : FF;
  2D73 : FF;
  2D74 : FF;
  2D75 : FF;
  2D76 : FF;
  2D77 : FF;
  2D78 : FF;
  2D79 : FF;
  2D7A : FF;
  2D7B : FF;
  2D7C : FF;
  2D7D : FF;
  2D7E : FF;
  2D7F : FF;
  2D80 : FF;
  2D81 : FF;
  2D82 : FF;
  2D83 : FF;
  2D84 : FF;
  2D85 : FF;
  2D86 : FF;
  2D87 : FF;
  2D88 : FF;
  2D89 : FF;
  2D8A : FF;
  2D8B : FF;
  2D8C : FF;
  2D8D : FF;
  2D8E : FF;
  2D8F : FF;
  2D90 : FF;
  2D91 : FF;
  2D92 : FF;
  2D93 : FF;
  2D94 : FF;
  2D95 : E7;
  2D96 : BA;
  2D97 : 96;
  2D98 : 8B;
  2D99 : 8D;
  2D9A : 87;
  2D9B : 85;
  2D9C : 85;
  2D9D : 85;
  2D9E : 85;
  2D9F : 85;
  2DA0 : 85;
  2DA1 : 85;
  2DA2 : 85;
  2DA3 : 85;
  2DA4 : 85;
  2DA5 : 86;
  2DA6 : 87;
  2DA7 : 89;
  2DA8 : 8B;
  2DA9 : 7E;
  2DAA : 64;
  2DAB : 3E;
  2DAC : 26;
  2DAD : 3D;
  2DAE : 6E;
  2DAF : 89;
  2DB0 : 87;
  2DB1 : 85;
  2DB2 : 85;
  2DB3 : 85;
  2DB4 : 85;
  2DB5 : 85;
  2DB6 : 85;
  2DB7 : 85;
  2DB8 : 85;
  2DB9 : 85;
  2DBA : 85;
  2DBB : 85;
  2DBC : 85;
  2DBD : 85;
  2DBE : 85;
  2DBF : 85;
  2DC0 : 85;
  2DC1 : 85;
  2DC2 : 85;
  2DC3 : 85;
  2DC4 : 85;
  2DC5 : 85;
  2DC6 : 85;
  2DC7 : 85;
  2DC8 : 85;
  2DC9 : 85;
  2DCA : 85;
  2DCB : 85;
  2DCC : 85;
  2DCD : 85;
  2DCE : 85;
  2DCF : 85;
  2DD0 : 82;
  2DD1 : 99;
  2DD2 : DB;
  2DD3 : E1;
  2DD4 : DF;
  2DD5 : DF;
  2DD6 : DF;
  2DD7 : DF;
  2DD8 : DF;
  2DD9 : DF;
  2DDA : DF;
  2DDB : DF;
  2DDC : DF;
  2DDD : DF;
  2DDE : DF;
  2DDF : DF;
  2DE0 : E0;
  2DE1 : E0;
  2DE2 : E4;
  2DE3 : EC;
  2DE4 : DF;
  2DE5 : DD;
  2DE6 : E1;
  2DE7 : F1;
  2DE8 : FF;
  2DE9 : FF;
  2DEA : FF;
  2DEB : FF;
  2DEC : FF;
  2DED : FF;
  2DEE : FF;
  2DEF : FF;
  2DF0 : FF;
  2DF1 : FF;
  2DF2 : FF;
  2DF3 : FF;
  2DF4 : FF;
  2DF5 : FF;
  2DF6 : FF;
  2DF7 : FF;
  2DF8 : FF;
  2DF9 : FF;
  2DFA : FF;
  2DFB : FF;
  2DFC : FF;
  2DFD : FF;
  2DFE : FF;
  2DFF : FF;
  2E00 : FF;
  2E01 : FF;
  2E02 : FF;
  2E03 : FF;
  2E04 : FF;
  2E05 : FF;
  2E06 : FF;
  2E07 : FF;
  2E08 : FF;
  2E09 : FF;
  2E0A : FF;
  2E0B : FF;
  2E0C : FF;
  2E0D : FF;
  2E0E : FF;
  2E0F : FF;
  2E10 : FF;
  2E11 : FF;
  2E12 : FF;
  2E13 : FF;
  2E14 : FF;
  2E15 : FF;
  2E16 : FF;
  2E17 : FF;
  2E18 : F3;
  2E19 : F2;
  2E1A : EE;
  2E1B : ED;
  2E1C : ED;
  2E1D : ED;
  2E1E : ED;
  2E1F : ED;
  2E20 : ED;
  2E21 : ED;
  2E22 : ED;
  2E23 : ED;
  2E24 : ED;
  2E25 : ED;
  2E26 : ED;
  2E27 : ED;
  2E28 : ED;
  2E29 : ED;
  2E2A : EE;
  2E2B : F4;
  2E2C : F2;
  2E2D : FF;
  2E2E : FF;
  2E2F : FF;
  2E30 : FF;
  2E31 : FF;
  2E32 : FF;
  2E33 : FF;
  2E34 : FF;
  2E35 : FF;
  2E36 : FF;
  2E37 : FF;
  2E38 : FF;
  2E39 : FF;
  2E3A : FF;
  2E3B : FF;
  2E3C : FF;
  2E3D : FF;
  2E3E : FF;
  2E3F : FF;
  2E40 : FF;
  2E41 : FF;
  2E42 : FF;
  2E43 : FF;
  2E44 : FF;
  2E45 : FF;
  2E46 : FF;
  2E47 : FF;
  2E48 : FF;
  2E49 : FF;
  2E4A : FF;
  2E4B : FF;
  2E4C : FF;
  2E4D : FF;
  2E4E : FF;
  2E4F : FF;
  2E50 : FF;
  2E51 : FF;
  2E52 : FF;
  2E53 : FF;
  2E54 : FF;
  2E55 : FF;
  2E56 : FF;
  2E57 : FF;
  2E58 : FF;
  2E59 : FF;
  2E5A : FF;
  2E5B : FF;
  2E5C : FF;
  2E5D : FF;
  2E5E : FF;
  2E5F : E8;
  2E60 : B3;
  2E61 : 8E;
  2E62 : 8B;
  2E63 : 8B;
  2E64 : 86;
  2E65 : 85;
  2E66 : 85;
  2E67 : 85;
  2E68 : 85;
  2E69 : 85;
  2E6A : 85;
  2E6B : 85;
  2E6C : 85;
  2E6D : 85;
  2E6E : 85;
  2E6F : 85;
  2E70 : 85;
  2E71 : 85;
  2E72 : 85;
  2E73 : 85;
  2E74 : 85;
  2E75 : 87;
  2E76 : 8B;
  2E77 : 86;
  2E78 : 69;
  2E79 : 34;
  2E7A : 21;
  2E7B : 52;
  2E7C : 85;
  2E7D : 88;
  2E7E : 85;
  2E7F : 85;
  2E80 : 85;
  2E81 : 85;
  2E82 : 85;
  2E83 : 85;
  2E84 : 85;
  2E85 : 85;
  2E86 : 85;
  2E87 : 85;
  2E88 : 85;
  2E89 : 85;
  2E8A : 85;
  2E8B : 85;
  2E8C : 85;
  2E8D : 85;
  2E8E : 85;
  2E8F : 85;
  2E90 : 85;
  2E91 : 85;
  2E92 : 85;
  2E93 : 85;
  2E94 : 85;
  2E95 : 85;
  2E96 : 85;
  2E97 : 85;
  2E98 : 85;
  2E99 : 85;
  2E9A : 85;
  2E9B : 84;
  2E9C : 83;
  2E9D : BE;
  2E9E : E2;
  2E9F : E0;
  2EA0 : DF;
  2EA1 : DF;
  2EA2 : DF;
  2EA3 : DF;
  2EA4 : DF;
  2EA5 : DF;
  2EA6 : DF;
  2EA7 : DF;
  2EA8 : DF;
  2EA9 : DF;
  2EAA : DF;
  2EAB : DF;
  2EAC : DF;
  2EAD : DF;
  2EAE : DF;
  2EAF : DF;
  2EB0 : E2;
  2EB1 : EB;
  2EB2 : E5;
  2EB3 : DC;
  2EB4 : DD;
  2EB5 : F0;
  2EB6 : FC;
  2EB7 : FF;
  2EB8 : FF;
  2EB9 : FF;
  2EBA : FF;
  2EBB : FF;
  2EBC : FF;
  2EBD : FF;
  2EBE : FF;
  2EBF : FF;
  2EC0 : FF;
  2EC1 : FF;
  2EC2 : FF;
  2EC3 : FF;
  2EC4 : FF;
  2EC5 : FF;
  2EC6 : FF;
  2EC7 : FF;
  2EC8 : FF;
  2EC9 : FF;
  2ECA : FF;
  2ECB : FF;
  2ECC : FF;
  2ECD : FF;
  2ECE : FF;
  2ECF : FF;
  2ED0 : FF;
  2ED1 : FF;
  2ED2 : FF;
  2ED3 : FF;
  2ED4 : FF;
  2ED5 : FF;
  2ED6 : FF;
  2ED7 : FF;
  2ED8 : FF;
  2ED9 : FF;
  2EDA : FF;
  2EDB : FF;
  2EDC : FF;
  2EDD : FF;
  2EDE : FF;
  2EDF : FF;
  2EE0 : FF;
  2EE1 : FF;
  2EE2 : FF;
  2EE3 : FF;
  2EE4 : F2;
  2EE5 : F4;
  2EE6 : EE;
  2EE7 : ED;
  2EE8 : ED;
  2EE9 : ED;
  2EEA : ED;
  2EEB : ED;
  2EEC : ED;
  2EED : ED;
  2EEE : ED;
  2EEF : ED;
  2EF0 : ED;
  2EF1 : ED;
  2EF2 : ED;
  2EF3 : ED;
  2EF4 : ED;
  2EF5 : ED;
  2EF6 : ED;
  2EF7 : F6;
  2EF8 : F1;
  2EF9 : FF;
  2EFA : FF;
  2EFB : FF;
  2EFC : FF;
  2EFD : FF;
  2EFE : FF;
  2EFF : FF;
  2F00 : FF;
  2F01 : FF;
  2F02 : FF;
  2F03 : FF;
  2F04 : FF;
  2F05 : FF;
  2F06 : FF;
  2F07 : FF;
  2F08 : FF;
  2F09 : FF;
  2F0A : FF;
  2F0B : FF;
  2F0C : FF;
  2F0D : FF;
  2F0E : FF;
  2F0F : FF;
  2F10 : FF;
  2F11 : FF;
  2F12 : FF;
  2F13 : FF;
  2F14 : FF;
  2F15 : FF;
  2F16 : FF;
  2F17 : FF;
  2F18 : FF;
  2F19 : FF;
  2F1A : FF;
  2F1B : FF;
  2F1C : FF;
  2F1D : FF;
  2F1E : FF;
  2F1F : FF;
  2F20 : FF;
  2F21 : FF;
  2F22 : FF;
  2F23 : FF;
  2F24 : FF;
  2F25 : FF;
  2F26 : FF;
  2F27 : FF;
  2F28 : FF;
  2F29 : EF;
  2F2A : BD;
  2F2B : 8C;
  2F2C : 89;
  2F2D : 89;
  2F2E : 86;
  2F2F : 85;
  2F30 : 85;
  2F31 : 85;
  2F32 : 85;
  2F33 : 85;
  2F34 : 85;
  2F35 : 85;
  2F36 : 85;
  2F37 : 85;
  2F38 : 85;
  2F39 : 85;
  2F3A : 85;
  2F3B : 85;
  2F3C : 85;
  2F3D : 85;
  2F3E : 85;
  2F3F : 85;
  2F40 : 85;
  2F41 : 85;
  2F42 : 85;
  2F43 : 87;
  2F44 : 8A;
  2F45 : 82;
  2F46 : 4E;
  2F47 : 1A;
  2F48 : 43;
  2F49 : 83;
  2F4A : 88;
  2F4B : 85;
  2F4C : 85;
  2F4D : 85;
  2F4E : 85;
  2F4F : 85;
  2F50 : 85;
  2F51 : 85;
  2F52 : 85;
  2F53 : 85;
  2F54 : 85;
  2F55 : 85;
  2F56 : 85;
  2F57 : 85;
  2F58 : 85;
  2F59 : 85;
  2F5A : 85;
  2F5B : 85;
  2F5C : 85;
  2F5D : 85;
  2F5E : 85;
  2F5F : 85;
  2F60 : 85;
  2F61 : 85;
  2F62 : 85;
  2F63 : 85;
  2F64 : 85;
  2F65 : 85;
  2F66 : 85;
  2F67 : 81;
  2F68 : 97;
  2F69 : D7;
  2F6A : E2;
  2F6B : DF;
  2F6C : DF;
  2F6D : DF;
  2F6E : DF;
  2F6F : DF;
  2F70 : DF;
  2F71 : DF;
  2F72 : DF;
  2F73 : DF;
  2F74 : DF;
  2F75 : DF;
  2F76 : DF;
  2F77 : DF;
  2F78 : DF;
  2F79 : DF;
  2F7A : DF;
  2F7B : DF;
  2F7C : DF;
  2F7D : DF;
  2F7E : E1;
  2F7F : E7;
  2F80 : E5;
  2F81 : DB;
  2F82 : DC;
  2F83 : F1;
  2F84 : FB;
  2F85 : FF;
  2F86 : FF;
  2F87 : FF;
  2F88 : FF;
  2F89 : FF;
  2F8A : FF;
  2F8B : FF;
  2F8C : FF;
  2F8D : FF;
  2F8E : FF;
  2F8F : FF;
  2F90 : FF;
  2F91 : FF;
  2F92 : FF;
  2F93 : FF;
  2F94 : FF;
  2F95 : FF;
  2F96 : FF;
  2F97 : FF;
  2F98 : FF;
  2F99 : FF;
  2F9A : FF;
  2F9B : FF;
  2F9C : FF;
  2F9D : FF;
  2F9E : FF;
  2F9F : FF;
  2FA0 : FF;
  2FA1 : FF;
  2FA2 : FF;
  2FA3 : FF;
  2FA4 : FF;
  2FA5 : FF;
  2FA6 : FF;
  2FA7 : FF;
  2FA8 : FF;
  2FA9 : FF;
  2FAA : FF;
  2FAB : FF;
  2FAC : FF;
  2FAD : FF;
  2FAE : FF;
  2FAF : FF;
  2FB0 : F0;
  2FB1 : F6;
  2FB2 : ED;
  2FB3 : ED;
  2FB4 : ED;
  2FB5 : ED;
  2FB6 : ED;
  2FB7 : ED;
  2FB8 : ED;
  2FB9 : ED;
  2FBA : ED;
  2FBB : ED;
  2FBC : ED;
  2FBD : ED;
  2FBE : ED;
  2FBF : ED;
  2FC0 : ED;
  2FC1 : ED;
  2FC2 : ED;
  2FC3 : F6;
  2FC4 : F1;
  2FC5 : FD;
  2FC6 : FF;
  2FC7 : FF;
  2FC8 : FF;
  2FC9 : FF;
  2FCA : FF;
  2FCB : FF;
  2FCC : FF;
  2FCD : FF;
  2FCE : FF;
  2FCF : FF;
  2FD0 : FF;
  2FD1 : FF;
  2FD2 : FF;
  2FD3 : FF;
  2FD4 : FF;
  2FD5 : FF;
  2FD6 : FF;
  2FD7 : FF;
  2FD8 : FF;
  2FD9 : FF;
  2FDA : FF;
  2FDB : FF;
  2FDC : FF;
  2FDD : FF;
  2FDE : FF;
  2FDF : FF;
  2FE0 : FF;
  2FE1 : FF;
  2FE2 : FF;
  2FE3 : FF;
  2FE4 : FF;
  2FE5 : FF;
  2FE6 : FF;
  2FE7 : FF;
  2FE8 : FF;
  2FE9 : FF;
  2FEA : FF;
  2FEB : FF;
  2FEC : FF;
  2FED : FF;
  2FEE : FF;
  2FEF : FF;
  2FF0 : FF;
  2FF1 : FF;
  2FF2 : FF;
  2FF3 : FC;
  2FF4 : D0;
  2FF5 : 96;
  2FF6 : 8B;
  2FF7 : 88;
  2FF8 : 86;
  2FF9 : 85;
  2FFA : 85;
  2FFB : 85;
  2FFC : 85;
  2FFD : 85;
  2FFE : 85;
  2FFF : 85;
  3000 : 85;
  3001 : 85;
  3002 : 85;
  3003 : 85;
  3004 : 85;
  3005 : 85;
  3006 : 85;
  3007 : 85;
  3008 : 85;
  3009 : 85;
  300A : 85;
  300B : 85;
  300C : 85;
  300D : 85;
  300E : 85;
  300F : 85;
  3010 : 85;
  3011 : 88;
  3012 : 89;
  3013 : 56;
  3014 : 17;
  3015 : 46;
  3016 : 86;
  3017 : 87;
  3018 : 85;
  3019 : 85;
  301A : 85;
  301B : 85;
  301C : 85;
  301D : 85;
  301E : 85;
  301F : 85;
  3020 : 85;
  3021 : 85;
  3022 : 85;
  3023 : 85;
  3024 : 85;
  3025 : 85;
  3026 : 85;
  3027 : 85;
  3028 : 85;
  3029 : 85;
  302A : 85;
  302B : 85;
  302C : 85;
  302D : 85;
  302E : 85;
  302F : 85;
  3030 : 85;
  3031 : 85;
  3032 : 85;
  3033 : 80;
  3034 : B6;
  3035 : E3;
  3036 : E0;
  3037 : DF;
  3038 : DF;
  3039 : DF;
  303A : DF;
  303B : DF;
  303C : DF;
  303D : DF;
  303E : DF;
  303F : DF;
  3040 : DF;
  3041 : DF;
  3042 : DF;
  3043 : DF;
  3044 : DF;
  3045 : DF;
  3046 : DF;
  3047 : DF;
  3048 : DF;
  3049 : DF;
  304A : DF;
  304B : DF;
  304C : E0;
  304D : E3;
  304E : E8;
  304F : DB;
  3050 : E0;
  3051 : EE;
  3052 : FF;
  3053 : FF;
  3054 : FF;
  3055 : FF;
  3056 : FF;
  3057 : FF;
  3058 : FF;
  3059 : FF;
  305A : FF;
  305B : FF;
  305C : FF;
  305D : FF;
  305E : FF;
  305F : FF;
  3060 : FF;
  3061 : FF;
  3062 : FF;
  3063 : FF;
  3064 : FF;
  3065 : FF;
  3066 : FF;
  3067 : FF;
  3068 : FF;
  3069 : FF;
  306A : FF;
  306B : FF;
  306C : FF;
  306D : FF;
  306E : FF;
  306F : FF;
  3070 : FF;
  3071 : FF;
  3072 : FF;
  3073 : FF;
  3074 : FF;
  3075 : FF;
  3076 : FF;
  3077 : FF;
  3078 : FF;
  3079 : FF;
  307A : FF;
  307B : FD;
  307C : F0;
  307D : F5;
  307E : ED;
  307F : ED;
  3080 : ED;
  3081 : ED;
  3082 : ED;
  3083 : ED;
  3084 : ED;
  3085 : ED;
  3086 : ED;
  3087 : ED;
  3088 : ED;
  3089 : ED;
  308A : ED;
  308B : ED;
  308C : ED;
  308D : ED;
  308E : ED;
  308F : F4;
  3090 : EF;
  3091 : FB;
  3092 : FF;
  3093 : FF;
  3094 : FF;
  3095 : FF;
  3096 : FF;
  3097 : FF;
  3098 : FF;
  3099 : FF;
  309A : FF;
  309B : FF;
  309C : FF;
  309D : FF;
  309E : FF;
  309F : FF;
  30A0 : FF;
  30A1 : FF;
  30A2 : FF;
  30A3 : FF;
  30A4 : FF;
  30A5 : FF;
  30A6 : FF;
  30A7 : FF;
  30A8 : FF;
  30A9 : FF;
  30AA : FF;
  30AB : FF;
  30AC : FF;
  30AD : FF;
  30AE : FF;
  30AF : FF;
  30B0 : FF;
  30B1 : FF;
  30B2 : FF;
  30B3 : FF;
  30B4 : FF;
  30B5 : FF;
  30B6 : FF;
  30B7 : FF;
  30B8 : FF;
  30B9 : FF;
  30BA : FF;
  30BB : FF;
  30BC : FF;
  30BD : FF;
  30BE : ED;
  30BF : AD;
  30C0 : 8A;
  30C1 : 8B;
  30C2 : 85;
  30C3 : 85;
  30C4 : 85;
  30C5 : 85;
  30C6 : 85;
  30C7 : 85;
  30C8 : 85;
  30C9 : 85;
  30CA : 85;
  30CB : 85;
  30CC : 85;
  30CD : 85;
  30CE : 85;
  30CF : 85;
  30D0 : 85;
  30D1 : 85;
  30D2 : 85;
  30D3 : 85;
  30D4 : 85;
  30D5 : 85;
  30D6 : 85;
  30D7 : 85;
  30D8 : 85;
  30D9 : 85;
  30DA : 85;
  30DB : 85;
  30DC : 85;
  30DD : 85;
  30DE : 87;
  30DF : 89;
  30E0 : 4B;
  30E1 : 16;
  30E2 : 5C;
  30E3 : 89;
  30E4 : 85;
  30E5 : 85;
  30E6 : 85;
  30E7 : 85;
  30E8 : 85;
  30E9 : 85;
  30EA : 85;
  30EB : 85;
  30EC : 85;
  30ED : 85;
  30EE : 84;
  30EF : 83;
  30F0 : 83;
  30F1 : 83;
  30F2 : 85;
  30F3 : 85;
  30F4 : 85;
  30F5 : 85;
  30F6 : 85;
  30F7 : 85;
  30F8 : 85;
  30F9 : 85;
  30FA : 85;
  30FB : 85;
  30FC : 85;
  30FD : 85;
  30FE : 82;
  30FF : 8D;
  3100 : CC;
  3101 : E4;
  3102 : DF;
  3103 : DF;
  3104 : DF;
  3105 : DF;
  3106 : DF;
  3107 : DF;
  3108 : DF;
  3109 : DF;
  310A : DF;
  310B : DF;
  310C : DF;
  310D : DF;
  310E : DF;
  310F : DF;
  3110 : DF;
  3111 : DF;
  3112 : DF;
  3113 : DF;
  3114 : DF;
  3115 : DF;
  3116 : DF;
  3117 : DF;
  3118 : DF;
  3119 : DF;
  311A : DF;
  311B : E3;
  311C : EB;
  311D : DB;
  311E : E2;
  311F : F5;
  3120 : FF;
  3121 : FF;
  3122 : FF;
  3123 : FF;
  3124 : FF;
  3125 : FF;
  3126 : FF;
  3127 : FF;
  3128 : FF;
  3129 : FF;
  312A : FF;
  312B : FF;
  312C : FF;
  312D : FF;
  312E : FF;
  312F : FF;
  3130 : FF;
  3131 : FF;
  3132 : FF;
  3133 : FF;
  3134 : FF;
  3135 : FF;
  3136 : FF;
  3137 : FF;
  3138 : FF;
  3139 : FF;
  313A : FF;
  313B : FF;
  313C : FF;
  313D : FF;
  313E : FF;
  313F : FF;
  3140 : FF;
  3141 : FF;
  3142 : FF;
  3143 : FF;
  3144 : FF;
  3145 : FF;
  3146 : FF;
  3147 : FB;
  3148 : EE;
  3149 : F3;
  314A : ED;
  314B : ED;
  314C : ED;
  314D : ED;
  314E : ED;
  314F : ED;
  3150 : ED;
  3151 : ED;
  3152 : ED;
  3153 : ED;
  3154 : ED;
  3155 : ED;
  3156 : ED;
  3157 : ED;
  3158 : ED;
  3159 : ED;
  315A : ED;
  315B : F3;
  315C : EE;
  315D : FA;
  315E : FF;
  315F : FF;
  3160 : FF;
  3161 : FF;
  3162 : FF;
  3163 : FF;
  3164 : FF;
  3165 : FF;
  3166 : FF;
  3167 : FF;
  3168 : FF;
  3169 : FF;
  316A : FF;
  316B : FF;
  316C : FF;
  316D : FF;
  316E : FF;
  316F : FF;
  3170 : FF;
  3171 : FF;
  3172 : FF;
  3173 : FF;
  3174 : FF;
  3175 : FF;
  3176 : FF;
  3177 : FF;
  3178 : FF;
  3179 : FF;
  317A : FF;
  317B : FF;
  317C : FF;
  317D : FF;
  317E : FF;
  317F : FF;
  3180 : FF;
  3181 : FF;
  3182 : FF;
  3183 : FF;
  3184 : FF;
  3185 : FF;
  3186 : FF;
  3187 : FF;
  3188 : FF;
  3189 : DB;
  318A : 99;
  318B : 8C;
  318C : 88;
  318D : 85;
  318E : 85;
  318F : 85;
  3190 : 86;
  3191 : 86;
  3192 : 84;
  3193 : 84;
  3194 : 85;
  3195 : 86;
  3196 : 85;
  3197 : 85;
  3198 : 85;
  3199 : 85;
  319A : 85;
  319B : 85;
  319C : 85;
  319D : 85;
  319E : 85;
  319F : 85;
  31A0 : 85;
  31A1 : 85;
  31A2 : 85;
  31A3 : 85;
  31A4 : 85;
  31A5 : 85;
  31A6 : 85;
  31A7 : 85;
  31A8 : 85;
  31A9 : 85;
  31AA : 85;
  31AB : 89;
  31AC : 80;
  31AD : 2D;
  31AE : 24;
  31AF : 7D;
  31B0 : 87;
  31B1 : 85;
  31B2 : 85;
  31B3 : 85;
  31B4 : 85;
  31B5 : 85;
  31B6 : 85;
  31B7 : 85;
  31B8 : 84;
  31B9 : 81;
  31BA : 85;
  31BB : 8A;
  31BC : 8C;
  31BD : 8A;
  31BE : 84;
  31BF : 85;
  31C0 : 85;
  31C1 : 85;
  31C2 : 85;
  31C3 : 85;
  31C4 : 85;
  31C5 : 85;
  31C6 : 85;
  31C7 : 85;
  31C8 : 85;
  31C9 : 85;
  31CA : 7F;
  31CB : A0;
  31CC : DF;
  31CD : E1;
  31CE : DF;
  31CF : DF;
  31D0 : DF;
  31D1 : DF;
  31D2 : DF;
  31D3 : DF;
  31D4 : DF;
  31D5 : DF;
  31D6 : DF;
  31D7 : DF;
  31D8 : DF;
  31D9 : DF;
  31DA : DF;
  31DB : DF;
  31DC : DF;
  31DD : DF;
  31DE : DF;
  31DF : DF;
  31E0 : DF;
  31E1 : DF;
  31E2 : DF;
  31E3 : DF;
  31E4 : DF;
  31E5 : DF;
  31E6 : DF;
  31E7 : DF;
  31E8 : E0;
  31E9 : E7;
  31EA : E6;
  31EB : D8;
  31EC : E9;
  31ED : FB;
  31EE : FF;
  31EF : FF;
  31F0 : FF;
  31F1 : FF;
  31F2 : FF;
  31F3 : FF;
  31F4 : FF;
  31F5 : FF;
  31F6 : FF;
  31F7 : FF;
  31F8 : FF;
  31F9 : FF;
  31FA : FF;
  31FB : FF;
  31FC : FF;
  31FD : FF;
  31FE : FF;
  31FF : FF;
  3200 : FF;
  3201 : FF;
  3202 : FF;
  3203 : FF;
  3204 : FF;
  3205 : FF;
  3206 : FF;
  3207 : FF;
  3208 : FF;
  3209 : FF;
  320A : FF;
  320B : FF;
  320C : FF;
  320D : FF;
  320E : FF;
  320F : FF;
  3210 : FF;
  3211 : FF;
  3212 : FF;
  3213 : FA;
  3214 : EE;
  3215 : F3;
  3216 : ED;
  3217 : ED;
  3218 : ED;
  3219 : ED;
  321A : ED;
  321B : ED;
  321C : ED;
  321D : ED;
  321E : ED;
  321F : ED;
  3220 : ED;
  3221 : ED;
  3222 : ED;
  3223 : ED;
  3224 : ED;
  3225 : ED;
  3226 : ED;
  3227 : F2;
  3228 : EE;
  3229 : F9;
  322A : FF;
  322B : FF;
  322C : FF;
  322D : FF;
  322E : FF;
  322F : FF;
  3230 : FF;
  3231 : FF;
  3232 : FF;
  3233 : FF;
  3234 : FF;
  3235 : FF;
  3236 : FF;
  3237 : FF;
  3238 : FF;
  3239 : FF;
  323A : FF;
  323B : FF;
  323C : FF;
  323D : FF;
  323E : FF;
  323F : FF;
  3240 : FF;
  3241 : FF;
  3242 : FF;
  3243 : FF;
  3244 : FF;
  3245 : FF;
  3246 : FF;
  3247 : FF;
  3248 : FF;
  3249 : FF;
  324A : FF;
  324B : FF;
  324C : FF;
  324D : FF;
  324E : FF;
  324F : FF;
  3250 : FF;
  3251 : FF;
  3252 : FF;
  3253 : FF;
  3254 : CD;
  3255 : 8D;
  3256 : 8B;
  3257 : 86;
  3258 : 85;
  3259 : 85;
  325A : 85;
  325B : 86;
  325C : 83;
  325D : 7A;
  325E : 73;
  325F : 71;
  3260 : 77;
  3261 : 82;
  3262 : 86;
  3263 : 85;
  3264 : 85;
  3265 : 85;
  3266 : 85;
  3267 : 85;
  3268 : 85;
  3269 : 85;
  326A : 85;
  326B : 85;
  326C : 85;
  326D : 85;
  326E : 85;
  326F : 85;
  3270 : 85;
  3271 : 85;
  3272 : 85;
  3273 : 85;
  3274 : 85;
  3275 : 85;
  3276 : 85;
  3277 : 85;
  3278 : 8B;
  3279 : 5B;
  327A : 19;
  327B : 56;
  327C : 8A;
  327D : 85;
  327E : 85;
  327F : 85;
  3280 : 85;
  3281 : 85;
  3282 : 85;
  3283 : 81;
  3284 : 83;
  3285 : 94;
  3286 : B0;
  3287 : C8;
  3288 : D1;
  3289 : C6;
  328A : 90;
  328B : 83;
  328C : 85;
  328D : 85;
  328E : 85;
  328F : 85;
  3290 : 85;
  3291 : 85;
  3292 : 85;
  3293 : 85;
  3294 : 85;
  3295 : 84;
  3296 : 83;
  3297 : B5;
  3298 : E5;
  3299 : DF;
  329A : DF;
  329B : DF;
  329C : DF;
  329D : DF;
  329E : DF;
  329F : DF;
  32A0 : DF;
  32A1 : DF;
  32A2 : DF;
  32A3 : DF;
  32A4 : DF;
  32A5 : DF;
  32A6 : DF;
  32A7 : DF;
  32A8 : DF;
  32A9 : DF;
  32AA : DF;
  32AB : DF;
  32AC : DF;
  32AD : DF;
  32AE : DF;
  32AF : DF;
  32B0 : DF;
  32B1 : DF;
  32B2 : DF;
  32B3 : DF;
  32B4 : DF;
  32B5 : DF;
  32B6 : E2;
  32B7 : E8;
  32B8 : DE;
  32B9 : DC;
  32BA : F5;
  32BB : FF;
  32BC : FF;
  32BD : FF;
  32BE : FF;
  32BF : FF;
  32C0 : FF;
  32C1 : FF;
  32C2 : FF;
  32C3 : FF;
  32C4 : FF;
  32C5 : FF;
  32C6 : FF;
  32C7 : FF;
  32C8 : FF;
  32C9 : FF;
  32CA : FF;
  32CB : FF;
  32CC : FF;
  32CD : FF;
  32CE : FF;
  32CF : FF;
  32D0 : FF;
  32D1 : FF;
  32D2 : FF;
  32D3 : FF;
  32D4 : FF;
  32D5 : FF;
  32D6 : FF;
  32D7 : FF;
  32D8 : FF;
  32D9 : FF;
  32DA : FF;
  32DB : FF;
  32DC : FF;
  32DD : FF;
  32DE : FF;
  32DF : F8;
  32E0 : ED;
  32E1 : F1;
  32E2 : ED;
  32E3 : ED;
  32E4 : ED;
  32E5 : ED;
  32E6 : ED;
  32E7 : ED;
  32E8 : ED;
  32E9 : ED;
  32EA : ED;
  32EB : ED;
  32EC : ED;
  32ED : ED;
  32EE : ED;
  32EF : ED;
  32F0 : ED;
  32F1 : ED;
  32F2 : ED;
  32F3 : F0;
  32F4 : EE;
  32F5 : F6;
  32F6 : FF;
  32F7 : FF;
  32F8 : FF;
  32F9 : FF;
  32FA : FF;
  32FB : FF;
  32FC : FF;
  32FD : FF;
  32FE : FF;
  32FF : FF;
  3300 : FF;
  3301 : FF;
  3302 : FF;
  3303 : FF;
  3304 : FF;
  3305 : FF;
  3306 : FF;
  3307 : FF;
  3308 : FF;
  3309 : FF;
  330A : FF;
  330B : FF;
  330C : FF;
  330D : FF;
  330E : FF;
  330F : FF;
  3310 : FF;
  3311 : FF;
  3312 : FF;
  3313 : FF;
  3314 : FF;
  3315 : FF;
  3316 : FF;
  3317 : FF;
  3318 : FF;
  3319 : FF;
  331A : FF;
  331B : FF;
  331C : FF;
  331D : FF;
  331E : FF;
  331F : C2;
  3320 : 88;
  3321 : 88;
  3322 : 85;
  3323 : 85;
  3324 : 85;
  3325 : 85;
  3326 : 86;
  3327 : 80;
  3328 : 70;
  3329 : 67;
  332A : 67;
  332B : 67;
  332C : 65;
  332D : 77;
  332E : 86;
  332F : 85;
  3330 : 85;
  3331 : 85;
  3332 : 85;
  3333 : 85;
  3334 : 85;
  3335 : 85;
  3336 : 85;
  3337 : 85;
  3338 : 85;
  3339 : 85;
  333A : 85;
  333B : 85;
  333C : 85;
  333D : 85;
  333E : 85;
  333F : 85;
  3340 : 85;
  3341 : 85;
  3342 : 85;
  3343 : 85;
  3344 : 87;
  3345 : 7D;
  3346 : 22;
  3347 : 35;
  3348 : 89;
  3349 : 85;
  334A : 85;
  334B : 85;
  334C : 85;
  334D : 84;
  334E : 81;
  334F : 8E;
  3350 : B1;
  3351 : D1;
  3352 : D8;
  3353 : D9;
  3354 : D7;
  3355 : D4;
  3356 : AA;
  3357 : 83;
  3358 : 85;
  3359 : 85;
  335A : 85;
  335B : 85;
  335C : 85;
  335D : 85;
  335E : 85;
  335F : 85;
  3360 : 85;
  3361 : 82;
  3362 : 8C;
  3363 : C9;
  3364 : E2;
  3365 : DF;
  3366 : DF;
  3367 : DF;
  3368 : DF;
  3369 : DF;
  336A : DF;
  336B : DF;
  336C : DF;
  336D : DF;
  336E : DF;
  336F : DF;
  3370 : DF;
  3371 : DF;
  3372 : DF;
  3373 : DF;
  3374 : DF;
  3375 : DF;
  3376 : DF;
  3377 : DF;
  3378 : DF;
  3379 : DF;
  337A : DF;
  337B : DF;
  337C : DF;
  337D : DF;
  337E : DF;
  337F : DF;
  3380 : DF;
  3381 : DF;
  3382 : DF;
  3383 : DF;
  3384 : E3;
  3385 : E9;
  3386 : DA;
  3387 : E9;
  3388 : FB;
  3389 : FF;
  338A : FF;
  338B : FF;
  338C : FF;
  338D : FF;
  338E : FF;
  338F : FF;
  3390 : FF;
  3391 : FF;
  3392 : FF;
  3393 : FF;
  3394 : FF;
  3395 : FF;
  3396 : FF;
  3397 : FF;
  3398 : FF;
  3399 : FF;
  339A : FF;
  339B : FF;
  339C : FF;
  339D : FF;
  339E : FF;
  339F : FF;
  33A0 : FF;
  33A1 : FF;
  33A2 : FF;
  33A3 : FF;
  33A4 : FF;
  33A5 : FF;
  33A6 : FF;
  33A7 : FF;
  33A8 : FF;
  33A9 : FF;
  33AA : FF;
  33AB : F7;
  33AC : EF;
  33AD : F0;
  33AE : ED;
  33AF : ED;
  33B0 : ED;
  33B1 : ED;
  33B2 : ED;
  33B3 : ED;
  33B4 : ED;
  33B5 : ED;
  33B6 : ED;
  33B7 : ED;
  33B8 : ED;
  33B9 : ED;
  33BA : ED;
  33BB : ED;
  33BC : ED;
  33BD : ED;
  33BE : ED;
  33BF : EF;
  33C0 : F5;
  33C1 : F5;
  33C2 : FF;
  33C3 : FF;
  33C4 : FF;
  33C5 : FF;
  33C6 : FF;
  33C7 : FF;
  33C8 : FF;
  33C9 : FF;
  33CA : FF;
  33CB : FF;
  33CC : FF;
  33CD : FF;
  33CE : FF;
  33CF : FF;
  33D0 : FF;
  33D1 : FF;
  33D2 : FF;
  33D3 : FF;
  33D4 : FF;
  33D5 : FF;
  33D6 : FF;
  33D7 : FF;
  33D8 : FF;
  33D9 : FF;
  33DA : FF;
  33DB : FF;
  33DC : FF;
  33DD : FF;
  33DE : FF;
  33DF : FF;
  33E0 : FF;
  33E1 : FF;
  33E2 : FF;
  33E3 : FF;
  33E4 : FF;
  33E5 : FF;
  33E6 : FF;
  33E7 : FF;
  33E8 : FF;
  33E9 : FE;
  33EA : C1;
  33EB : 89;
  33EC : 88;
  33ED : 85;
  33EE : 85;
  33EF : 85;
  33F0 : 85;
  33F1 : 85;
  33F2 : 81;
  33F3 : 6E;
  33F4 : 65;
  33F5 : 68;
  33F6 : 68;
  33F7 : 68;
  33F8 : 66;
  33F9 : 78;
  33FA : 86;
  33FB : 85;
  33FC : 85;
  33FD : 85;
  33FE : 85;
  33FF : 85;
  3400 : 85;
  3401 : 85;
  3402 : 85;
  3403 : 85;
  3404 : 85;
  3405 : 85;
  3406 : 85;
  3407 : 85;
  3408 : 85;
  3409 : 85;
  340A : 85;
  340B : 85;
  340C : 85;
  340D : 85;
  340E : 85;
  340F : 85;
  3410 : 86;
  3411 : 88;
  3412 : 37;
  3413 : 29;
  3414 : 7B;
  3415 : 87;
  3416 : 85;
  3417 : 85;
  3418 : 84;
  3419 : 82;
  341A : 9A;
  341B : C6;
  341C : D8;
  341D : D8;
  341E : D4;
  341F : CD;
  3420 : C7;
  3421 : C4;
  3422 : AF;
  3423 : 84;
  3424 : 84;
  3425 : 85;
  3426 : 85;
  3427 : 85;
  3428 : 85;
  3429 : 85;
  342A : 85;
  342B : 85;
  342C : 85;
  342D : 81;
  342E : 95;
  342F : DC;
  3430 : E1;
  3431 : DF;
  3432 : DF;
  3433 : DF;
  3434 : DF;
  3435 : DF;
  3436 : DF;
  3437 : DF;
  3438 : DF;
  3439 : DF;
  343A : DF;
  343B : DF;
  343C : DF;
  343D : DF;
  343E : DF;
  343F : DF;
  3440 : DF;
  3441 : DF;
  3442 : DF;
  3443 : DF;
  3444 : DF;
  3445 : DF;
  3446 : DF;
  3447 : DF;
  3448 : DF;
  3449 : DF;
  344A : DF;
  344B : DF;
  344C : DF;
  344D : DF;
  344E : DF;
  344F : DF;
  3450 : DF;
  3451 : DF;
  3452 : E9;
  3453 : E2;
  3454 : DE;
  3455 : F9;
  3456 : FF;
  3457 : FF;
  3458 : FF;
  3459 : FF;
  345A : FF;
  345B : FF;
  345C : FF;
  345D : FF;
  345E : FF;
  345F : FF;
  3460 : FF;
  3461 : FF;
  3462 : FF;
  3463 : FF;
  3464 : FF;
  3465 : FF;
  3466 : FF;
  3467 : FF;
  3468 : FF;
  3469 : FF;
  346A : FF;
  346B : FF;
  346C : FF;
  346D : FF;
  346E : FF;
  346F : FF;
  3470 : FF;
  3471 : FF;
  3472 : FF;
  3473 : FF;
  3474 : FF;
  3475 : FF;
  3476 : FF;
  3477 : F5;
  3478 : F5;
  3479 : EE;
  347A : ED;
  347B : ED;
  347C : ED;
  347D : ED;
  347E : ED;
  347F : ED;
  3480 : EE;
  3481 : ED;
  3482 : ED;
  3483 : ED;
  3484 : ED;
  3485 : ED;
  3486 : EE;
  3487 : ED;
  3488 : ED;
  3489 : ED;
  348A : ED;
  348B : ED;
  348C : FB;
  348D : F3;
  348E : FF;
  348F : FF;
  3490 : FF;
  3491 : FF;
  3492 : FF;
  3493 : FF;
  3494 : FF;
  3495 : FF;
  3496 : FF;
  3497 : FF;
  3498 : FF;
  3499 : FF;
  349A : FF;
  349B : FF;
  349C : FF;
  349D : FF;
  349E : FF;
  349F : FF;
  34A0 : FF;
  34A1 : FF;
  34A2 : FF;
  34A3 : FF;
  34A4 : FF;
  34A5 : FF;
  34A6 : FF;
  34A7 : FF;
  34A8 : FF;
  34A9 : FF;
  34AA : FF;
  34AB : FF;
  34AC : FF;
  34AD : FF;
  34AE : FF;
  34AF : FF;
  34B0 : FF;
  34B1 : FF;
  34B2 : FF;
  34B3 : FF;
  34B4 : FF;
  34B5 : C4;
  34B6 : 89;
  34B7 : 89;
  34B8 : 85;
  34B9 : 85;
  34BA : 85;
  34BB : 85;
  34BC : 85;
  34BD : 85;
  34BE : 73;
  34BF : 66;
  34C0 : 68;
  34C1 : 68;
  34C2 : 68;
  34C3 : 66;
  34C4 : 6D;
  34C5 : 81;
  34C6 : 86;
  34C7 : 85;
  34C8 : 85;
  34C9 : 85;
  34CA : 85;
  34CB : 85;
  34CC : 85;
  34CD : 85;
  34CE : 85;
  34CF : 85;
  34D0 : 85;
  34D1 : 85;
  34D2 : 85;
  34D3 : 85;
  34D4 : 85;
  34D5 : 85;
  34D6 : 85;
  34D7 : 85;
  34D8 : 85;
  34D9 : 85;
  34DA : 85;
  34DB : 85;
  34DC : 86;
  34DD : 87;
  34DE : 48;
  34DF : 25;
  34E0 : 70;
  34E1 : 89;
  34E2 : 85;
  34E3 : 83;
  34E4 : 82;
  34E5 : A7;
  34E6 : D0;
  34E7 : D9;
  34E8 : D6;
  34E9 : CE;
  34EA : C5;
  34EB : C1;
  34EC : C0;
  34ED : C1;
  34EE : B4;
  34EF : 85;
  34F0 : 84;
  34F1 : 85;
  34F2 : 85;
  34F3 : 85;
  34F4 : 85;
  34F5 : 85;
  34F6 : 85;
  34F7 : 85;
  34F8 : 84;
  34F9 : 82;
  34FA : A4;
  34FB : E2;
  34FC : E0;
  34FD : DF;
  34FE : DF;
  34FF : DF;
  3500 : DF;
  3501 : DF;
  3502 : DF;
  3503 : DF;
  3504 : DF;
  3505 : DF;
  3506 : DF;
  3507 : DF;
  3508 : DF;
  3509 : DF;
  350A : DF;
  350B : DF;
  350C : DF;
  350D : DF;
  350E : DF;
  350F : DF;
  3510 : DF;
  3511 : DF;
  3512 : DF;
  3513 : DF;
  3514 : DF;
  3515 : DF;
  3516 : DF;
  3517 : DF;
  3518 : DF;
  3519 : DF;
  351A : DF;
  351B : DF;
  351C : DF;
  351D : DF;
  351E : DF;
  351F : E5;
  3520 : E6;
  3521 : DD;
  3522 : F4;
  3523 : FF;
  3524 : FF;
  3525 : FF;
  3526 : FF;
  3527 : FF;
  3528 : FF;
  3529 : FF;
  352A : FF;
  352B : FF;
  352C : FF;
  352D : FF;
  352E : FF;
  352F : FF;
  3530 : FF;
  3531 : FF;
  3532 : FF;
  3533 : FF;
  3534 : FF;
  3535 : FF;
  3536 : FF;
  3537 : FF;
  3538 : FF;
  3539 : FF;
  353A : FF;
  353B : FF;
  353C : FF;
  353D : FF;
  353E : FF;
  353F : FF;
  3540 : FF;
  3541 : FF;
  3542 : FF;
  3543 : F3;
  3544 : FB;
  3545 : ED;
  3546 : ED;
  3547 : ED;
  3548 : ED;
  3549 : ED;
  354A : ED;
  354B : EC;
  354C : E5;
  354D : ED;
  354E : ED;
  354F : ED;
  3550 : EE;
  3551 : EB;
  3552 : DB;
  3553 : E6;
  3554 : EE;
  3555 : ED;
  3556 : ED;
  3557 : ED;
  3558 : FB;
  3559 : F3;
  355A : FF;
  355B : FF;
  355C : FF;
  355D : FF;
  355E : FF;
  355F : FF;
  3560 : FF;
  3561 : FF;
  3562 : FF;
  3563 : FF;
  3564 : FF;
  3565 : FF;
  3566 : FF;
  3567 : FF;
  3568 : FF;
  3569 : FF;
  356A : FF;
  356B : FF;
  356C : FF;
  356D : FF;
  356E : FF;
  356F : FF;
  3570 : FF;
  3571 : FF;
  3572 : FF;
  3573 : FF;
  3574 : FF;
  3575 : FF;
  3576 : FF;
  3577 : FF;
  3578 : FF;
  3579 : FF;
  357A : FF;
  357B : FF;
  357C : FF;
  357D : FF;
  357E : FF;
  357F : FF;
  3580 : CF;
  3581 : 8A;
  3582 : 88;
  3583 : 85;
  3584 : 85;
  3585 : 85;
  3586 : 85;
  3587 : 85;
  3588 : 86;
  3589 : 7E;
  358A : 6A;
  358B : 67;
  358C : 68;
  358D : 68;
  358E : 68;
  358F : 67;
  3590 : 76;
  3591 : 87;
  3592 : 85;
  3593 : 85;
  3594 : 85;
  3595 : 85;
  3596 : 85;
  3597 : 85;
  3598 : 85;
  3599 : 85;
  359A : 85;
  359B : 85;
  359C : 85;
  359D : 85;
  359E : 85;
  359F : 85;
  35A0 : 85;
  35A1 : 85;
  35A2 : 85;
  35A3 : 85;
  35A4 : 85;
  35A5 : 85;
  35A6 : 85;
  35A7 : 85;
  35A8 : 86;
  35A9 : 87;
  35AA : 4B;
  35AB : 25;
  35AC : 70;
  35AD : 89;
  35AE : 83;
  35AF : 82;
  35B0 : A8;
  35B1 : D4;
  35B2 : D9;
  35B3 : D5;
  35B4 : CA;
  35B5 : C1;
  35B6 : C0;
  35B7 : C1;
  35B8 : C1;
  35B9 : C2;
  35BA : B8;
  35BB : 87;
  35BC : 84;
  35BD : 85;
  35BE : 85;
  35BF : 85;
  35C0 : 85;
  35C1 : 85;
  35C2 : 85;
  35C3 : 85;
  35C4 : 84;
  35C5 : 85;
  35C6 : B4;
  35C7 : E1;
  35C8 : E0;
  35C9 : DF;
  35CA : DF;
  35CB : DF;
  35CC : DF;
  35CD : DF;
  35CE : DF;
  35CF : DF;
  35D0 : DF;
  35D1 : DF;
  35D2 : DF;
  35D3 : DF;
  35D4 : DF;
  35D5 : DF;
  35D6 : DF;
  35D7 : DF;
  35D8 : DF;
  35D9 : DF;
  35DA : DF;
  35DB : DF;
  35DC : DF;
  35DD : DF;
  35DE : DF;
  35DF : DF;
  35E0 : DF;
  35E1 : DF;
  35E2 : DF;
  35E3 : DF;
  35E4 : DF;
  35E5 : DF;
  35E6 : DF;
  35E7 : DF;
  35E8 : DF;
  35E9 : DF;
  35EA : DF;
  35EB : DF;
  35EC : E2;
  35ED : EA;
  35EE : DA;
  35EF : EC;
  35F0 : FF;
  35F1 : FF;
  35F2 : FF;
  35F3 : FF;
  35F4 : FF;
  35F5 : FF;
  35F6 : FF;
  35F7 : FF;
  35F8 : FF;
  35F9 : FF;
  35FA : FF;
  35FB : FF;
  35FC : FF;
  35FD : FF;
  35FE : FF;
  35FF : FF;
  3600 : FF;
  3601 : FF;
  3602 : FF;
  3603 : FF;
  3604 : FF;
  3605 : FF;
  3606 : FF;
  3607 : FF;
  3608 : FF;
  3609 : FF;
  360A : FF;
  360B : FF;
  360C : FF;
  360D : FF;
  360E : FF;
  360F : F3;
  3610 : FB;
  3611 : ED;
  3612 : ED;
  3613 : ED;
  3614 : ED;
  3615 : ED;
  3616 : EE;
  3617 : E4;
  3618 : CA;
  3619 : E6;
  361A : EE;
  361B : EE;
  361C : EE;
  361D : D7;
  361E : C6;
  361F : E5;
  3620 : EE;
  3621 : ED;
  3622 : ED;
  3623 : ED;
  3624 : FA;
  3625 : F3;
  3626 : FF;
  3627 : FF;
  3628 : FF;
  3629 : FF;
  362A : FF;
  362B : FF;
  362C : FF;
  362D : FF;
  362E : FF;
  362F : FF;
  3630 : FF;
  3631 : FF;
  3632 : FF;
  3633 : FF;
  3634 : FF;
  3635 : FF;
  3636 : FF;
  3637 : FF;
  3638 : FF;
  3639 : FF;
  363A : FF;
  363B : FF;
  363C : FF;
  363D : FF;
  363E : FF;
  363F : FF;
  3640 : FF;
  3641 : FF;
  3642 : FF;
  3643 : FF;
  3644 : FF;
  3645 : FF;
  3646 : FF;
  3647 : FF;
  3648 : FF;
  3649 : FF;
  364A : FF;
  364B : E2;
  364C : 92;
  364D : 89;
  364E : 85;
  364F : 85;
  3650 : 85;
  3651 : 85;
  3652 : 85;
  3653 : 85;
  3654 : 87;
  3655 : 76;
  3656 : 66;
  3657 : 68;
  3658 : 68;
  3659 : 68;
  365A : 67;
  365B : 6A;
  365C : 80;
  365D : 86;
  365E : 85;
  365F : 85;
  3660 : 85;
  3661 : 85;
  3662 : 85;
  3663 : 85;
  3664 : 85;
  3665 : 85;
  3666 : 85;
  3667 : 85;
  3668 : 85;
  3669 : 85;
  366A : 85;
  366B : 85;
  366C : 85;
  366D : 85;
  366E : 85;
  366F : 85;
  3670 : 85;
  3671 : 85;
  3672 : 85;
  3673 : 85;
  3674 : 86;
  3675 : 87;
  3676 : 3F;
  3677 : 28;
  3678 : 77;
  3679 : 87;
  367A : 82;
  367B : A4;
  367C : D3;
  367D : D9;
  367E : D3;
  367F : C7;
  3680 : C0;
  3681 : C1;
  3682 : C1;
  3683 : C1;
  3684 : C1;
  3685 : C2;
  3686 : B9;
  3687 : 89;
  3688 : 84;
  3689 : 85;
  368A : 85;
  368B : 85;
  368C : 85;
  368D : 85;
  368E : 85;
  368F : 85;
  3690 : 84;
  3691 : 86;
  3692 : C3;
  3693 : E1;
  3694 : DF;
  3695 : DF;
  3696 : DF;
  3697 : DF;
  3698 : DF;
  3699 : DF;
  369A : DF;
  369B : DF;
  369C : DF;
  369D : DF;
  369E : DF;
  369F : DF;
  36A0 : DF;
  36A1 : DF;
  36A2 : DF;
  36A3 : DF;
  36A4 : DF;
  36A5 : DF;
  36A6 : DF;
  36A7 : DF;
  36A8 : DF;
  36A9 : DF;
  36AA : DF;
  36AB : DF;
  36AC : DF;
  36AD : DF;
  36AE : DF;
  36AF : DF;
  36B0 : DF;
  36B1 : DF;
  36B2 : DF;
  36B3 : DF;
  36B4 : DF;
  36B5 : DF;
  36B6 : DF;
  36B7 : DF;
  36B8 : DF;
  36B9 : E0;
  36BA : E9;
  36BB : DF;
  36BC : E5;
  36BD : FE;
  36BE : FF;
  36BF : FF;
  36C0 : FF;
  36C1 : FF;
  36C2 : FF;
  36C3 : FF;
  36C4 : FF;
  36C5 : FF;
  36C6 : FF;
  36C7 : FF;
  36C8 : FF;
  36C9 : FF;
  36CA : FF;
  36CB : FF;
  36CC : FF;
  36CD : FF;
  36CE : FF;
  36CF : FF;
  36D0 : FF;
  36D1 : FF;
  36D2 : FF;
  36D3 : FF;
  36D4 : FF;
  36D5 : FF;
  36D6 : FF;
  36D7 : FF;
  36D8 : FF;
  36D9 : FF;
  36DA : FF;
  36DB : F2;
  36DC : FA;
  36DD : ED;
  36DE : ED;
  36DF : ED;
  36E0 : ED;
  36E1 : ED;
  36E2 : EE;
  36E3 : D5;
  36E4 : C2;
  36E5 : E2;
  36E6 : EE;
  36E7 : EE;
  36E8 : E1;
  36E9 : C0;
  36EA : CD;
  36EB : EA;
  36EC : EE;
  36ED : ED;
  36EE : ED;
  36EF : ED;
  36F0 : F8;
  36F1 : F2;
  36F2 : FE;
  36F3 : FF;
  36F4 : FF;
  36F5 : FF;
  36F6 : FF;
  36F7 : FF;
  36F8 : FF;
  36F9 : FF;
  36FA : FF;
  36FB : FF;
  36FC : FF;
  36FD : FF;
  36FE : FF;
  36FF : FF;
  3700 : FF;
  3701 : FF;
  3702 : FF;
  3703 : FF;
  3704 : FF;
  3705 : FF;
  3706 : FF;
  3707 : FF;
  3708 : FF;
  3709 : FF;
  370A : FF;
  370B : FF;
  370C : FF;
  370D : FF;
  370E : FF;
  370F : FF;
  3710 : FF;
  3711 : FF;
  3712 : FF;
  3713 : FF;
  3714 : FF;
  3715 : FF;
  3716 : F6;
  3717 : A2;
  3718 : 8B;
  3719 : 85;
  371A : 85;
  371B : 85;
  371C : 85;
  371D : 85;
  371E : 85;
  371F : 85;
  3720 : 85;
  3721 : 72;
  3722 : 66;
  3723 : 68;
  3724 : 68;
  3725 : 68;
  3726 : 67;
  3727 : 71;
  3728 : 86;
  3729 : 85;
  372A : 85;
  372B : 85;
  372C : 85;
  372D : 85;
  372E : 85;
  372F : 85;
  3730 : 85;
  3731 : 85;
  3732 : 85;
  3733 : 85;
  3734 : 85;
  3735 : 85;
  3736 : 85;
  3737 : 85;
  3738 : 85;
  3739 : 85;
  373A : 85;
  373B : 85;
  373C : 85;
  373D : 85;
  373E : 85;
  373F : 85;
  3740 : 86;
  3741 : 85;
  3742 : 2A;
  3743 : 2F;
  3744 : 86;
  3745 : 83;
  3746 : 97;
  3747 : D0;
  3748 : D9;
  3749 : D4;
  374A : C6;
  374B : C0;
  374C : C1;
  374D : C1;
  374E : C1;
  374F : C1;
  3750 : C1;
  3751 : C2;
  3752 : B9;
  3753 : 8A;
  3754 : 84;
  3755 : 85;
  3756 : 85;
  3757 : 85;
  3758 : 85;
  3759 : 85;
  375A : 85;
  375B : 85;
  375C : 83;
  375D : 89;
  375E : D1;
  375F : E2;
  3760 : DF;
  3761 : DF;
  3762 : DF;
  3763 : DF;
  3764 : DF;
  3765 : DF;
  3766 : DF;
  3767 : DF;
  3768 : DF;
  3769 : DF;
  376A : DF;
  376B : DF;
  376C : DF;
  376D : DF;
  376E : DF;
  376F : DF;
  3770 : DF;
  3771 : DF;
  3772 : DF;
  3773 : DF;
  3774 : DF;
  3775 : DF;
  3776 : DF;
  3777 : DF;
  3778 : DF;
  3779 : DF;
  377A : DF;
  377B : DF;
  377C : DF;
  377D : DF;
  377E : DF;
  377F : DF;
  3780 : DF;
  3781 : DF;
  3782 : DF;
  3783 : DF;
  3784 : DF;
  3785 : DF;
  3786 : DF;
  3787 : E7;
  3788 : DC;
  3789 : E3;
  378A : FF;
  378B : FF;
  378C : FF;
  378D : FF;
  378E : FF;
  378F : FF;
  3790 : FF;
  3791 : FF;
  3792 : FF;
  3793 : FF;
  3794 : FF;
  3795 : FF;
  3796 : FF;
  3797 : FF;
  3798 : FF;
  3799 : FF;
  379A : FF;
  379B : FF;
  379C : FF;
  379D : FF;
  379E : FF;
  379F : FF;
  37A0 : FF;
  37A1 : FF;
  37A2 : FF;
  37A3 : FF;
  37A4 : FF;
  37A5 : FF;
  37A6 : FD;
  37A7 : F1;
  37A8 : F8;
  37A9 : ED;
  37AA : ED;
  37AB : ED;
  37AC : ED;
  37AD : ED;
  37AE : ED;
  37AF : CC;
  37B0 : C0;
  37B1 : DE;
  37B2 : EE;
  37B3 : EB;
  37B4 : CB;
  37B5 : BE;
  37B6 : D7;
  37B7 : EE;
  37B8 : ED;
  37B9 : ED;
  37BA : ED;
  37BB : ED;
  37BC : F6;
  37BD : F1;
  37BE : FC;
  37BF : FF;
  37C0 : FF;
  37C1 : FF;
  37C2 : FF;
  37C3 : FF;
  37C4 : FF;
  37C5 : FF;
  37C6 : FF;
  37C7 : FF;
  37C8 : FF;
  37C9 : FF;
  37CA : FF;
  37CB : FF;
  37CC : FF;
  37CD : FF;
  37CE : FF;
  37CF : FF;
  37D0 : FF;
  37D1 : FF;
  37D2 : FF;
  37D3 : FF;
  37D4 : FF;
  37D5 : FF;
  37D6 : FF;
  37D7 : FF;
  37D8 : FF;
  37D9 : FF;
  37DA : FF;
  37DB : FF;
  37DC : FF;
  37DD : FF;
  37DE : FF;
  37DF : FF;
  37E0 : FF;
  37E1 : FF;
  37E2 : BF;
  37E3 : 8A;
  37E4 : 87;
  37E5 : 85;
  37E6 : 85;
  37E7 : 85;
  37E8 : 85;
  37E9 : 85;
  37EA : 85;
  37EB : 86;
  37EC : 83;
  37ED : 70;
  37EE : 66;
  37EF : 68;
  37F0 : 68;
  37F1 : 68;
  37F2 : 68;
  37F3 : 79;
  37F4 : 86;
  37F5 : 85;
  37F6 : 85;
  37F7 : 85;
  37F8 : 85;
  37F9 : 85;
  37FA : 85;
  37FB : 85;
  37FC : 85;
  37FD : 85;
  37FE : 85;
  37FF : 85;
  3800 : 85;
  3801 : 85;
  3802 : 85;
  3803 : 85;
  3804 : 85;
  3805 : 85;
  3806 : 85;
  3807 : 85;
  3808 : 85;
  3809 : 85;
  380A : 85;
  380B : 85;
  380C : 8A;
  380D : 6B;
  380E : 1D;
  380F : 49;
  3810 : 89;
  3811 : 87;
  3812 : C2;
  3813 : D9;
  3814 : D5;
  3815 : C8;
  3816 : C0;
  3817 : C1;
  3818 : C1;
  3819 : C1;
  381A : C1;
  381B : C1;
  381C : C1;
  381D : C2;
  381E : B9;
  381F : 8A;
  3820 : 84;
  3821 : 85;
  3822 : 85;
  3823 : 85;
  3824 : 85;
  3825 : 85;
  3826 : 85;
  3827 : 85;
  3828 : 83;
  3829 : 8D;
  382A : D8;
  382B : E1;
  382C : DF;
  382D : DF;
  382E : DF;
  382F : DF;
  3830 : DF;
  3831 : DF;
  3832 : DF;
  3833 : DF;
  3834 : DF;
  3835 : DF;
  3836 : DF;
  3837 : DF;
  3838 : DF;
  3839 : DF;
  383A : DF;
  383B : DF;
  383C : DF;
  383D : DF;
  383E : DF;
  383F : DF;
  3840 : DF;
  3841 : DF;
  3842 : DF;
  3843 : DF;
  3844 : DF;
  3845 : DF;
  3846 : DF;
  3847 : DF;
  3848 : DF;
  3849 : DF;
  384A : DF;
  384B : DF;
  384C : DF;
  384D : DF;
  384E : DF;
  384F : DF;
  3850 : DF;
  3851 : DF;
  3852 : DF;
  3853 : DF;
  3854 : E6;
  3855 : DC;
  3856 : E3;
  3857 : FF;
  3858 : FF;
  3859 : FF;
  385A : FF;
  385B : FF;
  385C : FF;
  385D : FF;
  385E : FF;
  385F : FF;
  3860 : FF;
  3861 : FF;
  3862 : FF;
  3863 : FF;
  3864 : FF;
  3865 : FF;
  3866 : FF;
  3867 : FF;
  3868 : FF;
  3869 : FF;
  386A : FF;
  386B : FF;
  386C : FF;
  386D : FF;
  386E : FF;
  386F : FF;
  3870 : FF;
  3871 : FF;
  3872 : FC;
  3873 : F0;
  3874 : F6;
  3875 : ED;
  3876 : ED;
  3877 : ED;
  3878 : ED;
  3879 : EE;
  387A : E6;
  387B : C7;
  387C : C1;
  387D : DF;
  387E : EE;
  387F : DA;
  3880 : C0;
  3881 : C4;
  3882 : E2;
  3883 : EE;
  3884 : ED;
  3885 : ED;
  3886 : ED;
  3887 : ED;
  3888 : F4;
  3889 : EF;
  388A : FB;
  388B : FF;
  388C : FF;
  388D : FF;
  388E : FF;
  388F : FF;
  3890 : FF;
  3891 : FF;
  3892 : FF;
  3893 : FF;
  3894 : FF;
  3895 : FF;
  3896 : FF;
  3897 : FF;
  3898 : FF;
  3899 : FF;
  389A : FF;
  389B : FF;
  389C : FF;
  389D : FF;
  389E : FF;
  389F : FF;
  38A0 : FF;
  38A1 : FF;
  38A2 : FF;
  38A3 : FF;
  38A4 : FF;
  38A5 : FF;
  38A6 : FF;
  38A7 : FF;
  38A8 : FF;
  38A9 : FF;
  38AA : FF;
  38AB : FF;
  38AC : FF;
  38AD : DF;
  38AE : 91;
  38AF : 89;
  38B0 : 85;
  38B1 : 85;
  38B2 : 85;
  38B3 : 85;
  38B4 : 85;
  38B5 : 85;
  38B6 : 85;
  38B7 : 86;
  38B8 : 83;
  38B9 : 70;
  38BA : 66;
  38BB : 68;
  38BC : 68;
  38BD : 67;
  38BE : 69;
  38BF : 80;
  38C0 : 86;
  38C1 : 85;
  38C2 : 85;
  38C3 : 85;
  38C4 : 85;
  38C5 : 85;
  38C6 : 85;
  38C7 : 85;
  38C8 : 85;
  38C9 : 85;
  38CA : 85;
  38CB : 85;
  38CC : 85;
  38CD : 85;
  38CE : 85;
  38CF : 85;
  38D0 : 85;
  38D1 : 85;
  38D2 : 85;
  38D3 : 85;
  38D4 : 85;
  38D5 : 85;
  38D6 : 85;
  38D7 : 86;
  38D8 : 88;
  38D9 : 3E;
  38DA : 1C;
  38DB : 71;
  38DC : 82;
  38DD : A7;
  38DE : D6;
  38DF : D7;
  38E0 : CA;
  38E1 : C1;
  38E2 : C1;
  38E3 : C1;
  38E4 : C1;
  38E5 : C1;
  38E6 : C1;
  38E7 : C1;
  38E8 : C1;
  38E9 : C1;
  38EA : BA;
  38EB : 8A;
  38EC : 84;
  38ED : 85;
  38EE : 85;
  38EF : 85;
  38F0 : 85;
  38F1 : 85;
  38F2 : 85;
  38F3 : 85;
  38F4 : 83;
  38F5 : 95;
  38F6 : DA;
  38F7 : E1;
  38F8 : DF;
  38F9 : DF;
  38FA : DF;
  38FB : DF;
  38FC : DF;
  38FD : DF;
  38FE : DF;
  38FF : DF;
  3900 : DF;
  3901 : DF;
  3902 : DF;
  3903 : DF;
  3904 : DF;
  3905 : DF;
  3906 : DF;
  3907 : DF;
  3908 : DF;
  3909 : DF;
  390A : DF;
  390B : DF;
  390C : DF;
  390D : DF;
  390E : DF;
  390F : DF;
  3910 : DF;
  3911 : DF;
  3912 : DF;
  3913 : DF;
  3914 : DF;
  3915 : DF;
  3916 : DF;
  3917 : DF;
  3918 : DF;
  3919 : DF;
  391A : DF;
  391B : DF;
  391C : DF;
  391D : DF;
  391E : DF;
  391F : DF;
  3920 : DF;
  3921 : E6;
  3922 : DE;
  3923 : E2;
  3924 : FE;
  3925 : FF;
  3926 : FF;
  3927 : FF;
  3928 : FF;
  3929 : FF;
  392A : FF;
  392B : FF;
  392C : FF;
  392D : FF;
  392E : FF;
  392F : FF;
  3930 : FF;
  3931 : FF;
  3932 : FF;
  3933 : FF;
  3934 : FF;
  3935 : FF;
  3936 : FF;
  3937 : FF;
  3938 : FF;
  3939 : FF;
  393A : FF;
  393B : FF;
  393C : FF;
  393D : FF;
  393E : FB;
  393F : EF;
  3940 : F4;
  3941 : ED;
  3942 : ED;
  3943 : ED;
  3944 : ED;
  3945 : EE;
  3946 : DF;
  3947 : C2;
  3948 : C2;
  3949 : E0;
  394A : E9;
  394B : C8;
  394C : BE;
  394D : CD;
  394E : EC;
  394F : EE;
  3950 : ED;
  3951 : ED;
  3952 : ED;
  3953 : ED;
  3954 : F3;
  3955 : EF;
  3956 : FB;
  3957 : FF;
  3958 : FF;
  3959 : FF;
  395A : FF;
  395B : FF;
  395C : FF;
  395D : FF;
  395E : FF;
  395F : FF;
  3960 : FF;
  3961 : FF;
  3962 : FF;
  3963 : FF;
  3964 : FF;
  3965 : FF;
  3966 : FF;
  3967 : FF;
  3968 : FF;
  3969 : FF;
  396A : FF;
  396B : FF;
  396C : FF;
  396D : FF;
  396E : FF;
  396F : FF;
  3970 : FF;
  3971 : FF;
  3972 : FF;
  3973 : FF;
  3974 : FF;
  3975 : FF;
  3976 : FF;
  3977 : FF;
  3978 : FB;
  3979 : AE;
  397A : 8D;
  397B : 85;
  397C : 85;
  397D : 85;
  397E : 85;
  397F : 85;
  3980 : 85;
  3981 : 85;
  3982 : 85;
  3983 : 85;
  3984 : 86;
  3985 : 73;
  3986 : 65;
  3987 : 68;
  3988 : 68;
  3989 : 67;
  398A : 6C;
  398B : 83;
  398C : 86;
  398D : 85;
  398E : 85;
  398F : 85;
  3990 : 85;
  3991 : 85;
  3992 : 85;
  3993 : 85;
  3994 : 85;
  3995 : 85;
  3996 : 85;
  3997 : 85;
  3998 : 85;
  3999 : 85;
  399A : 85;
  399B : 85;
  399C : 85;
  399D : 85;
  399E : 85;
  399F : 85;
  39A0 : 85;
  39A1 : 85;
  39A2 : 85;
  39A3 : 8B;
  39A4 : 62;
  39A5 : 17;
  39A6 : 48;
  39A7 : 86;
  39A8 : 88;
  39A9 : C1;
  39AA : D9;
  39AB : D0;
  39AC : C2;
  39AD : C1;
  39AE : C1;
  39AF : C1;
  39B0 : C1;
  39B1 : C1;
  39B2 : C1;
  39B3 : C1;
  39B4 : C1;
  39B5 : C2;
  39B6 : B9;
  39B7 : 8A;
  39B8 : 84;
  39B9 : 85;
  39BA : 85;
  39BB : 85;
  39BC : 85;
  39BD : 85;
  39BE : 85;
  39BF : 85;
  39C0 : 82;
  39C1 : 9E;
  39C2 : DC;
  39C3 : E1;
  39C4 : DF;
  39C5 : DF;
  39C6 : DF;
  39C7 : DF;
  39C8 : DF;
  39C9 : DF;
  39CA : DF;
  39CB : DF;
  39CC : DF;
  39CD : DF;
  39CE : DF;
  39CF : DF;
  39D0 : DF;
  39D1 : DF;
  39D2 : DF;
  39D3 : DF;
  39D4 : DF;
  39D5 : DF;
  39D6 : DF;
  39D7 : DF;
  39D8 : DF;
  39D9 : DF;
  39DA : DF;
  39DB : DF;
  39DC : DF;
  39DD : DF;
  39DE : DF;
  39DF : DF;
  39E0 : DF;
  39E1 : DF;
  39E2 : DF;
  39E3 : DF;
  39E4 : DF;
  39E5 : DF;
  39E6 : DF;
  39E7 : DF;
  39E8 : DF;
  39E9 : DF;
  39EA : DF;
  39EB : DF;
  39EC : DF;
  39ED : DF;
  39EE : E5;
  39EF : DC;
  39F0 : E2;
  39F1 : FF;
  39F2 : FF;
  39F3 : FF;
  39F4 : FF;
  39F5 : FF;
  39F6 : FF;
  39F7 : FF;
  39F8 : FF;
  39F9 : FF;
  39FA : FF;
  39FB : FF;
  39FC : FF;
  39FD : FF;
  39FE : FF;
  39FF : FF;
  3A00 : FF;
  3A01 : FF;
  3A02 : FF;
  3A03 : FF;
  3A04 : FF;
  3A05 : FF;
  3A06 : FF;
  3A07 : FF;
  3A08 : FF;
  3A09 : FF;
  3A0A : FB;
  3A0B : EE;
  3A0C : F3;
  3A0D : ED;
  3A0E : ED;
  3A0F : ED;
  3A10 : ED;
  3A11 : EE;
  3A12 : DA;
  3A13 : BF;
  3A14 : C3;
  3A15 : E2;
  3A16 : D9;
  3A17 : BF;
  3A18 : C1;
  3A19 : DA;
  3A1A : EE;
  3A1B : ED;
  3A1C : ED;
  3A1D : ED;
  3A1E : ED;
  3A1F : ED;
  3A20 : F2;
  3A21 : ED;
  3A22 : F9;
  3A23 : FF;
  3A24 : FF;
  3A25 : FF;
  3A26 : FF;
  3A27 : FF;
  3A28 : FF;
  3A29 : FF;
  3A2A : FF;
  3A2B : FF;
  3A2C : FF;
  3A2D : FF;
  3A2E : FF;
  3A2F : FF;
  3A30 : FF;
  3A31 : FF;
  3A32 : FF;
  3A33 : FF;
  3A34 : FF;
  3A35 : FF;
  3A36 : FF;
  3A37 : FF;
  3A38 : FF;
  3A39 : FF;
  3A3A : FF;
  3A3B : FF;
  3A3C : FF;
  3A3D : FF;
  3A3E : FF;
  3A3F : FF;
  3A40 : FF;
  3A41 : FF;
  3A42 : FF;
  3A43 : FF;
  3A44 : D9;
  3A45 : 86;
  3A46 : 87;
  3A47 : 85;
  3A48 : 85;
  3A49 : 85;
  3A4A : 85;
  3A4B : 85;
  3A4C : 85;
  3A4D : 85;
  3A4E : 85;
  3A4F : 85;
  3A50 : 86;
  3A51 : 7B;
  3A52 : 68;
  3A53 : 67;
  3A54 : 68;
  3A55 : 67;
  3A56 : 72;
  3A57 : 84;
  3A58 : 85;
  3A59 : 85;
  3A5A : 85;
  3A5B : 85;
  3A5C : 85;
  3A5D : 85;
  3A5E : 85;
  3A5F : 85;
  3A60 : 85;
  3A61 : 85;
  3A62 : 85;
  3A63 : 85;
  3A64 : 85;
  3A65 : 85;
  3A66 : 85;
  3A67 : 85;
  3A68 : 85;
  3A69 : 85;
  3A6A : 85;
  3A6B : 85;
  3A6C : 85;
  3A6D : 86;
  3A6E : 8A;
  3A6F : 6F;
  3A70 : 20;
  3A71 : 2F;
  3A72 : 7D;
  3A73 : 83;
  3A74 : 9E;
  3A75 : D2;
  3A76 : D7;
  3A77 : C7;
  3A78 : C0;
  3A79 : C1;
  3A7A : C1;
  3A7B : C1;
  3A7C : C1;
  3A7D : C1;
  3A7E : C1;
  3A7F : C1;
  3A80 : C1;
  3A81 : C2;
  3A82 : B8;
  3A83 : 85;
  3A84 : 83;
  3A85 : 84;
  3A86 : 85;
  3A87 : 85;
  3A88 : 85;
  3A89 : 85;
  3A8A : 85;
  3A8B : 85;
  3A8C : 82;
  3A8D : A5;
  3A8E : DD;
  3A8F : E1;
  3A90 : DF;
  3A91 : DF;
  3A92 : DF;
  3A93 : DF;
  3A94 : DF;
  3A95 : DF;
  3A96 : DF;
  3A97 : DF;
  3A98 : DF;
  3A99 : DF;
  3A9A : DF;
  3A9B : DF;
  3A9C : DF;
  3A9D : DF;
  3A9E : DF;
  3A9F : DF;
  3AA0 : DF;
  3AA1 : DF;
  3AA2 : DF;
  3AA3 : DF;
  3AA4 : DF;
  3AA5 : DF;
  3AA6 : DF;
  3AA7 : DF;
  3AA8 : DF;
  3AA9 : DF;
  3AAA : DF;
  3AAB : DF;
  3AAC : DF;
  3AAD : DF;
  3AAE : DF;
  3AAF : DF;
  3AB0 : DF;
  3AB1 : DF;
  3AB2 : DF;
  3AB3 : DF;
  3AB4 : DF;
  3AB5 : DF;
  3AB6 : DF;
  3AB7 : DF;
  3AB8 : DF;
  3AB9 : DF;
  3ABA : DF;
  3ABB : E6;
  3ABC : D9;
  3ABD : E5;
  3ABE : FF;
  3ABF : FF;
  3AC0 : FF;
  3AC1 : FF;
  3AC2 : FF;
  3AC3 : FF;
  3AC4 : FF;
  3AC5 : FF;
  3AC6 : FF;
  3AC7 : FF;
  3AC8 : FF;
  3AC9 : FF;
  3ACA : FF;
  3ACB : FF;
  3ACC : FF;
  3ACD : FF;
  3ACE : FF;
  3ACF : FF;
  3AD0 : FF;
  3AD1 : FF;
  3AD2 : FF;
  3AD3 : FF;
  3AD4 : FF;
  3AD5 : FF;
  3AD6 : F9;
  3AD7 : EE;
  3AD8 : F2;
  3AD9 : ED;
  3ADA : ED;
  3ADB : ED;
  3ADC : ED;
  3ADD : EE;
  3ADE : D6;
  3ADF : BE;
  3AE0 : C6;
  3AE1 : DC;
  3AE2 : C8;
  3AE3 : BE;
  3AE4 : C8;
  3AE5 : EA;
  3AE6 : EE;
  3AE7 : ED;
  3AE8 : ED;
  3AE9 : ED;
  3AEA : ED;
  3AEB : ED;
  3AEC : F0;
  3AED : EF;
  3AEE : F8;
  3AEF : FF;
  3AF0 : FF;
  3AF1 : FF;
  3AF2 : FF;
  3AF3 : FF;
  3AF4 : FF;
  3AF5 : FF;
  3AF6 : FF;
  3AF7 : FF;
  3AF8 : FF;
  3AF9 : FF;
  3AFA : FF;
  3AFB : FF;
  3AFC : FF;
  3AFD : FF;
  3AFE : FF;
  3AFF : FF;
  3B00 : FF;
  3B01 : FF;
  3B02 : FF;
  3B03 : FF;
  3B04 : FF;
  3B05 : FF;
  3B06 : FF;
  3B07 : FF;
  3B08 : FF;
  3B09 : FF;
  3B0A : FF;
  3B0B : FF;
  3B0C : FF;
  3B0D : FF;
  3B0E : FF;
  3B0F : FA;
  3B10 : AD;
  3B11 : 8B;
  3B12 : 85;
  3B13 : 85;
  3B14 : 85;
  3B15 : 85;
  3B16 : 85;
  3B17 : 85;
  3B18 : 85;
  3B19 : 85;
  3B1A : 85;
  3B1B : 85;
  3B1C : 85;
  3B1D : 84;
  3B1E : 72;
  3B1F : 66;
  3B20 : 66;
  3B21 : 66;
  3B22 : 77;
  3B23 : 85;
  3B24 : 85;
  3B25 : 85;
  3B26 : 85;
  3B27 : 85;
  3B28 : 85;
  3B29 : 85;
  3B2A : 85;
  3B2B : 85;
  3B2C : 85;
  3B2D : 85;
  3B2E : 85;
  3B2F : 85;
  3B30 : 85;
  3B31 : 85;
  3B32 : 85;
  3B33 : 85;
  3B34 : 85;
  3B35 : 85;
  3B36 : 85;
  3B37 : 85;
  3B38 : 89;
  3B39 : 89;
  3B3A : 66;
  3B3B : 20;
  3B3C : 2C;
  3B3D : 75;
  3B3E : 89;
  3B3F : 7F;
  3B40 : A9;
  3B41 : D9;
  3B42 : D2;
  3B43 : C1;
  3B44 : C1;
  3B45 : C1;
  3B46 : C1;
  3B47 : C1;
  3B48 : C1;
  3B49 : C1;
  3B4A : C1;
  3B4B : C1;
  3B4C : C1;
  3B4D : C2;
  3B4E : BA;
  3B4F : 91;
  3B50 : 8B;
  3B51 : 87;
  3B52 : 82;
  3B53 : 84;
  3B54 : 85;
  3B55 : 85;
  3B56 : 85;
  3B57 : 85;
  3B58 : 82;
  3B59 : A8;
  3B5A : DE;
  3B5B : E1;
  3B5C : DF;
  3B5D : DF;
  3B5E : DF;
  3B5F : DF;
  3B60 : DF;
  3B61 : DF;
  3B62 : DF;
  3B63 : DF;
  3B64 : DF;
  3B65 : DF;
  3B66 : DF;
  3B67 : DF;
  3B68 : DF;
  3B69 : DF;
  3B6A : DF;
  3B6B : DF;
  3B6C : DF;
  3B6D : DF;
  3B6E : DF;
  3B6F : DF;
  3B70 : DF;
  3B71 : DF;
  3B72 : DF;
  3B73 : DF;
  3B74 : DF;
  3B75 : DF;
  3B76 : DF;
  3B77 : DF;
  3B78 : DF;
  3B79 : DF;
  3B7A : DF;
  3B7B : DF;
  3B7C : DF;
  3B7D : DF;
  3B7E : DF;
  3B7F : DF;
  3B80 : DF;
  3B81 : DF;
  3B82 : DF;
  3B83 : DF;
  3B84 : DF;
  3B85 : DF;
  3B86 : DF;
  3B87 : DF;
  3B88 : E7;
  3B89 : DA;
  3B8A : EC;
  3B8B : FF;
  3B8C : FF;
  3B8D : FF;
  3B8E : FF;
  3B8F : FF;
  3B90 : FF;
  3B91 : FF;
  3B92 : FF;
  3B93 : FF;
  3B94 : FF;
  3B95 : FF;
  3B96 : FF;
  3B97 : FF;
  3B98 : FF;
  3B99 : FF;
  3B9A : FF;
  3B9B : FF;
  3B9C : FF;
  3B9D : FF;
  3B9E : FF;
  3B9F : FF;
  3BA0 : FF;
  3BA1 : FF;
  3BA2 : F9;
  3BA3 : ED;
  3BA4 : F1;
  3BA5 : ED;
  3BA6 : ED;
  3BA7 : ED;
  3BA8 : EE;
  3BA9 : ED;
  3BAA : D2;
  3BAB : BE;
  3BAC : C6;
  3BAD : D2;
  3BAE : C0;
  3BAF : C0;
  3BB0 : D7;
  3BB1 : EE;
  3BB2 : ED;
  3BB3 : ED;
  3BB4 : ED;
  3BB5 : ED;
  3BB6 : ED;
  3BB7 : ED;
  3BB8 : EE;
  3BB9 : F8;
  3BBA : F8;
  3BBB : FF;
  3BBC : FF;
  3BBD : FF;
  3BBE : FF;
  3BBF : FF;
  3BC0 : FF;
  3BC1 : FF;
  3BC2 : FF;
  3BC3 : FF;
  3BC4 : FF;
  3BC5 : FF;
  3BC6 : FF;
  3BC7 : FF;
  3BC8 : FF;
  3BC9 : FF;
  3BCA : FF;
  3BCB : FF;
  3BCC : FF;
  3BCD : FF;
  3BCE : FF;
  3BCF : FF;
  3BD0 : FF;
  3BD1 : FF;
  3BD2 : FF;
  3BD3 : FF;
  3BD4 : FF;
  3BD5 : FF;
  3BD6 : FF;
  3BD7 : FF;
  3BD8 : FF;
  3BD9 : FF;
  3BDA : FF;
  3BDB : E3;
  3BDC : 88;
  3BDD : 87;
  3BDE : 85;
  3BDF : 85;
  3BE0 : 85;
  3BE1 : 85;
  3BE2 : 85;
  3BE3 : 85;
  3BE4 : 85;
  3BE5 : 85;
  3BE6 : 85;
  3BE7 : 85;
  3BE8 : 85;
  3BE9 : 85;
  3BEA : 82;
  3BEB : 74;
  3BEC : 6B;
  3BED : 6E;
  3BEE : 80;
  3BEF : 86;
  3BF0 : 85;
  3BF1 : 85;
  3BF2 : 85;
  3BF3 : 85;
  3BF4 : 85;
  3BF5 : 85;
  3BF6 : 85;
  3BF7 : 85;
  3BF8 : 85;
  3BF9 : 85;
  3BFA : 85;
  3BFB : 85;
  3BFC : 85;
  3BFD : 85;
  3BFE : 85;
  3BFF : 85;
  3C00 : 85;
  3C01 : 85;
  3C02 : 87;
  3C03 : 8C;
  3C04 : 7F;
  3C05 : 51;
  3C06 : 1D;
  3C07 : 37;
  3C08 : 77;
  3C09 : 89;
  3C0A : 85;
  3C0B : 7E;
  3C0C : AC;
  3C0D : DA;
  3C0E : CB;
  3C0F : C1;
  3C10 : C1;
  3C11 : C1;
  3C12 : C1;
  3C13 : C1;
  3C14 : C1;
  3C15 : C1;
  3C16 : C1;
  3C17 : C1;
  3C18 : C1;
  3C19 : C2;
  3C1A : B9;
  3C1B : 99;
  3C1C : 9D;
  3C1D : 9F;
  3C1E : 99;
  3C1F : 8B;
  3C20 : 82;
  3C21 : 84;
  3C22 : 85;
  3C23 : 85;
  3C24 : 82;
  3C25 : AA;
  3C26 : DE;
  3C27 : E1;
  3C28 : DF;
  3C29 : DF;
  3C2A : DF;
  3C2B : DF;
  3C2C : DF;
  3C2D : DF;
  3C2E : DF;
  3C2F : DF;
  3C30 : DF;
  3C31 : DF;
  3C32 : DF;
  3C33 : DF;
  3C34 : DF;
  3C35 : DF;
  3C36 : DF;
  3C37 : DF;
  3C38 : DF;
  3C39 : DF;
  3C3A : DF;
  3C3B : DF;
  3C3C : DF;
  3C3D : DF;
  3C3E : DF;
  3C3F : DF;
  3C40 : DF;
  3C41 : DF;
  3C42 : DF;
  3C43 : DF;
  3C44 : DF;
  3C45 : DF;
  3C46 : DF;
  3C47 : DF;
  3C48 : DF;
  3C49 : DF;
  3C4A : DF;
  3C4B : DF;
  3C4C : DF;
  3C4D : DF;
  3C4E : DF;
  3C4F : DF;
  3C50 : DF;
  3C51 : DF;
  3C52 : DF;
  3C53 : DF;
  3C54 : E0;
  3C55 : EA;
  3C56 : DD;
  3C57 : F4;
  3C58 : FF;
  3C59 : FF;
  3C5A : FF;
  3C5B : FF;
  3C5C : FF;
  3C5D : FF;
  3C5E : FF;
  3C5F : FF;
  3C60 : FF;
  3C61 : FF;
  3C62 : FF;
  3C63 : FF;
  3C64 : FF;
  3C65 : FF;
  3C66 : FF;
  3C67 : FF;
  3C68 : FF;
  3C69 : FF;
  3C6A : FF;
  3C6B : FF;
  3C6C : FF;
  3C6D : FF;
  3C6E : F8;
  3C6F : F3;
  3C70 : EF;
  3C71 : ED;
  3C72 : ED;
  3C73 : ED;
  3C74 : EE;
  3C75 : EB;
  3C76 : CE;
  3C77 : BF;
  3C78 : C2;
  3C79 : C6;
  3C7A : C0;
  3C7B : C5;
  3C7C : E7;
  3C7D : EE;
  3C7E : ED;
  3C7F : ED;
  3C80 : ED;
  3C81 : ED;
  3C82 : ED;
  3C83 : ED;
  3C84 : ED;
  3C85 : FD;
  3C86 : F7;
  3C87 : FF;
  3C88 : FF;
  3C89 : FF;
  3C8A : FF;
  3C8B : FF;
  3C8C : FF;
  3C8D : FF;
  3C8E : FF;
  3C8F : FF;
  3C90 : FF;
  3C91 : FF;
  3C92 : FF;
  3C93 : FF;
  3C94 : FF;
  3C95 : FF;
  3C96 : FF;
  3C97 : FF;
  3C98 : FF;
  3C99 : FF;
  3C9A : FF;
  3C9B : FF;
  3C9C : FF;
  3C9D : FF;
  3C9E : FF;
  3C9F : FF;
  3CA0 : FF;
  3CA1 : FF;
  3CA2 : FF;
  3CA3 : FF;
  3CA4 : FF;
  3CA5 : FF;
  3CA6 : FF;
  3CA7 : B7;
  3CA8 : 88;
  3CA9 : 85;
  3CAA : 85;
  3CAB : 85;
  3CAC : 85;
  3CAD : 85;
  3CAE : 85;
  3CAF : 85;
  3CB0 : 85;
  3CB1 : 85;
  3CB2 : 85;
  3CB3 : 85;
  3CB4 : 85;
  3CB5 : 85;
  3CB6 : 85;
  3CB7 : 85;
  3CB8 : 7F;
  3CB9 : 82;
  3CBA : 85;
  3CBB : 85;
  3CBC : 85;
  3CBD : 85;
  3CBE : 85;
  3CBF : 85;
  3CC0 : 85;
  3CC1 : 85;
  3CC2 : 85;
  3CC3 : 85;
  3CC4 : 85;
  3CC5 : 85;
  3CC6 : 85;
  3CC7 : 85;
  3CC8 : 85;
  3CC9 : 86;
  3CCA : 86;
  3CCB : 86;
  3CCC : 88;
  3CCD : 8A;
  3CCE : 7E;
  3CCF : 5C;
  3CD0 : 30;
  3CD1 : 25;
  3CD2 : 54;
  3CD3 : 82;
  3CD4 : 89;
  3CD5 : 85;
  3CD6 : 85;
  3CD7 : 7E;
  3CD8 : AC;
  3CD9 : DA;
  3CDA : C7;
  3CDB : C1;
  3CDC : C1;
  3CDD : C1;
  3CDE : C1;
  3CDF : C1;
  3CE0 : C1;
  3CE1 : C1;
  3CE2 : C1;
  3CE3 : C1;
  3CE4 : C1;
  3CE5 : C4;
  3CE6 : A6;
  3CE7 : 58;
  3CE8 : 64;
  3CE9 : 78;
  3CEA : 90;
  3CEB : A2;
  3CEC : 98;
  3CED : 85;
  3CEE : 84;
  3CEF : 85;
  3CF0 : 82;
  3CF1 : AD;
  3CF2 : DE;
  3CF3 : E1;
  3CF4 : DF;
  3CF5 : DF;
  3CF6 : DF;
  3CF7 : DF;
  3CF8 : DF;
  3CF9 : DF;
  3CFA : DF;
  3CFB : DF;
  3CFC : DF;
  3CFD : DF;
  3CFE : DF;
  3CFF : DF;
  3D00 : DF;
  3D01 : DF;
  3D02 : DF;
  3D03 : DF;
  3D04 : DF;
  3D05 : DF;
  3D06 : DF;
  3D07 : DF;
  3D08 : DF;
  3D09 : DF;
  3D0A : DF;
  3D0B : DF;
  3D0C : DF;
  3D0D : DF;
  3D0E : DF;
  3D0F : DF;
  3D10 : DF;
  3D11 : DF;
  3D12 : DF;
  3D13 : DF;
  3D14 : DF;
  3D15 : DF;
  3D16 : DF;
  3D17 : DF;
  3D18 : DF;
  3D19 : DF;
  3D1A : DF;
  3D1B : DF;
  3D1C : DF;
  3D1D : DF;
  3D1E : DF;
  3D1F : DF;
  3D20 : DF;
  3D21 : E0;
  3D22 : EA;
  3D23 : E0;
  3D24 : F8;
  3D25 : FF;
  3D26 : FF;
  3D27 : FF;
  3D28 : FF;
  3D29 : FF;
  3D2A : FF;
  3D2B : FF;
  3D2C : FF;
  3D2D : FF;
  3D2E : FF;
  3D2F : FF;
  3D30 : FF;
  3D31 : FF;
  3D32 : FF;
  3D33 : FF;
  3D34 : FF;
  3D35 : FF;
  3D36 : FF;
  3D37 : FF;
  3D38 : FF;
  3D39 : FF;
  3D3A : F7;
  3D3B : FB;
  3D3C : EE;
  3D3D : ED;
  3D3E : ED;
  3D3F : ED;
  3D40 : EE;
  3D41 : E9;
  3D42 : CC;
  3D43 : BF;
  3D44 : C2;
  3D45 : C0;
  3D46 : BF;
  3D47 : D6;
  3D48 : ED;
  3D49 : ED;
  3D4A : ED;
  3D4B : ED;
  3D4C : ED;
  3D4D : ED;
  3D4E : ED;
  3D4F : ED;
  3D50 : ED;
  3D51 : FD;
  3D52 : F7;
  3D53 : FF;
  3D54 : FF;
  3D55 : FF;
  3D56 : FF;
  3D57 : FF;
  3D58 : FF;
  3D59 : FF;
  3D5A : FF;
  3D5B : FF;
  3D5C : FF;
  3D5D : FF;
  3D5E : FF;
  3D5F : FF;
  3D60 : FF;
  3D61 : FF;
  3D62 : FF;
  3D63 : FF;
  3D64 : FF;
  3D65 : FF;
  3D66 : FF;
  3D67 : FF;
  3D68 : FF;
  3D69 : FF;
  3D6A : FF;
  3D6B : FF;
  3D6C : FF;
  3D6D : FF;
  3D6E : FF;
  3D6F : FF;
  3D70 : FF;
  3D71 : FF;
  3D72 : F5;
  3D73 : 97;
  3D74 : 89;
  3D75 : 85;
  3D76 : 85;
  3D77 : 85;
  3D78 : 85;
  3D79 : 85;
  3D7A : 85;
  3D7B : 85;
  3D7C : 85;
  3D7D : 85;
  3D7E : 85;
  3D7F : 85;
  3D80 : 85;
  3D81 : 85;
  3D82 : 85;
  3D83 : 85;
  3D84 : 86;
  3D85 : 85;
  3D86 : 85;
  3D87 : 85;
  3D88 : 85;
  3D89 : 85;
  3D8A : 85;
  3D8B : 85;
  3D8C : 85;
  3D8D : 85;
  3D8E : 85;
  3D8F : 85;
  3D90 : 85;
  3D91 : 85;
  3D92 : 85;
  3D93 : 85;
  3D94 : 84;
  3D95 : 83;
  3D96 : 82;
  3D97 : 7E;
  3D98 : 6A;
  3D99 : 4D;
  3D9A : 32;
  3D9B : 32;
  3D9C : 4F;
  3D9D : 76;
  3D9E : 8A;
  3D9F : 87;
  3DA0 : 85;
  3DA1 : 85;
  3DA2 : 85;
  3DA3 : 7F;
  3DA4 : AB;
  3DA5 : D9;
  3DA6 : C5;
  3DA7 : C0;
  3DA8 : C1;
  3DA9 : C1;
  3DAA : C1;
  3DAB : C1;
  3DAC : C1;
  3DAD : C1;
  3DAE : C1;
  3DAF : C1;
  3DB0 : C2;
  3DB1 : C3;
  3DB2 : 9E;
  3DB3 : 52;
  3DB4 : 50;
  3DB5 : 4E;
  3DB6 : 54;
  3DB7 : 6C;
  3DB8 : 96;
  3DB9 : 9F;
  3DBA : 86;
  3DBB : 83;
  3DBC : 82;
  3DBD : B0;
  3DBE : DF;
  3DBF : E0;
  3DC0 : DF;
  3DC1 : DF;
  3DC2 : DF;
  3DC3 : DF;
  3DC4 : DF;
  3DC5 : DF;
  3DC6 : DF;
  3DC7 : DF;
  3DC8 : DF;
  3DC9 : DF;
  3DCA : DF;
  3DCB : DF;
  3DCC : DF;
  3DCD : DF;
  3DCE : DF;
  3DCF : DF;
  3DD0 : DF;
  3DD1 : DF;
  3DD2 : DF;
  3DD3 : DF;
  3DD4 : DF;
  3DD5 : DF;
  3DD6 : DF;
  3DD7 : DF;
  3DD8 : DF;
  3DD9 : DF;
  3DDA : DF;
  3DDB : DF;
  3DDC : DF;
  3DDD : DF;
  3DDE : DF;
  3DDF : DF;
  3DE0 : DF;
  3DE1 : DF;
  3DE2 : DF;
  3DE3 : DF;
  3DE4 : DF;
  3DE5 : DF;
  3DE6 : DF;
  3DE7 : DF;
  3DE8 : DF;
  3DE9 : DF;
  3DEA : DF;
  3DEB : DF;
  3DEC : DF;
  3DED : DF;
  3DEE : E1;
  3DEF : E6;
  3DF0 : E3;
  3DF1 : FE;
  3DF2 : FF;
  3DF3 : FF;
  3DF4 : FF;
  3DF5 : FF;
  3DF6 : FF;
  3DF7 : FF;
  3DF8 : FF;
  3DF9 : FF;
  3DFA : FF;
  3DFB : FF;
  3DFC : FF;
  3DFD : FF;
  3DFE : FF;
  3DFF : FF;
  3E00 : FF;
  3E01 : FF;
  3E02 : FF;
  3E03 : FF;
  3E04 : FF;
  3E05 : FF;
  3E06 : F6;
  3E07 : FE;
  3E08 : ED;
  3E09 : ED;
  3E0A : ED;
  3E0B : ED;
  3E0C : EE;
  3E0D : E7;
  3E0E : C9;
  3E0F : C0;
  3E10 : C2;
  3E11 : C0;
  3E12 : C6;
  3E13 : E5;
  3E14 : EE;
  3E15 : ED;
  3E16 : ED;
  3E17 : ED;
  3E18 : ED;
  3E19 : ED;
  3E1A : ED;
  3E1B : ED;
  3E1C : ED;
  3E1D : FB;
  3E1E : F5;
  3E1F : FF;
  3E20 : FF;
  3E21 : FF;
  3E22 : FF;
  3E23 : FF;
  3E24 : FF;
  3E25 : FF;
  3E26 : FF;
  3E27 : FF;
  3E28 : FF;
  3E29 : FF;
  3E2A : FF;
  3E2B : FF;
  3E2C : FF;
  3E2D : FF;
  3E2E : FF;
  3E2F : FF;
  3E30 : FF;
  3E31 : FF;
  3E32 : FF;
  3E33 : FF;
  3E34 : FF;
  3E35 : FF;
  3E36 : FF;
  3E37 : FF;
  3E38 : FF;
  3E39 : FF;
  3E3A : FF;
  3E3B : FF;
  3E3C : FF;
  3E3D : FF;
  3E3E : D4;
  3E3F : 8A;
  3E40 : 88;
  3E41 : 85;
  3E42 : 85;
  3E43 : 85;
  3E44 : 85;
  3E45 : 85;
  3E46 : 85;
  3E47 : 85;
  3E48 : 85;
  3E49 : 85;
  3E4A : 85;
  3E4B : 85;
  3E4C : 85;
  3E4D : 85;
  3E4E : 85;
  3E4F : 85;
  3E50 : 85;
  3E51 : 85;
  3E52 : 85;
  3E53 : 85;
  3E54 : 85;
  3E55 : 85;
  3E56 : 85;
  3E57 : 85;
  3E58 : 85;
  3E59 : 85;
  3E5A : 85;
  3E5B : 85;
  3E5C : 85;
  3E5D : 85;
  3E5E : 85;
  3E5F : 80;
  3E60 : 72;
  3E61 : 62;
  3E62 : 50;
  3E63 : 46;
  3E64 : 47;
  3E65 : 52;
  3E66 : 68;
  3E67 : 7C;
  3E68 : 89;
  3E69 : 8A;
  3E6A : 85;
  3E6B : 85;
  3E6C : 85;
  3E6D : 85;
  3E6E : 85;
  3E6F : 7F;
  3E70 : A7;
  3E71 : D7;
  3E72 : C6;
  3E73 : C0;
  3E74 : C1;
  3E75 : C1;
  3E76 : C1;
  3E77 : C1;
  3E78 : C1;
  3E79 : C1;
  3E7A : C1;
  3E7B : C1;
  3E7C : C2;
  3E7D : C3;
  3E7E : 96;
  3E7F : 53;
  3E80 : 54;
  3E81 : 55;
  3E82 : 52;
  3E83 : 4E;
  3E84 : 5D;
  3E85 : 91;
  3E86 : 9C;
  3E87 : 84;
  3E88 : 82;
  3E89 : B0;
  3E8A : DF;
  3E8B : E0;
  3E8C : DF;
  3E8D : DF;
  3E8E : DF;
  3E8F : DF;
  3E90 : DF;
  3E91 : DF;
  3E92 : DF;
  3E93 : DF;
  3E94 : DF;
  3E95 : DF;
  3E96 : DF;
  3E97 : DF;
  3E98 : DF;
  3E99 : DF;
  3E9A : DF;
  3E9B : DF;
  3E9C : DF;
  3E9D : DF;
  3E9E : DF;
  3E9F : DF;
  3EA0 : DF;
  3EA1 : DF;
  3EA2 : DF;
  3EA3 : DF;
  3EA4 : DF;
  3EA5 : DF;
  3EA6 : DF;
  3EA7 : DF;
  3EA8 : DF;
  3EA9 : DF;
  3EAA : DF;
  3EAB : DF;
  3EAC : DF;
  3EAD : DF;
  3EAE : DF;
  3EAF : DF;
  3EB0 : DF;
  3EB1 : DF;
  3EB2 : DF;
  3EB3 : DF;
  3EB4 : DF;
  3EB5 : DF;
  3EB6 : DF;
  3EB7 : DF;
  3EB8 : DF;
  3EB9 : DF;
  3EBA : DF;
  3EBB : E5;
  3EBC : DB;
  3EBD : EB;
  3EBE : FF;
  3EBF : FF;
  3EC0 : FF;
  3EC1 : FF;
  3EC2 : FF;
  3EC3 : FF;
  3EC4 : FF;
  3EC5 : FF;
  3EC6 : FF;
  3EC7 : FF;
  3EC8 : FF;
  3EC9 : FF;
  3ECA : FF;
  3ECB : FF;
  3ECC : FF;
  3ECD : FF;
  3ECE : FF;
  3ECF : FF;
  3ED0 : FF;
  3ED1 : FF;
  3ED2 : F6;
  3ED3 : FC;
  3ED4 : ED;
  3ED5 : ED;
  3ED6 : ED;
  3ED7 : ED;
  3ED8 : EE;
  3ED9 : E5;
  3EDA : C7;
  3EDB : C0;
  3EDC : C1;
  3EDD : BF;
  3EDE : D7;
  3EDF : EE;
  3EE0 : ED;
  3EE1 : ED;
  3EE2 : ED;
  3EE3 : ED;
  3EE4 : ED;
  3EE5 : ED;
  3EE6 : ED;
  3EE7 : ED;
  3EE8 : ED;
  3EE9 : FB;
  3EEA : F4;
  3EEB : FF;
  3EEC : FF;
  3EED : FF;
  3EEE : FF;
  3EEF : FF;
  3EF0 : FF;
  3EF1 : FF;
  3EF2 : FF;
  3EF3 : FF;
  3EF4 : FF;
  3EF5 : FF;
  3EF6 : FF;
  3EF7 : FF;
  3EF8 : FF;
  3EF9 : FF;
  3EFA : FF;
  3EFB : FF;
  3EFC : FF;
  3EFD : FF;
  3EFE : FF;
  3EFF : FF;
  3F00 : FF;
  3F01 : FF;
  3F02 : FF;
  3F03 : FF;
  3F04 : FF;
  3F05 : FF;
  3F06 : FF;
  3F07 : FF;
  3F08 : FF;
  3F09 : FF;
  3F0A : B6;
  3F0B : 8B;
  3F0C : 85;
  3F0D : 85;
  3F0E : 85;
  3F0F : 85;
  3F10 : 85;
  3F11 : 85;
  3F12 : 85;
  3F13 : 85;
  3F14 : 85;
  3F15 : 85;
  3F16 : 85;
  3F17 : 85;
  3F18 : 85;
  3F19 : 85;
  3F1A : 85;
  3F1B : 85;
  3F1C : 85;
  3F1D : 85;
  3F1E : 85;
  3F1F : 85;
  3F20 : 85;
  3F21 : 85;
  3F22 : 85;
  3F23 : 85;
  3F24 : 85;
  3F25 : 85;
  3F26 : 85;
  3F27 : 85;
  3F28 : 85;
  3F29 : 85;
  3F2A : 85;
  3F2B : 81;
  3F2C : 7D;
  3F2D : 7A;
  3F2E : 7E;
  3F2F : 81;
  3F30 : 83;
  3F31 : 85;
  3F32 : 89;
  3F33 : 88;
  3F34 : 85;
  3F35 : 85;
  3F36 : 85;
  3F37 : 85;
  3F38 : 85;
  3F39 : 85;
  3F3A : 85;
  3F3B : 81;
  3F3C : 9B;
  3F3D : D1;
  3F3E : C8;
  3F3F : C0;
  3F40 : C1;
  3F41 : C1;
  3F42 : C1;
  3F43 : C1;
  3F44 : C1;
  3F45 : C1;
  3F46 : C1;
  3F47 : C1;
  3F48 : C2;
  3F49 : C2;
  3F4A : 8D;
  3F4B : 52;
  3F4C : 54;
  3F4D : 54;
  3F4E : 54;
  3F4F : 60;
  3F50 : 6A;
  3F51 : 72;
  3F52 : 95;
  3F53 : 90;
  3F54 : 80;
  3F55 : B0;
  3F56 : DF;
  3F57 : E0;
  3F58 : DF;
  3F59 : DF;
  3F5A : DF;
  3F5B : DF;
  3F5C : DF;
  3F5D : DF;
  3F5E : DF;
  3F5F : DF;
  3F60 : DF;
  3F61 : DF;
  3F62 : DF;
  3F63 : DF;
  3F64 : DF;
  3F65 : DF;
  3F66 : DF;
  3F67 : DF;
  3F68 : DF;
  3F69 : DF;
  3F6A : DF;
  3F6B : DF;
  3F6C : DF;
  3F6D : DF;
  3F6E : DF;
  3F6F : DF;
  3F70 : DF;
  3F71 : DF;
  3F72 : DF;
  3F73 : DF;
  3F74 : DF;
  3F75 : DF;
  3F76 : DF;
  3F77 : DF;
  3F78 : DF;
  3F79 : DF;
  3F7A : DF;
  3F7B : DF;
  3F7C : DF;
  3F7D : DF;
  3F7E : DF;
  3F7F : DF;
  3F80 : DF;
  3F81 : DF;
  3F82 : DF;
  3F83 : DF;
  3F84 : DF;
  3F85 : DF;
  3F86 : DF;
  3F87 : DF;
  3F88 : E8;
  3F89 : DB;
  3F8A : F6;
  3F8B : FF;
  3F8C : FF;
  3F8D : FF;
  3F8E : FF;
  3F8F : FF;
  3F90 : FF;
  3F91 : FF;
  3F92 : FF;
  3F93 : FF;
  3F94 : FF;
  3F95 : FF;
  3F96 : FF;
  3F97 : FF;
  3F98 : FF;
  3F99 : FF;
  3F9A : FF;
  3F9B : FF;
  3F9C : FF;
  3F9D : FF;
  3F9E : F5;
  3F9F : FB;
  3FA0 : ED;
  3FA1 : ED;
  3FA2 : EE;
  3FA3 : EE;
  3FA4 : EF;
  3FA5 : E7;
  3FA6 : C7;
  3FA7 : C0;
  3FA8 : BF;
  3FA9 : C9;
  3FAA : E8;
  3FAB : EE;
  3FAC : ED;
  3FAD : ED;
  3FAE : ED;
  3FAF : ED;
  3FB0 : ED;
  3FB1 : ED;
  3FB2 : ED;
  3FB3 : ED;
  3FB4 : ED;
  3FB5 : F9;
  3FB6 : F3;
  3FB7 : FE;
  3FB8 : FF;
  3FB9 : FF;
  3FBA : FF;
  3FBB : FF;
  3FBC : FF;
  3FBD : FF;
  3FBE : FF;
  3FBF : FF;
  3FC0 : FF;
  3FC1 : FF;
  3FC2 : FF;
  3FC3 : FF;
  3FC4 : FF;
  3FC5 : FF;
  3FC6 : FF;
  3FC7 : FF;
  3FC8 : FF;
  3FC9 : FF;
  3FCA : FF;
  3FCB : FF;
  3FCC : FF;
  3FCD : FF;
  3FCE : FF;
  3FCF : FF;
  3FD0 : FF;
  3FD1 : FF;
  3FD2 : FF;
  3FD3 : FF;
  3FD4 : FF;
  3FD5 : F8;
  3FD6 : A2;
  3FD7 : 8D;
  3FD8 : 85;
  3FD9 : 85;
  3FDA : 85;
  3FDB : 85;
  3FDC : 85;
  3FDD : 85;
  3FDE : 85;
  3FDF : 85;
  3FE0 : 85;
  3FE1 : 85;
  3FE2 : 85;
  3FE3 : 85;
  3FE4 : 85;
  3FE5 : 85;
  3FE6 : 85;
  3FE7 : 85;
  3FE8 : 85;
  3FE9 : 85;
  3FEA : 85;
  3FEB : 85;
  3FEC : 85;
  3FED : 85;
  3FEE : 85;
  3FEF : 85;
  3FF0 : 85;
  3FF1 : 85;
  3FF2 : 85;
  3FF3 : 85;
  3FF4 : 85;
  3FF5 : 85;
  3FF6 : 85;
  3FF7 : 85;
  3FF8 : 85;
  3FF9 : 86;
  3FFA : 86;
  3FFB : 86;
  3FFC : 86;
  3FFD : 85;
  3FFE : 85;
  3FFF : 85;
  4000 : 85;
  4001 : 85;
  4002 : 85;
  4003 : 85;
  4004 : 85;
  4005 : 85;
  4006 : 85;
  4007 : 84;
  4008 : 87;
  4009 : C1;
  400A : CC;
  400B : C1;
  400C : C1;
  400D : C1;
  400E : C1;
  400F : C1;
  4010 : C1;
  4011 : C1;
  4012 : C1;
  4013 : C1;
  4014 : C2;
  4015 : C2;
  4016 : 85;
  4017 : 52;
  4018 : 54;
  4019 : 54;
  401A : 61;
  401B : 72;
  401C : 74;
  401D : 6F;
  401E : 80;
  401F : 9E;
  4020 : 7F;
  4021 : AE;
  4022 : DF;
  4023 : E0;
  4024 : DF;
  4025 : DF;
  4026 : DF;
  4027 : DF;
  4028 : DF;
  4029 : DF;
  402A : DF;
  402B : DF;
  402C : DF;
  402D : DF;
  402E : DF;
  402F : DF;
  4030 : DF;
  4031 : DF;
  4032 : DF;
  4033 : DF;
  4034 : DF;
  4035 : DF;
  4036 : DF;
  4037 : DF;
  4038 : DF;
  4039 : DF;
  403A : DF;
  403B : DF;
  403C : DF;
  403D : DF;
  403E : DF;
  403F : DF;
  4040 : DF;
  4041 : DF;
  4042 : DF;
  4043 : DF;
  4044 : DF;
  4045 : DF;
  4046 : DF;
  4047 : DF;
  4048 : DF;
  4049 : DF;
  404A : DF;
  404B : DF;
  404C : DF;
  404D : DF;
  404E : DF;
  404F : DF;
  4050 : DF;
  4051 : DF;
  4052 : DF;
  4053 : DF;
  4054 : E1;
  4055 : E6;
  4056 : E2;
  4057 : FF;
  4058 : FF;
  4059 : FF;
  405A : FF;
  405B : FF;
  405C : FF;
  405D : FF;
  405E : FF;
  405F : FF;
  4060 : FF;
  4061 : FF;
  4062 : FF;
  4063 : FF;
  4064 : FF;
  4065 : FF;
  4066 : FF;
  4067 : FF;
  4068 : FF;
  4069 : FF;
  406A : F4;
  406B : FB;
  406C : EE;
  406D : ED;
  406E : EA;
  406F : E6;
  4070 : E1;
  4071 : D6;
  4072 : C4;
  4073 : C0;
  4074 : C2;
  4075 : DE;
  4076 : EE;
  4077 : ED;
  4078 : ED;
  4079 : ED;
  407A : ED;
  407B : ED;
  407C : ED;
  407D : ED;
  407E : ED;
  407F : ED;
  4080 : ED;
  4081 : F8;
  4082 : F3;
  4083 : FE;
  4084 : FF;
  4085 : FF;
  4086 : FF;
  4087 : FF;
  4088 : FF;
  4089 : FF;
  408A : FF;
  408B : FF;
  408C : FF;
  408D : FF;
  408E : FF;
  408F : FF;
  4090 : FF;
  4091 : FF;
  4092 : FF;
  4093 : FF;
  4094 : FF;
  4095 : FF;
  4096 : FF;
  4097 : FF;
  4098 : FF;
  4099 : FF;
  409A : FF;
  409B : FF;
  409C : FF;
  409D : FF;
  409E : FF;
  409F : FF;
  40A0 : FF;
  40A1 : E3;
  40A2 : 91;
  40A3 : 89;
  40A4 : 85;
  40A5 : 85;
  40A6 : 85;
  40A7 : 85;
  40A8 : 85;
  40A9 : 85;
  40AA : 85;
  40AB : 85;
  40AC : 85;
  40AD : 85;
  40AE : 85;
  40AF : 85;
  40B0 : 85;
  40B1 : 85;
  40B2 : 85;
  40B3 : 85;
  40B4 : 85;
  40B5 : 85;
  40B6 : 85;
  40B7 : 85;
  40B8 : 85;
  40B9 : 85;
  40BA : 85;
  40BB : 85;
  40BC : 85;
  40BD : 85;
  40BE : 85;
  40BF : 85;
  40C0 : 85;
  40C1 : 85;
  40C2 : 85;
  40C3 : 85;
  40C4 : 85;
  40C5 : 85;
  40C6 : 85;
  40C7 : 85;
  40C8 : 85;
  40C9 : 85;
  40CA : 85;
  40CB : 85;
  40CC : 85;
  40CD : 85;
  40CE : 85;
  40CF : 85;
  40D0 : 85;
  40D1 : 85;
  40D2 : 85;
  40D3 : 85;
  40D4 : 7F;
  40D5 : AB;
  40D6 : D0;
  40D7 : C2;
  40D8 : C1;
  40D9 : C1;
  40DA : C1;
  40DB : C1;
  40DC : C1;
  40DD : C1;
  40DE : C1;
  40DF : C1;
  40E0 : C2;
  40E1 : C1;
  40E2 : 7B;
  40E3 : 52;
  40E4 : 53;
  40E5 : 59;
  40E6 : 6F;
  40E7 : 73;
  40E8 : 72;
  40E9 : 6F;
  40EA : 7F;
  40EB : A1;
  40EC : 82;
  40ED : A9;
  40EE : DE;
  40EF : E1;
  40F0 : DF;
  40F1 : DF;
  40F2 : DF;
  40F3 : DF;
  40F4 : DF;
  40F5 : DF;
  40F6 : DF;
  40F7 : DF;
  40F8 : DF;
  40F9 : DF;
  40FA : DF;
  40FB : DF;
  40FC : DF;
  40FD : DF;
  40FE : DF;
  40FF : DF;
  4100 : DF;
  4101 : DF;
  4102 : DF;
  4103 : DF;
  4104 : DF;
  4105 : DF;
  4106 : DF;
  4107 : DF;
  4108 : DF;
  4109 : DF;
  410A : DF;
  410B : DF;
  410C : DF;
  410D : DF;
  410E : DF;
  410F : DF;
  4110 : DF;
  4111 : DF;
  4112 : DF;
  4113 : DF;
  4114 : DF;
  4115 : DF;
  4116 : DF;
  4117 : DF;
  4118 : DF;
  4119 : DF;
  411A : DF;
  411B : DF;
  411C : DF;
  411D : DF;
  411E : DF;
  411F : DF;
  4120 : DF;
  4121 : E6;
  4122 : DC;
  4123 : ED;
  4124 : FF;
  4125 : FF;
  4126 : FF;
  4127 : FF;
  4128 : FF;
  4129 : FF;
  412A : FF;
  412B : FF;
  412C : FF;
  412D : FF;
  412E : FF;
  412F : FF;
  4130 : FF;
  4131 : FE;
  4132 : FF;
  4133 : FB;
  4134 : F4;
  4135 : EC;
  4136 : DE;
  4137 : DF;
  4138 : D0;
  4139 : CC;
  413A : CA;
  413B : C7;
  413C : C3;
  413D : C0;
  413E : C0;
  413F : C0;
  4140 : C8;
  4141 : E5;
  4142 : ED;
  4143 : EE;
  4144 : EE;
  4145 : ED;
  4146 : ED;
  4147 : ED;
  4148 : ED;
  4149 : ED;
  414A : ED;
  414B : ED;
  414C : ED;
  414D : F7;
  414E : F3;
  414F : FE;
  4150 : FF;
  4151 : FF;
  4152 : FF;
  4153 : FF;
  4154 : FF;
  4155 : FF;
  4156 : FF;
  4157 : FF;
  4158 : FF;
  4159 : FF;
  415A : FF;
  415B : FF;
  415C : FF;
  415D : FF;
  415E : FF;
  415F : FF;
  4160 : FF;
  4161 : FF;
  4162 : FF;
  4163 : FF;
  4164 : FF;
  4165 : FF;
  4166 : FF;
  4167 : FF;
  4168 : FF;
  4169 : FF;
  416A : FF;
  416B : FF;
  416C : FF;
  416D : CF;
  416E : 87;
  416F : 87;
  4170 : 85;
  4171 : 85;
  4172 : 85;
  4173 : 85;
  4174 : 85;
  4175 : 85;
  4176 : 85;
  4177 : 85;
  4178 : 85;
  4179 : 85;
  417A : 85;
  417B : 85;
  417C : 85;
  417D : 85;
  417E : 85;
  417F : 85;
  4180 : 85;
  4181 : 85;
  4182 : 85;
  4183 : 85;
  4184 : 85;
  4185 : 85;
  4186 : 85;
  4187 : 85;
  4188 : 85;
  4189 : 85;
  418A : 85;
  418B : 85;
  418C : 85;
  418D : 85;
  418E : 85;
  418F : 85;
  4190 : 85;
  4191 : 85;
  4192 : 85;
  4193 : 85;
  4194 : 85;
  4195 : 85;
  4196 : 85;
  4197 : 85;
  4198 : 85;
  4199 : 85;
  419A : 85;
  419B : 85;
  419C : 85;
  419D : 85;
  419E : 85;
  419F : 85;
  41A0 : 84;
  41A1 : 8B;
  41A2 : C5;
  41A3 : C5;
  41A4 : C1;
  41A5 : C1;
  41A6 : C1;
  41A7 : C1;
  41A8 : C1;
  41A9 : C1;
  41AA : C1;
  41AB : C1;
  41AC : C2;
  41AD : C0;
  41AE : 71;
  41AF : 51;
  41B0 : 53;
  41B1 : 62;
  41B2 : 73;
  41B3 : 73;
  41B4 : 72;
  41B5 : 6F;
  41B6 : 7F;
  41B7 : A1;
  41B8 : 81;
  41B9 : A4;
  41BA : DD;
  41BB : E1;
  41BC : DF;
  41BD : DF;
  41BE : DF;
  41BF : DF;
  41C0 : DF;
  41C1 : DF;
  41C2 : DF;
  41C3 : DF;
  41C4 : DF;
  41C5 : DF;
  41C6 : DF;
  41C7 : DF;
  41C8 : DF;
  41C9 : DF;
  41CA : DF;
  41CB : DF;
  41CC : DF;
  41CD : DF;
  41CE : DF;
  41CF : DF;
  41D0 : DF;
  41D1 : DF;
  41D2 : DF;
  41D3 : DF;
  41D4 : DF;
  41D5 : DF;
  41D6 : DF;
  41D7 : DF;
  41D8 : DF;
  41D9 : DF;
  41DA : DF;
  41DB : DF;
  41DC : DF;
  41DD : DF;
  41DE : DF;
  41DF : DF;
  41E0 : DF;
  41E1 : DF;
  41E2 : DF;
  41E3 : DF;
  41E4 : DF;
  41E5 : DF;
  41E6 : DF;
  41E7 : DF;
  41E8 : DF;
  41E9 : DF;
  41EA : DF;
  41EB : DF;
  41EC : DF;
  41ED : DF;
  41EE : EA;
  41EF : E0;
  41F0 : F8;
  41F1 : FF;
  41F2 : FF;
  41F3 : FF;
  41F4 : FF;
  41F5 : FF;
  41F6 : FB;
  41F7 : FA;
  41F8 : F7;
  41F9 : F3;
  41FA : EC;
  41FB : E4;
  41FC : DC;
  41FD : D5;
  41FE : CE;
  41FF : C8;
  4200 : C6;
  4201 : C4;
  4202 : C3;
  4203 : C1;
  4204 : BF;
  4205 : BE;
  4206 : BE;
  4207 : BE;
  4208 : BE;
  4209 : BE;
  420A : BE;
  420B : BF;
  420C : C2;
  420D : C5;
  420E : CF;
  420F : E0;
  4210 : EC;
  4211 : EE;
  4212 : ED;
  4213 : ED;
  4214 : ED;
  4215 : ED;
  4216 : ED;
  4217 : ED;
  4218 : ED;
  4219 : F6;
  421A : F2;
  421B : FD;
  421C : FF;
  421D : FF;
  421E : FF;
  421F : FF;
  4220 : FF;
  4221 : FF;
  4222 : FF;
  4223 : FF;
  4224 : FF;
  4225 : FF;
  4226 : FF;
  4227 : FF;
  4228 : FF;
  4229 : FF;
  422A : FF;
  422B : FF;
  422C : FF;
  422D : FF;
  422E : FF;
  422F : FF;
  4230 : FF;
  4231 : FF;
  4232 : FF;
  4233 : FF;
  4234 : FF;
  4235 : FF;
  4236 : FF;
  4237 : FF;
  4238 : FF;
  4239 : BF;
  423A : 8F;
  423B : 85;
  423C : 85;
  423D : 85;
  423E : 85;
  423F : 85;
  4240 : 85;
  4241 : 85;
  4242 : 85;
  4243 : 85;
  4244 : 85;
  4245 : 85;
  4246 : 85;
  4247 : 85;
  4248 : 85;
  4249 : 85;
  424A : 85;
  424B : 85;
  424C : 85;
  424D : 85;
  424E : 85;
  424F : 85;
  4250 : 85;
  4251 : 85;
  4252 : 85;
  4253 : 85;
  4254 : 85;
  4255 : 85;
  4256 : 85;
  4257 : 85;
  4258 : 85;
  4259 : 85;
  425A : 85;
  425B : 85;
  425C : 85;
  425D : 85;
  425E : 85;
  425F : 85;
  4260 : 85;
  4261 : 85;
  4262 : 85;
  4263 : 85;
  4264 : 85;
  4265 : 85;
  4266 : 85;
  4267 : 85;
  4268 : 85;
  4269 : 85;
  426A : 85;
  426B : 85;
  426C : 85;
  426D : 82;
  426E : A1;
  426F : CA;
  4270 : C1;
  4271 : C1;
  4272 : C1;
  4273 : C1;
  4274 : C1;
  4275 : C1;
  4276 : C1;
  4277 : C1;
  4278 : C2;
  4279 : BF;
  427A : 66;
  427B : 51;
  427C : 53;
  427D : 69;
  427E : 74;
  427F : 72;
  4280 : 72;
  4281 : 70;
  4282 : 81;
  4283 : 9D;
  4284 : 80;
  4285 : A0;
  4286 : DC;
  4287 : E1;
  4288 : DF;
  4289 : DF;
  428A : DF;
  428B : DF;
  428C : DF;
  428D : DF;
  428E : DF;
  428F : DF;
  4290 : DF;
  4291 : DF;
  4292 : DF;
  4293 : DF;
  4294 : DF;
  4295 : DF;
  4296 : DF;
  4297 : DF;
  4298 : DF;
  4299 : DF;
  429A : DF;
  429B : DF;
  429C : DF;
  429D : DF;
  429E : DF;
  429F : DF;
  42A0 : DF;
  42A1 : DF;
  42A2 : DF;
  42A3 : DF;
  42A4 : DF;
  42A5 : DF;
  42A6 : DF;
  42A7 : DF;
  42A8 : DF;
  42A9 : DF;
  42AA : DF;
  42AB : DF;
  42AC : DF;
  42AD : DF;
  42AE : DF;
  42AF : DF;
  42B0 : DF;
  42B1 : DF;
  42B2 : DF;
  42B3 : DF;
  42B4 : DF;
  42B5 : DF;
  42B6 : DF;
  42B7 : DF;
  42B8 : DF;
  42B9 : DF;
  42BA : E1;
  42BB : E0;
  42BC : E6;
  42BD : F4;
  42BE : EE;
  42BF : E9;
  42C0 : E3;
  42C1 : DC;
  42C2 : D4;
  42C3 : CD;
  42C4 : C6;
  42C5 : C2;
  42C6 : C2;
  42C7 : C3;
  42C8 : C4;
  42C9 : C5;
  42CA : C5;
  42CB : C7;
  42CC : C8;
  42CD : C8;
  42CE : C1;
  42CF : BE;
  42D0 : BE;
  42D1 : C1;
  42D2 : C5;
  42D3 : C8;
  42D4 : CC;
  42D5 : CF;
  42D6 : D1;
  42D7 : CB;
  42D8 : C0;
  42D9 : BE;
  42DA : BF;
  42DB : C1;
  42DC : CD;
  42DD : E0;
  42DE : EC;
  42DF : EE;
  42E0 : ED;
  42E1 : ED;
  42E2 : ED;
  42E3 : ED;
  42E4 : ED;
  42E5 : F5;
  42E6 : F2;
  42E7 : FD;
  42E8 : FF;
  42E9 : FF;
  42EA : FF;
  42EB : FF;
  42EC : FF;
  42ED : FF;
  42EE : FF;
  42EF : FF;
  42F0 : FF;
  42F1 : FF;
  42F2 : FF;
  42F3 : FF;
  42F4 : FF;
  42F5 : FF;
  42F6 : FF;
  42F7 : FF;
  42F8 : FF;
  42F9 : FF;
  42FA : FF;
  42FB : FF;
  42FC : FF;
  42FD : FF;
  42FE : FF;
  42FF : FF;
  4300 : FF;
  4301 : FF;
  4302 : FF;
  4303 : FF;
  4304 : FC;
  4305 : B1;
  4306 : 8D;
  4307 : 85;
  4308 : 85;
  4309 : 85;
  430A : 85;
  430B : 85;
  430C : 85;
  430D : 85;
  430E : 85;
  430F : 85;
  4310 : 85;
  4311 : 85;
  4312 : 85;
  4313 : 85;
  4314 : 85;
  4315 : 85;
  4316 : 85;
  4317 : 85;
  4318 : 85;
  4319 : 85;
  431A : 85;
  431B : 85;
  431C : 85;
  431D : 85;
  431E : 85;
  431F : 85;
  4320 : 85;
  4321 : 85;
  4322 : 85;
  4323 : 85;
  4324 : 85;
  4325 : 85;
  4326 : 85;
  4327 : 85;
  4328 : 85;
  4329 : 85;
  432A : 85;
  432B : 85;
  432C : 85;
  432D : 85;
  432E : 85;
  432F : 85;
  4330 : 85;
  4331 : 85;
  4332 : 85;
  4333 : 85;
  4334 : 85;
  4335 : 85;
  4336 : 85;
  4337 : 85;
  4338 : 85;
  4339 : 84;
  433A : 84;
  433B : AA;
  433C : C4;
  433D : C2;
  433E : C1;
  433F : C1;
  4340 : C1;
  4341 : C1;
  4342 : C1;
  4343 : C1;
  4344 : C3;
  4345 : BB;
  4346 : 60;
  4347 : 51;
  4348 : 53;
  4349 : 6A;
  434A : 74;
  434B : 72;
  434C : 70;
  434D : 74;
  434E : 99;
  434F : 8D;
  4350 : 81;
  4351 : 98;
  4352 : DB;
  4353 : E1;
  4354 : DF;
  4355 : DF;
  4356 : DF;
  4357 : DF;
  4358 : DF;
  4359 : DF;
  435A : DF;
  435B : DF;
  435C : DF;
  435D : DF;
  435E : DF;
  435F : DF;
  4360 : DF;
  4361 : DF;
  4362 : DF;
  4363 : DF;
  4364 : DF;
  4365 : DF;
  4366 : DF;
  4367 : DF;
  4368 : DF;
  4369 : DF;
  436A : DF;
  436B : DF;
  436C : DF;
  436D : DF;
  436E : DF;
  436F : DF;
  4370 : DF;
  4371 : DF;
  4372 : DF;
  4373 : DF;
  4374 : DF;
  4375 : DF;
  4376 : DF;
  4377 : DF;
  4378 : DF;
  4379 : DF;
  437A : DF;
  437B : DF;
  437C : DF;
  437D : DF;
  437E : DF;
  437F : DF;
  4380 : DF;
  4381 : DF;
  4382 : DF;
  4383 : DF;
  4384 : DF;
  4385 : DF;
  4386 : DF;
  4387 : E2;
  4388 : CF;
  4389 : C6;
  438A : C3;
  438B : C8;
  438C : C8;
  438D : C7;
  438E : C7;
  438F : C6;
  4390 : C5;
  4391 : C5;
  4392 : C5;
  4393 : C6;
  4394 : C7;
  4395 : C7;
  4396 : C7;
  4397 : C4;
  4398 : C9;
  4399 : CE;
  439A : D2;
  439B : D8;
  439C : D9;
  439D : DE;
  439E : E2;
  439F : E6;
  43A0 : EB;
  43A1 : EE;
  43A2 : EF;
  43A3 : EA;
  43A4 : DC;
  43A5 : CC;
  43A6 : C1;
  43A7 : BF;
  43A8 : BE;
  43A9 : C1;
  43AA : D2;
  43AB : E9;
  43AC : EE;
  43AD : ED;
  43AE : ED;
  43AF : ED;
  43B0 : ED;
  43B1 : F4;
  43B2 : F1;
  43B3 : FC;
  43B4 : FF;
  43B5 : FF;
  43B6 : FF;
  43B7 : FF;
  43B8 : FF;
  43B9 : FF;
  43BA : FF;
  43BB : FF;
  43BC : FF;
  43BD : FF;
  43BE : FF;
  43BF : FF;
  43C0 : FF;
  43C1 : FF;
  43C2 : FF;
  43C3 : FF;
  43C4 : FF;
  43C5 : FF;
  43C6 : FF;
  43C7 : FF;
  43C8 : FF;
  43C9 : FF;
  43CA : FF;
  43CB : FF;
  43CC : FF;
  43CD : FF;
  43CE : FF;
  43CF : FF;
  43D0 : F4;
  43D1 : A3;
  43D2 : 8B;
  43D3 : 85;
  43D4 : 85;
  43D5 : 85;
  43D6 : 85;
  43D7 : 85;
  43D8 : 85;
  43D9 : 85;
  43DA : 85;
  43DB : 85;
  43DC : 85;
  43DD : 85;
  43DE : 85;
  43DF : 85;
  43E0 : 85;
  43E1 : 85;
  43E2 : 85;
  43E3 : 85;
  43E4 : 85;
  43E5 : 85;
  43E6 : 85;
  43E7 : 85;
  43E8 : 85;
  43E9 : 85;
  43EA : 85;
  43EB : 85;
  43EC : 85;
  43ED : 85;
  43EE : 85;
  43EF : 85;
  43F0 : 85;
  43F1 : 85;
  43F2 : 85;
  43F3 : 85;
  43F4 : 85;
  43F5 : 85;
  43F6 : 85;
  43F7 : 85;
  43F8 : 85;
  43F9 : 85;
  43FA : 85;
  43FB : 85;
  43FC : 85;
  43FD : 85;
  43FE : 85;
  43FF : 85;
  4400 : 85;
  4401 : 85;
  4402 : 85;
  4403 : 85;
  4404 : 85;
  4405 : 85;
  4406 : 83;
  4407 : 85;
  4408 : A5;
  4409 : BF;
  440A : C2;
  440B : C2;
  440C : C1;
  440D : C1;
  440E : C1;
  440F : C1;
  4410 : C3;
  4411 : B2;
  4412 : 5E;
  4413 : 51;
  4414 : 53;
  4415 : 67;
  4416 : 72;
  4417 : 70;
  4418 : 73;
  4419 : 95;
  441A : 99;
  441B : 83;
  441C : 83;
  441D : 8E;
  441E : D9;
  441F : E1;
  4420 : DF;
  4421 : DF;
  4422 : DF;
  4423 : DF;
  4424 : DF;
  4425 : DF;
  4426 : DF;
  4427 : DF;
  4428 : DF;
  4429 : DF;
  442A : DF;
  442B : DF;
  442C : DF;
  442D : DF;
  442E : DF;
  442F : DF;
  4430 : DF;
  4431 : DF;
  4432 : DF;
  4433 : DF;
  4434 : DF;
  4435 : DF;
  4436 : DF;
  4437 : DF;
  4438 : DF;
  4439 : DF;
  443A : DF;
  443B : DF;
  443C : DF;
  443D : DF;
  443E : DF;
  443F : DF;
  4440 : DF;
  4441 : DF;
  4442 : DF;
  4443 : DF;
  4444 : DF;
  4445 : DF;
  4446 : DF;
  4447 : DF;
  4448 : DF;
  4449 : DF;
  444A : DF;
  444B : DF;
  444C : DF;
  444D : DF;
  444E : DF;
  444F : DF;
  4450 : DF;
  4451 : DF;
  4452 : DF;
  4453 : E0;
  4454 : DF;
  4455 : C7;
  4456 : C4;
  4457 : C7;
  4458 : C5;
  4459 : C4;
  445A : C2;
  445B : C2;
  445C : C2;
  445D : C4;
  445E : CC;
  445F : D4;
  4460 : DB;
  4461 : E3;
  4462 : EC;
  4463 : F1;
  4464 : F5;
  4465 : F7;
  4466 : F0;
  4467 : F6;
  4468 : EE;
  4469 : EF;
  446A : EE;
  446B : EE;
  446C : EE;
  446D : ED;
  446E : ED;
  446F : EE;
  4470 : EE;
  4471 : EA;
  4472 : E1;
  4473 : D3;
  4474 : C7;
  4475 : C1;
  4476 : BE;
  4477 : CC;
  4478 : E9;
  4479 : EE;
  447A : ED;
  447B : ED;
  447C : ED;
  447D : F3;
  447E : F0;
  447F : FC;
  4480 : FF;
  4481 : FF;
  4482 : FF;
  4483 : FF;
  4484 : FF;
  4485 : FF;
  4486 : FF;
  4487 : FF;
  4488 : FF;
  4489 : FF;
  448A : FF;
  448B : FF;
  448C : FF;
  448D : FF;
  448E : FF;
  448F : FF;
  4490 : FF;
  4491 : FF;
  4492 : FF;
  4493 : FF;
  4494 : FF;
  4495 : FF;
  4496 : FF;
  4497 : FF;
  4498 : FF;
  4499 : FF;
  449A : FF;
  449B : FF;
  449C : EC;
  449D : 98;
  449E : 89;
  449F : 85;
  44A0 : 85;
  44A1 : 85;
  44A2 : 85;
  44A3 : 85;
  44A4 : 85;
  44A5 : 85;
  44A6 : 85;
  44A7 : 85;
  44A8 : 85;
  44A9 : 85;
  44AA : 85;
  44AB : 85;
  44AC : 85;
  44AD : 85;
  44AE : 85;
  44AF : 85;
  44B0 : 85;
  44B1 : 85;
  44B2 : 85;
  44B3 : 85;
  44B4 : 85;
  44B5 : 85;
  44B6 : 85;
  44B7 : 85;
  44B8 : 85;
  44B9 : 85;
  44BA : 85;
  44BB : 85;
  44BC : 85;
  44BD : 85;
  44BE : 85;
  44BF : 85;
  44C0 : 85;
  44C1 : 85;
  44C2 : 85;
  44C3 : 85;
  44C4 : 85;
  44C5 : 85;
  44C6 : 85;
  44C7 : 85;
  44C8 : 85;
  44C9 : 85;
  44CA : 85;
  44CB : 85;
  44CC : 85;
  44CD : 85;
  44CE : 85;
  44CF : 85;
  44D0 : 85;
  44D1 : 85;
  44D2 : 85;
  44D3 : 84;
  44D4 : 83;
  44D5 : 99;
  44D6 : B9;
  44D7 : C2;
  44D8 : C1;
  44D9 : C1;
  44DA : C1;
  44DB : C1;
  44DC : C3;
  44DD : A8;
  44DE : 58;
  44DF : 4D;
  44E0 : 4D;
  44E1 : 5E;
  44E2 : 74;
  44E3 : 81;
  44E4 : 99;
  44E5 : 99;
  44E6 : 85;
  44E7 : 84;
  44E8 : 83;
  44E9 : 89;
  44EA : D2;
  44EB : E2;
  44EC : DF;
  44ED : DF;
  44EE : DF;
  44EF : DF;
  44F0 : DF;
  44F1 : DF;
  44F2 : DF;
  44F3 : DF;
  44F4 : DF;
  44F5 : DF;
  44F6 : DF;
  44F7 : DF;
  44F8 : DF;
  44F9 : DF;
  44FA : DF;
  44FB : DF;
  44FC : DF;
  44FD : DF;
  44FE : DF;
  44FF : DF;
  4500 : DF;
  4501 : DF;
  4502 : DF;
  4503 : DF;
  4504 : DF;
  4505 : DF;
  4506 : DF;
  4507 : DF;
  4508 : DF;
  4509 : DF;
  450A : DF;
  450B : DF;
  450C : DF;
  450D : DF;
  450E : DF;
  450F : DF;
  4510 : DF;
  4511 : DF;
  4512 : DF;
  4513 : DF;
  4514 : DF;
  4515 : DF;
  4516 : DF;
  4517 : DF;
  4518 : DF;
  4519 : DF;
  451A : DF;
  451B : DF;
  451C : DF;
  451D : DF;
  451E : DF;
  451F : DF;
  4520 : E0;
  4521 : D0;
  4522 : C5;
  4523 : CA;
  4524 : CF;
  4525 : D8;
  4526 : E0;
  4527 : E9;
  4528 : F1;
  4529 : F8;
  452A : FB;
  452B : FD;
  452C : FE;
  452D : FF;
  452E : FF;
  452F : FF;
  4530 : FF;
  4531 : FD;
  4532 : F1;
  4533 : F5;
  4534 : ED;
  4535 : ED;
  4536 : ED;
  4537 : ED;
  4538 : ED;
  4539 : ED;
  453A : ED;
  453B : ED;
  453C : ED;
  453D : EE;
  453E : EE;
  453F : ED;
  4540 : EA;
  4541 : E1;
  4542 : D8;
  4543 : D6;
  4544 : E8;
  4545 : EE;
  4546 : ED;
  4547 : ED;
  4548 : ED;
  4549 : F3;
  454A : F0;
  454B : FC;
  454C : FF;
  454D : FF;
  454E : FF;
  454F : FF;
  4550 : FF;
  4551 : FF;
  4552 : FF;
  4553 : FF;
  4554 : FF;
  4555 : FF;
  4556 : FF;
  4557 : FF;
  4558 : FF;
  4559 : FF;
  455A : FF;
  455B : FF;
  455C : FF;
  455D : FF;
  455E : FF;
  455F : FF;
  4560 : FF;
  4561 : FF;
  4562 : FF;
  4563 : FF;
  4564 : FF;
  4565 : FF;
  4566 : FF;
  4567 : FF;
  4568 : E7;
  4569 : 8F;
  456A : 88;
  456B : 85;
  456C : 85;
  456D : 85;
  456E : 85;
  456F : 85;
  4570 : 85;
  4571 : 85;
  4572 : 85;
  4573 : 85;
  4574 : 85;
  4575 : 85;
  4576 : 85;
  4577 : 85;
  4578 : 85;
  4579 : 85;
  457A : 85;
  457B : 85;
  457C : 85;
  457D : 85;
  457E : 85;
  457F : 85;
  4580 : 85;
  4581 : 85;
  4582 : 85;
  4583 : 85;
  4584 : 85;
  4585 : 85;
  4586 : 85;
  4587 : 85;
  4588 : 85;
  4589 : 85;
  458A : 85;
  458B : 85;
  458C : 85;
  458D : 85;
  458E : 85;
  458F : 85;
  4590 : 85;
  4591 : 85;
  4592 : 85;
  4593 : 85;
  4594 : 85;
  4595 : 85;
  4596 : 85;
  4597 : 85;
  4598 : 85;
  4599 : 85;
  459A : 85;
  459B : 85;
  459C : 85;
  459D : 85;
  459E : 85;
  459F : 85;
  45A0 : 84;
  45A1 : 83;
  45A2 : 8F;
  45A3 : A9;
  45A4 : BB;
  45A5 : C3;
  45A6 : C3;
  45A7 : C2;
  45A8 : C4;
  45A9 : A2;
  45AA : 65;
  45AB : 65;
  45AC : 71;
  45AD : 83;
  45AE : 94;
  45AF : A1;
  45B0 : 90;
  45B1 : 84;
  45B2 : 84;
  45B3 : 85;
  45B4 : 83;
  45B5 : 87;
  45B6 : C6;
  45B7 : E2;
  45B8 : DF;
  45B9 : DF;
  45BA : DF;
  45BB : DF;
  45BC : DF;
  45BD : DF;
  45BE : DF;
  45BF : DF;
  45C0 : DF;
  45C1 : DF;
  45C2 : DF;
  45C3 : DF;
  45C4 : DF;
  45C5 : DF;
  45C6 : DF;
  45C7 : DF;
  45C8 : DF;
  45C9 : DF;
  45CA : DF;
  45CB : DF;
  45CC : DF;
  45CD : DF;
  45CE : DF;
  45CF : DF;
  45D0 : DF;
  45D1 : DF;
  45D2 : DF;
  45D3 : DF;
  45D4 : DF;
  45D5 : DF;
  45D6 : DF;
  45D7 : DF;
  45D8 : DF;
  45D9 : DF;
  45DA : DF;
  45DB : DF;
  45DC : DF;
  45DD : DF;
  45DE : DF;
  45DF : DF;
  45E0 : DF;
  45E1 : DF;
  45E2 : DF;
  45E3 : DF;
  45E4 : DF;
  45E5 : DF;
  45E6 : DF;
  45E7 : DF;
  45E8 : DF;
  45E9 : DF;
  45EA : DF;
  45EB : DF;
  45EC : E3;
  45ED : DC;
  45EE : E0;
  45EF : FF;
  45F0 : FF;
  45F1 : FF;
  45F2 : FF;
  45F3 : FF;
  45F4 : FF;
  45F5 : FF;
  45F6 : FF;
  45F7 : FF;
  45F8 : FF;
  45F9 : FF;
  45FA : FF;
  45FB : FF;
  45FC : FF;
  45FD : FC;
  45FE : F0;
  45FF : F4;
  4600 : ED;
  4601 : ED;
  4602 : ED;
  4603 : ED;
  4604 : ED;
  4605 : ED;
  4606 : ED;
  4607 : ED;
  4608 : ED;
  4609 : ED;
  460A : ED;
  460B : EE;
  460C : EE;
  460D : EE;
  460E : EE;
  460F : EE;
  4610 : ED;
  4611 : ED;
  4612 : ED;
  4613 : ED;
  4614 : ED;
  4615 : F2;
  4616 : EF;
  4617 : FC;
  4618 : FF;
  4619 : FF;
  461A : FF;
  461B : FF;
  461C : FF;
  461D : FF;
  461E : FF;
  461F : FF;
  4620 : FF;
  4621 : FF;
  4622 : FF;
  4623 : FF;
  4624 : FF;
  4625 : FF;
  4626 : FF;
  4627 : FF;
  4628 : FF;
  4629 : FF;
  462A : FF;
  462B : FF;
  462C : FF;
  462D : FF;
  462E : FF;
  462F : FF;
  4630 : FF;
  4631 : FF;
  4632 : FF;
  4633 : FF;
  4634 : E3;
  4635 : 87;
  4636 : 87;
  4637 : 85;
  4638 : 85;
  4639 : 85;
  463A : 85;
  463B : 85;
  463C : 85;
  463D : 85;
  463E : 85;
  463F : 85;
  4640 : 85;
  4641 : 85;
  4642 : 85;
  4643 : 85;
  4644 : 85;
  4645 : 85;
  4646 : 85;
  4647 : 85;
  4648 : 85;
  4649 : 85;
  464A : 85;
  464B : 85;
  464C : 85;
  464D : 85;
  464E : 85;
  464F : 85;
  4650 : 85;
  4651 : 85;
  4652 : 85;
  4653 : 85;
  4654 : 85;
  4655 : 85;
  4656 : 85;
  4657 : 85;
  4658 : 85;
  4659 : 85;
  465A : 85;
  465B : 85;
  465C : 85;
  465D : 85;
  465E : 85;
  465F : 85;
  4660 : 85;
  4661 : 85;
  4662 : 85;
  4663 : 85;
  4664 : 85;
  4665 : 85;
  4666 : 85;
  4667 : 85;
  4668 : 85;
  4669 : 85;
  466A : 85;
  466B : 85;
  466C : 85;
  466D : 84;
  466E : 82;
  466F : 83;
  4670 : 91;
  4671 : A1;
  4672 : AC;
  4673 : B5;
  4674 : BB;
  4675 : A9;
  4676 : 99;
  4677 : 9C;
  4678 : A2;
  4679 : 9F;
  467A : 92;
  467B : 85;
  467C : 83;
  467D : 85;
  467E : 85;
  467F : 85;
  4680 : 84;
  4681 : 85;
  4682 : B7;
  4683 : E1;
  4684 : DF;
  4685 : DF;
  4686 : DF;
  4687 : DF;
  4688 : DF;
  4689 : DF;
  468A : DF;
  468B : DF;
  468C : DF;
  468D : DF;
  468E : DF;
  468F : DF;
  4690 : DF;
  4691 : DF;
  4692 : DF;
  4693 : DF;
  4694 : DF;
  4695 : DF;
  4696 : DF;
  4697 : DF;
  4698 : DF;
  4699 : DF;
  469A : DF;
  469B : DF;
  469C : DF;
  469D : DF;
  469E : DF;
  469F : DF;
  46A0 : DF;
  46A1 : DF;
  46A2 : DF;
  46A3 : DF;
  46A4 : DF;
  46A5 : DF;
  46A6 : DF;
  46A7 : DF;
  46A8 : DF;
  46A9 : DF;
  46AA : DF;
  46AB : DF;
  46AC : DF;
  46AD : DF;
  46AE : DF;
  46AF : DF;
  46B0 : DF;
  46B1 : DF;
  46B2 : DF;
  46B3 : DF;
  46B4 : DF;
  46B5 : DF;
  46B6 : DF;
  46B7 : DF;
  46B8 : E0;
  46B9 : EB;
  46BA : E2;
  46BB : FF;
  46BC : FF;
  46BD : FF;
  46BE : FF;
  46BF : FF;
  46C0 : FF;
  46C1 : FF;
  46C2 : FF;
  46C3 : FF;
  46C4 : FF;
  46C5 : FF;
  46C6 : FF;
  46C7 : FF;
  46C8 : FF;
  46C9 : FC;
  46CA : F0;
  46CB : F3;
  46CC : ED;
  46CD : ED;
  46CE : ED;
  46CF : ED;
  46D0 : ED;
  46D1 : ED;
  46D2 : ED;
  46D3 : ED;
  46D4 : ED;
  46D5 : ED;
  46D6 : ED;
  46D7 : ED;
  46D8 : ED;
  46D9 : ED;
  46DA : ED;
  46DB : ED;
  46DC : ED;
  46DD : ED;
  46DE : ED;
  46DF : ED;
  46E0 : ED;
  46E1 : F2;
  46E2 : EE;
  46E3 : FB;
  46E4 : FF;
  46E5 : FF;
  46E6 : FF;
  46E7 : FF;
  46E8 : FF;
  46E9 : FF;
  46EA : FF;
  46EB : FF;
  46EC : FF;
  46ED : FF;
  46EE : FF;
  46EF : FF;
  46F0 : FF;
  46F1 : FF;
  46F2 : FF;
  46F3 : FF;
  46F4 : FF;
  46F5 : FF;
  46F6 : FF;
  46F7 : FF;
  46F8 : FF;
  46F9 : FF;
  46FA : FF;
  46FB : FF;
  46FC : FF;
  46FD : FF;
  46FE : FF;
  46FF : FF;
  4700 : DD;
  4701 : 8A;
  4702 : 85;
  4703 : 85;
  4704 : 85;
  4705 : 85;
  4706 : 85;
  4707 : 85;
  4708 : 85;
  4709 : 85;
  470A : 85;
  470B : 85;
  470C : 85;
  470D : 85;
  470E : 85;
  470F : 85;
  4710 : 85;
  4711 : 85;
  4712 : 85;
  4713 : 85;
  4714 : 85;
  4715 : 85;
  4716 : 85;
  4717 : 85;
  4718 : 85;
  4719 : 85;
  471A : 85;
  471B : 85;
  471C : 85;
  471D : 85;
  471E : 85;
  471F : 85;
  4720 : 85;
  4721 : 85;
  4722 : 85;
  4723 : 85;
  4724 : 85;
  4725 : 85;
  4726 : 85;
  4727 : 85;
  4728 : 85;
  4729 : 85;
  472A : 85;
  472B : 85;
  472C : 85;
  472D : 85;
  472E : 85;
  472F : 85;
  4730 : 85;
  4731 : 85;
  4732 : 85;
  4733 : 85;
  4734 : 85;
  4735 : 85;
  4736 : 85;
  4737 : 85;
  4738 : 85;
  4739 : 85;
  473A : 85;
  473B : 85;
  473C : 82;
  473D : 81;
  473E : 86;
  473F : 8B;
  4740 : 8F;
  4741 : 8E;
  4742 : 90;
  4743 : 8C;
  4744 : 87;
  4745 : 82;
  4746 : 82;
  4747 : 84;
  4748 : 85;
  4749 : 85;
  474A : 85;
  474B : 85;
  474C : 84;
  474D : 82;
  474E : A7;
  474F : E2;
  4750 : E0;
  4751 : DF;
  4752 : DF;
  4753 : DF;
  4754 : DF;
  4755 : DF;
  4756 : DF;
  4757 : DF;
  4758 : DF;
  4759 : DF;
  475A : DF;
  475B : DF;
  475C : DF;
  475D : DF;
  475E : DF;
  475F : DF;
  4760 : DF;
  4761 : DF;
  4762 : DF;
  4763 : DF;
  4764 : DF;
  4765 : DF;
  4766 : DF;
  4767 : DF;
  4768 : DF;
  4769 : DF;
  476A : DF;
  476B : DF;
  476C : DF;
  476D : DF;
  476E : DF;
  476F : DF;
  4770 : DF;
  4771 : DF;
  4772 : DF;
  4773 : DF;
  4774 : DF;
  4775 : DF;
  4776 : DF;
  4777 : DF;
  4778 : DF;
  4779 : DF;
  477A : DF;
  477B : DF;
  477C : DF;
  477D : DF;
  477E : DF;
  477F : DF;
  4780 : DF;
  4781 : DF;
  4782 : DF;
  4783 : DF;
  4784 : DF;
  4785 : E6;
  4786 : D8;
  4787 : EC;
  4788 : FF;
  4789 : FF;
  478A : FF;
  478B : FF;
  478C : FF;
  478D : FF;
  478E : FF;
  478F : FF;
  4790 : FF;
  4791 : FF;
  4792 : FF;
  4793 : FF;
  4794 : FF;
  4795 : FC;
  4796 : EF;
  4797 : F3;
  4798 : ED;
  4799 : ED;
  479A : ED;
  479B : ED;
  479C : ED;
  479D : ED;
  479E : ED;
  479F : ED;
  47A0 : ED;
  47A1 : ED;
  47A2 : ED;
  47A3 : ED;
  47A4 : ED;
  47A5 : ED;
  47A6 : ED;
  47A7 : ED;
  47A8 : ED;
  47A9 : ED;
  47AA : ED;
  47AB : ED;
  47AC : ED;
  47AD : F1;
  47AE : EE;
  47AF : FB;
  47B0 : FF;
  47B1 : FF;
  47B2 : FF;
  47B3 : FF;
  47B4 : FF;
  47B5 : FF;
  47B6 : FF;
  47B7 : FF;
  47B8 : FF;
  47B9 : FF;
  47BA : FF;
  47BB : FF;
  47BC : FF;
  47BD : FF;
  47BE : FF;
  47BF : FF;
  47C0 : FF;
  47C1 : FF;
  47C2 : FF;
  47C3 : FF;
  47C4 : FF;
  47C5 : FF;
  47C6 : FF;
  47C7 : FF;
  47C8 : FF;
  47C9 : FF;
  47CA : FF;
  47CB : FF;
  47CC : DA;
  47CD : 8C;
  47CE : 85;
  47CF : 85;
  47D0 : 85;
  47D1 : 85;
  47D2 : 85;
  47D3 : 85;
  47D4 : 85;
  47D5 : 85;
  47D6 : 85;
  47D7 : 85;
  47D8 : 85;
  47D9 : 85;
  47DA : 85;
  47DB : 85;
  47DC : 85;
  47DD : 85;
  47DE : 85;
  47DF : 85;
  47E0 : 85;
  47E1 : 85;
  47E2 : 85;
  47E3 : 85;
  47E4 : 85;
  47E5 : 85;
  47E6 : 85;
  47E7 : 85;
  47E8 : 85;
  47E9 : 85;
  47EA : 85;
  47EB : 85;
  47EC : 85;
  47ED : 85;
  47EE : 85;
  47EF : 87;
  47F0 : 89;
  47F1 : 88;
  47F2 : 87;
  47F3 : 86;
  47F4 : 85;
  47F5 : 85;
  47F6 : 85;
  47F7 : 85;
  47F8 : 85;
  47F9 : 85;
  47FA : 85;
  47FB : 85;
  47FC : 85;
  47FD : 85;
  47FE : 85;
  47FF : 85;
  4800 : 85;
  4801 : 85;
  4802 : 85;
  4803 : 85;
  4804 : 85;
  4805 : 85;
  4806 : 85;
  4807 : 85;
  4808 : 85;
  4809 : 85;
  480A : 84;
  480B : 83;
  480C : 82;
  480D : 82;
  480E : 82;
  480F : 83;
  4810 : 84;
  4811 : 85;
  4812 : 85;
  4813 : 85;
  4814 : 85;
  4815 : 85;
  4816 : 85;
  4817 : 85;
  4818 : 85;
  4819 : 81;
  481A : 97;
  481B : DE;
  481C : E0;
  481D : DF;
  481E : DF;
  481F : DF;
  4820 : DF;
  4821 : DF;
  4822 : DF;
  4823 : DF;
  4824 : DF;
  4825 : DF;
  4826 : DF;
  4827 : DF;
  4828 : DF;
  4829 : DF;
  482A : DF;
  482B : DF;
  482C : DF;
  482D : DF;
  482E : DF;
  482F : DF;
  4830 : DF;
  4831 : DF;
  4832 : DF;
  4833 : DF;
  4834 : DF;
  4835 : DF;
  4836 : DF;
  4837 : DF;
  4838 : DF;
  4839 : DF;
  483A : DF;
  483B : DF;
  483C : DF;
  483D : DF;
  483E : DF;
  483F : DF;
  4840 : DF;
  4841 : DF;
  4842 : DF;
  4843 : DF;
  4844 : DF;
  4845 : DF;
  4846 : DF;
  4847 : DF;
  4848 : DF;
  4849 : DF;
  484A : DF;
  484B : DF;
  484C : DF;
  484D : DF;
  484E : DF;
  484F : DF;
  4850 : DF;
  4851 : DF;
  4852 : EB;
  4853 : EA;
  4854 : FF;
  4855 : FF;
  4856 : FF;
  4857 : FF;
  4858 : FF;
  4859 : FF;
  485A : FF;
  485B : FF;
  485C : FF;
  485D : FF;
  485E : FF;
  485F : FF;
  4860 : FF;
  4861 : FB;
  4862 : EF;
  4863 : F3;
  4864 : ED;
  4865 : ED;
  4866 : ED;
  4867 : ED;
  4868 : ED;
  4869 : ED;
  486A : ED;
  486B : ED;
  486C : ED;
  486D : ED;
  486E : ED;
  486F : ED;
  4870 : ED;
  4871 : ED;
  4872 : ED;
  4873 : ED;
  4874 : ED;
  4875 : ED;
  4876 : ED;
  4877 : ED;
  4878 : ED;
  4879 : F1;
  487A : EF;
  487B : FB;
  487C : FF;
  487D : FF;
  487E : FF;
  487F : FF;
  4880 : FF;
  4881 : FF;
  4882 : FF;
  4883 : FF;
  4884 : FF;
  4885 : FF;
  4886 : FF;
  4887 : FF;
  4888 : FF;
  4889 : FF;
  488A : FF;
  488B : FF;
  488C : FF;
  488D : FF;
  488E : FF;
  488F : FF;
  4890 : FF;
  4891 : FF;
  4892 : FF;
  4893 : FF;
  4894 : FF;
  4895 : FF;
  4896 : FF;
  4897 : FF;
  4898 : D6;
  4899 : 8C;
  489A : 85;
  489B : 85;
  489C : 85;
  489D : 85;
  489E : 85;
  489F : 85;
  48A0 : 85;
  48A1 : 85;
  48A2 : 85;
  48A3 : 85;
  48A4 : 85;
  48A5 : 85;
  48A6 : 85;
  48A7 : 85;
  48A8 : 85;
  48A9 : 85;
  48AA : 85;
  48AB : 85;
  48AC : 85;
  48AD : 85;
  48AE : 85;
  48AF : 85;
  48B0 : 85;
  48B1 : 85;
  48B2 : 85;
  48B3 : 85;
  48B4 : 85;
  48B5 : 85;
  48B6 : 85;
  48B7 : 85;
  48B8 : 85;
  48B9 : 85;
  48BA : 82;
  48BB : 79;
  48BC : 70;
  48BD : 71;
  48BE : 7A;
  48BF : 85;
  48C0 : 8C;
  48C1 : 8A;
  48C2 : 87;
  48C3 : 85;
  48C4 : 85;
  48C5 : 85;
  48C6 : 85;
  48C7 : 85;
  48C8 : 85;
  48C9 : 85;
  48CA : 85;
  48CB : 85;
  48CC : 85;
  48CD : 85;
  48CE : 85;
  48CF : 85;
  48D0 : 85;
  48D1 : 85;
  48D2 : 85;
  48D3 : 85;
  48D4 : 85;
  48D5 : 85;
  48D6 : 85;
  48D7 : 85;
  48D8 : 85;
  48D9 : 85;
  48DA : 85;
  48DB : 85;
  48DC : 85;
  48DD : 85;
  48DE : 85;
  48DF : 85;
  48E0 : 85;
  48E1 : 85;
  48E2 : 85;
  48E3 : 85;
  48E4 : 85;
  48E5 : 82;
  48E6 : 8E;
  48E7 : CE;
  48E8 : E2;
  48E9 : DF;
  48EA : DF;
  48EB : DF;
  48EC : DF;
  48ED : DF;
  48EE : DF;
  48EF : DF;
  48F0 : DF;
  48F1 : DF;
  48F2 : DF;
  48F3 : DF;
  48F4 : DF;
  48F5 : DF;
  48F6 : DF;
  48F7 : DF;
  48F8 : DF;
  48F9 : DF;
  48FA : DF;
  48FB : DF;
  48FC : DF;
  48FD : DF;
  48FE : DF;
  48FF : DF;
  4900 : DF;
  4901 : DF;
  4902 : DF;
  4903 : DF;
  4904 : DF;
  4905 : DF;
  4906 : DF;
  4907 : DF;
  4908 : DF;
  4909 : DF;
  490A : DF;
  490B : DF;
  490C : DF;
  490D : DF;
  490E : DF;
  490F : DF;
  4910 : DF;
  4911 : DF;
  4912 : DF;
  4913 : DF;
  4914 : DF;
  4915 : DF;
  4916 : DF;
  4917 : DF;
  4918 : DF;
  4919 : DF;
  491A : DF;
  491B : DF;
  491C : DF;
  491D : DF;
  491E : E8;
  491F : D7;
  4920 : F4;
  4921 : FF;
  4922 : FF;
  4923 : FF;
  4924 : FF;
  4925 : FF;
  4926 : FF;
  4927 : FF;
  4928 : FF;
  4929 : FF;
  492A : FF;
  492B : FF;
  492C : FF;
  492D : FB;
  492E : EF;
  492F : F2;
  4930 : ED;
  4931 : ED;
  4932 : ED;
  4933 : ED;
  4934 : ED;
  4935 : ED;
  4936 : ED;
  4937 : ED;
  4938 : ED;
  4939 : ED;
  493A : ED;
  493B : ED;
  493C : ED;
  493D : ED;
  493E : ED;
  493F : ED;
  4940 : ED;
  4941 : ED;
  4942 : ED;
  4943 : ED;
  4944 : ED;
  4945 : F0;
  4946 : ED;
  4947 : FB;
  4948 : FF;
  4949 : FF;
  494A : FF;
  494B : FF;
  494C : FF;
  494D : FF;
  494E : FF;
  494F : FF;
  4950 : FF;
  4951 : FF;
  4952 : FF;
  4953 : FF;
  4954 : FF;
  4955 : FF;
  4956 : FF;
  4957 : FF;
  4958 : FF;
  4959 : FF;
  495A : FF;
  495B : FF;
  495C : FF;
  495D : FF;
  495E : FF;
  495F : FF;
  4960 : FF;
  4961 : FF;
  4962 : FF;
  4963 : FF;
  4964 : D7;
  4965 : 8C;
  4966 : 85;
  4967 : 85;
  4968 : 85;
  4969 : 85;
  496A : 85;
  496B : 85;
  496C : 85;
  496D : 85;
  496E : 85;
  496F : 85;
  4970 : 85;
  4971 : 85;
  4972 : 85;
  4973 : 85;
  4974 : 85;
  4975 : 85;
  4976 : 85;
  4977 : 85;
  4978 : 85;
  4979 : 85;
  497A : 85;
  497B : 85;
  497C : 85;
  497D : 85;
  497E : 85;
  497F : 85;
  4980 : 85;
  4981 : 85;
  4982 : 85;
  4983 : 85;
  4984 : 85;
  4985 : 85;
  4986 : 82;
  4987 : 77;
  4988 : 6B;
  4989 : 5F;
  498A : 54;
  498B : 48;
  498C : 4A;
  498D : 62;
  498E : 7B;
  498F : 89;
  4990 : 88;
  4991 : 86;
  4992 : 85;
  4993 : 85;
  4994 : 85;
  4995 : 85;
  4996 : 85;
  4997 : 85;
  4998 : 85;
  4999 : 85;
  499A : 85;
  499B : 85;
  499C : 85;
  499D : 85;
  499E : 85;
  499F : 85;
  49A0 : 85;
  49A1 : 85;
  49A2 : 85;
  49A3 : 85;
  49A4 : 85;
  49A5 : 85;
  49A6 : 85;
  49A7 : 85;
  49A8 : 85;
  49A9 : 85;
  49AA : 85;
  49AB : 85;
  49AC : 85;
  49AD : 85;
  49AE : 85;
  49AF : 85;
  49B0 : 85;
  49B1 : 84;
  49B2 : 86;
  49B3 : BA;
  49B4 : E5;
  49B5 : DF;
  49B6 : DF;
  49B7 : DF;
  49B8 : DF;
  49B9 : DF;
  49BA : DF;
  49BB : DF;
  49BC : DF;
  49BD : DF;
  49BE : DF;
  49BF : DF;
  49C0 : DF;
  49C1 : DF;
  49C2 : DF;
  49C3 : DF;
  49C4 : DF;
  49C5 : DF;
  49C6 : DF;
  49C7 : DF;
  49C8 : DF;
  49C9 : DF;
  49CA : DF;
  49CB : DF;
  49CC : DF;
  49CD : DF;
  49CE : DF;
  49CF : DF;
  49D0 : DF;
  49D1 : DF;
  49D2 : DF;
  49D3 : DF;
  49D4 : DF;
  49D5 : DF;
  49D6 : DF;
  49D7 : DF;
  49D8 : DF;
  49D9 : DF;
  49DA : DF;
  49DB : DF;
  49DC : DF;
  49DD : DF;
  49DE : DF;
  49DF : DF;
  49E0 : DF;
  49E1 : DF;
  49E2 : DF;
  49E3 : DF;
  49E4 : DF;
  49E5 : DF;
  49E6 : DF;
  49E7 : DF;
  49E8 : DF;
  49E9 : DF;
  49EA : E2;
  49EB : DC;
  49EC : F3;
  49ED : FF;
  49EE : FF;
  49EF : FF;
  49F0 : FF;
  49F1 : FF;
  49F2 : FF;
  49F3 : FF;
  49F4 : FF;
  49F5 : FF;
  49F6 : FF;
  49F7 : FF;
  49F8 : FF;
  49F9 : FB;
  49FA : EE;
  49FB : F2;
  49FC : ED;
  49FD : ED;
  49FE : ED;
  49FF : ED;
  4A00 : ED;
  4A01 : ED;
  4A02 : ED;
  4A03 : ED;
  4A04 : ED;
  4A05 : ED;
  4A06 : ED;
  4A07 : ED;
  4A08 : ED;
  4A09 : ED;
  4A0A : ED;
  4A0B : ED;
  4A0C : ED;
  4A0D : ED;
  4A0E : ED;
  4A0F : ED;
  4A10 : ED;
  4A11 : EF;
  4A12 : EE;
  4A13 : FB;
  4A14 : FF;
  4A15 : FF;
  4A16 : FF;
  4A17 : FF;
  4A18 : FF;
  4A19 : FF;
  4A1A : FF;
  4A1B : FF;
  4A1C : FF;
  4A1D : FF;
  4A1E : FF;
  4A1F : FF;
  4A20 : FF;
  4A21 : FF;
  4A22 : FF;
  4A23 : FF;
  4A24 : FF;
  4A25 : FF;
  4A26 : FF;
  4A27 : FF;
  4A28 : FF;
  4A29 : FF;
  4A2A : FF;
  4A2B : FF;
  4A2C : FF;
  4A2D : FF;
  4A2E : FF;
  4A2F : FF;
  4A30 : D5;
  4A31 : 8C;
  4A32 : 85;
  4A33 : 85;
  4A34 : 85;
  4A35 : 85;
  4A36 : 85;
  4A37 : 85;
  4A38 : 85;
  4A39 : 85;
  4A3A : 85;
  4A3B : 85;
  4A3C : 85;
  4A3D : 85;
  4A3E : 85;
  4A3F : 85;
  4A40 : 85;
  4A41 : 85;
  4A42 : 85;
  4A43 : 85;
  4A44 : 85;
  4A45 : 85;
  4A46 : 85;
  4A47 : 85;
  4A48 : 85;
  4A49 : 85;
  4A4A : 85;
  4A4B : 85;
  4A4C : 85;
  4A4D : 85;
  4A4E : 85;
  4A4F : 85;
  4A50 : 85;
  4A51 : 85;
  4A52 : 85;
  4A53 : 88;
  4A54 : 89;
  4A55 : 82;
  4A56 : 76;
  4A57 : 69;
  4A58 : 57;
  4A59 : 3F;
  4A5A : 30;
  4A5B : 42;
  4A5C : 6C;
  4A5D : 86;
  4A5E : 89;
  4A5F : 85;
  4A60 : 85;
  4A61 : 85;
  4A62 : 85;
  4A63 : 85;
  4A64 : 85;
  4A65 : 85;
  4A66 : 85;
  4A67 : 85;
  4A68 : 85;
  4A69 : 85;
  4A6A : 85;
  4A6B : 85;
  4A6C : 85;
  4A6D : 85;
  4A6E : 85;
  4A6F : 85;
  4A70 : 85;
  4A71 : 85;
  4A72 : 85;
  4A73 : 85;
  4A74 : 85;
  4A75 : 85;
  4A76 : 85;
  4A77 : 85;
  4A78 : 85;
  4A79 : 85;
  4A7A : 85;
  4A7B : 85;
  4A7C : 85;
  4A7D : 85;
  4A7E : 7F;
  4A7F : A5;
  4A80 : E1;
  4A81 : E0;
  4A82 : DF;
  4A83 : DF;
  4A84 : DF;
  4A85 : DF;
  4A86 : DF;
  4A87 : DF;
  4A88 : DF;
  4A89 : DF;
  4A8A : DF;
  4A8B : DF;
  4A8C : DF;
  4A8D : DF;
  4A8E : DF;
  4A8F : DF;
  4A90 : DF;
  4A91 : DF;
  4A92 : DF;
  4A93 : DF;
  4A94 : DF;
  4A95 : DF;
  4A96 : DF;
  4A97 : DF;
  4A98 : DF;
  4A99 : DF;
  4A9A : DF;
  4A9B : DF;
  4A9C : DF;
  4A9D : DF;
  4A9E : DF;
  4A9F : DF;
  4AA0 : DF;
  4AA1 : DF;
  4AA2 : DF;
  4AA3 : DF;
  4AA4 : DF;
  4AA5 : DF;
  4AA6 : DF;
  4AA7 : DF;
  4AA8 : DF;
  4AA9 : DF;
  4AAA : DF;
  4AAB : DF;
  4AAC : DF;
  4AAD : DF;
  4AAE : DF;
  4AAF : DF;
  4AB0 : DF;
  4AB1 : DF;
  4AB2 : DF;
  4AB3 : DF;
  4AB4 : DF;
  4AB5 : DF;
  4AB6 : E0;
  4AB7 : E6;
  4AB8 : E1;
  4AB9 : FF;
  4ABA : FF;
  4ABB : FF;
  4ABC : FF;
  4ABD : FF;
  4ABE : FF;
  4ABF : FF;
  4AC0 : FF;
  4AC1 : FF;
  4AC2 : FF;
  4AC3 : FF;
  4AC4 : FF;
  4AC5 : FB;
  4AC6 : EE;
  4AC7 : F1;
  4AC8 : ED;
  4AC9 : ED;
  4ACA : ED;
  4ACB : ED;
  4ACC : ED;
  4ACD : ED;
  4ACE : ED;
  4ACF : ED;
  4AD0 : ED;
  4AD1 : ED;
  4AD2 : ED;
  4AD3 : ED;
  4AD4 : ED;
  4AD5 : ED;
  4AD6 : ED;
  4AD7 : ED;
  4AD8 : ED;
  4AD9 : ED;
  4ADA : ED;
  4ADB : ED;
  4ADC : ED;
  4ADD : EF;
  4ADE : F3;
  4ADF : FB;
  4AE0 : FF;
  4AE1 : FF;
  4AE2 : FF;
  4AE3 : FF;
  4AE4 : FF;
  4AE5 : FF;
  4AE6 : FF;
  4AE7 : FF;
  4AE8 : FF;
  4AE9 : FF;
  4AEA : FF;
  4AEB : FF;
  4AEC : FF;
  4AED : FF;
  4AEE : FF;
  4AEF : FF;
  4AF0 : FF;
  4AF1 : FF;
  4AF2 : FF;
  4AF3 : FF;
  4AF4 : FF;
  4AF5 : FF;
  4AF6 : FF;
  4AF7 : FF;
  4AF8 : FF;
  4AF9 : FF;
  4AFA : FF;
  4AFB : FF;
  4AFC : D4;
  4AFD : 8B;
  4AFE : 85;
  4AFF : 85;
  4B00 : 85;
  4B01 : 85;
  4B02 : 85;
  4B03 : 85;
  4B04 : 85;
  4B05 : 85;
  4B06 : 85;
  4B07 : 85;
  4B08 : 85;
  4B09 : 85;
  4B0A : 85;
  4B0B : 85;
  4B0C : 85;
  4B0D : 85;
  4B0E : 85;
  4B0F : 85;
  4B10 : 85;
  4B11 : 85;
  4B12 : 85;
  4B13 : 85;
  4B14 : 85;
  4B15 : 85;
  4B16 : 85;
  4B17 : 85;
  4B18 : 85;
  4B19 : 85;
  4B1A : 85;
  4B1B : 85;
  4B1C : 85;
  4B1D : 85;
  4B1E : 85;
  4B1F : 85;
  4B20 : 85;
  4B21 : 86;
  4B22 : 88;
  4B23 : 8A;
  4B24 : 88;
  4B25 : 7F;
  4B26 : 69;
  4B27 : 3B;
  4B28 : 24;
  4B29 : 42;
  4B2A : 77;
  4B2B : 8A;
  4B2C : 86;
  4B2D : 85;
  4B2E : 85;
  4B2F : 85;
  4B30 : 85;
  4B31 : 85;
  4B32 : 85;
  4B33 : 85;
  4B34 : 85;
  4B35 : 85;
  4B36 : 85;
  4B37 : 85;
  4B38 : 85;
  4B39 : 85;
  4B3A : 85;
  4B3B : 85;
  4B3C : 85;
  4B3D : 85;
  4B3E : 85;
  4B3F : 85;
  4B40 : 85;
  4B41 : 85;
  4B42 : 85;
  4B43 : 85;
  4B44 : 85;
  4B45 : 85;
  4B46 : 85;
  4B47 : 85;
  4B48 : 85;
  4B49 : 85;
  4B4A : 81;
  4B4B : 93;
  4B4C : D2;
  4B4D : E3;
  4B4E : DF;
  4B4F : DF;
  4B50 : DF;
  4B51 : DF;
  4B52 : DF;
  4B53 : DF;
  4B54 : DF;
  4B55 : DF;
  4B56 : DF;
  4B57 : DF;
  4B58 : DF;
  4B59 : DF;
  4B5A : DF;
  4B5B : DF;
  4B5C : DF;
  4B5D : DF;
  4B5E : DF;
  4B5F : DF;
  4B60 : DF;
  4B61 : DF;
  4B62 : DF;
  4B63 : DF;
  4B64 : DF;
  4B65 : DF;
  4B66 : DF;
  4B67 : DF;
  4B68 : DF;
  4B69 : DF;
  4B6A : DF;
  4B6B : DF;
  4B6C : DF;
  4B6D : DF;
  4B6E : DF;
  4B6F : DF;
  4B70 : DF;
  4B71 : DF;
  4B72 : DF;
  4B73 : DF;
  4B74 : DF;
  4B75 : DF;
  4B76 : DF;
  4B77 : DF;
  4B78 : DF;
  4B79 : DF;
  4B7A : DF;
  4B7B : DF;
  4B7C : DF;
  4B7D : DF;
  4B7E : DF;
  4B7F : DF;
  4B80 : DF;
  4B81 : DF;
  4B82 : DF;
  4B83 : E5;
  4B84 : D6;
  4B85 : FC;
  4B86 : FF;
  4B87 : FF;
  4B88 : FF;
  4B89 : FF;
  4B8A : FF;
  4B8B : FF;
  4B8C : FF;
  4B8D : FF;
  4B8E : FF;
  4B8F : FF;
  4B90 : FF;
  4B91 : FB;
  4B92 : EE;
  4B93 : F0;
  4B94 : ED;
  4B95 : ED;
  4B96 : ED;
  4B97 : ED;
  4B98 : ED;
  4B99 : ED;
  4B9A : ED;
  4B9B : ED;
  4B9C : ED;
  4B9D : ED;
  4B9E : ED;
  4B9F : ED;
  4BA0 : ED;
  4BA1 : ED;
  4BA2 : ED;
  4BA3 : ED;
  4BA4 : ED;
  4BA5 : ED;
  4BA6 : ED;
  4BA7 : ED;
  4BA8 : ED;
  4BA9 : EE;
  4BAA : F6;
  4BAB : FB;
  4BAC : FF;
  4BAD : FF;
  4BAE : FF;
  4BAF : FF;
  4BB0 : FF;
  4BB1 : FF;
  4BB2 : FF;
  4BB3 : FF;
  4BB4 : FF;
  4BB5 : FF;
  4BB6 : FF;
  4BB7 : FF;
  4BB8 : FF;
  4BB9 : FF;
  4BBA : FF;
  4BBB : FF;
  4BBC : FF;
  4BBD : FF;
  4BBE : FF;
  4BBF : FF;
  4BC0 : FF;
  4BC1 : FF;
  4BC2 : FF;
  4BC3 : FF;
  4BC4 : FF;
  4BC5 : FF;
  4BC6 : FF;
  4BC7 : FF;
  4BC8 : D4;
  4BC9 : 8B;
  4BCA : 85;
  4BCB : 85;
  4BCC : 85;
  4BCD : 85;
  4BCE : 85;
  4BCF : 85;
  4BD0 : 85;
  4BD1 : 85;
  4BD2 : 85;
  4BD3 : 85;
  4BD4 : 85;
  4BD5 : 85;
  4BD6 : 85;
  4BD7 : 85;
  4BD8 : 85;
  4BD9 : 85;
  4BDA : 85;
  4BDB : 85;
  4BDC : 85;
  4BDD : 85;
  4BDE : 85;
  4BDF : 85;
  4BE0 : 85;
  4BE1 : 85;
  4BE2 : 85;
  4BE3 : 85;
  4BE4 : 85;
  4BE5 : 85;
  4BE6 : 85;
  4BE7 : 85;
  4BE8 : 85;
  4BE9 : 85;
  4BEA : 85;
  4BEB : 85;
  4BEC : 85;
  4BED : 85;
  4BEE : 85;
  4BEF : 85;
  4BF0 : 85;
  4BF1 : 87;
  4BF2 : 89;
  4BF3 : 85;
  4BF4 : 63;
  4BF5 : 2C;
  4BF6 : 25;
  4BF7 : 65;
  4BF8 : 89;
  4BF9 : 86;
  4BFA : 85;
  4BFB : 85;
  4BFC : 85;
  4BFD : 85;
  4BFE : 85;
  4BFF : 85;
  4C00 : 85;
  4C01 : 85;
  4C02 : 85;
  4C03 : 85;
  4C04 : 85;
  4C05 : 85;
  4C06 : 85;
  4C07 : 85;
  4C08 : 85;
  4C09 : 85;
  4C0A : 85;
  4C0B : 85;
  4C0C : 85;
  4C0D : 85;
  4C0E : 85;
  4C0F : 85;
  4C10 : 85;
  4C11 : 85;
  4C12 : 85;
  4C13 : 85;
  4C14 : 85;
  4C15 : 85;
  4C16 : 84;
  4C17 : 83;
  4C18 : BD;
  4C19 : E5;
  4C1A : DF;
  4C1B : DF;
  4C1C : DF;
  4C1D : DF;
  4C1E : DF;
  4C1F : DF;
  4C20 : DF;
  4C21 : DF;
  4C22 : DF;
  4C23 : DF;
  4C24 : DF;
  4C25 : DF;
  4C26 : DF;
  4C27 : DF;
  4C28 : DF;
  4C29 : DF;
  4C2A : DF;
  4C2B : DF;
  4C2C : DF;
  4C2D : DF;
  4C2E : DF;
  4C2F : DF;
  4C30 : DF;
  4C31 : DF;
  4C32 : DF;
  4C33 : DF;
  4C34 : DF;
  4C35 : DF;
  4C36 : DF;
  4C37 : DF;
  4C38 : DF;
  4C39 : DF;
  4C3A : DF;
  4C3B : DF;
  4C3C : DF;
  4C3D : DF;
  4C3E : DF;
  4C3F : DF;
  4C40 : DF;
  4C41 : DF;
  4C42 : DF;
  4C43 : DF;
  4C44 : DF;
  4C45 : DF;
  4C46 : DF;
  4C47 : DF;
  4C48 : DF;
  4C49 : DF;
  4C4A : DF;
  4C4B : DF;
  4C4C : DF;
  4C4D : DF;
  4C4E : DF;
  4C4F : E4;
  4C50 : DE;
  4C51 : F8;
  4C52 : FF;
  4C53 : FF;
  4C54 : FF;
  4C55 : FF;
  4C56 : FF;
  4C57 : FF;
  4C58 : FF;
  4C59 : FF;
  4C5A : FF;
  4C5B : FF;
  4C5C : FF;
  4C5D : FB;
  4C5E : EE;
  4C5F : F0;
  4C60 : ED;
  4C61 : ED;
  4C62 : ED;
  4C63 : ED;
  4C64 : ED;
  4C65 : ED;
  4C66 : ED;
  4C67 : ED;
  4C68 : ED;
  4C69 : ED;
  4C6A : ED;
  4C6B : ED;
  4C6C : ED;
  4C6D : ED;
  4C6E : ED;
  4C6F : ED;
  4C70 : ED;
  4C71 : ED;
  4C72 : ED;
  4C73 : ED;
  4C74 : ED;
  4C75 : EE;
  4C76 : F6;
  4C77 : FB;
  4C78 : FF;
  4C79 : FF;
  4C7A : FF;
  4C7B : FF;
  4C7C : FF;
  4C7D : FF;
  4C7E : FF;
  4C7F : FF;
  4C80 : FF;
  4C81 : FF;
  4C82 : FF;
  4C83 : FF;
  4C84 : FF;
  4C85 : FF;
  4C86 : FF;
  4C87 : FF;
  4C88 : FF;
  4C89 : FF;
  4C8A : FF;
  4C8B : FF;
  4C8C : FF;
  4C8D : FF;
  4C8E : FF;
  4C8F : FF;
  4C90 : FF;
  4C91 : FF;
  4C92 : FF;
  4C93 : FF;
  4C94 : D5;
  4C95 : 8A;
  4C96 : 86;
  4C97 : 85;
  4C98 : 85;
  4C99 : 85;
  4C9A : 85;
  4C9B : 85;
  4C9C : 85;
  4C9D : 85;
  4C9E : 85;
  4C9F : 85;
  4CA0 : 85;
  4CA1 : 85;
  4CA2 : 85;
  4CA3 : 85;
  4CA4 : 85;
  4CA5 : 85;
  4CA6 : 85;
  4CA7 : 85;
  4CA8 : 85;
  4CA9 : 85;
  4CAA : 85;
  4CAB : 85;
  4CAC : 85;
  4CAD : 85;
  4CAE : 85;
  4CAF : 85;
  4CB0 : 85;
  4CB1 : 85;
  4CB2 : 85;
  4CB3 : 85;
  4CB4 : 85;
  4CB5 : 85;
  4CB6 : 85;
  4CB7 : 85;
  4CB8 : 85;
  4CB9 : 85;
  4CBA : 85;
  4CBB : 85;
  4CBC : 85;
  4CBD : 85;
  4CBE : 85;
  4CBF : 86;
  4CC0 : 8B;
  4CC1 : 7B;
  4CC2 : 3A;
  4CC3 : 1A;
  4CC4 : 5F;
  4CC5 : 88;
  4CC6 : 86;
  4CC7 : 85;
  4CC8 : 85;
  4CC9 : 85;
  4CCA : 85;
  4CCB : 85;
  4CCC : 85;
  4CCD : 85;
  4CCE : 85;
  4CCF : 85;
  4CD0 : 85;
  4CD1 : 85;
  4CD2 : 85;
  4CD3 : 85;
  4CD4 : 85;
  4CD5 : 85;
  4CD6 : 85;
  4CD7 : 85;
  4CD8 : 85;
  4CD9 : 85;
  4CDA : 85;
  4CDB : 85;
  4CDC : 85;
  4CDD : 85;
  4CDE : 85;
  4CDF : 85;
  4CE0 : 85;
  4CE1 : 85;
  4CE2 : 85;
  4CE3 : 7F;
  4CE4 : A3;
  4CE5 : DC;
  4CE6 : E1;
  4CE7 : DF;
  4CE8 : DF;
  4CE9 : DF;
  4CEA : DF;
  4CEB : DF;
  4CEC : DF;
  4CED : DF;
  4CEE : DF;
  4CEF : DF;
  4CF0 : DF;
  4CF1 : DF;
  4CF2 : DF;
  4CF3 : DF;
  4CF4 : DF;
  4CF5 : DF;
  4CF6 : DF;
  4CF7 : DF;
  4CF8 : DF;
  4CF9 : DF;
  4CFA : DF;
  4CFB : DF;
  4CFC : DF;
  4CFD : DF;
  4CFE : DF;
  4CFF : DF;
  4D00 : DF;
  4D01 : DF;
  4D02 : DF;
  4D03 : DF;
  4D04 : DF;
  4D05 : DF;
  4D06 : DF;
  4D07 : DF;
  4D08 : DF;
  4D09 : DF;
  4D0A : DF;
  4D0B : DF;
  4D0C : DF;
  4D0D : DF;
  4D0E : DF;
  4D0F : DF;
  4D10 : DF;
  4D11 : DF;
  4D12 : DF;
  4D13 : DF;
  4D14 : DF;
  4D15 : DF;
  4D16 : DF;
  4D17 : DF;
  4D18 : DF;
  4D19 : DF;
  4D1A : DF;
  4D1B : E2;
  4D1C : DE;
  4D1D : E2;
  4D1E : FF;
  4D1F : FF;
  4D20 : FF;
  4D21 : FF;
  4D22 : FF;
  4D23 : FF;
  4D24 : FF;
  4D25 : FF;
  4D26 : FF;
  4D27 : FF;
  4D28 : FF;
  4D29 : FB;
  4D2A : EE;
  4D2B : F0;
  4D2C : ED;
  4D2D : ED;
  4D2E : ED;
  4D2F : ED;
  4D30 : ED;
  4D31 : ED;
  4D32 : ED;
  4D33 : ED;
  4D34 : ED;
  4D35 : ED;
  4D36 : ED;
  4D37 : ED;
  4D38 : ED;
  4D39 : ED;
  4D3A : ED;
  4D3B : ED;
  4D3C : ED;
  4D3D : ED;
  4D3E : ED;
  4D3F : ED;
  4D40 : ED;
  4D41 : EE;
  4D42 : F6;
  4D43 : FB;
  4D44 : FF;
  4D45 : FF;
  4D46 : FF;
  4D47 : FF;
  4D48 : FF;
  4D49 : FF;
  4D4A : FF;
  4D4B : FF;
  4D4C : FF;
  4D4D : FF;
  4D4E : FF;
  4D4F : FF;
  4D50 : FF;
  4D51 : FF;
  4D52 : FF;
  4D53 : FF;
  4D54 : FF;
  4D55 : FF;
  4D56 : FF;
  4D57 : FF;
  4D58 : FF;
  4D59 : FF;
  4D5A : FF;
  4D5B : FF;
  4D5C : FF;
  4D5D : FF;
  4D5E : FF;
  4D5F : FF;
  4D60 : DA;
  4D61 : 88;
  4D62 : 86;
  4D63 : 85;
  4D64 : 85;
  4D65 : 85;
  4D66 : 85;
  4D67 : 85;
  4D68 : 85;
  4D69 : 85;
  4D6A : 85;
  4D6B : 85;
  4D6C : 85;
  4D6D : 85;
  4D6E : 85;
  4D6F : 85;
  4D70 : 85;
  4D71 : 85;
  4D72 : 85;
  4D73 : 85;
  4D74 : 85;
  4D75 : 85;
  4D76 : 85;
  4D77 : 85;
  4D78 : 85;
  4D79 : 85;
  4D7A : 85;
  4D7B : 85;
  4D7C : 85;
  4D7D : 85;
  4D7E : 85;
  4D7F : 85;
  4D80 : 85;
  4D81 : 85;
  4D82 : 85;
  4D83 : 85;
  4D84 : 85;
  4D85 : 85;
  4D86 : 85;
  4D87 : 85;
  4D88 : 85;
  4D89 : 85;
  4D8A : 85;
  4D8B : 85;
  4D8C : 85;
  4D8D : 89;
  4D8E : 80;
  4D8F : 39;
  4D90 : 19;
  4D91 : 68;
  4D92 : 8A;
  4D93 : 85;
  4D94 : 85;
  4D95 : 85;
  4D96 : 85;
  4D97 : 85;
  4D98 : 85;
  4D99 : 85;
  4D9A : 85;
  4D9B : 85;
  4D9C : 85;
  4D9D : 85;
  4D9E : 85;
  4D9F : 85;
  4DA0 : 85;
  4DA1 : 85;
  4DA2 : 85;
  4DA3 : 85;
  4DA4 : 85;
  4DA5 : 85;
  4DA6 : 85;
  4DA7 : 85;
  4DA8 : 85;
  4DA9 : 85;
  4DAA : 85;
  4DAB : 85;
  4DAC : 85;
  4DAD : 85;
  4DAE : 85;
  4DAF : 84;
  4DB0 : 88;
  4DB1 : CB;
  4DB2 : E3;
  4DB3 : DF;
  4DB4 : DF;
  4DB5 : DF;
  4DB6 : DF;
  4DB7 : DF;
  4DB8 : DF;
  4DB9 : DF;
  4DBA : DF;
  4DBB : DF;
  4DBC : DF;
  4DBD : DF;
  4DBE : DF;
  4DBF : DF;
  4DC0 : DF;
  4DC1 : DF;
  4DC2 : DF;
  4DC3 : DF;
  4DC4 : DF;
  4DC5 : DF;
  4DC6 : DF;
  4DC7 : DF;
  4DC8 : DF;
  4DC9 : DF;
  4DCA : DF;
  4DCB : DF;
  4DCC : DF;
  4DCD : DF;
  4DCE : DF;
  4DCF : DF;
  4DD0 : DF;
  4DD1 : DF;
  4DD2 : DF;
  4DD3 : DF;
  4DD4 : DF;
  4DD5 : DF;
  4DD6 : DF;
  4DD7 : DF;
  4DD8 : DF;
  4DD9 : DF;
  4DDA : DF;
  4DDB : DF;
  4DDC : DF;
  4DDD : DF;
  4DDE : DF;
  4DDF : DF;
  4DE0 : DF;
  4DE1 : DF;
  4DE2 : DF;
  4DE3 : DF;
  4DE4 : DF;
  4DE5 : DF;
  4DE6 : DF;
  4DE7 : E1;
  4DE8 : E4;
  4DE9 : DB;
  4DEA : FF;
  4DEB : FF;
  4DEC : FF;
  4DED : FF;
  4DEE : FF;
  4DEF : FF;
  4DF0 : FF;
  4DF1 : FF;
  4DF2 : FF;
  4DF3 : FF;
  4DF4 : FF;
  4DF5 : FB;
  4DF6 : EE;
  4DF7 : F0;
  4DF8 : ED;
  4DF9 : ED;
  4DFA : ED;
  4DFB : ED;
  4DFC : ED;
  4DFD : ED;
  4DFE : ED;
  4DFF : ED;
  4E00 : ED;
  4E01 : ED;
  4E02 : ED;
  4E03 : ED;
  4E04 : ED;
  4E05 : ED;
  4E06 : ED;
  4E07 : ED;
  4E08 : ED;
  4E09 : ED;
  4E0A : ED;
  4E0B : ED;
  4E0C : ED;
  4E0D : EE;
  4E0E : F6;
  4E0F : FB;
  4E10 : FF;
  4E11 : FF;
  4E12 : FF;
  4E13 : FF;
  4E14 : FF;
  4E15 : FF;
  4E16 : FF;
  4E17 : FF;
  4E18 : FF;
  4E19 : FF;
  4E1A : FF;
  4E1B : FF;
  4E1C : FF;
  4E1D : FF;
  4E1E : FF;
  4E1F : FF;
  4E20 : FF;
  4E21 : FF;
  4E22 : FF;
  4E23 : FF;
  4E24 : FF;
  4E25 : FF;
  4E26 : FF;
  4E27 : FF;
  4E28 : FF;
  4E29 : FF;
  4E2A : FF;
  4E2B : FF;
  4E2C : DE;
  4E2D : 83;
  4E2E : 87;
  4E2F : 85;
  4E30 : 85;
  4E31 : 85;
  4E32 : 85;
  4E33 : 85;
  4E34 : 85;
  4E35 : 85;
  4E36 : 85;
  4E37 : 85;
  4E38 : 85;
  4E39 : 85;
  4E3A : 85;
  4E3B : 85;
  4E3C : 85;
  4E3D : 85;
  4E3E : 85;
  4E3F : 85;
  4E40 : 85;
  4E41 : 85;
  4E42 : 85;
  4E43 : 85;
  4E44 : 85;
  4E45 : 85;
  4E46 : 85;
  4E47 : 85;
  4E48 : 85;
  4E49 : 85;
  4E4A : 85;
  4E4B : 85;
  4E4C : 85;
  4E4D : 85;
  4E4E : 85;
  4E4F : 85;
  4E50 : 85;
  4E51 : 85;
  4E52 : 85;
  4E53 : 85;
  4E54 : 85;
  4E55 : 85;
  4E56 : 85;
  4E57 : 85;
  4E58 : 85;
  4E59 : 85;
  4E5A : 8A;
  4E5B : 79;
  4E5C : 28;
  4E5D : 29;
  4E5E : 7B;
  4E5F : 88;
  4E60 : 85;
  4E61 : 85;
  4E62 : 85;
  4E63 : 85;
  4E64 : 85;
  4E65 : 85;
  4E66 : 85;
  4E67 : 85;
  4E68 : 85;
  4E69 : 85;
  4E6A : 85;
  4E6B : 85;
  4E6C : 85;
  4E6D : 85;
  4E6E : 85;
  4E6F : 85;
  4E70 : 85;
  4E71 : 85;
  4E72 : 85;
  4E73 : 85;
  4E74 : 85;
  4E75 : 85;
  4E76 : 85;
  4E77 : 85;
  4E78 : 85;
  4E79 : 85;
  4E7A : 85;
  4E7B : 85;
  4E7C : 81;
  4E7D : A9;
  4E7E : E0;
  4E7F : E1;
  4E80 : DF;
  4E81 : DF;
  4E82 : DF;
  4E83 : DF;
  4E84 : DF;
  4E85 : DF;
  4E86 : DF;
  4E87 : DF;
  4E88 : DF;
  4E89 : DF;
  4E8A : DF;
  4E8B : DF;
  4E8C : DF;
  4E8D : DF;
  4E8E : DF;
  4E8F : DF;
  4E90 : DF;
  4E91 : DF;
  4E92 : DF;
  4E93 : DF;
  4E94 : DF;
  4E95 : DF;
  4E96 : DF;
  4E97 : DF;
  4E98 : DF;
  4E99 : DF;
  4E9A : DF;
  4E9B : DF;
  4E9C : DF;
  4E9D : DF;
  4E9E : DF;
  4E9F : DF;
  4EA0 : DF;
  4EA1 : DF;
  4EA2 : DF;
  4EA3 : DF;
  4EA4 : DF;
  4EA5 : DF;
  4EA6 : DF;
  4EA7 : DF;
  4EA8 : DF;
  4EA9 : DF;
  4EAA : DF;
  4EAB : DF;
  4EAC : DF;
  4EAD : DF;
  4EAE : DF;
  4EAF : DF;
  4EB0 : DF;
  4EB1 : DF;
  4EB2 : DF;
  4EB3 : DF;
  4EB4 : E9;
  4EB5 : E1;
  4EB6 : FF;
  4EB7 : FF;
  4EB8 : FF;
  4EB9 : FF;
  4EBA : FF;
  4EBB : FF;
  4EBC : FF;
  4EBD : FF;
  4EBE : FF;
  4EBF : FF;
  4EC0 : FF;
  4EC1 : FB;
  4EC2 : EF;
  4EC3 : EF;
  4EC4 : ED;
  4EC5 : ED;
  4EC6 : ED;
  4EC7 : ED;
  4EC8 : ED;
  4EC9 : ED;
  4ECA : ED;
  4ECB : ED;
  4ECC : ED;
  4ECD : ED;
  4ECE : ED;
  4ECF : ED;
  4ED0 : ED;
  4ED1 : ED;
  4ED2 : ED;
  4ED3 : ED;
  4ED4 : ED;
  4ED5 : ED;
  4ED6 : ED;
  4ED7 : ED;
  4ED8 : ED;
  4ED9 : EE;
  4EDA : F6;
  4EDB : FB;
  4EDC : FF;
  4EDD : FF;
  4EDE : FF;
  4EDF : FF;
  4EE0 : FF;
  4EE1 : FF;
  4EE2 : FF;
  4EE3 : FF;
  4EE4 : FF;
  4EE5 : FF;
  4EE6 : FF;
  4EE7 : FF;
  4EE8 : FF;
  4EE9 : FF;
  4EEA : FF;
  4EEB : FF;
  4EEC : FF;
  4EED : FF;
  4EEE : FF;
  4EEF : FF;
  4EF0 : FF;
  4EF1 : FF;
  4EF2 : FF;
  4EF3 : FF;
  4EF4 : FF;
  4EF5 : FF;
  4EF6 : FF;
  4EF7 : FF;
  4EF8 : E0;
  4EF9 : 84;
  4EFA : 87;
  4EFB : 85;
  4EFC : 85;
  4EFD : 85;
  4EFE : 85;
  4EFF : 85;
  4F00 : 85;
  4F01 : 85;
  4F02 : 85;
  4F03 : 85;
  4F04 : 85;
  4F05 : 85;
  4F06 : 85;
  4F07 : 85;
  4F08 : 85;
  4F09 : 85;
  4F0A : 85;
  4F0B : 85;
  4F0C : 85;
  4F0D : 85;
  4F0E : 85;
  4F0F : 85;
  4F10 : 85;
  4F11 : 85;
  4F12 : 85;
  4F13 : 85;
  4F14 : 85;
  4F15 : 85;
  4F16 : 85;
  4F17 : 85;
  4F18 : 85;
  4F19 : 85;
  4F1A : 85;
  4F1B : 85;
  4F1C : 85;
  4F1D : 85;
  4F1E : 85;
  4F1F : 85;
  4F20 : 85;
  4F21 : 85;
  4F22 : 85;
  4F23 : 85;
  4F24 : 85;
  4F25 : 85;
  4F26 : 85;
  4F27 : 8C;
  4F28 : 5E;
  4F29 : 16;
  4F2A : 53;
  4F2B : 88;
  4F2C : 86;
  4F2D : 85;
  4F2E : 85;
  4F2F : 85;
  4F30 : 85;
  4F31 : 85;
  4F32 : 85;
  4F33 : 85;
  4F34 : 85;
  4F35 : 85;
  4F36 : 85;
  4F37 : 85;
  4F38 : 85;
  4F39 : 85;
  4F3A : 85;
  4F3B : 85;
  4F3C : 85;
  4F3D : 85;
  4F3E : 85;
  4F3F : 85;
  4F40 : 85;
  4F41 : 85;
  4F42 : 85;
  4F43 : 85;
  4F44 : 85;
  4F45 : 85;
  4F46 : 85;
  4F47 : 85;
  4F48 : 83;
  4F49 : 8B;
  4F4A : CF;
  4F4B : E2;
  4F4C : DF;
  4F4D : DF;
  4F4E : DF;
  4F4F : DF;
  4F50 : DF;
  4F51 : DF;
  4F52 : DF;
  4F53 : DF;
  4F54 : DF;
  4F55 : DF;
  4F56 : DF;
  4F57 : DF;
  4F58 : DF;
  4F59 : DF;
  4F5A : DF;
  4F5B : DF;
  4F5C : DF;
  4F5D : DF;
  4F5E : DF;
  4F5F : DF;
  4F60 : DF;
  4F61 : DF;
  4F62 : DF;
  4F63 : DF;
  4F64 : DF;
  4F65 : DF;
  4F66 : DF;
  4F67 : DF;
  4F68 : DF;
  4F69 : DF;
  4F6A : DF;
  4F6B : DF;
  4F6C : DF;
  4F6D : DF;
  4F6E : DF;
  4F6F : DF;
  4F70 : DF;
  4F71 : DF;
  4F72 : DF;
  4F73 : DF;
  4F74 : DF;
  4F75 : DF;
  4F76 : DF;
  4F77 : DF;
  4F78 : DF;
  4F79 : DF;
  4F7A : DF;
  4F7B : DF;
  4F7C : DF;
  4F7D : DF;
  4F7E : DF;
  4F7F : DF;
  4F80 : E9;
  4F81 : E2;
  4F82 : F5;
  4F83 : FF;
  4F84 : FF;
  4F85 : FF;
  4F86 : FF;
  4F87 : FF;
  4F88 : FF;
  4F89 : FF;
  4F8A : FF;
  4F8B : FF;
  4F8C : FF;
  4F8D : FB;
  4F8E : F0;
  4F8F : EF;
  4F90 : ED;
  4F91 : ED;
  4F92 : ED;
  4F93 : ED;
  4F94 : ED;
  4F95 : ED;
  4F96 : ED;
  4F97 : ED;
  4F98 : ED;
  4F99 : ED;
  4F9A : ED;
  4F9B : ED;
  4F9C : ED;
  4F9D : ED;
  4F9E : ED;
  4F9F : ED;
  4FA0 : ED;
  4FA1 : ED;
  4FA2 : ED;
  4FA3 : ED;
  4FA4 : ED;
  4FA5 : EE;
  4FA6 : F6;
  4FA7 : FB;
  4FA8 : FF;
  4FA9 : FF;
  4FAA : FF;
  4FAB : FF;
  4FAC : FF;
  4FAD : FF;
  4FAE : FF;
  4FAF : FF;
  4FB0 : FF;
  4FB1 : FF;
  4FB2 : FF;
  4FB3 : FF;
  4FB4 : FF;
  4FB5 : FF;
  4FB6 : FF;
  4FB7 : FF;
  4FB8 : FF;
  4FB9 : FF;
  4FBA : FF;
  4FBB : FF;
  4FBC : FF;
  4FBD : FF;
  4FBE : FF;
  4FBF : FF;
  4FC0 : FF;
  4FC1 : FF;
  4FC2 : FF;
  4FC3 : FF;
  4FC4 : E6;
  4FC5 : 8A;
  4FC6 : 87;
  4FC7 : 85;
  4FC8 : 85;
  4FC9 : 85;
  4FCA : 85;
  4FCB : 85;
  4FCC : 85;
  4FCD : 85;
  4FCE : 85;
  4FCF : 85;
  4FD0 : 85;
  4FD1 : 85;
  4FD2 : 85;
  4FD3 : 85;
  4FD4 : 85;
  4FD5 : 85;
  4FD6 : 85;
  4FD7 : 85;
  4FD8 : 85;
  4FD9 : 85;
  4FDA : 85;
  4FDB : 85;
  4FDC : 85;
  4FDD : 85;
  4FDE : 85;
  4FDF : 85;
  4FE0 : 85;
  4FE1 : 85;
  4FE2 : 85;
  4FE3 : 85;
  4FE4 : 85;
  4FE5 : 85;
  4FE6 : 85;
  4FE7 : 85;
  4FE8 : 85;
  4FE9 : 85;
  4FEA : 85;
  4FEB : 85;
  4FEC : 85;
  4FED : 85;
  4FEE : 85;
  4FEF : 85;
  4FF0 : 85;
  4FF1 : 85;
  4FF2 : 85;
  4FF3 : 87;
  4FF4 : 82;
  4FF5 : 30;
  4FF6 : 26;
  4FF7 : 81;
  4FF8 : 87;
  4FF9 : 85;
  4FFA : 85;
  4FFB : 85;
  4FFC : 85;
  4FFD : 85;
  4FFE : 85;
  4FFF : 85;
  5000 : 85;
  5001 : 85;
  5002 : 85;
  5003 : 85;
  5004 : 85;
  5005 : 85;
  5006 : 85;
  5007 : 85;
  5008 : 85;
  5009 : 85;
  500A : 85;
  500B : 85;
  500C : 85;
  500D : 85;
  500E : 85;
  500F : 85;
  5010 : 85;
  5011 : 85;
  5012 : 85;
  5013 : 85;
  5014 : 84;
  5015 : 82;
  5016 : A7;
  5017 : E1;
  5018 : E0;
  5019 : DF;
  501A : DF;
  501B : DF;
  501C : DF;
  501D : DF;
  501E : DF;
  501F : DF;
  5020 : DF;
  5021 : DF;
  5022 : DF;
  5023 : DF;
  5024 : DF;
  5025 : DF;
  5026 : DF;
  5027 : DF;
  5028 : DF;
  5029 : DF;
  502A : DF;
  502B : DF;
  502C : DF;
  502D : DF;
  502E : DF;
  502F : DF;
  5030 : DF;
  5031 : DF;
  5032 : DF;
  5033 : DF;
  5034 : DF;
  5035 : DF;
  5036 : DF;
  5037 : DF;
  5038 : DF;
  5039 : DF;
  503A : DF;
  503B : DF;
  503C : DF;
  503D : DF;
  503E : DF;
  503F : DF;
  5040 : DF;
  5041 : DF;
  5042 : DF;
  5043 : DF;
  5044 : DF;
  5045 : DF;
  5046 : DF;
  5047 : DF;
  5048 : DF;
  5049 : DF;
  504A : DF;
  504B : DF;
  504C : E5;
  504D : DA;
  504E : E7;
  504F : FF;
  5050 : FF;
  5051 : FF;
  5052 : FF;
  5053 : FF;
  5054 : FF;
  5055 : FF;
  5056 : FF;
  5057 : FF;
  5058 : FF;
  5059 : FB;
  505A : F0;
  505B : EF;
  505C : ED;
  505D : ED;
  505E : ED;
  505F : ED;
  5060 : ED;
  5061 : ED;
  5062 : ED;
  5063 : ED;
  5064 : ED;
  5065 : ED;
  5066 : ED;
  5067 : ED;
  5068 : ED;
  5069 : ED;
  506A : ED;
  506B : ED;
  506C : ED;
  506D : ED;
  506E : ED;
  506F : ED;
  5070 : ED;
  5071 : EE;
  5072 : F6;
  5073 : FB;
  5074 : FF;
  5075 : FF;
  5076 : FF;
  5077 : FF;
  5078 : FF;
  5079 : FF;
  507A : FF;
  507B : FF;
  507C : FF;
  507D : FF;
  507E : FF;
  507F : FF;
  5080 : FF;
  5081 : FF;
  5082 : FF;
  5083 : FF;
  5084 : FF;
  5085 : FF;
  5086 : FF;
  5087 : FF;
  5088 : FF;
  5089 : FF;
  508A : FF;
  508B : FF;
  508C : FF;
  508D : FF;
  508E : FF;
  508F : FF;
  5090 : EE;
  5091 : 95;
  5092 : 87;
  5093 : 85;
  5094 : 85;
  5095 : 85;
  5096 : 85;
  5097 : 85;
  5098 : 85;
  5099 : 85;
  509A : 85;
  509B : 85;
  509C : 85;
  509D : 85;
  509E : 85;
  509F : 85;
  50A0 : 85;
  50A1 : 85;
  50A2 : 86;
  50A3 : 85;
  50A4 : 84;
  50A5 : 85;
  50A6 : 85;
  50A7 : 85;
  50A8 : 85;
  50A9 : 85;
  50AA : 85;
  50AB : 85;
  50AC : 85;
  50AD : 85;
  50AE : 85;
  50AF : 85;
  50B0 : 85;
  50B1 : 85;
  50B2 : 85;
  50B3 : 85;
  50B4 : 85;
  50B5 : 85;
  50B6 : 85;
  50B7 : 85;
  50B8 : 85;
  50B9 : 85;
  50BA : 85;
  50BB : 85;
  50BC : 85;
  50BD : 85;
  50BE : 85;
  50BF : 85;
  50C0 : 8B;
  50C1 : 4C;
  50C2 : 1B;
  50C3 : 6C;
  50C4 : 88;
  50C5 : 85;
  50C6 : 85;
  50C7 : 85;
  50C8 : 85;
  50C9 : 85;
  50CA : 85;
  50CB : 85;
  50CC : 85;
  50CD : 85;
  50CE : 85;
  50CF : 85;
  50D0 : 85;
  50D1 : 85;
  50D2 : 85;
  50D3 : 85;
  50D4 : 85;
  50D5 : 85;
  50D6 : 85;
  50D7 : 85;
  50D8 : 85;
  50D9 : 85;
  50DA : 85;
  50DB : 85;
  50DC : 85;
  50DD : 85;
  50DE : 85;
  50DF : 85;
  50E0 : 85;
  50E1 : 82;
  50E2 : 8A;
  50E3 : C7;
  50E4 : E4;
  50E5 : DF;
  50E6 : DF;
  50E7 : DF;
  50E8 : DF;
  50E9 : DF;
  50EA : DF;
  50EB : DF;
  50EC : DF;
  50ED : DF;
  50EE : DF;
  50EF : DF;
  50F0 : DF;
  50F1 : DF;
  50F2 : DF;
  50F3 : DF;
  50F4 : DF;
  50F5 : DF;
  50F6 : DF;
  50F7 : DF;
  50F8 : DF;
  50F9 : DF;
  50FA : DF;
  50FB : DF;
  50FC : DF;
  50FD : DF;
  50FE : DF;
  50FF : DF;
  5100 : DF;
  5101 : DF;
  5102 : DF;
  5103 : DF;
  5104 : DF;
  5105 : DF;
  5106 : DF;
  5107 : DF;
  5108 : DF;
  5109 : DF;
  510A : DF;
  510B : DF;
  510C : DF;
  510D : DF;
  510E : DF;
  510F : DF;
  5110 : DF;
  5111 : DF;
  5112 : DF;
  5113 : DF;
  5114 : DF;
  5115 : DF;
  5116 : DF;
  5117 : DF;
  5118 : E3;
  5119 : DC;
  511A : E3;
  511B : FF;
  511C : FF;
  511D : FF;
  511E : FF;
  511F : FF;
  5120 : FF;
  5121 : FF;
  5122 : FF;
  5123 : FF;
  5124 : FF;
  5125 : FB;
  5126 : F0;
  5127 : EF;
  5128 : ED;
  5129 : ED;
  512A : ED;
  512B : ED;
  512C : ED;
  512D : ED;
  512E : ED;
  512F : ED;
  5130 : ED;
  5131 : ED;
  5132 : ED;
  5133 : ED;
  5134 : ED;
  5135 : ED;
  5136 : ED;
  5137 : ED;
  5138 : ED;
  5139 : ED;
  513A : ED;
  513B : ED;
  513C : ED;
  513D : EE;
  513E : F6;
  513F : FB;
  5140 : FF;
  5141 : FF;
  5142 : FF;
  5143 : FF;
  5144 : FF;
  5145 : FF;
  5146 : FF;
  5147 : FF;
  5148 : FF;
  5149 : FF;
  514A : FF;
  514B : FF;
  514C : FF;
  514D : FF;
  514E : FF;
  514F : FF;
  5150 : FF;
  5151 : FF;
  5152 : FF;
  5153 : FF;
  5154 : FF;
  5155 : FF;
  5156 : FF;
  5157 : FF;
  5158 : FF;
  5159 : FF;
  515A : FF;
  515B : FF;
  515C : F6;
  515D : A2;
  515E : 88;
  515F : 85;
  5160 : 85;
  5161 : 85;
  5162 : 85;
  5163 : 85;
  5164 : 85;
  5165 : 85;
  5166 : 85;
  5167 : 85;
  5168 : 85;
  5169 : 85;
  516A : 85;
  516B : 85;
  516C : 85;
  516D : 86;
  516E : 83;
  516F : 77;
  5170 : 70;
  5171 : 7B;
  5172 : 85;
  5173 : 85;
  5174 : 85;
  5175 : 85;
  5176 : 85;
  5177 : 85;
  5178 : 85;
  5179 : 85;
  517A : 85;
  517B : 85;
  517C : 85;
  517D : 85;
  517E : 85;
  517F : 85;
  5180 : 85;
  5181 : 85;
  5182 : 85;
  5183 : 85;
  5184 : 85;
  5185 : 85;
  5186 : 85;
  5187 : 85;
  5188 : 85;
  5189 : 85;
  518A : 85;
  518B : 85;
  518C : 89;
  518D : 63;
  518E : 20;
  518F : 57;
  5190 : 89;
  5191 : 85;
  5192 : 85;
  5193 : 85;
  5194 : 85;
  5195 : 85;
  5196 : 85;
  5197 : 85;
  5198 : 85;
  5199 : 85;
  519A : 85;
  519B : 85;
  519C : 85;
  519D : 85;
  519E : 85;
  519F : 85;
  51A0 : 85;
  51A1 : 85;
  51A2 : 85;
  51A3 : 85;
  51A4 : 85;
  51A5 : 85;
  51A6 : 85;
  51A7 : 85;
  51A8 : 85;
  51A9 : 85;
  51AA : 85;
  51AB : 85;
  51AC : 85;
  51AD : 85;
  51AE : 80;
  51AF : 9D;
  51B0 : DC;
  51B1 : E2;
  51B2 : DF;
  51B3 : DF;
  51B4 : DF;
  51B5 : DF;
  51B6 : DF;
  51B7 : DF;
  51B8 : DF;
  51B9 : DF;
  51BA : DF;
  51BB : DF;
  51BC : DF;
  51BD : DF;
  51BE : DF;
  51BF : DF;
  51C0 : DF;
  51C1 : DF;
  51C2 : DF;
  51C3 : DF;
  51C4 : DF;
  51C5 : DF;
  51C6 : DF;
  51C7 : DF;
  51C8 : DF;
  51C9 : DF;
  51CA : DF;
  51CB : DF;
  51CC : DF;
  51CD : DF;
  51CE : DF;
  51CF : DF;
  51D0 : DF;
  51D1 : DF;
  51D2 : DF;
  51D3 : DF;
  51D4 : DF;
  51D5 : DF;
  51D6 : DF;
  51D7 : DF;
  51D8 : DF;
  51D9 : DF;
  51DA : DF;
  51DB : DF;
  51DC : DF;
  51DD : DF;
  51DE : DF;
  51DF : DF;
  51E0 : DF;
  51E1 : DF;
  51E2 : DF;
  51E3 : DF;
  51E4 : E1;
  51E5 : E5;
  51E6 : E3;
  51E7 : FF;
  51E8 : FF;
  51E9 : FF;
  51EA : FF;
  51EB : FF;
  51EC : FF;
  51ED : FF;
  51EE : FF;
  51EF : FF;
  51F0 : FF;
  51F1 : FB;
  51F2 : F0;
  51F3 : EF;
  51F4 : ED;
  51F5 : ED;
  51F6 : ED;
  51F7 : ED;
  51F8 : ED;
  51F9 : ED;
  51FA : ED;
  51FB : ED;
  51FC : ED;
  51FD : ED;
  51FE : ED;
  51FF : ED;
  5200 : ED;
  5201 : ED;
  5202 : ED;
  5203 : ED;
  5204 : ED;
  5205 : ED;
  5206 : ED;
  5207 : ED;
  5208 : ED;
  5209 : EE;
  520A : F6;
  520B : FB;
  520C : FF;
  520D : FF;
  520E : FF;
  520F : FF;
  5210 : FF;
  5211 : FF;
  5212 : FF;
  5213 : FF;
  5214 : FF;
  5215 : FF;
  5216 : FF;
  5217 : FF;
  5218 : FF;
  5219 : FF;
  521A : FF;
  521B : FF;
  521C : FF;
  521D : FF;
  521E : FF;
  521F : FF;
  5220 : FF;
  5221 : FF;
  5222 : FF;
  5223 : FF;
  5224 : FF;
  5225 : FF;
  5226 : FF;
  5227 : FF;
  5228 : FF;
  5229 : B3;
  522A : 88;
  522B : 85;
  522C : 85;
  522D : 85;
  522E : 85;
  522F : 85;
  5230 : 85;
  5231 : 85;
  5232 : 85;
  5233 : 85;
  5234 : 85;
  5235 : 85;
  5236 : 85;
  5237 : 85;
  5238 : 85;
  5239 : 85;
  523A : 74;
  523B : 67;
  523C : 65;
  523D : 6C;
  523E : 81;
  523F : 86;
  5240 : 85;
  5241 : 85;
  5242 : 85;
  5243 : 85;
  5244 : 85;
  5245 : 85;
  5246 : 85;
  5247 : 85;
  5248 : 85;
  5249 : 85;
  524A : 85;
  524B : 85;
  524C : 85;
  524D : 85;
  524E : 85;
  524F : 85;
  5250 : 85;
  5251 : 85;
  5252 : 85;
  5253 : 85;
  5254 : 85;
  5255 : 85;
  5256 : 85;
  5257 : 85;
  5258 : 88;
  5259 : 6C;
  525A : 20;
  525B : 4E;
  525C : 89;
  525D : 85;
  525E : 85;
  525F : 85;
  5260 : 85;
  5261 : 85;
  5262 : 85;
  5263 : 85;
  5264 : 85;
  5265 : 85;
  5266 : 85;
  5267 : 85;
  5268 : 85;
  5269 : 85;
  526A : 85;
  526B : 85;
  526C : 85;
  526D : 85;
  526E : 85;
  526F : 85;
  5270 : 85;
  5271 : 85;
  5272 : 85;
  5273 : 85;
  5274 : 85;
  5275 : 85;
  5276 : 85;
  5277 : 85;
  5278 : 85;
  5279 : 85;
  527A : 84;
  527B : 83;
  527C : B5;
  527D : E3;
  527E : E0;
  527F : DF;
  5280 : DF;
  5281 : DF;
  5282 : DF;
  5283 : DF;
  5284 : DF;
  5285 : DF;
  5286 : DF;
  5287 : DF;
  5288 : DF;
  5289 : DF;
  528A : DF;
  528B : DF;
  528C : DF;
  528D : DF;
  528E : DF;
  528F : DF;
  5290 : DF;
  5291 : DF;
  5292 : DF;
  5293 : DF;
  5294 : DF;
  5295 : DF;
  5296 : DF;
  5297 : DF;
  5298 : DF;
  5299 : DF;
  529A : DF;
  529B : DF;
  529C : DF;
  529D : DF;
  529E : DF;
  529F : DF;
  52A0 : DF;
  52A1 : DF;
  52A2 : DF;
  52A3 : DF;
  52A4 : DF;
  52A5 : DF;
  52A6 : DF;
  52A7 : DF;
  52A8 : DF;
  52A9 : DF;
  52AA : DF;
  52AB : DF;
  52AC : DF;
  52AD : DF;
  52AE : DF;
  52AF : DF;
  52B0 : E0;
  52B1 : EA;
  52B2 : E6;
  52B3 : FF;
  52B4 : FF;
  52B5 : FF;
  52B6 : FF;
  52B7 : FF;
  52B8 : FF;
  52B9 : FF;
  52BA : FF;
  52BB : FF;
  52BC : FF;
  52BD : FB;
  52BE : F0;
  52BF : EF;
  52C0 : ED;
  52C1 : ED;
  52C2 : ED;
  52C3 : ED;
  52C4 : ED;
  52C5 : ED;
  52C6 : ED;
  52C7 : ED;
  52C8 : ED;
  52C9 : ED;
  52CA : ED;
  52CB : ED;
  52CC : ED;
  52CD : ED;
  52CE : ED;
  52CF : ED;
  52D0 : ED;
  52D1 : ED;
  52D2 : ED;
  52D3 : ED;
  52D4 : ED;
  52D5 : EE;
  52D6 : F6;
  52D7 : FB;
  52D8 : FF;
  52D9 : FF;
  52DA : FF;
  52DB : FF;
  52DC : FF;
  52DD : FF;
  52DE : FF;
  52DF : FF;
  52E0 : FF;
  52E1 : FF;
  52E2 : FF;
  52E3 : FF;
  52E4 : FF;
  52E5 : FF;
  52E6 : FF;
  52E7 : FF;
  52E8 : FF;
  52E9 : FF;
  52EA : FF;
  52EB : FF;
  52EC : FF;
  52ED : FF;
  52EE : FF;
  52EF : FF;
  52F0 : FF;
  52F1 : FF;
  52F2 : FF;
  52F3 : FF;
  52F4 : FF;
  52F5 : C5;
  52F6 : 84;
  52F7 : 84;
  52F8 : 85;
  52F9 : 85;
  52FA : 85;
  52FB : 85;
  52FC : 85;
  52FD : 85;
  52FE : 85;
  52FF : 85;
  5300 : 85;
  5301 : 85;
  5302 : 85;
  5303 : 85;
  5304 : 86;
  5305 : 7B;
  5306 : 68;
  5307 : 67;
  5308 : 68;
  5309 : 66;
  530A : 7A;
  530B : 86;
  530C : 85;
  530D : 85;
  530E : 85;
  530F : 85;
  5310 : 85;
  5311 : 85;
  5312 : 85;
  5313 : 85;
  5314 : 85;
  5315 : 85;
  5316 : 85;
  5317 : 85;
  5318 : 85;
  5319 : 85;
  531A : 85;
  531B : 85;
  531C : 85;
  531D : 85;
  531E : 85;
  531F : 85;
  5320 : 85;
  5321 : 85;
  5322 : 85;
  5323 : 85;
  5324 : 88;
  5325 : 6B;
  5326 : 21;
  5327 : 4F;
  5328 : 89;
  5329 : 85;
  532A : 85;
  532B : 85;
  532C : 85;
  532D : 85;
  532E : 85;
  532F : 85;
  5330 : 85;
  5331 : 85;
  5332 : 85;
  5333 : 85;
  5334 : 85;
  5335 : 85;
  5336 : 85;
  5337 : 85;
  5338 : 85;
  5339 : 85;
  533A : 85;
  533B : 85;
  533C : 85;
  533D : 85;
  533E : 85;
  533F : 85;
  5340 : 85;
  5341 : 85;
  5342 : 85;
  5343 : 85;
  5344 : 85;
  5345 : 85;
  5346 : 85;
  5347 : 82;
  5348 : 8A;
  5349 : C8;
  534A : E3;
  534B : DF;
  534C : DF;
  534D : DF;
  534E : DF;
  534F : DF;
  5350 : DF;
  5351 : DF;
  5352 : DF;
  5353 : DF;
  5354 : DF;
  5355 : DF;
  5356 : DF;
  5357 : DF;
  5358 : DF;
  5359 : DF;
  535A : DF;
  535B : DF;
  535C : DF;
  535D : DF;
  535E : DF;
  535F : DF;
  5360 : DF;
  5361 : DF;
  5362 : DF;
  5363 : DF;
  5364 : DF;
  5365 : DF;
  5366 : DF;
  5367 : DF;
  5368 : DF;
  5369 : DF;
  536A : DF;
  536B : DF;
  536C : DF;
  536D : DF;
  536E : DF;
  536F : DF;
  5370 : DF;
  5371 : DF;
  5372 : DF;
  5373 : DF;
  5374 : DF;
  5375 : DF;
  5376 : DF;
  5377 : DF;
  5378 : DF;
  5379 : DF;
  537A : DF;
  537B : DF;
  537C : DF;
  537D : EE;
  537E : EB;
  537F : FF;
  5380 : FF;
  5381 : FF;
  5382 : FF;
  5383 : FF;
  5384 : FF;
  5385 : FF;
  5386 : FF;
  5387 : FF;
  5388 : FF;
  5389 : FB;
  538A : F0;
  538B : EF;
  538C : ED;
  538D : ED;
  538E : ED;
  538F : ED;
  5390 : ED;
  5391 : ED;
  5392 : ED;
  5393 : ED;
  5394 : ED;
  5395 : ED;
  5396 : ED;
  5397 : ED;
  5398 : ED;
  5399 : ED;
  539A : ED;
  539B : ED;
  539C : ED;
  539D : ED;
  539E : ED;
  539F : ED;
  53A0 : ED;
  53A1 : EE;
  53A2 : F6;
  53A3 : FB;
  53A4 : FF;
  53A5 : FF;
  53A6 : FF;
  53A7 : FF;
  53A8 : FF;
  53A9 : FF;
  53AA : FF;
  53AB : FF;
  53AC : FF;
  53AD : FF;
  53AE : FF;
  53AF : FF;
  53B0 : FF;
  53B1 : FF;
  53B2 : FF;
  53B3 : FF;
  53B4 : FF;
  53B5 : FF;
  53B6 : FF;
  53B7 : FF;
  53B8 : FF;
  53B9 : FF;
  53BA : FF;
  53BB : FF;
  53BC : FF;
  53BD : FF;
  53BE : FF;
  53BF : FF;
  53C0 : FF;
  53C1 : D5;
  53C2 : 80;
  53C3 : 84;
  53C4 : 85;
  53C5 : 85;
  53C6 : 85;
  53C7 : 85;
  53C8 : 85;
  53C9 : 85;
  53CA : 85;
  53CB : 85;
  53CC : 85;
  53CD : 85;
  53CE : 85;
  53CF : 85;
  53D0 : 86;
  53D1 : 73;
  53D2 : 65;
  53D3 : 68;
  53D4 : 68;
  53D5 : 67;
  53D6 : 72;
  53D7 : 84;
  53D8 : 85;
  53D9 : 85;
  53DA : 85;
  53DB : 85;
  53DC : 85;
  53DD : 85;
  53DE : 85;
  53DF : 85;
  53E0 : 85;
  53E1 : 85;
  53E2 : 85;
  53E3 : 85;
  53E4 : 85;
  53E5 : 85;
  53E6 : 85;
  53E7 : 85;
  53E8 : 85;
  53E9 : 85;
  53EA : 85;
  53EB : 85;
  53EC : 85;
  53ED : 85;
  53EE : 85;
  53EF : 85;
  53F0 : 8A;
  53F1 : 60;
  53F2 : 1F;
  53F3 : 5B;
  53F4 : 89;
  53F5 : 85;
  53F6 : 85;
  53F7 : 85;
  53F8 : 85;
  53F9 : 85;
  53FA : 85;
  53FB : 85;
  53FC : 85;
  53FD : 85;
  53FE : 85;
  53FF : 85;
  5400 : 85;
  5401 : 85;
  5402 : 85;
  5403 : 85;
  5404 : 85;
  5405 : 85;
  5406 : 85;
  5407 : 85;
  5408 : 85;
  5409 : 85;
  540A : 85;
  540B : 85;
  540C : 85;
  540D : 85;
  540E : 85;
  540F : 85;
  5410 : 85;
  5411 : 85;
  5412 : 85;
  5413 : 85;
  5414 : 81;
  5415 : 96;
  5416 : D5;
  5417 : E3;
  5418 : DF;
  5419 : DF;
  541A : DF;
  541B : DF;
  541C : DF;
  541D : DF;
  541E : DF;
  541F : DF;
  5420 : DF;
  5421 : DF;
  5422 : DF;
  5423 : DF;
  5424 : DF;
  5425 : DF;
  5426 : DF;
  5427 : DF;
  5428 : DF;
  5429 : DF;
  542A : DF;
  542B : DF;
  542C : DF;
  542D : DF;
  542E : DF;
  542F : DF;
  5430 : DF;
  5431 : DF;
  5432 : DF;
  5433 : DF;
  5434 : DF;
  5435 : DF;
  5436 : DF;
  5437 : DF;
  5438 : DF;
  5439 : DF;
  543A : DF;
  543B : DF;
  543C : DF;
  543D : DF;
  543E : DF;
  543F : DF;
  5440 : DF;
  5441 : DF;
  5442 : DF;
  5443 : DF;
  5444 : DF;
  5445 : DF;
  5446 : DF;
  5447 : DF;
  5448 : DF;
  5449 : ED;
  544A : E8;
  544B : FF;
  544C : FF;
  544D : FF;
  544E : FF;
  544F : FF;
  5450 : FF;
  5451 : FF;
  5452 : FF;
  5453 : FF;
  5454 : FF;
  5455 : FB;
  5456 : EF;
  5457 : EF;
  5458 : ED;
  5459 : ED;
  545A : ED;
  545B : ED;
  545C : ED;
  545D : ED;
  545E : ED;
  545F : ED;
  5460 : ED;
  5461 : ED;
  5462 : ED;
  5463 : ED;
  5464 : ED;
  5465 : ED;
  5466 : ED;
  5467 : ED;
  5468 : ED;
  5469 : ED;
  546A : ED;
  546B : ED;
  546C : ED;
  546D : EE;
  546E : F6;
  546F : FB;
  5470 : FF;
  5471 : FF;
  5472 : FF;
  5473 : FF;
  5474 : FF;
  5475 : FF;
  5476 : FF;
  5477 : FF;
  5478 : FF;
  5479 : FF;
  547A : FF;
  547B : FF;
  547C : FF;
  547D : FF;
  547E : FF;
  547F : FF;
  5480 : FF;
  5481 : FF;
  5482 : FF;
  5483 : FF;
  5484 : FF;
  5485 : FF;
  5486 : FF;
  5487 : FF;
  5488 : FF;
  5489 : FF;
  548A : FF;
  548B : FF;
  548C : FF;
  548D : ED;
  548E : 92;
  548F : 84;
  5490 : 85;
  5491 : 85;
  5492 : 85;
  5493 : 85;
  5494 : 85;
  5495 : 85;
  5496 : 85;
  5497 : 85;
  5498 : 85;
  5499 : 85;
  549A : 85;
  549B : 86;
  549C : 83;
  549D : 70;
  549E : 66;
  549F : 68;
  54A0 : 68;
  54A1 : 67;
  54A2 : 6A;
  54A3 : 81;
  54A4 : 86;
  54A5 : 85;
  54A6 : 85;
  54A7 : 85;
  54A8 : 85;
  54A9 : 85;
  54AA : 85;
  54AB : 85;
  54AC : 85;
  54AD : 85;
  54AE : 85;
  54AF : 85;
  54B0 : 85;
  54B1 : 85;
  54B2 : 85;
  54B3 : 85;
  54B4 : 85;
  54B5 : 85;
  54B6 : 85;
  54B7 : 85;
  54B8 : 85;
  54B9 : 85;
  54BA : 85;
  54BB : 85;
  54BC : 8B;
  54BD : 47;
  54BE : 1C;
  54BF : 72;
  54C0 : 88;
  54C1 : 85;
  54C2 : 85;
  54C3 : 85;
  54C4 : 85;
  54C5 : 85;
  54C6 : 85;
  54C7 : 85;
  54C8 : 85;
  54C9 : 85;
  54CA : 85;
  54CB : 85;
  54CC : 85;
  54CD : 85;
  54CE : 85;
  54CF : 85;
  54D0 : 85;
  54D1 : 85;
  54D2 : 85;
  54D3 : 85;
  54D4 : 85;
  54D5 : 85;
  54D6 : 85;
  54D7 : 85;
  54D8 : 85;
  54D9 : 85;
  54DA : 85;
  54DB : 85;
  54DC : 85;
  54DD : 85;
  54DE : 85;
  54DF : 85;
  54E0 : 84;
  54E1 : 81;
  54E2 : A1;
  54E3 : DB;
  54E4 : E2;
  54E5 : DF;
  54E6 : DF;
  54E7 : DF;
  54E8 : DF;
  54E9 : DF;
  54EA : DF;
  54EB : DF;
  54EC : DF;
  54ED : DF;
  54EE : DF;
  54EF : DF;
  54F0 : DF;
  54F1 : DF;
  54F2 : DF;
  54F3 : DF;
  54F4 : DF;
  54F5 : DF;
  54F6 : DF;
  54F7 : DF;
  54F8 : DF;
  54F9 : DF;
  54FA : DF;
  54FB : DF;
  54FC : DF;
  54FD : DF;
  54FE : DF;
  54FF : DF;
  5500 : DF;
  5501 : DF;
  5502 : DF;
  5503 : DF;
  5504 : DF;
  5505 : DF;
  5506 : DF;
  5507 : DF;
  5508 : DF;
  5509 : DF;
  550A : DF;
  550B : DF;
  550C : DF;
  550D : DF;
  550E : DF;
  550F : DF;
  5510 : DF;
  5511 : DF;
  5512 : DF;
  5513 : DF;
  5514 : DF;
  5515 : EB;
  5516 : E1;
  5517 : F7;
  5518 : FF;
  5519 : FF;
  551A : FF;
  551B : FF;
  551C : FF;
  551D : FF;
  551E : FF;
  551F : FF;
  5520 : FF;
  5521 : FB;
  5522 : ED;
  5523 : F0;
  5524 : ED;
  5525 : ED;
  5526 : ED;
  5527 : ED;
  5528 : ED;
  5529 : ED;
  552A : ED;
  552B : ED;
  552C : ED;
  552D : ED;
  552E : ED;
  552F : ED;
  5530 : ED;
  5531 : ED;
  5532 : ED;
  5533 : ED;
  5534 : ED;
  5535 : ED;
  5536 : ED;
  5537 : ED;
  5538 : ED;
  5539 : EE;
  553A : F6;
  553B : FB;
  553C : FF;
  553D : FF;
  553E : FF;
  553F : FF;
  5540 : FF;
  5541 : FF;
  5542 : FF;
  5543 : FF;
  5544 : FF;
  5545 : FF;
  5546 : FF;
  5547 : FF;
  5548 : FF;
  5549 : FF;
  554A : FF;
  554B : FF;
  554C : FF;
  554D : FF;
  554E : FF;
  554F : FF;
  5550 : FF;
  5551 : FF;
  5552 : FF;
  5553 : FF;
  5554 : FF;
  5555 : FF;
  5556 : FF;
  5557 : FF;
  5558 : FF;
  5559 : FF;
  555A : A7;
  555B : 83;
  555C : 82;
  555D : 85;
  555E : 85;
  555F : 85;
  5560 : 85;
  5561 : 85;
  5562 : 85;
  5563 : 85;
  5564 : 85;
  5565 : 85;
  5566 : 85;
  5567 : 86;
  5568 : 83;
  5569 : 70;
  556A : 66;
  556B : 68;
  556C : 68;
  556D : 68;
  556E : 68;
  556F : 79;
  5570 : 86;
  5571 : 85;
  5572 : 85;
  5573 : 85;
  5574 : 85;
  5575 : 85;
  5576 : 85;
  5577 : 85;
  5578 : 85;
  5579 : 85;
  557A : 85;
  557B : 85;
  557C : 85;
  557D : 85;
  557E : 85;
  557F : 85;
  5580 : 85;
  5581 : 85;
  5582 : 85;
  5583 : 85;
  5584 : 85;
  5585 : 85;
  5586 : 85;
  5587 : 88;
  5588 : 7C;
  5589 : 2A;
  558A : 2D;
  558B : 84;
  558C : 86;
  558D : 85;
  558E : 85;
  558F : 85;
  5590 : 85;
  5591 : 85;
  5592 : 85;
  5593 : 85;
  5594 : 85;
  5595 : 85;
  5596 : 85;
  5597 : 85;
  5598 : 85;
  5599 : 85;
  559A : 85;
  559B : 85;
  559C : 85;
  559D : 85;
  559E : 85;
  559F : 85;
  55A0 : 85;
  55A1 : 85;
  55A2 : 85;
  55A3 : 85;
  55A4 : 85;
  55A5 : 85;
  55A6 : 85;
  55A7 : 85;
  55A8 : 85;
  55A9 : 85;
  55AA : 85;
  55AB : 85;
  55AC : 85;
  55AD : 84;
  55AE : 82;
  55AF : A9;
  55B0 : DE;
  55B1 : E2;
  55B2 : DF;
  55B3 : DF;
  55B4 : DF;
  55B5 : DF;
  55B6 : DF;
  55B7 : DF;
  55B8 : DF;
  55B9 : DF;
  55BA : DF;
  55BB : DF;
  55BC : DF;
  55BD : DF;
  55BE : DF;
  55BF : DF;
  55C0 : DF;
  55C1 : DF;
  55C2 : DF;
  55C3 : DF;
  55C4 : DF;
  55C5 : DF;
  55C6 : DF;
  55C7 : DF;
  55C8 : DF;
  55C9 : DF;
  55CA : DF;
  55CB : DF;
  55CC : DF;
  55CD : DF;
  55CE : DF;
  55CF : DF;
  55D0 : DF;
  55D1 : DF;
  55D2 : DF;
  55D3 : DF;
  55D4 : DF;
  55D5 : DF;
  55D6 : DF;
  55D7 : DF;
  55D8 : DF;
  55D9 : DF;
  55DA : DF;
  55DB : DF;
  55DC : DF;
  55DD : DF;
  55DE : DF;
  55DF : DF;
  55E0 : DF;
  55E1 : EB;
  55E2 : E0;
  55E3 : F6;
  55E4 : FF;
  55E5 : FF;
  55E6 : FF;
  55E7 : FF;
  55E8 : FF;
  55E9 : FF;
  55EA : FF;
  55EB : FF;
  55EC : FF;
  55ED : FB;
  55EE : EE;
  55EF : F0;
  55F0 : ED;
  55F1 : ED;
  55F2 : ED;
  55F3 : ED;
  55F4 : ED;
  55F5 : ED;
  55F6 : ED;
  55F7 : ED;
  55F8 : ED;
  55F9 : ED;
  55FA : ED;
  55FB : ED;
  55FC : ED;
  55FD : ED;
  55FE : ED;
  55FF : ED;
  5600 : ED;
  5601 : ED;
  5602 : ED;
  5603 : ED;
  5604 : ED;
  5605 : EE;
  5606 : F6;
  5607 : FB;
  5608 : FF;
  5609 : FF;
  560A : FF;
  560B : FF;
  560C : FF;
  560D : FF;
  560E : FF;
  560F : FF;
  5610 : FF;
  5611 : FF;
  5612 : FF;
  5613 : FF;
  5614 : FF;
  5615 : FF;
  5616 : FF;
  5617 : FF;
  5618 : FF;
  5619 : FF;
  561A : FF;
  561B : FF;
  561C : FF;
  561D : FF;
  561E : FF;
  561F : FF;
  5620 : FF;
  5621 : FF;
  5622 : FF;
  5623 : FF;
  5624 : FF;
  5625 : FF;
  5626 : C2;
  5627 : 7C;
  5628 : 81;
  5629 : 85;
  562A : 85;
  562B : 85;
  562C : 85;
  562D : 85;
  562E : 85;
  562F : 85;
  5630 : 85;
  5631 : 85;
  5632 : 85;
  5633 : 85;
  5634 : 85;
  5635 : 72;
  5636 : 65;
  5637 : 68;
  5638 : 68;
  5639 : 68;
  563A : 67;
  563B : 6F;
  563C : 83;
  563D : 85;
  563E : 85;
  563F : 85;
  5640 : 85;
  5641 : 85;
  5642 : 85;
  5643 : 85;
  5644 : 85;
  5645 : 85;
  5646 : 85;
  5647 : 85;
  5648 : 85;
  5649 : 85;
  564A : 85;
  564B : 85;
  564C : 85;
  564D : 85;
  564E : 85;
  564F : 85;
  5650 : 85;
  5651 : 85;
  5652 : 86;
  5653 : 8B;
  5654 : 54;
  5655 : 14;
  5656 : 5E;
  5657 : 88;
  5658 : 85;
  5659 : 85;
  565A : 85;
  565B : 85;
  565C : 85;
  565D : 85;
  565E : 85;
  565F : 85;
  5660 : 85;
  5661 : 85;
  5662 : 85;
  5663 : 85;
  5664 : 85;
  5665 : 85;
  5666 : 85;
  5667 : 85;
  5668 : 85;
  5669 : 85;
  566A : 85;
  566B : 85;
  566C : 85;
  566D : 85;
  566E : 85;
  566F : 85;
  5670 : 85;
  5671 : 85;
  5672 : 85;
  5673 : 85;
  5674 : 85;
  5675 : 85;
  5676 : 85;
  5677 : 85;
  5678 : 85;
  5679 : 85;
  567A : 83;
  567B : 83;
  567C : AC;
  567D : DE;
  567E : E2;
  567F : DF;
  5680 : DF;
  5681 : DF;
  5682 : DF;
  5683 : DF;
  5684 : DF;
  5685 : DF;
  5686 : DF;
  5687 : DF;
  5688 : DF;
  5689 : DF;
  568A : DF;
  568B : DF;
  568C : DF;
  568D : DF;
  568E : DF;
  568F : DF;
  5690 : DF;
  5691 : DF;
  5692 : DF;
  5693 : DF;
  5694 : DF;
  5695 : DF;
  5696 : DF;
  5697 : DF;
  5698 : DF;
  5699 : DF;
  569A : DF;
  569B : DF;
  569C : DF;
  569D : DF;
  569E : DF;
  569F : DF;
  56A0 : DF;
  56A1 : DF;
  56A2 : DF;
  56A3 : DF;
  56A4 : DF;
  56A5 : DF;
  56A6 : DF;
  56A7 : DF;
  56A8 : DF;
  56A9 : DF;
  56AA : DF;
  56AB : DF;
  56AC : DF;
  56AD : EA;
  56AE : DD;
  56AF : F4;
  56B0 : FF;
  56B1 : FF;
  56B2 : FF;
  56B3 : FF;
  56B4 : FF;
  56B5 : FF;
  56B6 : FF;
  56B7 : FF;
  56B8 : FF;
  56B9 : FB;
  56BA : EE;
  56BB : F0;
  56BC : ED;
  56BD : ED;
  56BE : ED;
  56BF : ED;
  56C0 : ED;
  56C1 : ED;
  56C2 : ED;
  56C3 : ED;
  56C4 : ED;
  56C5 : ED;
  56C6 : ED;
  56C7 : ED;
  56C8 : ED;
  56C9 : ED;
  56CA : ED;
  56CB : ED;
  56CC : ED;
  56CD : ED;
  56CE : ED;
  56CF : ED;
  56D0 : ED;
  56D1 : EE;
  56D2 : F6;
  56D3 : FB;
  56D4 : FF;
  56D5 : FF;
  56D6 : FF;
  56D7 : FF;
  56D8 : FF;
  56D9 : FF;
  56DA : FF;
  56DB : FF;
  56DC : FF;
  56DD : FF;
  56DE : FF;
  56DF : FF;
  56E0 : FF;
  56E1 : FF;
  56E2 : FF;
  56E3 : FF;
  56E4 : FF;
  56E5 : FF;
  56E6 : FF;
  56E7 : FF;
  56E8 : FF;
  56E9 : FF;
  56EA : FF;
  56EB : FF;
  56EC : FF;
  56ED : FF;
  56EE : FE;
  56EF : F6;
  56F0 : E1;
  56F1 : C9;
  56F2 : A5;
  56F3 : 7D;
  56F4 : 7D;
  56F5 : 82;
  56F6 : 85;
  56F7 : 85;
  56F8 : 85;
  56F9 : 85;
  56FA : 85;
  56FB : 85;
  56FC : 85;
  56FD : 85;
  56FE : 85;
  56FF : 85;
  5700 : 87;
  5701 : 77;
  5702 : 67;
  5703 : 68;
  5704 : 68;
  5705 : 68;
  5706 : 67;
  5707 : 68;
  5708 : 79;
  5709 : 86;
  570A : 85;
  570B : 85;
  570C : 85;
  570D : 85;
  570E : 85;
  570F : 85;
  5710 : 85;
  5711 : 85;
  5712 : 85;
  5713 : 85;
  5714 : 85;
  5715 : 85;
  5716 : 85;
  5717 : 85;
  5718 : 85;
  5719 : 85;
  571A : 85;
  571B : 85;
  571C : 85;
  571D : 85;
  571E : 8B;
  571F : 6F;
  5720 : 1E;
  5721 : 36;
  5722 : 81;
  5723 : 88;
  5724 : 85;
  5725 : 85;
  5726 : 85;
  5727 : 85;
  5728 : 85;
  5729 : 85;
  572A : 85;
  572B : 85;
  572C : 85;
  572D : 85;
  572E : 85;
  572F : 85;
  5730 : 85;
  5731 : 85;
  5732 : 85;
  5733 : 85;
  5734 : 85;
  5735 : 85;
  5736 : 85;
  5737 : 85;
  5738 : 85;
  5739 : 85;
  573A : 85;
  573B : 85;
  573C : 85;
  573D : 85;
  573E : 85;
  573F : 85;
  5740 : 85;
  5741 : 85;
  5742 : 85;
  5743 : 85;
  5744 : 85;
  5745 : 85;
  5746 : 85;
  5747 : 83;
  5748 : 83;
  5749 : AC;
  574A : DD;
  574B : E3;
  574C : DF;
  574D : DF;
  574E : DF;
  574F : DF;
  5750 : DF;
  5751 : DF;
  5752 : DF;
  5753 : DF;
  5754 : DF;
  5755 : DF;
  5756 : DF;
  5757 : DF;
  5758 : DF;
  5759 : DF;
  575A : DF;
  575B : DF;
  575C : DF;
  575D : DF;
  575E : DF;
  575F : DF;
  5760 : DF;
  5761 : DF;
  5762 : DF;
  5763 : DF;
  5764 : DF;
  5765 : DF;
  5766 : DF;
  5767 : DF;
  5768 : DF;
  5769 : DF;
  576A : DF;
  576B : DF;
  576C : DF;
  576D : DF;
  576E : DF;
  576F : DF;
  5770 : DF;
  5771 : DF;
  5772 : DF;
  5773 : DF;
  5774 : DF;
  5775 : DF;
  5776 : DF;
  5777 : DF;
  5778 : DF;
  5779 : E9;
  577A : DC;
  577B : F3;
  577C : FF;
  577D : FF;
  577E : FF;
  577F : FF;
  5780 : FF;
  5781 : FF;
  5782 : FF;
  5783 : FF;
  5784 : FF;
  5785 : FB;
  5786 : EE;
  5787 : F0;
  5788 : ED;
  5789 : ED;
  578A : ED;
  578B : ED;
  578C : ED;
  578D : ED;
  578E : ED;
  578F : ED;
  5790 : ED;
  5791 : ED;
  5792 : ED;
  5793 : ED;
  5794 : ED;
  5795 : ED;
  5796 : ED;
  5797 : ED;
  5798 : ED;
  5799 : ED;
  579A : ED;
  579B : ED;
  579C : ED;
  579D : EE;
  579E : F6;
  579F : FB;
  57A0 : FF;
  57A1 : FF;
  57A2 : FF;
  57A3 : FF;
  57A4 : FF;
  57A5 : FF;
  57A6 : FF;
  57A7 : FF;
  57A8 : FF;
  57A9 : FF;
  57AA : FF;
  57AB : FF;
  57AC : FF;
  57AD : FF;
  57AE : FF;
  57AF : FF;
  57B0 : FF;
  57B1 : FF;
  57B2 : FF;
  57B3 : FF;
  57B4 : FF;
  57B5 : FF;
  57B6 : FF;
  57B7 : FF;
  57B8 : F3;
  57B9 : DB;
  57BA : B5;
  57BB : 94;
  57BC : 86;
  57BD : 85;
  57BE : 86;
  57BF : 7E;
  57C0 : 7B;
  57C1 : 7F;
  57C2 : 85;
  57C3 : 85;
  57C4 : 85;
  57C5 : 85;
  57C6 : 85;
  57C7 : 85;
  57C8 : 85;
  57C9 : 85;
  57CA : 85;
  57CB : 85;
  57CC : 86;
  57CD : 80;
  57CE : 6B;
  57CF : 66;
  57D0 : 68;
  57D1 : 68;
  57D2 : 68;
  57D3 : 66;
  57D4 : 6D;
  57D5 : 81;
  57D6 : 86;
  57D7 : 85;
  57D8 : 85;
  57D9 : 85;
  57DA : 85;
  57DB : 85;
  57DC : 85;
  57DD : 85;
  57DE : 85;
  57DF : 85;
  57E0 : 85;
  57E1 : 85;
  57E2 : 85;
  57E3 : 85;
  57E4 : 85;
  57E5 : 85;
  57E6 : 85;
  57E7 : 85;
  57E8 : 85;
  57E9 : 8B;
  57EA : 73;
  57EB : 29;
  57EC : 26;
  57ED : 75;
  57EE : 89;
  57EF : 85;
  57F0 : 85;
  57F1 : 85;
  57F2 : 85;
  57F3 : 85;
  57F4 : 85;
  57F5 : 85;
  57F6 : 85;
  57F7 : 85;
  57F8 : 85;
  57F9 : 85;
  57FA : 85;
  57FB : 85;
  57FC : 85;
  57FD : 85;
  57FE : 85;
  57FF : 85;
  5800 : 85;
  5801 : 85;
  5802 : 85;
  5803 : 85;
  5804 : 85;
  5805 : 85;
  5806 : 85;
  5807 : 85;
  5808 : 85;
  5809 : 85;
  580A : 85;
  580B : 85;
  580C : 85;
  580D : 85;
  580E : 85;
  580F : 85;
  5810 : 85;
  5811 : 85;
  5812 : 85;
  5813 : 85;
  5814 : 83;
  5815 : 83;
  5816 : A6;
  5817 : DA;
  5818 : E4;
  5819 : DF;
  581A : DF;
  581B : DF;
  581C : DF;
  581D : DF;
  581E : DF;
  581F : DF;
  5820 : DF;
  5821 : DF;
  5822 : DF;
  5823 : DF;
  5824 : DF;
  5825 : DF;
  5826 : DF;
  5827 : DF;
  5828 : DF;
  5829 : DF;
  582A : DF;
  582B : DF;
  582C : DF;
  582D : DF;
  582E : DF;
  582F : DF;
  5830 : DF;
  5831 : DF;
  5832 : DF;
  5833 : DF;
  5834 : DF;
  5835 : DF;
  5836 : DF;
  5837 : DF;
  5838 : DF;
  5839 : DF;
  583A : DF;
  583B : DF;
  583C : DF;
  583D : DF;
  583E : DF;
  583F : DF;
  5840 : DF;
  5841 : DF;
  5842 : DF;
  5843 : DF;
  5844 : DF;
  5845 : EA;
  5846 : DF;
  5847 : F5;
  5848 : FF;
  5849 : FF;
  584A : FF;
  584B : FF;
  584C : FF;
  584D : FF;
  584E : FF;
  584F : FF;
  5850 : FF;
  5851 : FB;
  5852 : EE;
  5853 : F1;
  5854 : ED;
  5855 : ED;
  5856 : ED;
  5857 : ED;
  5858 : ED;
  5859 : ED;
  585A : ED;
  585B : ED;
  585C : ED;
  585D : ED;
  585E : ED;
  585F : ED;
  5860 : ED;
  5861 : ED;
  5862 : ED;
  5863 : ED;
  5864 : ED;
  5865 : ED;
  5866 : ED;
  5867 : ED;
  5868 : ED;
  5869 : EF;
  586A : F3;
  586B : FB;
  586C : FF;
  586D : FF;
  586E : FF;
  586F : FF;
  5870 : FF;
  5871 : FF;
  5872 : FF;
  5873 : FF;
  5874 : FF;
  5875 : FF;
  5876 : FF;
  5877 : FF;
  5878 : FF;
  5879 : FF;
  587A : FF;
  587B : FF;
  587C : FF;
  587D : FF;
  587E : FF;
  587F : FF;
  5880 : FF;
  5881 : FF;
  5882 : EF;
  5883 : C6;
  5884 : 9C;
  5885 : 88;
  5886 : 8A;
  5887 : 88;
  5888 : 87;
  5889 : 87;
  588A : 86;
  588B : 82;
  588C : 7C;
  588D : 7C;
  588E : 82;
  588F : 85;
  5890 : 85;
  5891 : 85;
  5892 : 85;
  5893 : 85;
  5894 : 85;
  5895 : 85;
  5896 : 85;
  5897 : 85;
  5898 : 85;
  5899 : 86;
  589A : 76;
  589B : 66;
  589C : 68;
  589D : 68;
  589E : 68;
  589F : 68;
  58A0 : 67;
  58A1 : 75;
  58A2 : 85;
  58A3 : 85;
  58A4 : 85;
  58A5 : 85;
  58A6 : 85;
  58A7 : 85;
  58A8 : 85;
  58A9 : 85;
  58AA : 85;
  58AB : 85;
  58AC : 85;
  58AD : 85;
  58AE : 85;
  58AF : 85;
  58B0 : 85;
  58B1 : 85;
  58B2 : 85;
  58B3 : 88;
  58B4 : 8A;
  58B5 : 6A;
  58B6 : 25;
  58B7 : 27;
  58B8 : 6E;
  58B9 : 8A;
  58BA : 85;
  58BB : 85;
  58BC : 85;
  58BD : 85;
  58BE : 85;
  58BF : 85;
  58C0 : 85;
  58C1 : 85;
  58C2 : 85;
  58C3 : 85;
  58C4 : 85;
  58C5 : 85;
  58C6 : 85;
  58C7 : 85;
  58C8 : 85;
  58C9 : 85;
  58CA : 85;
  58CB : 85;
  58CC : 85;
  58CD : 85;
  58CE : 85;
  58CF : 85;
  58D0 : 85;
  58D1 : 85;
  58D2 : 85;
  58D3 : 85;
  58D4 : 85;
  58D5 : 85;
  58D6 : 85;
  58D7 : 85;
  58D8 : 85;
  58D9 : 85;
  58DA : 85;
  58DB : 85;
  58DC : 85;
  58DD : 85;
  58DE : 85;
  58DF : 85;
  58E0 : 85;
  58E1 : 83;
  58E2 : 81;
  58E3 : 9D;
  58E4 : D1;
  58E5 : E4;
  58E6 : E0;
  58E7 : DF;
  58E8 : DF;
  58E9 : DF;
  58EA : DF;
  58EB : DF;
  58EC : DF;
  58ED : DF;
  58EE : DF;
  58EF : DF;
  58F0 : DF;
  58F1 : DF;
  58F2 : DF;
  58F3 : DF;
  58F4 : DF;
  58F5 : DF;
  58F6 : DF;
  58F7 : DF;
  58F8 : DF;
  58F9 : DF;
  58FA : DF;
  58FB : DF;
  58FC : DF;
  58FD : DF;
  58FE : DF;
  58FF : DF;
  5900 : DF;
  5901 : DF;
  5902 : DF;
  5903 : DF;
  5904 : DF;
  5905 : DF;
  5906 : DF;
  5907 : DF;
  5908 : DF;
  5909 : DF;
  590A : DF;
  590B : DF;
  590C : DF;
  590D : DF;
  590E : DF;
  590F : DF;
  5910 : DF;
  5911 : EB;
  5912 : E0;
  5913 : F7;
  5914 : FF;
  5915 : FF;
  5916 : FF;
  5917 : FF;
  5918 : FF;
  5919 : FF;
  591A : FF;
  591B : FF;
  591C : FF;
  591D : FB;
  591E : EE;
  591F : F2;
  5920 : ED;
  5921 : ED;
  5922 : ED;
  5923 : ED;
  5924 : ED;
  5925 : ED;
  5926 : ED;
  5927 : ED;
  5928 : ED;
  5929 : ED;
  592A : ED;
  592B : ED;
  592C : ED;
  592D : ED;
  592E : ED;
  592F : ED;
  5930 : ED;
  5931 : ED;
  5932 : ED;
  5933 : ED;
  5934 : ED;
  5935 : EF;
  5936 : EE;
  5937 : FB;
  5938 : FF;
  5939 : FF;
  593A : FF;
  593B : FF;
  593C : FF;
  593D : FF;
  593E : FF;
  593F : FF;
  5940 : FF;
  5941 : FF;
  5942 : FF;
  5943 : FF;
  5944 : FF;
  5945 : FF;
  5946 : FF;
  5947 : FF;
  5948 : FF;
  5949 : FF;
  594A : FF;
  594B : FF;
  594C : F9;
  594D : C8;
  594E : 99;
  594F : 8B;
  5950 : 8B;
  5951 : 86;
  5952 : 85;
  5953 : 85;
  5954 : 85;
  5955 : 86;
  5956 : 88;
  5957 : 85;
  5958 : 7E;
  5959 : 7B;
  595A : 7D;
  595B : 84;
  595C : 85;
  595D : 85;
  595E : 85;
  595F : 85;
  5960 : 85;
  5961 : 85;
  5962 : 85;
  5963 : 85;
  5964 : 85;
  5965 : 85;
  5966 : 83;
  5967 : 71;
  5968 : 66;
  5969 : 67;
  596A : 68;
  596B : 68;
  596C : 67;
  596D : 69;
  596E : 7F;
  596F : 86;
  5970 : 85;
  5971 : 85;
  5972 : 85;
  5973 : 85;
  5974 : 85;
  5975 : 85;
  5976 : 85;
  5977 : 85;
  5978 : 85;
  5979 : 85;
  597A : 85;
  597B : 85;
  597C : 86;
  597D : 88;
  597E : 89;
  597F : 7D;
  5980 : 4D;
  5981 : 1F;
  5982 : 38;
  5983 : 75;
  5984 : 8A;
  5985 : 85;
  5986 : 85;
  5987 : 85;
  5988 : 85;
  5989 : 85;
  598A : 85;
  598B : 85;
  598C : 85;
  598D : 85;
  598E : 85;
  598F : 85;
  5990 : 85;
  5991 : 85;
  5992 : 85;
  5993 : 85;
  5994 : 85;
  5995 : 85;
  5996 : 85;
  5997 : 85;
  5998 : 85;
  5999 : 85;
  599A : 85;
  599B : 85;
  599C : 85;
  599D : 85;
  599E : 85;
  599F : 85;
  59A0 : 85;
  59A1 : 85;
  59A2 : 85;
  59A3 : 85;
  59A4 : 85;
  59A5 : 85;
  59A6 : 85;
  59A7 : 85;
  59A8 : 85;
  59A9 : 85;
  59AA : 85;
  59AB : 85;
  59AC : 85;
  59AD : 85;
  59AE : 85;
  59AF : 80;
  59B0 : 92;
  59B1 : C2;
  59B2 : E1;
  59B3 : E2;
  59B4 : E0;
  59B5 : DF;
  59B6 : DF;
  59B7 : DF;
  59B8 : DF;
  59B9 : DF;
  59BA : DF;
  59BB : DF;
  59BC : DF;
  59BD : DF;
  59BE : DF;
  59BF : DF;
  59C0 : DF;
  59C1 : DF;
  59C2 : DF;
  59C3 : DF;
  59C4 : DF;
  59C5 : DF;
  59C6 : DF;
  59C7 : DF;
  59C8 : DF;
  59C9 : DF;
  59CA : DF;
  59CB : DF;
  59CC : DF;
  59CD : DF;
  59CE : DF;
  59CF : DF;
  59D0 : DF;
  59D1 : DF;
  59D2 : DF;
  59D3 : DF;
  59D4 : DF;
  59D5 : DF;
  59D6 : DF;
  59D7 : DF;
  59D8 : DF;
  59D9 : DF;
  59DA : DF;
  59DB : DF;
  59DC : DF;
  59DD : ED;
  59DE : E5;
  59DF : FC;
  59E0 : FF;
  59E1 : FF;
  59E2 : FF;
  59E3 : FF;
  59E4 : FF;
  59E5 : FF;
  59E6 : FF;
  59E7 : FF;
  59E8 : FF;
  59E9 : FB;
  59EA : EF;
  59EB : F2;
  59EC : ED;
  59ED : ED;
  59EE : ED;
  59EF : ED;
  59F0 : ED;
  59F1 : ED;
  59F2 : ED;
  59F3 : ED;
  59F4 : ED;
  59F5 : ED;
  59F6 : ED;
  59F7 : ED;
  59F8 : ED;
  59F9 : EE;
  59FA : EE;
  59FB : EE;
  59FC : EE;
  59FD : ED;
  59FE : ED;
  59FF : ED;
  5A00 : ED;
  5A01 : F0;
  5A02 : ED;
  5A03 : FB;
  5A04 : FF;
  5A05 : FF;
  5A06 : FF;
  5A07 : FF;
  5A08 : FF;
  5A09 : FF;
  5A0A : FF;
  5A0B : FF;
  5A0C : FF;
  5A0D : FF;
  5A0E : FF;
  5A0F : FF;
  5A10 : FF;
  5A11 : FF;
  5A12 : FF;
  5A13 : FF;
  5A14 : FF;
  5A15 : FF;
  5A16 : FF;
  5A17 : E6;
  5A18 : A4;
  5A19 : 8A;
  5A1A : 8C;
  5A1B : 85;
  5A1C : 85;
  5A1D : 85;
  5A1E : 86;
  5A1F : 89;
  5A20 : 8C;
  5A21 : 87;
  5A22 : 8C;
  5A23 : 84;
  5A24 : 7A;
  5A25 : 7C;
  5A26 : 7B;
  5A27 : 7F;
  5A28 : 84;
  5A29 : 85;
  5A2A : 85;
  5A2B : 85;
  5A2C : 85;
  5A2D : 85;
  5A2E : 85;
  5A2F : 85;
  5A30 : 85;
  5A31 : 85;
  5A32 : 86;
  5A33 : 82;
  5A34 : 73;
  5A35 : 69;
  5A36 : 66;
  5A37 : 66;
  5A38 : 66;
  5A39 : 69;
  5A3A : 7F;
  5A3B : 86;
  5A3C : 85;
  5A3D : 85;
  5A3E : 85;
  5A3F : 85;
  5A40 : 85;
  5A41 : 85;
  5A42 : 85;
  5A43 : 85;
  5A44 : 86;
  5A45 : 88;
  5A46 : 8A;
  5A47 : 89;
  5A48 : 82;
  5A49 : 75;
  5A4A : 52;
  5A4B : 2E;
  5A4C : 2B;
  5A4D : 59;
  5A4E : 81;
  5A4F : 8A;
  5A50 : 85;
  5A51 : 85;
  5A52 : 85;
  5A53 : 85;
  5A54 : 85;
  5A55 : 85;
  5A56 : 85;
  5A57 : 85;
  5A58 : 85;
  5A59 : 85;
  5A5A : 85;
  5A5B : 85;
  5A5C : 85;
  5A5D : 85;
  5A5E : 85;
  5A5F : 85;
  5A60 : 85;
  5A61 : 85;
  5A62 : 85;
  5A63 : 85;
  5A64 : 85;
  5A65 : 85;
  5A66 : 85;
  5A67 : 85;
  5A68 : 85;
  5A69 : 85;
  5A6A : 85;
  5A6B : 85;
  5A6C : 85;
  5A6D : 85;
  5A6E : 85;
  5A6F : 85;
  5A70 : 85;
  5A71 : 85;
  5A72 : 85;
  5A73 : 85;
  5A74 : 85;
  5A75 : 85;
  5A76 : 85;
  5A77 : 85;
  5A78 : 85;
  5A79 : 85;
  5A7A : 85;
  5A7B : 85;
  5A7C : 80;
  5A7D : 88;
  5A7E : AD;
  5A7F : D7;
  5A80 : E3;
  5A81 : E1;
  5A82 : DF;
  5A83 : DF;
  5A84 : DF;
  5A85 : DF;
  5A86 : DF;
  5A87 : DF;
  5A88 : DF;
  5A89 : DF;
  5A8A : DF;
  5A8B : DF;
  5A8C : DF;
  5A8D : DF;
  5A8E : DF;
  5A8F : DF;
  5A90 : DF;
  5A91 : DF;
  5A92 : DF;
  5A93 : DF;
  5A94 : DF;
  5A95 : DF;
  5A96 : DF;
  5A97 : DF;
  5A98 : DF;
  5A99 : DF;
  5A9A : DF;
  5A9B : DF;
  5A9C : DF;
  5A9D : DF;
  5A9E : DF;
  5A9F : DF;
  5AA0 : DF;
  5AA1 : DF;
  5AA2 : DF;
  5AA3 : DF;
  5AA4 : DF;
  5AA5 : DF;
  5AA6 : DF;
  5AA7 : DF;
  5AA8 : DF;
  5AA9 : EC;
  5AAA : E6;
  5AAB : F9;
  5AAC : FB;
  5AAD : FD;
  5AAE : FE;
  5AAF : FF;
  5AB0 : FF;
  5AB1 : FF;
  5AB2 : FF;
  5AB3 : FF;
  5AB4 : FF;
  5AB5 : FB;
  5AB6 : EF;
  5AB7 : F3;
  5AB8 : ED;
  5AB9 : ED;
  5ABA : ED;
  5ABB : ED;
  5ABC : ED;
  5ABD : ED;
  5ABE : ED;
  5ABF : ED;
  5AC0 : ED;
  5AC1 : ED;
  5AC2 : ED;
  5AC3 : EE;
  5AC4 : EE;
  5AC5 : EC;
  5AC6 : EA;
  5AC7 : E4;
  5AC8 : E3;
  5AC9 : EC;
  5ACA : ED;
  5ACB : ED;
  5ACC : ED;
  5ACD : F1;
  5ACE : EE;
  5ACF : FB;
  5AD0 : FF;
  5AD1 : FF;
  5AD2 : FF;
  5AD3 : FF;
  5AD4 : FF;
  5AD5 : FF;
  5AD6 : FF;
  5AD7 : FF;
  5AD8 : FF;
  5AD9 : FF;
  5ADA : FF;
  5ADB : FF;
  5ADC : FF;
  5ADD : FF;
  5ADE : FF;
  5ADF : FF;
  5AE0 : FF;
  5AE1 : FF;
  5AE2 : D8;
  5AE3 : 91;
  5AE4 : 8B;
  5AE5 : 87;
  5AE6 : 85;
  5AE7 : 85;
  5AE8 : 85;
  5AE9 : 8B;
  5AEA : 8B;
  5AEB : 8E;
  5AEC : 9F;
  5AED : C3;
  5AEE : C9;
  5AEF : 75;
  5AF0 : 6E;
  5AF1 : 7A;
  5AF2 : 7D;
  5AF3 : 7C;
  5AF4 : 81;
  5AF5 : 85;
  5AF6 : 85;
  5AF7 : 85;
  5AF8 : 85;
  5AF9 : 85;
  5AFA : 85;
  5AFB : 85;
  5AFC : 85;
  5AFD : 85;
  5AFE : 85;
  5AFF : 86;
  5B00 : 84;
  5B01 : 7C;
  5B02 : 72;
  5B03 : 6F;
  5B04 : 71;
  5B05 : 7C;
  5B06 : 85;
  5B07 : 85;
  5B08 : 85;
  5B09 : 85;
  5B0A : 85;
  5B0B : 85;
  5B0C : 85;
  5B0D : 85;
  5B0E : 85;
  5B0F : 83;
  5B10 : 7D;
  5B11 : 74;
  5B12 : 6A;
  5B13 : 5F;
  5B14 : 49;
  5B15 : 34;
  5B16 : 3A;
  5B17 : 5A;
  5B18 : 7E;
  5B19 : 89;
  5B1A : 87;
  5B1B : 85;
  5B1C : 85;
  5B1D : 85;
  5B1E : 85;
  5B1F : 85;
  5B20 : 85;
  5B21 : 85;
  5B22 : 85;
  5B23 : 85;
  5B24 : 85;
  5B25 : 85;
  5B26 : 85;
  5B27 : 85;
  5B28 : 85;
  5B29 : 85;
  5B2A : 85;
  5B2B : 85;
  5B2C : 85;
  5B2D : 85;
  5B2E : 85;
  5B2F : 85;
  5B30 : 85;
  5B31 : 85;
  5B32 : 85;
  5B33 : 85;
  5B34 : 85;
  5B35 : 85;
  5B36 : 85;
  5B37 : 85;
  5B38 : 85;
  5B39 : 85;
  5B3A : 85;
  5B3B : 85;
  5B3C : 85;
  5B3D : 85;
  5B3E : 85;
  5B3F : 85;
  5B40 : 85;
  5B41 : 85;
  5B42 : 85;
  5B43 : 85;
  5B44 : 85;
  5B45 : 85;
  5B46 : 85;
  5B47 : 85;
  5B48 : 85;
  5B49 : 83;
  5B4A : 82;
  5B4B : 96;
  5B4C : C2;
  5B4D : DE;
  5B4E : E4;
  5B4F : E0;
  5B50 : DF;
  5B51 : DF;
  5B52 : DF;
  5B53 : DF;
  5B54 : DF;
  5B55 : DF;
  5B56 : DF;
  5B57 : DF;
  5B58 : DF;
  5B59 : DF;
  5B5A : DF;
  5B5B : DF;
  5B5C : DF;
  5B5D : DF;
  5B5E : DF;
  5B5F : DF;
  5B60 : DF;
  5B61 : DF;
  5B62 : DF;
  5B63 : DF;
  5B64 : DF;
  5B65 : DF;
  5B66 : DF;
  5B67 : DF;
  5B68 : DF;
  5B69 : DF;
  5B6A : DF;
  5B6B : DF;
  5B6C : DF;
  5B6D : DF;
  5B6E : DF;
  5B6F : DF;
  5B70 : DF;
  5B71 : DF;
  5B72 : DF;
  5B73 : DF;
  5B74 : E0;
  5B75 : DE;
  5B76 : CF;
  5B77 : C4;
  5B78 : CD;
  5B79 : D4;
  5B7A : DD;
  5B7B : E4;
  5B7C : ED;
  5B7D : F2;
  5B7E : F6;
  5B7F : FA;
  5B80 : FF;
  5B81 : FC;
  5B82 : F1;
  5B83 : F4;
  5B84 : EE;
  5B85 : EE;
  5B86 : EE;
  5B87 : ED;
  5B88 : ED;
  5B89 : ED;
  5B8A : ED;
  5B8B : ED;
  5B8C : ED;
  5B8D : EE;
  5B8E : ED;
  5B8F : E7;
  5B90 : DD;
  5B91 : D0;
  5B92 : C6;
  5B93 : BF;
  5B94 : CA;
  5B95 : EA;
  5B96 : EE;
  5B97 : ED;
  5B98 : ED;
  5B99 : F1;
  5B9A : EF;
  5B9B : FC;
  5B9C : FF;
  5B9D : FF;
  5B9E : FF;
  5B9F : FF;
  5BA0 : FF;
  5BA1 : FF;
  5BA2 : FF;
  5BA3 : FF;
  5BA4 : FF;
  5BA5 : FF;
  5BA6 : FF;
  5BA7 : FF;
  5BA8 : FF;
  5BA9 : FF;
  5BAA : FF;
  5BAB : FF;
  5BAC : FF;
  5BAD : DA;
  5BAE : 91;
  5BAF : 8B;
  5BB0 : 85;
  5BB1 : 85;
  5BB2 : 86;
  5BB3 : 8B;
  5BB4 : 8B;
  5BB5 : 9A;
  5BB6 : BD;
  5BB7 : E0;
  5BB8 : FB;
  5BB9 : FF;
  5BBA : A5;
  5BBB : 6A;
  5BBC : 67;
  5BBD : 72;
  5BBE : 7D;
  5BBF : 7C;
  5BC0 : 7D;
  5BC1 : 82;
  5BC2 : 85;
  5BC3 : 85;
  5BC4 : 85;
  5BC5 : 85;
  5BC6 : 85;
  5BC7 : 85;
  5BC8 : 85;
  5BC9 : 85;
  5BCA : 85;
  5BCB : 85;
  5BCC : 85;
  5BCD : 86;
  5BCE : 86;
  5BCF : 86;
  5BD0 : 86;
  5BD1 : 86;
  5BD2 : 85;
  5BD3 : 85;
  5BD4 : 85;
  5BD5 : 85;
  5BD6 : 85;
  5BD7 : 85;
  5BD8 : 85;
  5BD9 : 85;
  5BDA : 83;
  5BDB : 78;
  5BDC : 69;
  5BDD : 5C;
  5BDE : 53;
  5BDF : 50;
  5BE0 : 5E;
  5BE1 : 75;
  5BE2 : 87;
  5BE3 : 89;
  5BE4 : 87;
  5BE5 : 85;
  5BE6 : 85;
  5BE7 : 85;
  5BE8 : 85;
  5BE9 : 85;
  5BEA : 85;
  5BEB : 85;
  5BEC : 85;
  5BED : 85;
  5BEE : 85;
  5BEF : 85;
  5BF0 : 85;
  5BF1 : 85;
  5BF2 : 85;
  5BF3 : 85;
  5BF4 : 85;
  5BF5 : 85;
  5BF6 : 85;
  5BF7 : 85;
  5BF8 : 85;
  5BF9 : 85;
  5BFA : 85;
  5BFB : 85;
  5BFC : 85;
  5BFD : 85;
  5BFE : 85;
  5BFF : 85;
  5C00 : 85;
  5C01 : 85;
  5C02 : 85;
  5C03 : 85;
  5C04 : 85;
  5C05 : 85;
  5C06 : 85;
  5C07 : 85;
  5C08 : 85;
  5C09 : 85;
  5C0A : 85;
  5C0B : 85;
  5C0C : 85;
  5C0D : 85;
  5C0E : 85;
  5C0F : 85;
  5C10 : 85;
  5C11 : 85;
  5C12 : 85;
  5C13 : 85;
  5C14 : 85;
  5C15 : 85;
  5C16 : 84;
  5C17 : 82;
  5C18 : 86;
  5C19 : A5;
  5C1A : CA;
  5C1B : E2;
  5C1C : E3;
  5C1D : E0;
  5C1E : DF;
  5C1F : DF;
  5C20 : DF;
  5C21 : DF;
  5C22 : DF;
  5C23 : DF;
  5C24 : DF;
  5C25 : DF;
  5C26 : DF;
  5C27 : DF;
  5C28 : DF;
  5C29 : DF;
  5C2A : DF;
  5C2B : DF;
  5C2C : DF;
  5C2D : DF;
  5C2E : DF;
  5C2F : DF;
  5C30 : DF;
  5C31 : DF;
  5C32 : DF;
  5C33 : DF;
  5C34 : DF;
  5C35 : DF;
  5C36 : DF;
  5C37 : DF;
  5C38 : DF;
  5C39 : DF;
  5C3A : DF;
  5C3B : DF;
  5C3C : DF;
  5C3D : DF;
  5C3E : DF;
  5C3F : DF;
  5C40 : E0;
  5C41 : DB;
  5C42 : CA;
  5C43 : C3;
  5C44 : C5;
  5C45 : C5;
  5C46 : C6;
  5C47 : C7;
  5C48 : C7;
  5C49 : C3;
  5C4A : C9;
  5C4B : CF;
  5C4C : D7;
  5C4D : DC;
  5C4E : DC;
  5C4F : E2;
  5C50 : E3;
  5C51 : E7;
  5C52 : EB;
  5C53 : EE;
  5C54 : EE;
  5C55 : EE;
  5C56 : EE;
  5C57 : EE;
  5C58 : ED;
  5C59 : E4;
  5C5A : D5;
  5C5B : C7;
  5C5C : BF;
  5C5D : BE;
  5C5E : BE;
  5C5F : CB;
  5C60 : E4;
  5C61 : EE;
  5C62 : ED;
  5C63 : ED;
  5C64 : ED;
  5C65 : F2;
  5C66 : EE;
  5C67 : FB;
  5C68 : FF;
  5C69 : FF;
  5C6A : FF;
  5C6B : FF;
  5C6C : FF;
  5C6D : FF;
  5C6E : FF;
  5C6F : FF;
  5C70 : FF;
  5C71 : FF;
  5C72 : FF;
  5C73 : FF;
  5C74 : FF;
  5C75 : FF;
  5C76 : FF;
  5C77 : FF;
  5C78 : F1;
  5C79 : A2;
  5C7A : 8C;
  5C7B : 85;
  5C7C : 88;
  5C7D : 89;
  5C7E : 87;
  5C7F : A3;
  5C80 : CE;
  5C81 : F0;
  5C82 : FF;
  5C83 : FF;
  5C84 : FF;
  5C85 : D4;
  5C86 : 73;
  5C87 : 6B;
  5C88 : 67;
  5C89 : 6A;
  5C8A : 79;
  5C8B : 7E;
  5C8C : 7B;
  5C8D : 7D;
  5C8E : 83;
  5C8F : 85;
  5C90 : 85;
  5C91 : 85;
  5C92 : 85;
  5C93 : 85;
  5C94 : 85;
  5C95 : 85;
  5C96 : 85;
  5C97 : 85;
  5C98 : 85;
  5C99 : 85;
  5C9A : 85;
  5C9B : 85;
  5C9C : 85;
  5C9D : 85;
  5C9E : 85;
  5C9F : 85;
  5CA0 : 85;
  5CA1 : 85;
  5CA2 : 85;
  5CA3 : 85;
  5CA4 : 85;
  5CA5 : 85;
  5CA6 : 82;
  5CA7 : 7F;
  5CA8 : 7E;
  5CA9 : 82;
  5CAA : 8A;
  5CAB : 8B;
  5CAC : 8A;
  5CAD : 88;
  5CAE : 85;
  5CAF : 85;
  5CB0 : 85;
  5CB1 : 85;
  5CB2 : 85;
  5CB3 : 85;
  5CB4 : 85;
  5CB5 : 85;
  5CB6 : 85;
  5CB7 : 85;
  5CB8 : 85;
  5CB9 : 85;
  5CBA : 85;
  5CBB : 85;
  5CBC : 85;
  5CBD : 85;
  5CBE : 85;
  5CBF : 85;
  5CC0 : 85;
  5CC1 : 85;
  5CC2 : 85;
  5CC3 : 85;
  5CC4 : 85;
  5CC5 : 85;
  5CC6 : 85;
  5CC7 : 85;
  5CC8 : 85;
  5CC9 : 85;
  5CCA : 85;
  5CCB : 85;
  5CCC : 85;
  5CCD : 85;
  5CCE : 85;
  5CCF : 85;
  5CD0 : 85;
  5CD1 : 85;
  5CD2 : 85;
  5CD3 : 85;
  5CD4 : 85;
  5CD5 : 85;
  5CD6 : 85;
  5CD7 : 85;
  5CD8 : 85;
  5CD9 : 85;
  5CDA : 85;
  5CDB : 85;
  5CDC : 85;
  5CDD : 85;
  5CDE : 85;
  5CDF : 85;
  5CE0 : 85;
  5CE1 : 85;
  5CE2 : 85;
  5CE3 : 85;
  5CE4 : 83;
  5CE5 : 7F;
  5CE6 : 8C;
  5CE7 : A9;
  5CE8 : CE;
  5CE9 : E1;
  5CEA : E2;
  5CEB : E1;
  5CEC : E0;
  5CED : DF;
  5CEE : DF;
  5CEF : DF;
  5CF0 : DF;
  5CF1 : DF;
  5CF2 : DF;
  5CF3 : DF;
  5CF4 : DF;
  5CF5 : DF;
  5CF6 : DF;
  5CF7 : DF;
  5CF8 : DF;
  5CF9 : DF;
  5CFA : DF;
  5CFB : DF;
  5CFC : DF;
  5CFD : DF;
  5CFE : DF;
  5CFF : DF;
  5D00 : DF;
  5D01 : DF;
  5D02 : DF;
  5D03 : DF;
  5D04 : DF;
  5D05 : DF;
  5D06 : DF;
  5D07 : DF;
  5D08 : DF;
  5D09 : DF;
  5D0A : DF;
  5D0B : DF;
  5D0C : E1;
  5D0D : D9;
  5D0E : C2;
  5D0F : C0;
  5D10 : C3;
  5D11 : C4;
  5D12 : C4;
  5D13 : C5;
  5D14 : C5;
  5D15 : C6;
  5D16 : C7;
  5D17 : C8;
  5D18 : CA;
  5D19 : C8;
  5D1A : C0;
  5D1B : C1;
  5D1C : C5;
  5D1D : C9;
  5D1E : CC;
  5D1F : D0;
  5D20 : D5;
  5D21 : DA;
  5D22 : E0;
  5D23 : DF;
  5D24 : D3;
  5D25 : C5;
  5D26 : BE;
  5D27 : BF;
  5D28 : BF;
  5D29 : C5;
  5D2A : D8;
  5D2B : EA;
  5D2C : EE;
  5D2D : ED;
  5D2E : ED;
  5D2F : ED;
  5D30 : ED;
  5D31 : F2;
  5D32 : EF;
  5D33 : FB;
  5D34 : FF;
  5D35 : FF;
  5D36 : FF;
  5D37 : FF;
  5D38 : FF;
  5D39 : FF;
  5D3A : FF;
  5D3B : FF;
  5D3C : FF;
  5D3D : FF;
  5D3E : FF;
  5D3F : FF;
  5D40 : FF;
  5D41 : FF;
  5D42 : FF;
  5D43 : FF;
  5D44 : E0;
  5D45 : 8F;
  5D46 : 8D;
  5D47 : 89;
  5D48 : 8C;
  5D49 : AB;
  5D4A : DD;
  5D4B : F8;
  5D4C : FF;
  5D4D : FF;
  5D4E : FF;
  5D4F : FF;
  5D50 : F3;
  5D51 : 91;
  5D52 : 6D;
  5D53 : 68;
  5D54 : 68;
  5D55 : 67;
  5D56 : 73;
  5D57 : 7D;
  5D58 : 7D;
  5D59 : 7C;
  5D5A : 7D;
  5D5B : 83;
  5D5C : 85;
  5D5D : 85;
  5D5E : 85;
  5D5F : 85;
  5D60 : 85;
  5D61 : 85;
  5D62 : 85;
  5D63 : 85;
  5D64 : 85;
  5D65 : 85;
  5D66 : 85;
  5D67 : 85;
  5D68 : 85;
  5D69 : 85;
  5D6A : 85;
  5D6B : 85;
  5D6C : 85;
  5D6D : 85;
  5D6E : 85;
  5D6F : 85;
  5D70 : 85;
  5D71 : 85;
  5D72 : 85;
  5D73 : 86;
  5D74 : 86;
  5D75 : 86;
  5D76 : 85;
  5D77 : 85;
  5D78 : 85;
  5D79 : 85;
  5D7A : 85;
  5D7B : 85;
  5D7C : 85;
  5D7D : 85;
  5D7E : 85;
  5D7F : 85;
  5D80 : 85;
  5D81 : 85;
  5D82 : 85;
  5D83 : 85;
  5D84 : 85;
  5D85 : 85;
  5D86 : 85;
  5D87 : 85;
  5D88 : 85;
  5D89 : 85;
  5D8A : 85;
  5D8B : 85;
  5D8C : 85;
  5D8D : 85;
  5D8E : 85;
  5D8F : 85;
  5D90 : 85;
  5D91 : 85;
  5D92 : 85;
  5D93 : 85;
  5D94 : 85;
  5D95 : 85;
  5D96 : 85;
  5D97 : 85;
  5D98 : 85;
  5D99 : 85;
  5D9A : 85;
  5D9B : 85;
  5D9C : 85;
  5D9D : 85;
  5D9E : 85;
  5D9F : 85;
  5DA0 : 85;
  5DA1 : 85;
  5DA2 : 85;
  5DA3 : 85;
  5DA4 : 85;
  5DA5 : 85;
  5DA6 : 85;
  5DA7 : 85;
  5DA8 : 85;
  5DA9 : 85;
  5DAA : 85;
  5DAB : 85;
  5DAC : 85;
  5DAD : 85;
  5DAE : 85;
  5DAF : 85;
  5DB0 : 85;
  5DB1 : 85;
  5DB2 : 82;
  5DB3 : 81;
  5DB4 : 8C;
  5DB5 : A5;
  5DB6 : C9;
  5DB7 : DC;
  5DB8 : E2;
  5DB9 : E3;
  5DBA : E1;
  5DBB : DF;
  5DBC : DF;
  5DBD : DF;
  5DBE : DF;
  5DBF : DF;
  5DC0 : DF;
  5DC1 : DF;
  5DC2 : DF;
  5DC3 : DF;
  5DC4 : DF;
  5DC5 : DF;
  5DC6 : DF;
  5DC7 : DF;
  5DC8 : DF;
  5DC9 : DF;
  5DCA : DF;
  5DCB : DF;
  5DCC : DF;
  5DCD : DF;
  5DCE : DF;
  5DCF : DF;
  5DD0 : DF;
  5DD1 : DF;
  5DD2 : DF;
  5DD3 : DF;
  5DD4 : DF;
  5DD5 : DF;
  5DD6 : DF;
  5DD7 : DF;
  5DD8 : E4;
  5DD9 : D9;
  5DDA : DF;
  5DDB : F4;
  5DDC : E9;
  5DDD : E1;
  5DDE : DB;
  5DDF : D2;
  5DE0 : CB;
  5DE1 : C6;
  5DE2 : C5;
  5DE3 : C3;
  5DE4 : C2;
  5DE5 : C4;
  5DE6 : C1;
  5DE7 : BE;
  5DE8 : BE;
  5DE9 : BE;
  5DEA : BE;
  5DEB : BE;
  5DEC : BF;
  5DED : C1;
  5DEE : C4;
  5DEF : C3;
  5DF0 : C0;
  5DF1 : C0;
  5DF2 : C2;
  5DF3 : C7;
  5DF4 : D6;
  5DF5 : E7;
  5DF6 : EE;
  5DF7 : EE;
  5DF8 : ED;
  5DF9 : ED;
  5DFA : ED;
  5DFB : ED;
  5DFC : ED;
  5DFD : F3;
  5DFE : F0;
  5DFF : FC;
  5E00 : FF;
  5E01 : FF;
  5E02 : FF;
  5E03 : FF;
  5E04 : FF;
  5E05 : FF;
  5E06 : FF;
  5E07 : FF;
  5E08 : FF;
  5E09 : FF;
  5E0A : FF;
  5E0B : FF;
  5E0C : FF;
  5E0D : FF;
  5E0E : FF;
  5E0F : FF;
  5E10 : EC;
  5E11 : A3;
  5E12 : 9C;
  5E13 : B9;
  5E14 : E4;
  5E15 : FE;
  5E16 : FF;
  5E17 : FF;
  5E18 : FF;
  5E19 : FF;
  5E1A : FF;
  5E1B : FF;
  5E1C : BD;
  5E1D : 6B;
  5E1E : 69;
  5E1F : 68;
  5E20 : 68;
  5E21 : 6B;
  5E22 : AD;
  5E23 : B2;
  5E24 : 80;
  5E25 : 7C;
  5E26 : 7C;
  5E27 : 7D;
  5E28 : 82;
  5E29 : 85;
  5E2A : 85;
  5E2B : 85;
  5E2C : 85;
  5E2D : 85;
  5E2E : 85;
  5E2F : 85;
  5E30 : 85;
  5E31 : 85;
  5E32 : 85;
  5E33 : 85;
  5E34 : 85;
  5E35 : 85;
  5E36 : 85;
  5E37 : 85;
  5E38 : 85;
  5E39 : 85;
  5E3A : 85;
  5E3B : 85;
  5E3C : 85;
  5E3D : 85;
  5E3E : 85;
  5E3F : 85;
  5E40 : 85;
  5E41 : 85;
  5E42 : 85;
  5E43 : 85;
  5E44 : 85;
  5E45 : 85;
  5E46 : 85;
  5E47 : 85;
  5E48 : 85;
  5E49 : 85;
  5E4A : 85;
  5E4B : 85;
  5E4C : 85;
  5E4D : 85;
  5E4E : 85;
  5E4F : 85;
  5E50 : 85;
  5E51 : 85;
  5E52 : 85;
  5E53 : 85;
  5E54 : 85;
  5E55 : 85;
  5E56 : 85;
  5E57 : 85;
  5E58 : 85;
  5E59 : 85;
  5E5A : 85;
  5E5B : 85;
  5E5C : 85;
  5E5D : 85;
  5E5E : 85;
  5E5F : 85;
  5E60 : 85;
  5E61 : 85;
  5E62 : 85;
  5E63 : 85;
  5E64 : 85;
  5E65 : 85;
  5E66 : 85;
  5E67 : 85;
  5E68 : 85;
  5E69 : 85;
  5E6A : 85;
  5E6B : 85;
  5E6C : 85;
  5E6D : 85;
  5E6E : 85;
  5E6F : 85;
  5E70 : 85;
  5E71 : 85;
  5E72 : 85;
  5E73 : 85;
  5E74 : 85;
  5E75 : 85;
  5E76 : 85;
  5E77 : 85;
  5E78 : 85;
  5E79 : 85;
  5E7A : 85;
  5E7B : 85;
  5E7C : 85;
  5E7D : 85;
  5E7E : 85;
  5E7F : 84;
  5E80 : 82;
  5E81 : 82;
  5E82 : 86;
  5E83 : 9C;
  5E84 : BD;
  5E85 : D0;
  5E86 : DD;
  5E87 : E5;
  5E88 : E3;
  5E89 : E0;
  5E8A : DF;
  5E8B : DF;
  5E8C : DF;
  5E8D : DF;
  5E8E : DF;
  5E8F : DF;
  5E90 : DF;
  5E91 : DF;
  5E92 : DF;
  5E93 : DF;
  5E94 : DF;
  5E95 : DF;
  5E96 : DF;
  5E97 : DF;
  5E98 : DF;
  5E99 : DF;
  5E9A : DF;
  5E9B : DF;
  5E9C : DF;
  5E9D : DF;
  5E9E : DF;
  5E9F : DF;
  5EA0 : DF;
  5EA1 : DF;
  5EA2 : DF;
  5EA3 : DF;
  5EA4 : E7;
  5EA5 : DF;
  5EA6 : F0;
  5EA7 : FF;
  5EA8 : FF;
  5EA9 : FF;
  5EAA : FE;
  5EAB : FD;
  5EAC : FD;
  5EAD : F9;
  5EAE : F2;
  5EAF : EA;
  5EB0 : E3;
  5EB1 : DB;
  5EB2 : D0;
  5EB3 : CF;
  5EB4 : C9;
  5EB5 : C6;
  5EB6 : C3;
  5EB7 : C0;
  5EB8 : BE;
  5EB9 : BE;
  5EBA : BE;
  5EBB : C0;
  5EBC : C0;
  5EBD : C7;
  5EBE : DD;
  5EBF : EA;
  5EC0 : ED;
  5EC1 : EE;
  5EC2 : ED;
  5EC3 : ED;
  5EC4 : ED;
  5EC5 : ED;
  5EC6 : ED;
  5EC7 : ED;
  5EC8 : ED;
  5EC9 : F3;
  5ECA : F0;
  5ECB : FC;
  5ECC : FF;
  5ECD : FF;
  5ECE : FF;
  5ECF : FF;
  5ED0 : FF;
  5ED1 : FF;
  5ED2 : FF;
  5ED3 : FF;
  5ED4 : FF;
  5ED5 : FF;
  5ED6 : FF;
  5ED7 : FF;
  5ED8 : FF;
  5ED9 : FF;
  5EDA : FF;
  5EDB : FF;
  5EDC : FF;
  5EDD : FA;
  5EDE : FA;
  5EDF : FF;
  5EE0 : FF;
  5EE1 : FF;
  5EE2 : FF;
  5EE3 : FF;
  5EE4 : FF;
  5EE5 : FF;
  5EE6 : FF;
  5EE7 : E8;
  5EE8 : 7A;
  5EE9 : 6B;
  5EEA : 68;
  5EEB : 68;
  5EEC : 6D;
  5EED : 86;
  5EEE : EE;
  5EEF : F8;
  5EF0 : 9C;
  5EF1 : 82;
  5EF2 : 7C;
  5EF3 : 7C;
  5EF4 : 7D;
  5EF5 : 82;
  5EF6 : 85;
  5EF7 : 85;
  5EF8 : 85;
  5EF9 : 85;
  5EFA : 85;
  5EFB : 85;
  5EFC : 85;
  5EFD : 85;
  5EFE : 85;
  5EFF : 85;
  5F00 : 85;
  5F01 : 85;
  5F02 : 85;
  5F03 : 85;
  5F04 : 85;
  5F05 : 85;
  5F06 : 85;
  5F07 : 85;
  5F08 : 85;
  5F09 : 85;
  5F0A : 85;
  5F0B : 85;
  5F0C : 85;
  5F0D : 85;
  5F0E : 85;
  5F0F : 85;
  5F10 : 85;
  5F11 : 85;
  5F12 : 85;
  5F13 : 85;
  5F14 : 85;
  5F15 : 85;
  5F16 : 85;
  5F17 : 85;
  5F18 : 85;
  5F19 : 85;
  5F1A : 85;
  5F1B : 85;
  5F1C : 85;
  5F1D : 85;
  5F1E : 85;
  5F1F : 85;
  5F20 : 85;
  5F21 : 85;
  5F22 : 85;
  5F23 : 85;
  5F24 : 85;
  5F25 : 85;
  5F26 : 85;
  5F27 : 85;
  5F28 : 85;
  5F29 : 85;
  5F2A : 85;
  5F2B : 85;
  5F2C : 85;
  5F2D : 85;
  5F2E : 85;
  5F2F : 85;
  5F30 : 85;
  5F31 : 85;
  5F32 : 85;
  5F33 : 85;
  5F34 : 85;
  5F35 : 85;
  5F36 : 85;
  5F37 : 85;
  5F38 : 85;
  5F39 : 85;
  5F3A : 85;
  5F3B : 85;
  5F3C : 85;
  5F3D : 85;
  5F3E : 85;
  5F3F : 85;
  5F40 : 85;
  5F41 : 85;
  5F42 : 85;
  5F43 : 85;
  5F44 : 85;
  5F45 : 85;
  5F46 : 85;
  5F47 : 85;
  5F48 : 85;
  5F49 : 85;
  5F4A : 85;
  5F4B : 85;
  5F4C : 85;
  5F4D : 84;
  5F4E : 84;
  5F4F : 82;
  5F50 : 80;
  5F51 : 8E;
  5F52 : A5;
  5F53 : BB;
  5F54 : D0;
  5F55 : E1;
  5F56 : E4;
  5F57 : E3;
  5F58 : E1;
  5F59 : E0;
  5F5A : E0;
  5F5B : DF;
  5F5C : DF;
  5F5D : DF;
  5F5E : DF;
  5F5F : DF;
  5F60 : DF;
  5F61 : DF;
  5F62 : DF;
  5F63 : DF;
  5F64 : DF;
  5F65 : DF;
  5F66 : DF;
  5F67 : DF;
  5F68 : DF;
  5F69 : DF;
  5F6A : DF;
  5F6B : DF;
  5F6C : DF;
  5F6D : DF;
  5F6E : DF;
  5F6F : DF;
  5F70 : EA;
  5F71 : E3;
  5F72 : FE;
  5F73 : FF;
  5F74 : FF;
  5F75 : FF;
  5F76 : FF;
  5F77 : FF;
  5F78 : FF;
  5F79 : FF;
  5F7A : FF;
  5F7B : FF;
  5F7C : FF;
  5F7D : FE;
  5F7E : F3;
  5F7F : F7;
  5F80 : E8;
  5F81 : E4;
  5F82 : E0;
  5F83 : DB;
  5F84 : D6;
  5F85 : D4;
  5F86 : CD;
  5F87 : C2;
  5F88 : BF;
  5F89 : C9;
  5F8A : E8;
  5F8B : EF;
  5F8C : ED;
  5F8D : ED;
  5F8E : ED;
  5F8F : ED;
  5F90 : ED;
  5F91 : ED;
  5F92 : ED;
  5F93 : ED;
  5F94 : ED;
  5F95 : F4;
  5F96 : F1;
  5F97 : FC;
  5F98 : FF;
  5F99 : FF;
  5F9A : FF;
  5F9B : FF;
  5F9C : FF;
  5F9D : FF;
  5F9E : FF;
  5F9F : FF;
  5FA0 : FF;
  5FA1 : FF;
  5FA2 : FF;
  5FA3 : FF;
  5FA4 : FF;
  5FA5 : FF;
  5FA6 : FF;
  5FA7 : FF;
  5FA8 : FF;
  5FA9 : FF;
  5FAA : FF;
  5FAB : FF;
  5FAC : FF;
  5FAD : FF;
  5FAE : FF;
  5FAF : FF;
  5FB0 : FF;
  5FB1 : FF;
  5FB2 : FF;
  5FB3 : A4;
  5FB4 : 6C;
  5FB5 : 68;
  5FB6 : 68;
  5FB7 : 6B;
  5FB8 : 72;
  5FB9 : CF;
  5FBA : FF;
  5FBB : FF;
  5FBC : E2;
  5FBD : 8C;
  5FBE : 81;
  5FBF : 7C;
  5FC0 : 7C;
  5FC1 : 7D;
  5FC2 : 80;
  5FC3 : 85;
  5FC4 : 85;
  5FC5 : 85;
  5FC6 : 85;
  5FC7 : 85;
  5FC8 : 85;
  5FC9 : 85;
  5FCA : 85;
  5FCB : 85;
  5FCC : 85;
  5FCD : 85;
  5FCE : 85;
  5FCF : 85;
  5FD0 : 85;
  5FD1 : 85;
  5FD2 : 85;
  5FD3 : 85;
  5FD4 : 85;
  5FD5 : 85;
  5FD6 : 85;
  5FD7 : 85;
  5FD8 : 85;
  5FD9 : 85;
  5FDA : 85;
  5FDB : 85;
  5FDC : 85;
  5FDD : 85;
  5FDE : 85;
  5FDF : 85;
  5FE0 : 85;
  5FE1 : 85;
  5FE2 : 85;
  5FE3 : 85;
  5FE4 : 85;
  5FE5 : 85;
  5FE6 : 85;
  5FE7 : 85;
  5FE8 : 85;
  5FE9 : 85;
  5FEA : 85;
  5FEB : 85;
  5FEC : 85;
  5FED : 85;
  5FEE : 85;
  5FEF : 85;
  5FF0 : 85;
  5FF1 : 85;
  5FF2 : 85;
  5FF3 : 85;
  5FF4 : 85;
  5FF5 : 85;
  5FF6 : 85;
  5FF7 : 85;
  5FF8 : 85;
  5FF9 : 85;
  5FFA : 85;
  5FFB : 85;
  5FFC : 85;
  5FFD : 85;
  5FFE : 85;
  5FFF : 85;
  6000 : 85;
  6001 : 85;
  6002 : 85;
  6003 : 85;
  6004 : 85;
  6005 : 85;
  6006 : 85;
  6007 : 85;
  6008 : 85;
  6009 : 85;
  600A : 85;
  600B : 85;
  600C : 85;
  600D : 85;
  600E : 85;
  600F : 85;
  6010 : 85;
  6011 : 85;
  6012 : 85;
  6013 : 85;
  6014 : 85;
  6015 : 85;
  6016 : 85;
  6017 : 85;
  6018 : 85;
  6019 : 85;
  601A : 85;
  601B : 85;
  601C : 84;
  601D : 83;
  601E : 7F;
  601F : 82;
  6020 : 91;
  6021 : A0;
  6022 : B3;
  6023 : C6;
  6024 : D8;
  6025 : E1;
  6026 : E1;
  6027 : E2;
  6028 : E2;
  6029 : E2;
  602A : E1;
  602B : E0;
  602C : E0;
  602D : DF;
  602E : DF;
  602F : DF;
  6030 : DF;
  6031 : DF;
  6032 : DF;
  6033 : DF;
  6034 : DF;
  6035 : DF;
  6036 : DF;
  6037 : DF;
  6038 : DF;
  6039 : DF;
  603A : DF;
  603B : E0;
  603C : E7;
  603D : DD;
  603E : FF;
  603F : FF;
  6040 : FF;
  6041 : FF;
  6042 : FF;
  6043 : FF;
  6044 : FF;
  6045 : FF;
  6046 : FF;
  6047 : FF;
  6048 : FF;
  6049 : FD;
  604A : F3;
  604B : F8;
  604C : EE;
  604D : EE;
  604E : EE;
  604F : EF;
  6050 : EE;
  6051 : EE;
  6052 : E5;
  6053 : C7;
  6054 : BF;
  6055 : BF;
  6056 : D4;
  6057 : EE;
  6058 : EE;
  6059 : ED;
  605A : ED;
  605B : ED;
  605C : ED;
  605D : ED;
  605E : ED;
  605F : ED;
  6060 : ED;
  6061 : F5;
  6062 : F1;
  6063 : FC;
  6064 : FF;
  6065 : FF;
  6066 : FF;
  6067 : FF;
  6068 : FF;
  6069 : FF;
  606A : FF;
  606B : FF;
  606C : FF;
  606D : FF;
  606E : FF;
  606F : FF;
  6070 : FF;
  6071 : FF;
  6072 : FF;
  6073 : FF;
  6074 : FF;
  6075 : FF;
  6076 : FF;
  6077 : FF;
  6078 : FF;
  6079 : FF;
  607A : FF;
  607B : FF;
  607C : FF;
  607D : FF;
  607E : D1;
  607F : 71;
  6080 : 6A;
  6081 : 68;
  6082 : 6A;
  6083 : 6B;
  6084 : B5;
  6085 : FF;
  6086 : FF;
  6087 : FF;
  6088 : FF;
  6089 : D2;
  608A : 84;
  608B : 80;
  608C : 7C;
  608D : 7B;
  608E : 7C;
  608F : 7F;
  6090 : 83;
  6091 : 85;
  6092 : 85;
  6093 : 85;
  6094 : 85;
  6095 : 85;
  6096 : 85;
  6097 : 85;
  6098 : 85;
  6099 : 85;
  609A : 85;
  609B : 85;
  609C : 85;
  609D : 85;
  609E : 85;
  609F : 85;
  60A0 : 85;
  60A1 : 85;
  60A2 : 85;
  60A3 : 85;
  60A4 : 85;
  60A5 : 85;
  60A6 : 85;
  60A7 : 85;
  60A8 : 85;
  60A9 : 85;
  60AA : 85;
  60AB : 85;
  60AC : 85;
  60AD : 85;
  60AE : 85;
  60AF : 85;
  60B0 : 85;
  60B1 : 85;
  60B2 : 85;
  60B3 : 85;
  60B4 : 85;
  60B5 : 85;
  60B6 : 85;
  60B7 : 85;
  60B8 : 85;
  60B9 : 85;
  60BA : 85;
  60BB : 85;
  60BC : 85;
  60BD : 85;
  60BE : 85;
  60BF : 85;
  60C0 : 85;
  60C1 : 85;
  60C2 : 85;
  60C3 : 85;
  60C4 : 85;
  60C5 : 85;
  60C6 : 85;
  60C7 : 85;
  60C8 : 85;
  60C9 : 85;
  60CA : 85;
  60CB : 85;
  60CC : 85;
  60CD : 85;
  60CE : 85;
  60CF : 85;
  60D0 : 85;
  60D1 : 85;
  60D2 : 85;
  60D3 : 85;
  60D4 : 85;
  60D5 : 85;
  60D6 : 85;
  60D7 : 85;
  60D8 : 85;
  60D9 : 85;
  60DA : 85;
  60DB : 85;
  60DC : 85;
  60DD : 85;
  60DE : 85;
  60DF : 85;
  60E0 : 85;
  60E1 : 85;
  60E2 : 85;
  60E3 : 85;
  60E4 : 85;
  60E5 : 85;
  60E6 : 85;
  60E7 : 85;
  60E8 : 85;
  60E9 : 85;
  60EA : 85;
  60EB : 84;
  60EC : 81;
  60ED : 7F;
  60EE : 83;
  60EF : 8A;
  60F0 : 91;
  60F1 : A0;
  60F2 : B4;
  60F3 : C3;
  60F4 : D1;
  60F5 : D8;
  60F6 : DB;
  60F7 : DE;
  60F8 : E1;
  60F9 : E3;
  60FA : E5;
  60FB : E4;
  60FC : E3;
  60FD : E2;
  60FE : E2;
  60FF : E1;
  6100 : E1;
  6101 : E1;
  6102 : E1;
  6103 : E1;
  6104 : E1;
  6105 : E1;
  6106 : E1;
  6107 : E3;
  6108 : E2;
  6109 : DD;
  610A : FF;
  610B : FF;
  610C : FF;
  610D : FF;
  610E : FF;
  610F : FF;
  6110 : FF;
  6111 : FF;
  6112 : FF;
  6113 : FF;
  6114 : FF;
  6115 : FE;
  6116 : F3;
  6117 : F9;
  6118 : ED;
  6119 : ED;
  611A : ED;
  611B : ED;
  611C : ED;
  611D : EE;
  611E : E7;
  611F : C8;
  6120 : BF;
  6121 : C0;
  6122 : C2;
  6123 : E1;
  6124 : EE;
  6125 : ED;
  6126 : ED;
  6127 : ED;
  6128 : ED;
  6129 : ED;
  612A : ED;
  612B : ED;
  612C : ED;
  612D : F6;
  612E : F1;
  612F : FD;
  6130 : FF;
  6131 : FF;
  6132 : FF;
  6133 : FF;
  6134 : FF;
  6135 : FF;
  6136 : FF;
  6137 : FF;
  6138 : FF;
  6139 : FF;
  613A : FF;
  613B : FF;
  613C : FF;
  613D : FF;
  613E : FF;
  613F : FF;
  6140 : FF;
  6141 : FF;
  6142 : FF;
  6143 : FF;
  6144 : FF;
  6145 : FF;
  6146 : FF;
  6147 : FF;
  6148 : FF;
  6149 : FF;
  614A : 96;
  614B : 6D;
  614C : 68;
  614D : 6A;
  614E : 6B;
  614F : A7;
  6150 : FC;
  6151 : FF;
  6152 : FF;
  6153 : FF;
  6154 : FF;
  6155 : FF;
  6156 : CA;
  6157 : 7F;
  6158 : 80;
  6159 : 7C;
  615A : 7C;
  615B : 7C;
  615C : 7D;
  615D : 82;
  615E : 85;
  615F : 85;
  6160 : 85;
  6161 : 85;
  6162 : 85;
  6163 : 85;
  6164 : 85;
  6165 : 85;
  6166 : 85;
  6167 : 85;
  6168 : 85;
  6169 : 85;
  616A : 85;
  616B : 85;
  616C : 85;
  616D : 85;
  616E : 85;
  616F : 85;
  6170 : 85;
  6171 : 85;
  6172 : 85;
  6173 : 85;
  6174 : 85;
  6175 : 85;
  6176 : 85;
  6177 : 85;
  6178 : 85;
  6179 : 85;
  617A : 85;
  617B : 85;
  617C : 85;
  617D : 85;
  617E : 85;
  617F : 85;
  6180 : 85;
  6181 : 85;
  6182 : 85;
  6183 : 85;
  6184 : 85;
  6185 : 85;
  6186 : 85;
  6187 : 85;
  6188 : 85;
  6189 : 85;
  618A : 85;
  618B : 85;
  618C : 85;
  618D : 85;
  618E : 85;
  618F : 86;
  6190 : 87;
  6191 : 86;
  6192 : 86;
  6193 : 86;
  6194 : 87;
  6195 : 86;
  6196 : 85;
  6197 : 85;
  6198 : 85;
  6199 : 85;
  619A : 85;
  619B : 85;
  619C : 85;
  619D : 85;
  619E : 85;
  619F : 85;
  61A0 : 85;
  61A1 : 85;
  61A2 : 85;
  61A3 : 85;
  61A4 : 85;
  61A5 : 85;
  61A6 : 85;
  61A7 : 85;
  61A8 : 85;
  61A9 : 85;
  61AA : 85;
  61AB : 85;
  61AC : 85;
  61AD : 85;
  61AE : 85;
  61AF : 85;
  61B0 : 85;
  61B1 : 85;
  61B2 : 85;
  61B3 : 85;
  61B4 : 85;
  61B5 : 85;
  61B6 : 85;
  61B7 : 85;
  61B8 : 85;
  61B9 : 85;
  61BA : 84;
  61BB : 82;
  61BC : 81;
  61BD : 82;
  61BE : 84;
  61BF : 85;
  61C0 : 87;
  61C1 : 91;
  61C2 : 9F;
  61C3 : AD;
  61C4 : B7;
  61C5 : C0;
  61C6 : C7;
  61C7 : CB;
  61C8 : D0;
  61C9 : D4;
  61CA : D7;
  61CB : D8;
  61CC : DB;
  61CD : DC;
  61CE : DE;
  61CF : E0;
  61D0 : E0;
  61D1 : DF;
  61D2 : DF;
  61D3 : E3;
  61D4 : E0;
  61D5 : EF;
  61D6 : FF;
  61D7 : FF;
  61D8 : FF;
  61D9 : FF;
  61DA : FF;
  61DB : FF;
  61DC : FF;
  61DD : FF;
  61DE : FF;
  61DF : FF;
  61E0 : FF;
  61E1 : FF;
  61E2 : F4;
  61E3 : FA;
  61E4 : ED;
  61E5 : ED;
  61E6 : ED;
  61E7 : ED;
  61E8 : ED;
  61E9 : EE;
  61EA : E7;
  61EB : C8;
  61EC : BF;
  61ED : C1;
  61EE : BF;
  61EF : CE;
  61F0 : EC;
  61F1 : EE;
  61F2 : ED;
  61F3 : ED;
  61F4 : ED;
  61F5 : ED;
  61F6 : ED;
  61F7 : ED;
  61F8 : ED;
  61F9 : F7;
  61FA : F2;
  61FB : FD;
  61FC : FF;
  61FD : FF;
  61FE : FF;
  61FF : FF;
  6200 : FF;
  6201 : FF;
  6202 : FF;
  6203 : FF;
  6204 : FF;
  6205 : FF;
  6206 : FF;
  6207 : FF;
  6208 : FF;
  6209 : FF;
  620A : FF;
  620B : FF;
  620C : FF;
  620D : FF;
  620E : FF;
  620F : FF;
  6210 : FF;
  6211 : FF;
  6212 : FF;
  6213 : FF;
  6214 : FF;
  6215 : DD;
  6216 : 7A;
  6217 : 6D;
  6218 : 6C;
  6219 : 6D;
  621A : A9;
  621B : FB;
  621C : FF;
  621D : FF;
  621E : FF;
  621F : FF;
  6220 : FF;
  6221 : FF;
  6222 : FF;
  6223 : C5;
  6224 : 81;
  6225 : 7F;
  6226 : 7C;
  6227 : 7C;
  6228 : 7C;
  6229 : 7C;
  622A : 7F;
  622B : 84;
  622C : 85;
  622D : 85;
  622E : 85;
  622F : 85;
  6230 : 85;
  6231 : 85;
  6232 : 85;
  6233 : 85;
  6234 : 85;
  6235 : 85;
  6236 : 85;
  6237 : 85;
  6238 : 85;
  6239 : 85;
  623A : 85;
  623B : 85;
  623C : 85;
  623D : 85;
  623E : 85;
  623F : 85;
  6240 : 85;
  6241 : 85;
  6242 : 85;
  6243 : 85;
  6244 : 85;
  6245 : 85;
  6246 : 85;
  6247 : 85;
  6248 : 85;
  6249 : 85;
  624A : 85;
  624B : 85;
  624C : 85;
  624D : 85;
  624E : 85;
  624F : 85;
  6250 : 85;
  6251 : 85;
  6252 : 85;
  6253 : 85;
  6254 : 85;
  6255 : 85;
  6256 : 85;
  6257 : 85;
  6258 : 85;
  6259 : 86;
  625A : 85;
  625B : 7F;
  625C : 7A;
  625D : 76;
  625E : 74;
  625F : 75;
  6260 : 77;
  6261 : 7E;
  6262 : 85;
  6263 : 86;
  6264 : 85;
  6265 : 85;
  6266 : 85;
  6267 : 85;
  6268 : 85;
  6269 : 85;
  626A : 85;
  626B : 85;
  626C : 85;
  626D : 85;
  626E : 85;
  626F : 85;
  6270 : 85;
  6271 : 85;
  6272 : 85;
  6273 : 85;
  6274 : 85;
  6275 : 85;
  6276 : 85;
  6277 : 85;
  6278 : 85;
  6279 : 85;
  627A : 85;
  627B : 85;
  627C : 85;
  627D : 85;
  627E : 85;
  627F : 85;
  6280 : 85;
  6281 : 85;
  6282 : 85;
  6283 : 85;
  6284 : 85;
  6285 : 85;
  6286 : 85;
  6287 : 85;
  6288 : 85;
  6289 : 85;
  628A : 84;
  628B : 84;
  628C : 83;
  628D : 83;
  628E : 82;
  628F : 81;
  6290 : 80;
  6291 : 80;
  6292 : 82;
  6293 : 89;
  6294 : 91;
  6295 : 97;
  6296 : 9A;
  6297 : 9E;
  6298 : A1;
  6299 : A4;
  629A : A7;
  629B : A9;
  629C : A9;
  629D : A8;
  629E : A8;
  629F : AC;
  62A0 : BA;
  62A1 : FC;
  62A2 : FF;
  62A3 : FF;
  62A4 : FF;
  62A5 : FF;
  62A6 : FF;
  62A7 : FF;
  62A8 : FF;
  62A9 : FF;
  62AA : FF;
  62AB : FF;
  62AC : FF;
  62AD : FF;
  62AE : F4;
  62AF : FB;
  62B0 : ED;
  62B1 : ED;
  62B2 : ED;
  62B3 : ED;
  62B4 : ED;
  62B5 : EE;
  62B6 : EA;
  62B7 : CA;
  62B8 : BF;
  62B9 : C1;
  62BA : C1;
  62BB : C1;
  62BC : DF;
  62BD : EE;
  62BE : ED;
  62BF : ED;
  62C0 : ED;
  62C1 : ED;
  62C2 : ED;
  62C3 : ED;
  62C4 : ED;
  62C5 : F8;
  62C6 : F3;
  62C7 : FE;
  62C8 : FF;
  62C9 : FF;
  62CA : FF;
  62CB : FF;
  62CC : FF;
  62CD : FF;
  62CE : FF;
  62CF : FF;
  62D0 : FF;
  62D1 : FF;
  62D2 : FF;
  62D3 : FF;
  62D4 : FF;
  62D5 : FF;
  62D6 : FF;
  62D7 : FF;
  62D8 : FF;
  62D9 : FF;
  62DA : FF;
  62DB : FF;
  62DC : FF;
  62DD : FF;
  62DE : FF;
  62DF : FF;
  62E0 : FF;
  62E1 : E7;
  62E2 : 80;
  62E3 : 6D;
  62E4 : 81;
  62E5 : C6;
  62E6 : FB;
  62E7 : FF;
  62E8 : FF;
  62E9 : FF;
  62EA : FF;
  62EB : FF;
  62EC : FF;
  62ED : FF;
  62EE : FF;
  62EF : FF;
  62F0 : CA;
  62F1 : 85;
  62F2 : 81;
  62F3 : 7C;
  62F4 : 7C;
  62F5 : 7C;
  62F6 : 7B;
  62F7 : 7D;
  62F8 : 81;
  62F9 : 84;
  62FA : 85;
  62FB : 85;
  62FC : 85;
  62FD : 85;
  62FE : 85;
  62FF : 85;
  6300 : 85;
  6301 : 85;
  6302 : 85;
  6303 : 85;
  6304 : 85;
  6305 : 85;
  6306 : 85;
  6307 : 85;
  6308 : 85;
  6309 : 85;
  630A : 85;
  630B : 85;
  630C : 85;
  630D : 85;
  630E : 85;
  630F : 85;
  6310 : 85;
  6311 : 85;
  6312 : 85;
  6313 : 85;
  6314 : 85;
  6315 : 85;
  6316 : 85;
  6317 : 85;
  6318 : 85;
  6319 : 85;
  631A : 85;
  631B : 85;
  631C : 85;
  631D : 85;
  631E : 85;
  631F : 85;
  6320 : 85;
  6321 : 85;
  6322 : 86;
  6323 : 86;
  6324 : 82;
  6325 : 79;
  6326 : 70;
  6327 : 6B;
  6328 : 67;
  6329 : 65;
  632A : 65;
  632B : 65;
  632C : 66;
  632D : 6A;
  632E : 71;
  632F : 7E;
  6330 : 86;
  6331 : 85;
  6332 : 85;
  6333 : 85;
  6334 : 85;
  6335 : 85;
  6336 : 85;
  6337 : 85;
  6338 : 85;
  6339 : 85;
  633A : 85;
  633B : 85;
  633C : 85;
  633D : 85;
  633E : 85;
  633F : 85;
  6340 : 85;
  6341 : 85;
  6342 : 85;
  6343 : 85;
  6344 : 85;
  6345 : 85;
  6346 : 85;
  6347 : 85;
  6348 : 85;
  6349 : 85;
  634A : 85;
  634B : 85;
  634C : 85;
  634D : 85;
  634E : 85;
  634F : 85;
  6350 : 85;
  6351 : 85;
  6352 : 85;
  6353 : 85;
  6354 : 85;
  6355 : 85;
  6356 : 85;
  6357 : 85;
  6358 : 85;
  6359 : 85;
  635A : 85;
  635B : 85;
  635C : 85;
  635D : 85;
  635E : 84;
  635F : 83;
  6360 : 82;
  6361 : 82;
  6362 : 81;
  6363 : 80;
  6364 : 80;
  6365 : 80;
  6366 : 7F;
  6367 : 7F;
  6368 : 7F;
  6369 : 7F;
  636A : 7F;
  636B : 83;
  636C : B8;
  636D : FF;
  636E : FF;
  636F : FF;
  6370 : FF;
  6371 : FF;
  6372 : FF;
  6373 : FF;
  6374 : FF;
  6375 : FF;
  6376 : FF;
  6377 : FF;
  6378 : FF;
  6379 : FF;
  637A : F5;
  637B : FB;
  637C : ED;
  637D : ED;
  637E : ED;
  637F : ED;
  6380 : ED;
  6381 : EE;
  6382 : EC;
  6383 : CC;
  6384 : BF;
  6385 : C3;
  6386 : C4;
  6387 : BF;
  6388 : CD;
  6389 : EC;
  638A : EE;
  638B : ED;
  638C : ED;
  638D : ED;
  638E : ED;
  638F : ED;
  6390 : ED;
  6391 : F9;
  6392 : F3;
  6393 : FE;
  6394 : FF;
  6395 : FF;
  6396 : FF;
  6397 : FF;
  6398 : FF;
  6399 : FF;
  639A : FF;
  639B : FF;
  639C : FF;
  639D : FF;
  639E : FF;
  639F : FF;
  63A0 : FF;
  63A1 : FF;
  63A2 : FF;
  63A3 : FF;
  63A4 : FF;
  63A5 : FF;
  63A6 : FF;
  63A7 : FF;
  63A8 : FF;
  63A9 : FF;
  63AA : FF;
  63AB : FF;
  63AC : FF;
  63AD : FF;
  63AE : EA;
  63AF : DD;
  63B0 : F1;
  63B1 : FF;
  63B2 : FF;
  63B3 : FF;
  63B4 : FF;
  63B5 : FF;
  63B6 : FF;
  63B7 : FF;
  63B8 : FF;
  63B9 : FF;
  63BA : FF;
  63BB : FF;
  63BC : FF;
  63BD : D7;
  63BE : 8D;
  63BF : 83;
  63C0 : 7D;
  63C1 : 7C;
  63C2 : 7C;
  63C3 : 7C;
  63C4 : 7C;
  63C5 : 7D;
  63C6 : 80;
  63C7 : 84;
  63C8 : 85;
  63C9 : 85;
  63CA : 85;
  63CB : 85;
  63CC : 85;
  63CD : 85;
  63CE : 85;
  63CF : 85;
  63D0 : 85;
  63D1 : 85;
  63D2 : 85;
  63D3 : 85;
  63D4 : 85;
  63D5 : 85;
  63D6 : 85;
  63D7 : 85;
  63D8 : 85;
  63D9 : 85;
  63DA : 85;
  63DB : 85;
  63DC : 85;
  63DD : 85;
  63DE : 85;
  63DF : 85;
  63E0 : 85;
  63E1 : 85;
  63E2 : 85;
  63E3 : 85;
  63E4 : 85;
  63E5 : 85;
  63E6 : 85;
  63E7 : 85;
  63E8 : 85;
  63E9 : 85;
  63EA : 85;
  63EB : 85;
  63EC : 86;
  63ED : 86;
  63EE : 82;
  63EF : 78;
  63F0 : 6C;
  63F1 : 68;
  63F2 : 66;
  63F3 : 67;
  63F4 : 68;
  63F5 : 68;
  63F6 : 68;
  63F7 : 68;
  63F8 : 68;
  63F9 : 67;
  63FA : 66;
  63FB : 6A;
  63FC : 7A;
  63FD : 86;
  63FE : 85;
  63FF : 85;
  6400 : 85;
  6401 : 85;
  6402 : 85;
  6403 : 85;
  6404 : 85;
  6405 : 85;
  6406 : 85;
  6407 : 85;
  6408 : 85;
  6409 : 85;
  640A : 85;
  640B : 85;
  640C : 85;
  640D : 85;
  640E : 85;
  640F : 85;
  6410 : 85;
  6411 : 85;
  6412 : 85;
  6413 : 85;
  6414 : 85;
  6415 : 85;
  6416 : 85;
  6417 : 85;
  6418 : 85;
  6419 : 85;
  641A : 85;
  641B : 85;
  641C : 85;
  641D : 85;
  641E : 85;
  641F : 85;
  6420 : 85;
  6421 : 85;
  6422 : 85;
  6423 : 85;
  6424 : 85;
  6425 : 85;
  6426 : 85;
  6427 : 85;
  6428 : 85;
  6429 : 85;
  642A : 85;
  642B : 85;
  642C : 85;
  642D : 85;
  642E : 85;
  642F : 85;
  6430 : 85;
  6431 : 85;
  6432 : 85;
  6433 : 85;
  6434 : 85;
  6435 : 85;
  6436 : 86;
  6437 : 87;
  6438 : DD;
  6439 : FF;
  643A : FF;
  643B : FF;
  643C : FF;
  643D : FF;
  643E : FF;
  643F : FF;
  6440 : FF;
  6441 : FF;
  6442 : FF;
  6443 : FF;
  6444 : FF;
  6445 : FF;
  6446 : F6;
  6447 : FC;
  6448 : ED;
  6449 : ED;
  644A : ED;
  644B : ED;
  644C : ED;
  644D : ED;
  644E : EE;
  644F : CE;
  6450 : BE;
  6451 : C8;
  6452 : CA;
  6453 : BF;
  6454 : C2;
  6455 : DF;
  6456 : EE;
  6457 : ED;
  6458 : ED;
  6459 : ED;
  645A : ED;
  645B : ED;
  645C : ED;
  645D : FB;
  645E : F4;
  645F : FF;
  6460 : FF;
  6461 : FF;
  6462 : FF;
  6463 : FF;
  6464 : FF;
  6465 : FF;
  6466 : FF;
  6467 : FF;
  6468 : FF;
  6469 : FF;
  646A : FF;
  646B : FF;
  646C : FF;
  646D : FF;
  646E : FF;
  646F : FF;
  6470 : FF;
  6471 : FF;
  6472 : FF;
  6473 : FF;
  6474 : FF;
  6475 : FF;
  6476 : FF;
  6477 : FF;
  6478 : FF;
  6479 : FF;
  647A : FF;
  647B : FF;
  647C : FF;
  647D : FF;
  647E : FF;
  647F : FF;
  6480 : FF;
  6481 : FF;
  6482 : FF;
  6483 : FF;
  6484 : FF;
  6485 : FF;
  6486 : FF;
  6487 : FF;
  6488 : FF;
  6489 : FF;
  648A : E5;
  648B : 9E;
  648C : 82;
  648D : 7E;
  648E : 7C;
  648F : 7C;
  6490 : 7C;
  6491 : 7C;
  6492 : 7C;
  6493 : 7D;
  6494 : 80;
  6495 : 83;
  6496 : 85;
  6497 : 86;
  6498 : 85;
  6499 : 85;
  649A : 85;
  649B : 85;
  649C : 85;
  649D : 85;
  649E : 85;
  649F : 85;
  64A0 : 85;
  64A1 : 85;
  64A2 : 85;
  64A3 : 85;
  64A4 : 85;
  64A5 : 85;
  64A6 : 85;
  64A7 : 85;
  64A8 : 85;
  64A9 : 85;
  64AA : 85;
  64AB : 85;
  64AC : 85;
  64AD : 85;
  64AE : 85;
  64AF : 85;
  64B0 : 85;
  64B1 : 85;
  64B2 : 85;
  64B3 : 85;
  64B4 : 85;
  64B5 : 85;
  64B6 : 85;
  64B7 : 86;
  64B8 : 85;
  64B9 : 7C;
  64BA : 6E;
  64BB : 67;
  64BC : 67;
  64BD : 68;
  64BE : 68;
  64BF : 68;
  64C0 : 68;
  64C1 : 68;
  64C2 : 68;
  64C3 : 68;
  64C4 : 68;
  64C5 : 68;
  64C6 : 68;
  64C7 : 67;
  64C8 : 68;
  64C9 : 77;
  64CA : 85;
  64CB : 86;
  64CC : 85;
  64CD : 85;
  64CE : 85;
  64CF : 85;
  64D0 : 85;
  64D1 : 85;
  64D2 : 85;
  64D3 : 85;
  64D4 : 85;
  64D5 : 85;
  64D6 : 85;
  64D7 : 85;
  64D8 : 85;
  64D9 : 85;
  64DA : 85;
  64DB : 85;
  64DC : 85;
  64DD : 85;
  64DE : 85;
  64DF : 85;
  64E0 : 85;
  64E1 : 85;
  64E2 : 85;
  64E3 : 85;
  64E4 : 85;
  64E5 : 85;
  64E6 : 85;
  64E7 : 85;
  64E8 : 85;
  64E9 : 85;
  64EA : 85;
  64EB : 85;
  64EC : 85;
  64ED : 85;
  64EE : 85;
  64EF : 85;
  64F0 : 85;
  64F1 : 85;
  64F2 : 85;
  64F3 : 85;
  64F4 : 85;
  64F5 : 85;
  64F6 : 85;
  64F7 : 85;
  64F8 : 85;
  64F9 : 85;
  64FA : 85;
  64FB : 85;
  64FC : 85;
  64FD : 85;
  64FE : 85;
  64FF : 85;
  6500 : 85;
  6501 : 85;
  6502 : 89;
  6503 : 9B;
  6504 : F1;
  6505 : FF;
  6506 : FF;
  6507 : FF;
  6508 : FF;
  6509 : FF;
  650A : FF;
  650B : FF;
  650C : FF;
  650D : FF;
  650E : FF;
  650F : FF;
  6510 : FF;
  6511 : FF;
  6512 : F6;
  6513 : FE;
  6514 : ED;
  6515 : ED;
  6516 : ED;
  6517 : ED;
  6518 : ED;
  6519 : ED;
  651A : EE;
  651B : D2;
  651C : BE;
  651D : C8;
  651E : D3;
  651F : C3;
  6520 : BE;
  6521 : CF;
  6522 : ED;
  6523 : ED;
  6524 : ED;
  6525 : ED;
  6526 : ED;
  6527 : ED;
  6528 : ED;
  6529 : FB;
  652A : F5;
  652B : FF;
  652C : FF;
  652D : FF;
  652E : FF;
  652F : FF;
  6530 : FF;
  6531 : FF;
  6532 : FF;
  6533 : FF;
  6534 : FF;
  6535 : FF;
  6536 : FF;
  6537 : FF;
  6538 : FF;
  6539 : FF;
  653A : FF;
  653B : FF;
  653C : FF;
  653D : FF;
  653E : FF;
  653F : FF;
  6540 : FF;
  6541 : FF;
  6542 : FF;
  6543 : FF;
  6544 : FF;
  6545 : FF;
  6546 : FF;
  6547 : FF;
  6548 : FF;
  6549 : FF;
  654A : FF;
  654B : FF;
  654C : FF;
  654D : FF;
  654E : FF;
  654F : FF;
  6550 : FF;
  6551 : FF;
  6552 : FF;
  6553 : FF;
  6554 : FF;
  6555 : FF;
  6556 : FF;
  6557 : F6;
  6558 : B7;
  6559 : 85;
  655A : 82;
  655B : 7D;
  655C : 7C;
  655D : 7C;
  655E : 7C;
  655F : 7C;
  6560 : 7B;
  6561 : 7C;
  6562 : 7F;
  6563 : 81;
  6564 : 84;
  6565 : 85;
  6566 : 85;
  6567 : 85;
  6568 : 85;
  6569 : 85;
  656A : 85;
  656B : 85;
  656C : 85;
  656D : 85;
  656E : 85;
  656F : 85;
  6570 : 85;
  6571 : 85;
  6572 : 85;
  6573 : 85;
  6574 : 85;
  6575 : 85;
  6576 : 85;
  6577 : 85;
  6578 : 85;
  6579 : 85;
  657A : 85;
  657B : 85;
  657C : 85;
  657D : 85;
  657E : 85;
  657F : 85;
  6580 : 85;
  6581 : 85;
  6582 : 86;
  6583 : 82;
  6584 : 75;
  6585 : 68;
  6586 : 66;
  6587 : 68;
  6588 : 68;
  6589 : 68;
  658A : 68;
  658B : 68;
  658C : 68;
  658D : 68;
  658E : 68;
  658F : 68;
  6590 : 68;
  6591 : 68;
  6592 : 68;
  6593 : 68;
  6594 : 67;
  6595 : 67;
  6596 : 74;
  6597 : 84;
  6598 : 86;
  6599 : 85;
  659A : 85;
  659B : 85;
  659C : 85;
  659D : 85;
  659E : 85;
  659F : 85;
  65A0 : 85;
  65A1 : 85;
  65A2 : 85;
  65A3 : 85;
  65A4 : 85;
  65A5 : 85;
  65A6 : 85;
  65A7 : 85;
  65A8 : 85;
  65A9 : 85;
  65AA : 85;
  65AB : 85;
  65AC : 85;
  65AD : 85;
  65AE : 85;
  65AF : 85;
  65B0 : 85;
  65B1 : 85;
  65B2 : 85;
  65B3 : 85;
  65B4 : 85;
  65B5 : 85;
  65B6 : 85;
  65B7 : 85;
  65B8 : 85;
  65B9 : 85;
  65BA : 85;
  65BB : 85;
  65BC : 85;
  65BD : 85;
  65BE : 85;
  65BF : 85;
  65C0 : 85;
  65C1 : 85;
  65C2 : 85;
  65C3 : 85;
  65C4 : 85;
  65C5 : 85;
  65C6 : 85;
  65C7 : 85;
  65C8 : 85;
  65C9 : 85;
  65CA : 85;
  65CB : 85;
  65CC : 85;
  65CD : 85;
  65CE : 8E;
  65CF : BE;
  65D0 : FF;
  65D1 : FF;
  65D2 : FF;
  65D3 : FF;
  65D4 : FF;
  65D5 : FF;
  65D6 : FF;
  65D7 : FF;
  65D8 : FF;
  65D9 : FF;
  65DA : FF;
  65DB : FF;
  65DC : FF;
  65DD : FF;
  65DE : F7;
  65DF : FB;
  65E0 : EE;
  65E1 : ED;
  65E2 : ED;
  65E3 : ED;
  65E4 : ED;
  65E5 : ED;
  65E6 : EE;
  65E7 : D7;
  65E8 : C0;
  65E9 : C4;
  65EA : DF;
  65EB : D0;
  65EC : BE;
  65ED : C4;
  65EE : E2;
  65EF : EE;
  65F0 : ED;
  65F1 : ED;
  65F2 : ED;
  65F3 : ED;
  65F4 : ED;
  65F5 : FD;
  65F6 : F6;
  65F7 : FF;
  65F8 : FF;
  65F9 : FF;
  65FA : FF;
  65FB : FF;
  65FC : FF;
  65FD : FF;
  65FE : FF;
  65FF : FF;
  6600 : FF;
  6601 : FF;
  6602 : FF;
  6603 : FF;
  6604 : FF;
  6605 : FF;
  6606 : FF;
  6607 : FF;
  6608 : FF;
  6609 : FF;
  660A : FF;
  660B : FF;
  660C : FF;
  660D : FF;
  660E : FF;
  660F : FF;
  6610 : FF;
  6611 : FF;
  6612 : FF;
  6613 : FF;
  6614 : FF;
  6615 : FF;
  6616 : FF;
  6617 : FF;
  6618 : FF;
  6619 : FF;
  661A : FF;
  661B : FF;
  661C : FF;
  661D : FF;
  661E : FF;
  661F : FF;
  6620 : FF;
  6621 : FF;
  6622 : FF;
  6623 : FF;
  6624 : FD;
  6625 : D7;
  6626 : 97;
  6627 : 80;
  6628 : 80;
  6629 : 7C;
  662A : 7C;
  662B : 7C;
  662C : 7C;
  662D : 7C;
  662E : 7B;
  662F : 7C;
  6630 : 7E;
  6631 : 80;
  6632 : 82;
  6633 : 84;
  6634 : 85;
  6635 : 85;
  6636 : 85;
  6637 : 85;
  6638 : 85;
  6639 : 85;
  663A : 85;
  663B : 85;
  663C : 85;
  663D : 85;
  663E : 85;
  663F : 85;
  6640 : 85;
  6641 : 85;
  6642 : 85;
  6643 : 85;
  6644 : 85;
  6645 : 85;
  6646 : 85;
  6647 : 85;
  6648 : 85;
  6649 : 85;
  664A : 85;
  664B : 85;
  664C : 86;
  664D : 86;
  664E : 7F;
  664F : 70;
  6650 : 66;
  6651 : 67;
  6652 : 68;
  6653 : 68;
  6654 : 68;
  6655 : 68;
  6656 : 68;
  6657 : 68;
  6658 : 68;
  6659 : 68;
  665A : 68;
  665B : 68;
  665C : 68;
  665D : 68;
  665E : 68;
  665F : 68;
  6660 : 68;
  6661 : 67;
  6662 : 66;
  6663 : 73;
  6664 : 85;
  6665 : 86;
  6666 : 85;
  6667 : 85;
  6668 : 85;
  6669 : 85;
  666A : 85;
  666B : 85;
  666C : 85;
  666D : 85;
  666E : 85;
  666F : 85;
  6670 : 85;
  6671 : 85;
  6672 : 85;
  6673 : 85;
  6674 : 85;
  6675 : 85;
  6676 : 85;
  6677 : 85;
  6678 : 85;
  6679 : 85;
  667A : 85;
  667B : 85;
  667C : 85;
  667D : 85;
  667E : 85;
  667F : 85;
  6680 : 85;
  6681 : 85;
  6682 : 85;
  6683 : 85;
  6684 : 85;
  6685 : 85;
  6686 : 85;
  6687 : 85;
  6688 : 85;
  6689 : 85;
  668A : 85;
  668B : 85;
  668C : 85;
  668D : 85;
  668E : 85;
  668F : 85;
  6690 : 85;
  6691 : 85;
  6692 : 85;
  6693 : 85;
  6694 : 85;
  6695 : 85;
  6696 : 85;
  6697 : 85;
  6698 : 85;
  6699 : 88;
  669A : 8B;
  669B : DD;
  669C : FF;
  669D : FF;
  669E : FF;
  669F : FF;
  66A0 : FF;
  66A1 : FF;
  66A2 : FF;
  66A3 : FF;
  66A4 : FF;
  66A5 : FF;
  66A6 : FF;
  66A7 : FF;
  66A8 : FF;
  66A9 : FF;
  66AA : F9;
  66AB : F3;
  66AC : EF;
  66AD : ED;
  66AE : ED;
  66AF : ED;
  66B0 : ED;
  66B1 : ED;
  66B2 : EE;
  66B3 : DD;
  66B4 : C2;
  66B5 : C1;
  66B6 : DF;
  66B7 : E1;
  66B8 : C2;
  66B9 : BE;
  66BA : D5;
  66BB : EE;
  66BC : ED;
  66BD : ED;
  66BE : ED;
  66BF : ED;
  66C0 : ED;
  66C1 : FD;
  66C2 : F7;
  66C3 : FF;
  66C4 : FF;
  66C5 : FF;
  66C6 : FF;
  66C7 : FF;
  66C8 : FF;
  66C9 : FF;
  66CA : FF;
  66CB : FF;
  66CC : FF;
  66CD : FF;
  66CE : FF;
  66CF : FF;
  66D0 : FF;
  66D1 : FF;
  66D2 : FF;
  66D3 : FF;
  66D4 : FF;
  66D5 : FF;
  66D6 : FF;
  66D7 : FF;
  66D8 : FF;
  66D9 : FF;
  66DA : FF;
  66DB : FF;
  66DC : FF;
  66DD : FF;
  66DE : FF;
  66DF : FF;
  66E0 : FF;
  66E1 : FF;
  66E2 : FF;
  66E3 : FF;
  66E4 : FF;
  66E5 : FF;
  66E6 : FF;
  66E7 : FF;
  66E8 : FF;
  66E9 : FF;
  66EA : FF;
  66EB : FF;
  66EC : FF;
  66ED : FF;
  66EE : FF;
  66EF : FF;
  66F0 : FF;
  66F1 : FF;
  66F2 : F5;
  66F3 : BE;
  66F4 : 89;
  66F5 : 80;
  66F6 : 80;
  66F7 : 7C;
  66F8 : 7C;
  66F9 : 7C;
  66FA : 7C;
  66FB : 7C;
  66FC : 7C;
  66FD : 7B;
  66FE : 7C;
  66FF : 7D;
  6700 : 80;
  6701 : 82;
  6702 : 84;
  6703 : 84;
  6704 : 85;
  6705 : 85;
  6706 : 85;
  6707 : 85;
  6708 : 85;
  6709 : 85;
  670A : 85;
  670B : 85;
  670C : 85;
  670D : 85;
  670E : 85;
  670F : 85;
  6710 : 85;
  6711 : 85;
  6712 : 85;
  6713 : 85;
  6714 : 85;
  6715 : 85;
  6716 : 85;
  6717 : 85;
  6718 : 86;
  6719 : 7B;
  671A : 6B;
  671B : 66;
  671C : 67;
  671D : 68;
  671E : 68;
  671F : 68;
  6720 : 68;
  6721 : 68;
  6722 : 68;
  6723 : 68;
  6724 : 68;
  6725 : 68;
  6726 : 68;
  6727 : 68;
  6728 : 68;
  6729 : 68;
  672A : 68;
  672B : 68;
  672C : 68;
  672D : 68;
  672E : 67;
  672F : 66;
  6730 : 76;
  6731 : 86;
  6732 : 85;
  6733 : 85;
  6734 : 85;
  6735 : 85;
  6736 : 85;
  6737 : 85;
  6738 : 85;
  6739 : 85;
  673A : 85;
  673B : 85;
  673C : 85;
  673D : 85;
  673E : 85;
  673F : 85;
  6740 : 85;
  6741 : 85;
  6742 : 85;
  6743 : 85;
  6744 : 85;
  6745 : 85;
  6746 : 85;
  6747 : 85;
  6748 : 85;
  6749 : 85;
  674A : 85;
  674B : 85;
  674C : 85;
  674D : 85;
  674E : 85;
  674F : 85;
  6750 : 85;
  6751 : 85;
  6752 : 85;
  6753 : 85;
  6754 : 85;
  6755 : 85;
  6756 : 85;
  6757 : 85;
  6758 : 85;
  6759 : 85;
  675A : 85;
  675B : 85;
  675C : 85;
  675D : 85;
  675E : 85;
  675F : 85;
  6760 : 85;
  6761 : 85;
  6762 : 85;
  6763 : 85;
  6764 : 85;
  6765 : 8D;
  6766 : A8;
  6767 : FA;
  6768 : FF;
  6769 : FF;
  676A : FF;
  676B : FF;
  676C : FF;
  676D : FF;
  676E : FF;
  676F : FF;
  6770 : FF;
  6771 : FF;
  6772 : FF;
  6773 : FF;
  6774 : FF;
  6775 : FF;
  6776 : F9;
  6777 : ED;
  6778 : F1;
  6779 : ED;
  677A : ED;
  677B : ED;
  677C : ED;
  677D : ED;
  677E : EE;
  677F : E4;
  6780 : C4;
  6781 : C0;
  6782 : DD;
  6783 : EE;
  6784 : CF;
  6785 : BE;
  6786 : C8;
  6787 : E8;
  6788 : EE;
  6789 : ED;
  678A : ED;
  678B : ED;
  678C : EE;
  678D : F8;
  678E : F8;
  678F : FF;
  6790 : FF;
  6791 : FF;
  6792 : FF;
  6793 : FF;
  6794 : FF;
  6795 : FF;
  6796 : FF;
  6797 : FF;
  6798 : FF;
  6799 : FF;
  679A : FF;
  679B : FF;
  679C : FF;
  679D : FF;
  679E : FF;
  679F : FF;
  67A0 : FF;
  67A1 : FF;
  67A2 : FF;
  67A3 : FF;
  67A4 : FF;
  67A5 : FF;
  67A6 : FF;
  67A7 : FF;
  67A8 : FF;
  67A9 : FF;
  67AA : FF;
  67AB : FF;
  67AC : FF;
  67AD : FF;
  67AE : FF;
  67AF : FF;
  67B0 : FF;
  67B1 : FF;
  67B2 : FF;
  67B3 : FF;
  67B4 : FF;
  67B5 : FF;
  67B6 : FF;
  67B7 : FF;
  67B8 : FF;
  67B9 : FF;
  67BA : FF;
  67BB : FF;
  67BC : FF;
  67BD : FF;
  67BE : FF;
  67BF : FF;
  67C0 : EB;
  67C1 : B1;
  67C2 : 87;
  67C3 : 83;
  67C4 : 7F;
  67C5 : 7C;
  67C6 : 7C;
  67C7 : 7C;
  67C8 : 7C;
  67C9 : 7C;
  67CA : 7C;
  67CB : 7C;
  67CC : 7C;
  67CD : 7C;
  67CE : 7D;
  67CF : 7E;
  67D0 : 80;
  67D1 : 82;
  67D2 : 83;
  67D3 : 84;
  67D4 : 85;
  67D5 : 86;
  67D6 : 85;
  67D7 : 85;
  67D8 : 85;
  67D9 : 85;
  67DA : 85;
  67DB : 85;
  67DC : 85;
  67DD : 85;
  67DE : 85;
  67DF : 85;
  67E0 : 85;
  67E1 : 85;
  67E2 : 85;
  67E3 : 86;
  67E4 : 78;
  67E5 : 69;
  67E6 : 67;
  67E7 : 68;
  67E8 : 68;
  67E9 : 68;
  67EA : 68;
  67EB : 68;
  67EC : 68;
  67ED : 68;
  67EE : 68;
  67EF : 68;
  67F0 : 68;
  67F1 : 68;
  67F2 : 68;
  67F3 : 68;
  67F4 : 68;
  67F5 : 68;
  67F6 : 68;
  67F7 : 68;
  67F8 : 68;
  67F9 : 68;
  67FA : 68;
  67FB : 67;
  67FC : 68;
  67FD : 7A;
  67FE : 85;
  67FF : 85;
  6800 : 85;
  6801 : 85;
  6802 : 85;
  6803 : 85;
  6804 : 85;
  6805 : 85;
  6806 : 85;
  6807 : 85;
  6808 : 85;
  6809 : 85;
  680A : 85;
  680B : 85;
  680C : 85;
  680D : 85;
  680E : 85;
  680F : 85;
  6810 : 85;
  6811 : 85;
  6812 : 85;
  6813 : 85;
  6814 : 85;
  6815 : 85;
  6816 : 85;
  6817 : 85;
  6818 : 85;
  6819 : 85;
  681A : 85;
  681B : 85;
  681C : 85;
  681D : 85;
  681E : 85;
  681F : 85;
  6820 : 85;
  6821 : 85;
  6822 : 85;
  6823 : 85;
  6824 : 85;
  6825 : 85;
  6826 : 85;
  6827 : 85;
  6828 : 85;
  6829 : 85;
  682A : 85;
  682B : 85;
  682C : 85;
  682D : 85;
  682E : 85;
  682F : 85;
  6830 : 87;
  6831 : 86;
  6832 : CB;
  6833 : FF;
  6834 : FF;
  6835 : FF;
  6836 : FF;
  6837 : FF;
  6838 : FF;
  6839 : FF;
  683A : FF;
  683B : FF;
  683C : FF;
  683D : FF;
  683E : FF;
  683F : FF;
  6840 : FF;
  6841 : FF;
  6842 : F9;
  6843 : EE;
  6844 : F2;
  6845 : ED;
  6846 : ED;
  6847 : ED;
  6848 : ED;
  6849 : ED;
  684A : EE;
  684B : EB;
  684C : C7;
  684D : C0;
  684E : DD;
  684F : EF;
  6850 : E3;
  6851 : C4;
  6852 : BF;
  6853 : DF;
  6854 : EE;
  6855 : ED;
  6856 : ED;
  6857 : ED;
  6858 : F0;
  6859 : F0;
  685A : F9;
  685B : FF;
  685C : FF;
  685D : FF;
  685E : FF;
  685F : FF;
  6860 : FF;
  6861 : FF;
  6862 : FF;
  6863 : FF;
  6864 : FF;
  6865 : FF;
  6866 : FF;
  6867 : FF;
  6868 : FF;
  6869 : FF;
  686A : FF;
  686B : FF;
  686C : FF;
  686D : FF;
  686E : FF;
  686F : FF;
  6870 : FF;
  6871 : FF;
  6872 : FF;
  6873 : FF;
  6874 : FF;
  6875 : FF;
  6876 : FF;
  6877 : FF;
  6878 : FF;
  6879 : FF;
  687A : FF;
  687B : FF;
  687C : FF;
  687D : FF;
  687E : FF;
  687F : FF;
  6880 : FF;
  6881 : FF;
  6882 : FF;
  6883 : FF;
  6884 : FF;
  6885 : FF;
  6886 : FF;
  6887 : FF;
  6888 : FF;
  6889 : FF;
  688A : FF;
  688B : FF;
  688C : FF;
  688D : FF;
  688E : E3;
  688F : B5;
  6890 : 8A;
  6891 : 82;
  6892 : 7F;
  6893 : 7D;
  6894 : 7C;
  6895 : 7C;
  6896 : 7C;
  6897 : 7C;
  6898 : 7C;
  6899 : 7C;
  689A : 7C;
  689B : 7C;
  689C : 7B;
  689D : 7C;
  689E : 7D;
  689F : 7E;
  68A0 : 7F;
  68A1 : 80;
  68A2 : 82;
  68A3 : 82;
  68A4 : 83;
  68A5 : 85;
  68A6 : 85;
  68A7 : 85;
  68A8 : 85;
  68A9 : 85;
  68AA : 85;
  68AB : 85;
  68AC : 85;
  68AD : 85;
  68AE : 86;
  68AF : 77;
  68B0 : 68;
  68B1 : 67;
  68B2 : 68;
  68B3 : 68;
  68B4 : 68;
  68B5 : 68;
  68B6 : 68;
  68B7 : 68;
  68B8 : 68;
  68B9 : 68;
  68BA : 68;
  68BB : 68;
  68BC : 68;
  68BD : 68;
  68BE : 68;
  68BF : 68;
  68C0 : 68;
  68C1 : 68;
  68C2 : 68;
  68C3 : 68;
  68C4 : 68;
  68C5 : 68;
  68C6 : 68;
  68C7 : 68;
  68C8 : 67;
  68C9 : 6A;
  68CA : 7F;
  68CB : 86;
  68CC : 85;
  68CD : 85;
  68CE : 85;
  68CF : 85;
  68D0 : 85;
  68D1 : 85;
  68D2 : 85;
  68D3 : 85;
  68D4 : 85;
  68D5 : 85;
  68D6 : 85;
  68D7 : 85;
  68D8 : 85;
  68D9 : 85;
  68DA : 85;
  68DB : 85;
  68DC : 85;
  68DD : 85;
  68DE : 85;
  68DF : 85;
  68E0 : 85;
  68E1 : 85;
  68E2 : 85;
  68E3 : 85;
  68E4 : 85;
  68E5 : 85;
  68E6 : 85;
  68E7 : 85;
  68E8 : 85;
  68E9 : 85;
  68EA : 85;
  68EB : 85;
  68EC : 85;
  68ED : 85;
  68EE : 85;
  68EF : 85;
  68F0 : 85;
  68F1 : 85;
  68F2 : 85;
  68F3 : 85;
  68F4 : 85;
  68F5 : 85;
  68F6 : 85;
  68F7 : 85;
  68F8 : 85;
  68F9 : 85;
  68FA : 85;
  68FB : 85;
  68FC : 8B;
  68FD : 9A;
  68FE : F5;
  68FF : FF;
  6900 : FF;
  6901 : FF;
  6902 : FF;
  6903 : FF;
  6904 : FF;
  6905 : FF;
  6906 : FF;
  6907 : FF;
  6908 : FF;
  6909 : FF;
  690A : FF;
  690B : FF;
  690C : FF;
  690D : FF;
  690E : FB;
  690F : EF;
  6910 : F3;
  6911 : ED;
  6912 : ED;
  6913 : ED;
  6914 : ED;
  6915 : ED;
  6916 : ED;
  6917 : ED;
  6918 : CF;
  6919 : C0;
  691A : DD;
  691B : EF;
  691C : EE;
  691D : D6;
  691E : BE;
  691F : D3;
  6920 : EC;
  6921 : EE;
  6922 : ED;
  6923 : ED;
  6924 : F2;
  6925 : ED;
  6926 : F9;
  6927 : FF;
  6928 : FF;
  6929 : FF;
  692A : FF;
  692B : FF;
  692C : FF;
  692D : FF;
  692E : FF;
  692F : FF;
  6930 : FF;
  6931 : FF;
  6932 : FF;
  6933 : FF;
  6934 : FF;
  6935 : FF;
  6936 : FF;
  6937 : FF;
  6938 : FF;
  6939 : FF;
  693A : FF;
  693B : FF;
  693C : FF;
  693D : FF;
  693E : FF;
  693F : FF;
  6940 : FF;
  6941 : FF;
  6942 : FF;
  6943 : FF;
  6944 : FF;
  6945 : FF;
  6946 : FF;
  6947 : FF;
  6948 : FF;
  6949 : FF;
  694A : FF;
  694B : FF;
  694C : FF;
  694D : FF;
  694E : FF;
  694F : FF;
  6950 : FF;
  6951 : FF;
  6952 : FF;
  6953 : FF;
  6954 : FF;
  6955 : FF;
  6956 : FF;
  6957 : FF;
  6958 : FF;
  6959 : FF;
  695A : FF;
  695B : FE;
  695C : E8;
  695D : C0;
  695E : 91;
  695F : 7C;
  6960 : 80;
  6961 : 80;
  6962 : 7D;
  6963 : 7C;
  6964 : 7C;
  6965 : 7C;
  6966 : 7C;
  6967 : 7C;
  6968 : 7C;
  6969 : 7C;
  696A : 7C;
  696B : 7C;
  696C : 7B;
  696D : 7B;
  696E : 7C;
  696F : 7D;
  6970 : 7D;
  6971 : 7E;
  6972 : 7F;
  6973 : 80;
  6974 : 80;
  6975 : 82;
  6976 : 82;
  6977 : 83;
  6978 : 85;
  6979 : 84;
  697A : 76;
  697B : 68;
  697C : 67;
  697D : 68;
  697E : 68;
  697F : 68;
  6980 : 68;
  6981 : 68;
  6982 : 68;
  6983 : 68;
  6984 : 68;
  6985 : 68;
  6986 : 68;
  6987 : 68;
  6988 : 68;
  6989 : 68;
  698A : 68;
  698B : 68;
  698C : 68;
  698D : 68;
  698E : 68;
  698F : 68;
  6990 : 68;
  6991 : 68;
  6992 : 68;
  6993 : 68;
  6994 : 68;
  6995 : 66;
  6996 : 71;
  6997 : 84;
  6998 : 85;
  6999 : 85;
  699A : 85;
  699B : 85;
  699C : 85;
  699D : 85;
  699E : 85;
  699F : 85;
  69A0 : 85;
  69A1 : 85;
  69A2 : 85;
  69A3 : 85;
  69A4 : 85;
  69A5 : 85;
  69A6 : 85;
  69A7 : 85;
  69A8 : 85;
  69A9 : 85;
  69AA : 85;
  69AB : 85;
  69AC : 85;
  69AD : 85;
  69AE : 85;
  69AF : 85;
  69B0 : 85;
  69B1 : 85;
  69B2 : 85;
  69B3 : 85;
  69B4 : 85;
  69B5 : 85;
  69B6 : 85;
  69B7 : 85;
  69B8 : 85;
  69B9 : 85;
  69BA : 85;
  69BB : 85;
  69BC : 85;
  69BD : 85;
  69BE : 85;
  69BF : 85;
  69C0 : 85;
  69C1 : 85;
  69C2 : 85;
  69C3 : 85;
  69C4 : 85;
  69C5 : 85;
  69C6 : 85;
  69C7 : 86;
  69C8 : 87;
  69C9 : C6;
  69CA : FF;
  69CB : FF;
  69CC : FF;
  69CD : FF;
  69CE : FF;
  69CF : FF;
  69D0 : FF;
  69D1 : FF;
  69D2 : FF;
  69D3 : FF;
  69D4 : FF;
  69D5 : FF;
  69D6 : FF;
  69D7 : FF;
  69D8 : FF;
  69D9 : FF;
  69DA : FB;
  69DB : EF;
  69DC : F4;
  69DD : ED;
  69DE : ED;
  69DF : ED;
  69E0 : ED;
  69E1 : ED;
  69E2 : ED;
  69E3 : EE;
  69E4 : DD;
  69E5 : C3;
  69E6 : E1;
  69E7 : EE;
  69E8 : EE;
  69E9 : E9;
  69EA : CB;
  69EB : C5;
  69EC : EA;
  69ED : EE;
  69EE : ED;
  69EF : ED;
  69F0 : F3;
  69F1 : EE;
  69F2 : FB;
  69F3 : FF;
  69F4 : FF;
  69F5 : FF;
  69F6 : FF;
  69F7 : FF;
  69F8 : FF;
  69F9 : FF;
  69FA : FF;
  69FB : FF;
  69FC : FF;
  69FD : FF;
  69FE : FF;
  69FF : FF;
  6A00 : FF;
  6A01 : FF;
  6A02 : FF;
  6A03 : FF;
  6A04 : FF;
  6A05 : FF;
  6A06 : FF;
  6A07 : FF;
  6A08 : FF;
  6A09 : FF;
  6A0A : FF;
  6A0B : FF;
  6A0C : FF;
  6A0D : FF;
  6A0E : FF;
  6A0F : FF;
  6A10 : FF;
  6A11 : FF;
  6A12 : FF;
  6A13 : FF;
  6A14 : FF;
  6A15 : FF;
  6A16 : FF;
  6A17 : FF;
  6A18 : FF;
  6A19 : FF;
  6A1A : FF;
  6A1B : FF;
  6A1C : FF;
  6A1D : FF;
  6A1E : FF;
  6A1F : FF;
  6A20 : FF;
  6A21 : FF;
  6A22 : FF;
  6A23 : FF;
  6A24 : FF;
  6A25 : FF;
  6A26 : FF;
  6A27 : FF;
  6A28 : FF;
  6A29 : FE;
  6A2A : F5;
  6A2B : D5;
  6A2C : A8;
  6A2D : 8A;
  6A2E : 7D;
  6A2F : 83;
  6A30 : 81;
  6A31 : 7E;
  6A32 : 7C;
  6A33 : 7C;
  6A34 : 7C;
  6A35 : 7C;
  6A36 : 7C;
  6A37 : 7C;
  6A38 : 7C;
  6A39 : 7C;
  6A3A : 7C;
  6A3B : 7C;
  6A3C : 7C;
  6A3D : 7B;
  6A3E : 7B;
  6A3F : 7C;
  6A40 : 7C;
  6A41 : 7C;
  6A42 : 7C;
  6A43 : 7D;
  6A44 : 7E;
  6A45 : 73;
  6A46 : 68;
  6A47 : 67;
  6A48 : 68;
  6A49 : 68;
  6A4A : 68;
  6A4B : 68;
  6A4C : 68;
  6A4D : 68;
  6A4E : 68;
  6A4F : 68;
  6A50 : 68;
  6A51 : 68;
  6A52 : 68;
  6A53 : 68;
  6A54 : 68;
  6A55 : 68;
  6A56 : 68;
  6A57 : 68;
  6A58 : 68;
  6A59 : 68;
  6A5A : 68;
  6A5B : 68;
  6A5C : 68;
  6A5D : 68;
  6A5E : 68;
  6A5F : 68;
  6A60 : 68;
  6A61 : 67;
  6A62 : 68;
  6A63 : 7A;
  6A64 : 86;
  6A65 : 85;
  6A66 : 85;
  6A67 : 85;
  6A68 : 85;
  6A69 : 85;
  6A6A : 85;
  6A6B : 85;
  6A6C : 85;
  6A6D : 85;
  6A6E : 85;
  6A6F : 85;
  6A70 : 85;
  6A71 : 85;
  6A72 : 85;
  6A73 : 85;
  6A74 : 85;
  6A75 : 85;
  6A76 : 85;
  6A77 : 85;
  6A78 : 85;
  6A79 : 85;
  6A7A : 85;
  6A7B : 85;
  6A7C : 85;
  6A7D : 85;
  6A7E : 85;
  6A7F : 85;
  6A80 : 85;
  6A81 : 85;
  6A82 : 85;
  6A83 : 85;
  6A84 : 85;
  6A85 : 85;
  6A86 : 85;
  6A87 : 85;
  6A88 : 85;
  6A89 : 85;
  6A8A : 85;
  6A8B : 85;
  6A8C : 85;
  6A8D : 85;
  6A8E : 85;
  6A8F : 85;
  6A90 : 85;
  6A91 : 85;
  6A92 : 85;
  6A93 : 89;
  6A94 : 97;
  6A95 : F3;
  6A96 : FF;
  6A97 : FF;
  6A98 : FF;
  6A99 : FF;
  6A9A : FF;
  6A9B : FF;
  6A9C : FF;
  6A9D : FF;
  6A9E : FF;
  6A9F : FF;
  6AA0 : FF;
  6AA1 : FF;
  6AA2 : FF;
  6AA3 : FF;
  6AA4 : FF;
  6AA5 : FF;
  6AA6 : FC;
  6AA7 : F0;
  6AA8 : F6;
  6AA9 : ED;
  6AAA : ED;
  6AAB : ED;
  6AAC : ED;
  6AAD : ED;
  6AAE : ED;
  6AAF : EE;
  6AB0 : E8;
  6AB1 : D2;
  6AB2 : E6;
  6AB3 : EE;
  6AB4 : ED;
  6AB5 : EE;
  6AB6 : E4;
  6AB7 : CB;
  6AB8 : E8;
  6AB9 : EE;
  6ABA : ED;
  6ABB : ED;
  6ABC : F4;
  6ABD : EF;
  6ABE : FB;
  6ABF : FF;
  6AC0 : FF;
  6AC1 : FF;
  6AC2 : FF;
  6AC3 : FF;
  6AC4 : FF;
  6AC5 : FF;
  6AC6 : FF;
  6AC7 : FF;
  6AC8 : FF;
  6AC9 : FF;
  6ACA : FF;
  6ACB : FF;
  6ACC : FF;
  6ACD : FF;
  6ACE : FF;
  6ACF : FF;
  6AD0 : FF;
  6AD1 : FF;
  6AD2 : FF;
  6AD3 : FF;
  6AD4 : FF;
  6AD5 : FF;
  6AD6 : FF;
  6AD7 : FF;
  6AD8 : FF;
  6AD9 : FF;
  6ADA : FF;
  6ADB : FF;
  6ADC : FF;
  6ADD : FF;
  6ADE : FF;
  6ADF : FF;
  6AE0 : FF;
  6AE1 : FF;
  6AE2 : FF;
  6AE3 : FF;
  6AE4 : FF;
  6AE5 : FF;
  6AE6 : FF;
  6AE7 : FF;
  6AE8 : FF;
  6AE9 : FF;
  6AEA : FF;
  6AEB : FF;
  6AEC : FF;
  6AED : FF;
  6AEE : FF;
  6AEF : FF;
  6AF0 : FF;
  6AF1 : FF;
  6AF2 : FF;
  6AF3 : FF;
  6AF4 : FF;
  6AF5 : FF;
  6AF6 : FF;
  6AF7 : FF;
  6AF8 : FF;
  6AF9 : EF;
  6AFA : C8;
  6AFB : A9;
  6AFC : 90;
  6AFD : 80;
  6AFE : 84;
  6AFF : 82;
  6B00 : 7F;
  6B01 : 7C;
  6B02 : 7C;
  6B03 : 7C;
  6B04 : 7C;
  6B05 : 7C;
  6B06 : 7C;
  6B07 : 7C;
  6B08 : 7C;
  6B09 : 7C;
  6B0A : 7C;
  6B0B : 7C;
  6B0C : 7C;
  6B0D : 7C;
  6B0E : 7C;
  6B0F : 7C;
  6B10 : 72;
  6B11 : 67;
  6B12 : 67;
  6B13 : 68;
  6B14 : 68;
  6B15 : 68;
  6B16 : 68;
  6B17 : 68;
  6B18 : 68;
  6B19 : 68;
  6B1A : 68;
  6B1B : 68;
  6B1C : 68;
  6B1D : 68;
  6B1E : 68;
  6B1F : 68;
  6B20 : 68;
  6B21 : 68;
  6B22 : 68;
  6B23 : 68;
  6B24 : 68;
  6B25 : 68;
  6B26 : 68;
  6B27 : 68;
  6B28 : 67;
  6B29 : 68;
  6B2A : 68;
  6B2B : 68;
  6B2C : 68;
  6B2D : 68;
  6B2E : 66;
  6B2F : 6E;
  6B30 : 82;
  6B31 : 86;
  6B32 : 85;
  6B33 : 85;
  6B34 : 85;
  6B35 : 85;
  6B36 : 85;
  6B37 : 85;
  6B38 : 85;
  6B39 : 85;
  6B3A : 85;
  6B3B : 85;
  6B3C : 85;
  6B3D : 85;
  6B3E : 85;
  6B3F : 85;
  6B40 : 85;
  6B41 : 85;
  6B42 : 85;
  6B43 : 85;
  6B44 : 85;
  6B45 : 85;
  6B46 : 85;
  6B47 : 85;
  6B48 : 85;
  6B49 : 85;
  6B4A : 85;
  6B4B : 85;
  6B4C : 85;
  6B4D : 85;
  6B4E : 85;
  6B4F : 85;
  6B50 : 85;
  6B51 : 85;
  6B52 : 85;
  6B53 : 85;
  6B54 : 85;
  6B55 : 85;
  6B56 : 85;
  6B57 : 85;
  6B58 : 85;
  6B59 : 85;
  6B5A : 85;
  6B5B : 85;
  6B5C : 85;
  6B5D : 85;
  6B5E : 85;
  6B5F : 89;
  6B60 : CA;
  6B61 : FF;
  6B62 : FF;
  6B63 : FF;
  6B64 : FF;
  6B65 : FF;
  6B66 : FF;
  6B67 : FF;
  6B68 : FF;
  6B69 : FF;
  6B6A : FF;
  6B6B : FF;
  6B6C : FF;
  6B6D : FF;
  6B6E : FF;
  6B6F : FF;
  6B70 : FF;
  6B71 : FF;
  6B72 : FD;
  6B73 : F2;
  6B74 : F8;
  6B75 : ED;
  6B76 : ED;
  6B77 : ED;
  6B78 : ED;
  6B79 : ED;
  6B7A : ED;
  6B7B : ED;
  6B7C : ED;
  6B7D : EC;
  6B7E : ED;
  6B7F : ED;
  6B80 : ED;
  6B81 : ED;
  6B82 : EE;
  6B83 : E9;
  6B84 : EC;
  6B85 : ED;
  6B86 : ED;
  6B87 : ED;
  6B88 : F6;
  6B89 : F1;
  6B8A : FC;
  6B8B : FF;
  6B8C : FF;
  6B8D : FF;
  6B8E : FF;
  6B8F : FF;
  6B90 : FF;
  6B91 : FF;
  6B92 : FF;
  6B93 : FF;
  6B94 : FF;
  6B95 : FF;
  6B96 : FF;
  6B97 : FF;
  6B98 : FF;
  6B99 : FF;
  6B9A : FF;
  6B9B : FF;
  6B9C : FF;
  6B9D : FF;
  6B9E : FF;
  6B9F : FF;
  6BA0 : FF;
  6BA1 : FF;
  6BA2 : FF;
  6BA3 : FF;
  6BA4 : FF;
  6BA5 : FF;
  6BA6 : FF;
  6BA7 : FF;
  6BA8 : FF;
  6BA9 : FF;
  6BAA : FF;
  6BAB : FF;
  6BAC : FF;
  6BAD : FF;
  6BAE : FF;
  6BAF : FF;
  6BB0 : FF;
  6BB1 : FF;
  6BB2 : FF;
  6BB3 : FF;
  6BB4 : FF;
  6BB5 : FF;
  6BB6 : FF;
  6BB7 : FF;
  6BB8 : FF;
  6BB9 : FF;
  6BBA : FF;
  6BBB : FF;
  6BBC : FF;
  6BBD : FF;
  6BBE : FF;
  6BBF : FF;
  6BC0 : FF;
  6BC1 : FF;
  6BC2 : FF;
  6BC3 : FF;
  6BC4 : FF;
  6BC5 : FF;
  6BC6 : FF;
  6BC7 : FE;
  6BC8 : EB;
  6BC9 : D3;
  6BCA : BC;
  6BCB : A3;
  6BCC : 89;
  6BCD : 80;
  6BCE : 82;
  6BCF : 80;
  6BD0 : 7F;
  6BD1 : 7E;
  6BD2 : 7D;
  6BD3 : 7D;
  6BD4 : 7C;
  6BD5 : 7C;
  6BD6 : 7C;
  6BD7 : 7C;
  6BD8 : 7C;
  6BD9 : 7C;
  6BDA : 7C;
  6BDB : 75;
  6BDC : 69;
  6BDD : 67;
  6BDE : 68;
  6BDF : 68;
  6BE0 : 68;
  6BE1 : 68;
  6BE2 : 68;
  6BE3 : 68;
  6BE4 : 68;
  6BE5 : 68;
  6BE6 : 68;
  6BE7 : 68;
  6BE8 : 68;
  6BE9 : 68;
  6BEA : 68;
  6BEB : 68;
  6BEC : 68;
  6BED : 68;
  6BEE : 68;
  6BEF : 68;
  6BF0 : 68;
  6BF1 : 68;
  6BF2 : 68;
  6BF3 : 68;
  6BF4 : 67;
  6BF5 : 68;
  6BF6 : 68;
  6BF7 : 68;
  6BF8 : 68;
  6BF9 : 68;
  6BFA : 68;
  6BFB : 67;
  6BFC : 7A;
  6BFD : 86;
  6BFE : 85;
  6BFF : 85;
  6C00 : 85;
  6C01 : 85;
  6C02 : 85;
  6C03 : 85;
  6C04 : 85;
  6C05 : 85;
  6C06 : 85;
  6C07 : 85;
  6C08 : 85;
  6C09 : 85;
  6C0A : 85;
  6C0B : 85;
  6C0C : 85;
  6C0D : 85;
  6C0E : 85;
  6C0F : 85;
  6C10 : 85;
  6C11 : 85;
  6C12 : 85;
  6C13 : 85;
  6C14 : 85;
  6C15 : 85;
  6C16 : 85;
  6C17 : 85;
  6C18 : 85;
  6C19 : 85;
  6C1A : 85;
  6C1B : 85;
  6C1C : 85;
  6C1D : 85;
  6C1E : 85;
  6C1F : 85;
  6C20 : 85;
  6C21 : 85;
  6C22 : 85;
  6C23 : 85;
  6C24 : 85;
  6C25 : 85;
  6C26 : 85;
  6C27 : 85;
  6C28 : 85;
  6C29 : 85;
  6C2A : 8B;
  6C2B : A2;
  6C2C : F3;
  6C2D : FF;
  6C2E : FF;
  6C2F : FF;
  6C30 : FF;
  6C31 : FF;
  6C32 : FF;
  6C33 : FF;
  6C34 : FF;
  6C35 : FF;
  6C36 : FF;
  6C37 : FF;
  6C38 : FF;
  6C39 : FF;
  6C3A : FF;
  6C3B : FF;
  6C3C : FF;
  6C3D : FF;
  6C3E : FF;
  6C3F : F2;
  6C40 : FA;
  6C41 : ED;
  6C42 : ED;
  6C43 : ED;
  6C44 : ED;
  6C45 : ED;
  6C46 : ED;
  6C47 : ED;
  6C48 : ED;
  6C49 : ED;
  6C4A : ED;
  6C4B : ED;
  6C4C : ED;
  6C4D : ED;
  6C4E : ED;
  6C4F : EE;
  6C50 : ED;
  6C51 : ED;
  6C52 : ED;
  6C53 : ED;
  6C54 : F8;
  6C55 : F1;
  6C56 : FD;
  6C57 : FF;
  6C58 : FF;
  6C59 : FF;
  6C5A : FF;
  6C5B : FF;
  6C5C : FF;
  6C5D : FF;
  6C5E : FF;
  6C5F : FF;
  6C60 : FF;
  6C61 : FF;
  6C62 : FF;
  6C63 : FF;
  6C64 : FF;
  6C65 : FF;
  6C66 : FF;
  6C67 : FF;
  6C68 : FF;
  6C69 : FF;
  6C6A : FF;
  6C6B : FF;
  6C6C : FF;
  6C6D : FF;
  6C6E : FF;
  6C6F : FF;
  6C70 : FF;
  6C71 : FF;
  6C72 : FF;
  6C73 : FF;
  6C74 : FF;
  6C75 : FF;
  6C76 : FF;
  6C77 : FF;
  6C78 : FF;
  6C79 : FF;
  6C7A : FF;
  6C7B : FF;
  6C7C : FF;
  6C7D : FF;
  6C7E : FF;
  6C7F : FF;
  6C80 : FF;
  6C81 : FF;
  6C82 : FF;
  6C83 : FF;
  6C84 : FF;
  6C85 : FF;
  6C86 : FF;
  6C87 : FF;
  6C88 : FF;
  6C89 : FF;
  6C8A : FF;
  6C8B : FF;
  6C8C : FF;
  6C8D : FF;
  6C8E : FF;
  6C8F : FF;
  6C90 : FF;
  6C91 : FF;
  6C92 : FF;
  6C93 : FF;
  6C94 : FF;
  6C95 : FF;
  6C96 : FF;
  6C97 : F7;
  6C98 : E9;
  6C99 : D8;
  6C9A : BC;
  6C9B : A3;
  6C9C : 90;
  6C9D : 81;
  6C9E : 7C;
  6C9F : 7D;
  6CA0 : 80;
  6CA1 : 80;
  6CA2 : 81;
  6CA3 : 80;
  6CA4 : 7F;
  6CA5 : 7E;
  6CA6 : 77;
  6CA7 : 69;
  6CA8 : 67;
  6CA9 : 68;
  6CAA : 68;
  6CAB : 68;
  6CAC : 68;
  6CAD : 68;
  6CAE : 68;
  6CAF : 68;
  6CB0 : 68;
  6CB1 : 68;
  6CB2 : 68;
  6CB3 : 68;
  6CB4 : 68;
  6CB5 : 68;
  6CB6 : 68;
  6CB7 : 68;
  6CB8 : 68;
  6CB9 : 68;
  6CBA : 68;
  6CBB : 68;
  6CBC : 68;
  6CBD : 68;
  6CBE : 68;
  6CBF : 68;
  6CC0 : 68;
  6CC1 : 68;
  6CC2 : 68;
  6CC3 : 68;
  6CC4 : 68;
  6CC5 : 68;
  6CC6 : 68;
  6CC7 : 66;
  6CC8 : 71;
  6CC9 : 83;
  6CCA : 86;
  6CCB : 85;
  6CCC : 85;
  6CCD : 85;
  6CCE : 85;
  6CCF : 85;
  6CD0 : 85;
  6CD1 : 85;
  6CD2 : 85;
  6CD3 : 85;
  6CD4 : 85;
  6CD5 : 85;
  6CD6 : 85;
  6CD7 : 85;
  6CD8 : 85;
  6CD9 : 85;
  6CDA : 85;
  6CDB : 85;
  6CDC : 85;
  6CDD : 85;
  6CDE : 85;
  6CDF : 85;
  6CE0 : 85;
  6CE1 : 85;
  6CE2 : 85;
  6CE3 : 85;
  6CE4 : 85;
  6CE5 : 85;
  6CE6 : 85;
  6CE7 : 85;
  6CE8 : 85;
  6CE9 : 85;
  6CEA : 85;
  6CEB : 85;
  6CEC : 85;
  6CED : 85;
  6CEE : 85;
  6CEF : 85;
  6CF0 : 85;
  6CF1 : 85;
  6CF2 : 85;
  6CF3 : 85;
  6CF4 : 85;
  6CF5 : 88;
  6CF6 : 89;
  6CF7 : D5;
  6CF8 : FF;
  6CF9 : FF;
  6CFA : FF;
  6CFB : FF;
  6CFC : FF;
  6CFD : FF;
  6CFE : FF;
  6CFF : FF;
  6D00 : FF;
  6D01 : FF;
  6D02 : FF;
  6D03 : FF;
  6D04 : FF;
  6D05 : FF;
  6D06 : FF;
  6D07 : FF;
  6D08 : FF;
  6D09 : FF;
  6D0A : FF;
  6D0B : F3;
  6D0C : FB;
  6D0D : ED;
  6D0E : ED;
  6D0F : ED;
  6D10 : ED;
  6D11 : ED;
  6D12 : ED;
  6D13 : ED;
  6D14 : ED;
  6D15 : ED;
  6D16 : ED;
  6D17 : ED;
  6D18 : ED;
  6D19 : ED;
  6D1A : ED;
  6D1B : ED;
  6D1C : ED;
  6D1D : ED;
  6D1E : ED;
  6D1F : ED;
  6D20 : FA;
  6D21 : F2;
  6D22 : FE;
  6D23 : FF;
  6D24 : FF;
  6D25 : FF;
  6D26 : FF;
  6D27 : FF;
  6D28 : FF;
  6D29 : FF;
  6D2A : FF;
  6D2B : FF;
  6D2C : FF;
  6D2D : FF;
  6D2E : FF;
  6D2F : FF;
  6D30 : FF;
  6D31 : FF;
  6D32 : FF;
  6D33 : FF;
  6D34 : FF;
  6D35 : FF;
  6D36 : FF;
  6D37 : FF;
  6D38 : FF;
  6D39 : FF;
  6D3A : FF;
  6D3B : FF;
  6D3C : FF;
  6D3D : FF;
  6D3E : FF;
  6D3F : FF;
  6D40 : FF;
  6D41 : FF;
  6D42 : FF;
  6D43 : FF;
  6D44 : FF;
  6D45 : FF;
  6D46 : FF;
  6D47 : FF;
  6D48 : FF;
  6D49 : FF;
  6D4A : FF;
  6D4B : FF;
  6D4C : FF;
  6D4D : FF;
  6D4E : FF;
  6D4F : FF;
  6D50 : FF;
  6D51 : FF;
  6D52 : FF;
  6D53 : FF;
  6D54 : FF;
  6D55 : FF;
  6D56 : FF;
  6D57 : FF;
  6D58 : FF;
  6D59 : FF;
  6D5A : FF;
  6D5B : FF;
  6D5C : FF;
  6D5D : FF;
  6D5E : FF;
  6D5F : FF;
  6D60 : FF;
  6D61 : FF;
  6D62 : FF;
  6D63 : FF;
  6D64 : FF;
  6D65 : FF;
  6D66 : FE;
  6D67 : F9;
  6D68 : F6;
  6D69 : ED;
  6D6A : D5;
  6D6B : BD;
  6D6C : A8;
  6D6D : 9A;
  6D6E : 90;
  6D6F : 89;
  6D70 : 87;
  6D71 : 7F;
  6D72 : 6D;
  6D73 : 67;
  6D74 : 68;
  6D75 : 68;
  6D76 : 68;
  6D77 : 68;
  6D78 : 68;
  6D79 : 68;
  6D7A : 68;
  6D7B : 68;
  6D7C : 68;
  6D7D : 68;
  6D7E : 68;
  6D7F : 68;
  6D80 : 68;
  6D81 : 68;
  6D82 : 68;
  6D83 : 68;
  6D84 : 68;
  6D85 : 68;
  6D86 : 68;
  6D87 : 68;
  6D88 : 68;
  6D89 : 68;
  6D8A : 68;
  6D8B : 68;
  6D8C : 67;
  6D8D : 68;
  6D8E : 68;
  6D8F : 68;
  6D90 : 68;
  6D91 : 68;
  6D92 : 68;
  6D93 : 67;
  6D94 : 69;
  6D95 : 80;
  6D96 : 86;
  6D97 : 85;
  6D98 : 85;
  6D99 : 85;
  6D9A : 85;
  6D9B : 85;
  6D9C : 85;
  6D9D : 85;
  6D9E : 85;
  6D9F : 85;
  6DA0 : 85;
  6DA1 : 85;
  6DA2 : 85;
  6DA3 : 85;
  6DA4 : 85;
  6DA5 : 85;
  6DA6 : 85;
  6DA7 : 85;
  6DA8 : 85;
  6DA9 : 85;
  6DAA : 85;
  6DAB : 85;
  6DAC : 85;
  6DAD : 85;
  6DAE : 85;
  6DAF : 85;
  6DB0 : 85;
  6DB1 : 85;
  6DB2 : 85;
  6DB3 : 85;
  6DB4 : 85;
  6DB5 : 85;
  6DB6 : 85;
  6DB7 : 85;
  6DB8 : 85;
  6DB9 : 85;
  6DBA : 85;
  6DBB : 85;
  6DBC : 85;
  6DBD : 85;
  6DBE : 85;
  6DBF : 85;
  6DC0 : 85;
  6DC1 : 8C;
  6DC2 : B0;
  6DC3 : FE;
  6DC4 : FF;
  6DC5 : FF;
  6DC6 : FF;
  6DC7 : FF;
  6DC8 : FF;
  6DC9 : FF;
  6DCA : FF;
  6DCB : FF;
  6DCC : FF;
  6DCD : FF;
  6DCE : FF;
  6DCF : FF;
  6DD0 : FF;
  6DD1 : FF;
  6DD2 : FF;
  6DD3 : FF;
  6DD4 : FF;
  6DD5 : FF;
  6DD6 : FF;
  6DD7 : F3;
  6DD8 : FB;
  6DD9 : ED;
  6DDA : ED;
  6DDB : ED;
  6DDC : ED;
  6DDD : ED;
  6DDE : ED;
  6DDF : ED;
  6DE0 : ED;
  6DE1 : ED;
  6DE2 : ED;
  6DE3 : ED;
  6DE4 : ED;
  6DE5 : ED;
  6DE6 : ED;
  6DE7 : ED;
  6DE8 : ED;
  6DE9 : ED;
  6DEA : ED;
  6DEB : ED;
  6DEC : FB;
  6DED : F3;
  6DEE : FF;
  6DEF : FF;
  6DF0 : FF;
  6DF1 : FF;
  6DF2 : FF;
  6DF3 : FF;
  6DF4 : FF;
  6DF5 : FF;
  6DF6 : FF;
  6DF7 : FF;
  6DF8 : FF;
  6DF9 : FF;
  6DFA : FF;
  6DFB : FF;
  6DFC : FF;
  6DFD : FF;
  6DFE : FF;
  6DFF : FF;
  6E00 : FF;
  6E01 : FF;
  6E02 : FF;
  6E03 : FF;
  6E04 : FF;
  6E05 : FF;
  6E06 : FF;
  6E07 : FF;
  6E08 : FF;
  6E09 : FF;
  6E0A : FF;
  6E0B : FF;
  6E0C : FF;
  6E0D : FF;
  6E0E : FF;
  6E0F : FF;
  6E10 : FF;
  6E11 : FF;
  6E12 : FF;
  6E13 : FF;
  6E14 : FF;
  6E15 : FF;
  6E16 : FF;
  6E17 : FF;
  6E18 : FF;
  6E19 : FF;
  6E1A : FF;
  6E1B : FF;
  6E1C : FF;
  6E1D : FF;
  6E1E : FF;
  6E1F : FF;
  6E20 : FF;
  6E21 : FF;
  6E22 : FF;
  6E23 : FF;
  6E24 : FF;
  6E25 : FF;
  6E26 : FF;
  6E27 : FF;
  6E28 : FF;
  6E29 : FF;
  6E2A : FF;
  6E2B : FF;
  6E2C : FF;
  6E2D : FF;
  6E2E : FF;
  6E2F : FF;
  6E30 : FF;
  6E31 : FF;
  6E32 : FF;
  6E33 : FF;
  6E34 : FF;
  6E35 : FF;
  6E36 : FF;
  6E37 : FF;
  6E38 : FF;
  6E39 : FF;
  6E3A : FB;
  6E3B : EE;
  6E3C : D9;
  6E3D : 8D;
  6E3E : 6A;
  6E3F : 68;
  6E40 : 68;
  6E41 : 68;
  6E42 : 68;
  6E43 : 68;
  6E44 : 68;
  6E45 : 68;
  6E46 : 68;
  6E47 : 68;
  6E48 : 68;
  6E49 : 68;
  6E4A : 68;
  6E4B : 68;
  6E4C : 68;
  6E4D : 68;
  6E4E : 68;
  6E4F : 68;
  6E50 : 68;
  6E51 : 68;
  6E52 : 68;
  6E53 : 68;
  6E54 : 68;
  6E55 : 68;
  6E56 : 68;
  6E57 : 67;
  6E58 : 66;
  6E59 : 68;
  6E5A : 68;
  6E5B : 68;
  6E5C : 68;
  6E5D : 68;
  6E5E : 68;
  6E5F : 68;
  6E60 : 67;
  6E61 : 7A;
  6E62 : 86;
  6E63 : 85;
  6E64 : 85;
  6E65 : 85;
  6E66 : 85;
  6E67 : 85;
  6E68 : 85;
  6E69 : 85;
  6E6A : 85;
  6E6B : 85;
  6E6C : 85;
  6E6D : 85;
  6E6E : 85;
  6E6F : 85;
  6E70 : 85;
  6E71 : 85;
  6E72 : 85;
  6E73 : 85;
  6E74 : 85;
  6E75 : 85;
  6E76 : 85;
  6E77 : 85;
  6E78 : 85;
  6E79 : 85;
  6E7A : 85;
  6E7B : 85;
  6E7C : 85;
  6E7D : 85;
  6E7E : 85;
  6E7F : 85;
  6E80 : 85;
  6E81 : 85;
  6E82 : 85;
  6E83 : 85;
  6E84 : 85;
  6E85 : 85;
  6E86 : 85;
  6E87 : 85;
  6E88 : 85;
  6E89 : 85;
  6E8A : 85;
  6E8B : 85;
  6E8C : 8A;
  6E8D : 93;
  6E8E : E8;
  6E8F : FF;
  6E90 : FF;
  6E91 : FF;
  6E92 : FF;
  6E93 : FF;
  6E94 : FF;
  6E95 : FF;
  6E96 : FF;
  6E97 : FF;
  6E98 : FF;
  6E99 : FF;
  6E9A : FF;
  6E9B : FF;
  6E9C : FF;
  6E9D : FF;
  6E9E : FF;
  6E9F : FF;
  6EA0 : FF;
  6EA1 : FF;
  6EA2 : FF;
  6EA3 : F5;
  6EA4 : F5;
  6EA5 : EF;
  6EA6 : ED;
  6EA7 : ED;
  6EA8 : ED;
  6EA9 : ED;
  6EAA : ED;
  6EAB : ED;
  6EAC : ED;
  6EAD : ED;
  6EAE : ED;
  6EAF : ED;
  6EB0 : ED;
  6EB1 : ED;
  6EB2 : ED;
  6EB3 : ED;
  6EB4 : ED;
  6EB5 : ED;
  6EB6 : ED;
  6EB7 : ED;
  6EB8 : FB;
  6EB9 : F3;
  6EBA : FF;
  6EBB : FF;
  6EBC : FF;
  6EBD : FF;
  6EBE : FF;
  6EBF : FF;
  6EC0 : FF;
  6EC1 : FF;
  6EC2 : FF;
  6EC3 : FF;
  6EC4 : FF;
  6EC5 : FF;
  6EC6 : FF;
  6EC7 : FF;
  6EC8 : FF;
  6EC9 : FF;
  6ECA : FF;
  6ECB : FF;
  6ECC : FF;
  6ECD : FF;
  6ECE : FF;
  6ECF : FF;
  6ED0 : FF;
  6ED1 : FF;
  6ED2 : FF;
  6ED3 : FF;
  6ED4 : FF;
  6ED5 : FF;
  6ED6 : FF;
  6ED7 : FF;
  6ED8 : FF;
  6ED9 : FF;
  6EDA : FF;
  6EDB : FF;
  6EDC : FF;
  6EDD : FF;
  6EDE : FF;
  6EDF : FF;
  6EE0 : FF;
  6EE1 : FF;
  6EE2 : FF;
  6EE3 : FF;
  6EE4 : FF;
  6EE5 : FF;
  6EE6 : FF;
  6EE7 : FF;
  6EE8 : FF;
  6EE9 : FF;
  6EEA : FF;
  6EEB : FF;
  6EEC : FF;
  6EED : FF;
  6EEE : FF;
  6EEF : FF;
  6EF0 : FF;
  6EF1 : FF;
  6EF2 : FF;
  6EF3 : FF;
  6EF4 : FF;
  6EF5 : FF;
  6EF6 : FF;
  6EF7 : FF;
  6EF8 : FF;
  6EF9 : FF;
  6EFA : FF;
  6EFB : FF;
  6EFC : FF;
  6EFD : FF;
  6EFE : FF;
  6EFF : FF;
  6F00 : FF;
  6F01 : FF;
  6F02 : FF;
  6F03 : FF;
  6F04 : FF;
  6F05 : FF;
  6F06 : FF;
  6F07 : FF;
  6F08 : CF;
  6F09 : 6D;
  6F0A : 6A;
  6F0B : 68;
  6F0C : 68;
  6F0D : 68;
  6F0E : 68;
  6F0F : 68;
  6F10 : 68;
  6F11 : 68;
  6F12 : 68;
  6F13 : 68;
  6F14 : 68;
  6F15 : 68;
  6F16 : 68;
  6F17 : 68;
  6F18 : 68;
  6F19 : 68;
  6F1A : 68;
  6F1B : 68;
  6F1C : 68;
  6F1D : 68;
  6F1E : 68;
  6F1F : 68;
  6F20 : 68;
  6F21 : 68;
  6F22 : 68;
  6F23 : 66;
  6F24 : 68;
  6F25 : 68;
  6F26 : 68;
  6F27 : 68;
  6F28 : 68;
  6F29 : 68;
  6F2A : 68;
  6F2B : 68;
  6F2C : 67;
  6F2D : 74;
  6F2E : 85;
  6F2F : 85;
  6F30 : 85;
  6F31 : 85;
  6F32 : 85;
  6F33 : 85;
  6F34 : 85;
  6F35 : 85;
  6F36 : 85;
  6F37 : 85;
  6F38 : 85;
  6F39 : 85;
  6F3A : 85;
  6F3B : 85;
  6F3C : 85;
  6F3D : 85;
  6F3E : 85;
  6F3F : 85;
  6F40 : 85;
  6F41 : 85;
  6F42 : 85;
  6F43 : 85;
  6F44 : 85;
  6F45 : 85;
  6F46 : 85;
  6F47 : 85;
  6F48 : 85;
  6F49 : 85;
  6F4A : 85;
  6F4B : 85;
  6F4C : 85;
  6F4D : 85;
  6F4E : 85;
  6F4F : 85;
  6F50 : 85;
  6F51 : 85;
  6F52 : 85;
  6F53 : 85;
  6F54 : 85;
  6F55 : 85;
  6F56 : 85;
  6F57 : 87;
  6F58 : 88;
  6F59 : CE;
  6F5A : FF;
  6F5B : FF;
  6F5C : FF;
  6F5D : FF;
  6F5E : FF;
  6F5F : FF;
  6F60 : FF;
  6F61 : FF;
  6F62 : FF;
  6F63 : FF;
  6F64 : FF;
  6F65 : FF;
  6F66 : FF;
  6F67 : FF;
  6F68 : FF;
  6F69 : FF;
  6F6A : FF;
  6F6B : FF;
  6F6C : FF;
  6F6D : FF;
  6F6E : FF;
  6F6F : F6;
  6F70 : EF;
  6F71 : F0;
  6F72 : ED;
  6F73 : ED;
  6F74 : ED;
  6F75 : ED;
  6F76 : ED;
  6F77 : ED;
  6F78 : ED;
  6F79 : ED;
  6F7A : ED;
  6F7B : ED;
  6F7C : ED;
  6F7D : ED;
  6F7E : ED;
  6F7F : ED;
  6F80 : ED;
  6F81 : ED;
  6F82 : ED;
  6F83 : EF;
  6F84 : F5;
  6F85 : F5;
  6F86 : FF;
  6F87 : FF;
  6F88 : FF;
  6F89 : FF;
  6F8A : FF;
  6F8B : FF;
  6F8C : FF;
  6F8D : FF;
  6F8E : FF;
  6F8F : FF;
  6F90 : FF;
  6F91 : FF;
  6F92 : FF;
  6F93 : FF;
  6F94 : FF;
  6F95 : FF;
  6F96 : FF;
  6F97 : FF;
  6F98 : FF;
  6F99 : FF;
  6F9A : FF;
  6F9B : FF;
  6F9C : FF;
  6F9D : FF;
  6F9E : FF;
  6F9F : FF;
  6FA0 : FF;
  6FA1 : FF;
  6FA2 : FF;
  6FA3 : FF;
  6FA4 : FF;
  6FA5 : FF;
  6FA6 : FF;
  6FA7 : FF;
  6FA8 : FF;
  6FA9 : FF;
  6FAA : FF;
  6FAB : FF;
  6FAC : FF;
  6FAD : FF;
  6FAE : FF;
  6FAF : FF;
  6FB0 : FF;
  6FB1 : FF;
  6FB2 : FF;
  6FB3 : FF;
  6FB4 : FF;
  6FB5 : FF;
  6FB6 : FF;
  6FB7 : FF;
  6FB8 : FF;
  6FB9 : FF;
  6FBA : FF;
  6FBB : FF;
  6FBC : FF;
  6FBD : FF;
  6FBE : FF;
  6FBF : FF;
  6FC0 : FF;
  6FC1 : FF;
  6FC2 : FF;
  6FC3 : FF;
  6FC4 : FF;
  6FC5 : FF;
  6FC6 : FF;
  6FC7 : FF;
  6FC8 : FF;
  6FC9 : FF;
  6FCA : FF;
  6FCB : FF;
  6FCC : FF;
  6FCD : FF;
  6FCE : FF;
  6FCF : FF;
  6FD0 : FF;
  6FD1 : FF;
  6FD2 : FF;
  6FD3 : EB;
  6FD4 : 85;
  6FD5 : 6D;
  6FD6 : 68;
  6FD7 : 68;
  6FD8 : 68;
  6FD9 : 68;
  6FDA : 68;
  6FDB : 68;
  6FDC : 68;
  6FDD : 68;
  6FDE : 68;
  6FDF : 68;
  6FE0 : 68;
  6FE1 : 68;
  6FE2 : 68;
  6FE3 : 68;
  6FE4 : 68;
  6FE5 : 68;
  6FE6 : 68;
  6FE7 : 68;
  6FE8 : 68;
  6FE9 : 68;
  6FEA : 68;
  6FEB : 68;
  6FEC : 68;
  6FED : 68;
  6FEE : 66;
  6FEF : 64;
  6FF0 : 68;
  6FF1 : 68;
  6FF2 : 68;
  6FF3 : 68;
  6FF4 : 68;
  6FF5 : 68;
  6FF6 : 68;
  6FF7 : 68;
  6FF8 : 67;
  6FF9 : 70;
  6FFA : 84;
  6FFB : 85;
  6FFC : 85;
  6FFD : 85;
  6FFE : 85;
  6FFF : 85;
  7000 : 85;
  7001 : 85;
  7002 : 85;
  7003 : 85;
  7004 : 85;
  7005 : 85;
  7006 : 85;
  7007 : 85;
  7008 : 85;
  7009 : 85;
  700A : 85;
  700B : 85;
  700C : 85;
  700D : 85;
  700E : 85;
  700F : 85;
  7010 : 85;
  7011 : 85;
  7012 : 85;
  7013 : 85;
  7014 : 85;
  7015 : 85;
  7016 : 85;
  7017 : 85;
  7018 : 85;
  7019 : 85;
  701A : 85;
  701B : 85;
  701C : 85;
  701D : 85;
  701E : 85;
  701F : 85;
  7020 : 85;
  7021 : 85;
  7022 : 86;
  7023 : 8B;
  7024 : B2;
  7025 : FC;
  7026 : FF;
  7027 : FF;
  7028 : FF;
  7029 : FF;
  702A : FF;
  702B : FF;
  702C : FF;
  702D : FF;
  702E : FF;
  702F : FF;
  7030 : FF;
  7031 : FF;
  7032 : FF;
  7033 : FF;
  7034 : FF;
  7035 : FF;
  7036 : FF;
  7037 : FF;
  7038 : FF;
  7039 : FF;
  703A : FF;
  703B : F9;
  703C : EE;
  703D : F1;
  703E : ED;
  703F : ED;
  7040 : ED;
  7041 : ED;
  7042 : ED;
  7043 : ED;
  7044 : ED;
  7045 : ED;
  7046 : ED;
  7047 : ED;
  7048 : ED;
  7049 : ED;
  704A : ED;
  704B : ED;
  704C : ED;
  704D : ED;
  704E : ED;
  704F : F0;
  7050 : ED;
  7051 : F6;
  7052 : FF;
  7053 : FF;
  7054 : FF;
  7055 : FF;
  7056 : FF;
  7057 : FF;
  7058 : FF;
  7059 : FF;
  705A : FF;
  705B : FF;
  705C : FF;
  705D : FF;
  705E : FF;
  705F : FF;
  7060 : FF;
  7061 : FF;
  7062 : FF;
  7063 : FF;
  7064 : FF;
  7065 : FF;
  7066 : FF;
  7067 : FF;
  7068 : FF;
  7069 : FF;
  706A : FF;
  706B : FF;
  706C : FF;
  706D : FF;
  706E : FF;
  706F : FF;
  7070 : FF;
  7071 : FF;
  7072 : FF;
  7073 : FF;
  7074 : FF;
  7075 : FF;
  7076 : FF;
  7077 : FF;
  7078 : FF;
  7079 : FF;
  707A : FF;
  707B : FF;
  707C : FF;
  707D : FF;
  707E : FF;
  707F : FF;
  7080 : FF;
  7081 : FF;
  7082 : FF;
  7083 : FF;
  7084 : FF;
  7085 : FF;
  7086 : FF;
  7087 : FF;
  7088 : FF;
  7089 : FF;
  708A : FF;
  708B : FF;
  708C : FF;
  708D : FF;
  708E : FF;
  708F : FF;
  7090 : FF;
  7091 : FF;
  7092 : FF;
  7093 : FF;
  7094 : FF;
  7095 : FF;
  7096 : FF;
  7097 : FF;
  7098 : FF;
  7099 : FF;
  709A : FF;
  709B : FF;
  709C : FF;
  709D : FF;
  709E : FD;
  709F : AA;
  70A0 : 6D;
  70A1 : 68;
  70A2 : 68;
  70A3 : 68;
  70A4 : 68;
  70A5 : 68;
  70A6 : 68;
  70A7 : 68;
  70A8 : 68;
  70A9 : 68;
  70AA : 68;
  70AB : 68;
  70AC : 68;
  70AD : 68;
  70AE : 68;
  70AF : 68;
  70B0 : 68;
  70B1 : 68;
  70B2 : 68;
  70B3 : 68;
  70B4 : 68;
  70B5 : 68;
  70B6 : 68;
  70B7 : 68;
  70B8 : 68;
  70B9 : 68;
  70BA : 65;
  70BB : 65;
  70BC : 68;
  70BD : 68;
  70BE : 68;
  70BF : 68;
  70C0 : 68;
  70C1 : 68;
  70C2 : 68;
  70C3 : 68;
  70C4 : 67;
  70C5 : 6E;
  70C6 : 84;
  70C7 : 85;
  70C8 : 85;
  70C9 : 85;
  70CA : 85;
  70CB : 85;
  70CC : 85;
  70CD : 85;
  70CE : 85;
  70CF : 85;
  70D0 : 85;
  70D1 : 85;
  70D2 : 85;
  70D3 : 85;
  70D4 : 85;
  70D5 : 85;
  70D6 : 85;
  70D7 : 85;
  70D8 : 85;
  70D9 : 85;
  70DA : 85;
  70DB : 85;
  70DC : 85;
  70DD : 85;
  70DE : 85;
  70DF : 85;
  70E0 : 85;
  70E1 : 85;
  70E2 : 85;
  70E3 : 85;
  70E4 : 85;
  70E5 : 85;
  70E6 : 85;
  70E7 : 85;
  70E8 : 85;
  70E9 : 85;
  70EA : 85;
  70EB : 85;
  70EC : 85;
  70ED : 85;
  70EE : 8B;
  70EF : A1;
  70F0 : F2;
  70F1 : FF;
  70F2 : FF;
  70F3 : FF;
  70F4 : FF;
  70F5 : FF;
  70F6 : FF;
  70F7 : FF;
  70F8 : FF;
  70F9 : FF;
  70FA : FF;
  70FB : FF;
  70FC : FF;
  70FD : FF;
  70FE : FF;
  70FF : FF;
  7100 : FF;
  7101 : FF;
  7102 : FF;
  7103 : FF;
  7104 : FF;
  7105 : FF;
  7106 : FF;
  7107 : FA;
  7108 : EE;
  7109 : F3;
  710A : ED;
  710B : ED;
  710C : ED;
  710D : ED;
  710E : ED;
  710F : ED;
  7110 : ED;
  7111 : ED;
  7112 : ED;
  7113 : ED;
  7114 : ED;
  7115 : ED;
  7116 : ED;
  7117 : ED;
  7118 : ED;
  7119 : ED;
  711A : ED;
  711B : F2;
  711C : EE;
  711D : F8;
  711E : FF;
  711F : FF;
  7120 : FF;
  7121 : FF;
  7122 : FF;
  7123 : FF;
  7124 : FF;
  7125 : FF;
  7126 : FF;
  7127 : FF;
  7128 : FF;
  7129 : FF;
  712A : FF;
  712B : FF;
  712C : FF;
  712D : FF;
  712E : FF;
  712F : FF;
  7130 : FF;
  7131 : FF;
  7132 : FF;
  7133 : FF;
  7134 : FF;
  7135 : FF;
  7136 : FF;
  7137 : FF;
  7138 : FF;
  7139 : FF;
  713A : FF;
  713B : FF;
  713C : FF;
  713D : FF;
  713E : FF;
  713F : FF;
  7140 : FF;
  7141 : FF;
  7142 : FF;
  7143 : FF;
  7144 : FF;
  7145 : FF;
  7146 : FF;
  7147 : FF;
  7148 : FF;
  7149 : FF;
  714A : FF;
  714B : FF;
  714C : FF;
  714D : FF;
  714E : FF;
  714F : FF;
  7150 : FF;
  7151 : FF;
  7152 : FF;
  7153 : FF;
  7154 : FF;
  7155 : FF;
  7156 : FF;
  7157 : FF;
  7158 : FF;
  7159 : FF;
  715A : FF;
  715B : FF;
  715C : FF;
  715D : FF;
  715E : FF;
  715F : FF;
  7160 : FF;
  7161 : FF;
  7162 : FF;
  7163 : FF;
  7164 : FF;
  7165 : FF;
  7166 : FF;
  7167 : FF;
  7168 : FF;
  7169 : FF;
  716A : DA;
  716B : 6F;
  716C : 6A;
  716D : 68;
  716E : 68;
  716F : 68;
  7170 : 68;
  7171 : 68;
  7172 : 68;
  7173 : 68;
  7174 : 68;
  7175 : 68;
  7176 : 68;
  7177 : 68;
  7178 : 68;
  7179 : 68;
  717A : 68;
  717B : 68;
  717C : 68;
  717D : 68;
  717E : 68;
  717F : 68;
  7180 : 68;
  7181 : 68;
  7182 : 68;
  7183 : 68;
  7184 : 68;
  7185 : 67;
  7186 : 63;
  7187 : 68;
  7188 : 68;
  7189 : 68;
  718A : 68;
  718B : 68;
  718C : 68;
  718D : 68;
  718E : 68;
  718F : 68;
  7190 : 67;
  7191 : 6E;
  7192 : 84;
  7193 : 85;
  7194 : 85;
  7195 : 85;
  7196 : 85;
  7197 : 85;
  7198 : 85;
  7199 : 85;
  719A : 85;
  719B : 85;
  719C : 85;
  719D : 85;
  719E : 85;
  719F : 85;
  71A0 : 85;
  71A1 : 85;
  71A2 : 85;
  71A3 : 85;
  71A4 : 85;
  71A5 : 85;
  71A6 : 85;
  71A7 : 85;
  71A8 : 85;
  71A9 : 85;
  71AA : 85;
  71AB : 85;
  71AC : 85;
  71AD : 85;
  71AE : 85;
  71AF : 85;
  71B0 : 85;
  71B1 : 85;
  71B2 : 85;
  71B3 : 85;
  71B4 : 85;
  71B5 : 85;
  71B6 : 85;
  71B7 : 85;
  71B8 : 85;
  71B9 : 8B;
  71BA : 95;
  71BB : E4;
  71BC : FF;
  71BD : FF;
  71BE : FF;
  71BF : FF;
  71C0 : FF;
  71C1 : FF;
  71C2 : FF;
  71C3 : FF;
  71C4 : FF;
  71C5 : FF;
  71C6 : FF;
  71C7 : FF;
  71C8 : FF;
  71C9 : FF;
  71CA : FF;
  71CB : FF;
  71CC : FF;
  71CD : FF;
  71CE : FF;
  71CF : FF;
  71D0 : FF;
  71D1 : FF;
  71D2 : FF;
  71D3 : FB;
  71D4 : EE;
  71D5 : F3;
  71D6 : ED;
  71D7 : ED;
  71D8 : ED;
  71D9 : ED;
  71DA : ED;
  71DB : ED;
  71DC : ED;
  71DD : ED;
  71DE : ED;
  71DF : ED;
  71E0 : ED;
  71E1 : ED;
  71E2 : ED;
  71E3 : ED;
  71E4 : ED;
  71E5 : ED;
  71E6 : ED;
  71E7 : F3;
  71E8 : EE;
  71E9 : FA;
  71EA : FF;
  71EB : FF;
  71EC : FF;
  71ED : FF;
  71EE : FF;
  71EF : FF;
  71F0 : FF;
  71F1 : FF;
  71F2 : FF;
  71F3 : FF;
  71F4 : FF;
  71F5 : FF;
  71F6 : FF;
  71F7 : FF;
  71F8 : FF;
  71F9 : FF;
  71FA : FF;
  71FB : FF;
  71FC : FF;
  71FD : FF;
  71FE : FF;
  71FF : FF;
  7200 : FF;
  7201 : FF;
  7202 : FF;
  7203 : FF;
  7204 : FF;
  7205 : FF;
  7206 : FF;
  7207 : FF;
  7208 : FF;
  7209 : FF;
  720A : FF;
  720B : FF;
  720C : FF;
  720D : FF;
  720E : FF;
  720F : FF;
  7210 : FF;
  7211 : FF;
  7212 : FF;
  7213 : FF;
  7214 : FF;
  7215 : FF;
  7216 : FF;
  7217 : FF;
  7218 : FF;
  7219 : FF;
  721A : FF;
  721B : FF;
  721C : FF;
  721D : FF;
  721E : FF;
  721F : FF;
  7220 : FF;
  7221 : FF;
  7222 : FF;
  7223 : FF;
  7224 : FF;
  7225 : FF;
  7226 : FF;
  7227 : FF;
  7228 : FF;
  7229 : FF;
  722A : FF;
  722B : FF;
  722C : FF;
  722D : FF;
  722E : FF;
  722F : FF;
  7230 : FF;
  7231 : FF;
  7232 : FF;
  7233 : FF;
  7234 : FF;
  7235 : FB;
  7236 : 93;
  7237 : 6B;
  7238 : 68;
  7239 : 68;
  723A : 68;
  723B : 68;
  723C : 68;
  723D : 68;
  723E : 68;
  723F : 68;
  7240 : 68;
  7241 : 68;
  7242 : 68;
  7243 : 68;
  7244 : 68;
  7245 : 68;
  7246 : 68;
  7247 : 68;
  7248 : 68;
  7249 : 68;
  724A : 68;
  724B : 68;
  724C : 68;
  724D : 68;
  724E : 68;
  724F : 68;
  7250 : 68;
  7251 : 63;
  7252 : 64;
  7253 : 68;
  7254 : 68;
  7255 : 68;
  7256 : 68;
  7257 : 68;
  7258 : 68;
  7259 : 68;
  725A : 68;
  725B : 68;
  725C : 67;
  725D : 6E;
  725E : 84;
  725F : 85;
  7260 : 85;
  7261 : 85;
  7262 : 85;
  7263 : 85;
  7264 : 85;
  7265 : 85;
  7266 : 85;
  7267 : 85;
  7268 : 85;
  7269 : 85;
  726A : 85;
  726B : 85;
  726C : 85;
  726D : 85;
  726E : 85;
  726F : 85;
  7270 : 85;
  7271 : 85;
  7272 : 85;
  7273 : 85;
  7274 : 85;
  7275 : 85;
  7276 : 85;
  7277 : 85;
  7278 : 85;
  7279 : 85;
  727A : 85;
  727B : 85;
  727C : 85;
  727D : 85;
  727E : 85;
  727F : 85;
  7280 : 85;
  7281 : 85;
  7282 : 85;
  7283 : 85;
  7284 : 89;
  7285 : 8C;
  7286 : D6;
  7287 : FF;
  7288 : FF;
  7289 : FF;
  728A : FF;
  728B : FF;
  728C : FF;
  728D : FF;
  728E : FF;
  728F : FF;
  7290 : FF;
  7291 : FF;
  7292 : FF;
  7293 : FF;
  7294 : FF;
  7295 : FF;
  7296 : FF;
  7297 : FF;
  7298 : FF;
  7299 : FF;
  729A : FF;
  729B : FF;
  729C : FF;
  729D : FF;
  729E : FF;
  729F : FD;
  72A0 : F0;
  72A1 : F5;
  72A2 : ED;
  72A3 : ED;
  72A4 : ED;
  72A5 : ED;
  72A6 : ED;
  72A7 : ED;
  72A8 : ED;
  72A9 : ED;
  72AA : ED;
  72AB : ED;
  72AC : ED;
  72AD : ED;
  72AE : ED;
  72AF : ED;
  72B0 : ED;
  72B1 : ED;
  72B2 : ED;
  72B3 : F4;
  72B4 : EF;
  72B5 : FB;
  72B6 : FF;
  72B7 : FF;
  72B8 : FF;
  72B9 : FF;
  72BA : FF;
  72BB : FF;
  72BC : FF;
  72BD : FF;
  72BE : FF;
  72BF : FF;
  72C0 : FF;
  72C1 : FF;
  72C2 : FF;
  72C3 : FF;
  72C4 : FF;
  72C5 : FF;
  72C6 : FF;
  72C7 : FF;
  72C8 : FF;
  72C9 : FF;
  72CA : FF;
  72CB : FF;
  72CC : FF;
  72CD : FF;
  72CE : FF;
  72CF : FF;
  72D0 : FF;
  72D1 : FF;
  72D2 : FF;
  72D3 : FF;
  72D4 : FF;
  72D5 : FF;
  72D6 : FF;
  72D7 : FF;
  72D8 : FF;
  72D9 : FF;
  72DA : FF;
  72DB : FF;
  72DC : FF;
  72DD : FF;
  72DE : FF;
  72DF : FF;
  72E0 : FF;
  72E1 : FF;
  72E2 : FF;
  72E3 : FF;
  72E4 : FF;
  72E5 : FF;
  72E6 : FF;
  72E7 : FF;
  72E8 : FF;
  72E9 : FF;
  72EA : FF;
  72EB : FF;
  72EC : FF;
  72ED : FF;
  72EE : FF;
  72EF : FF;
  72F0 : FF;
  72F1 : FF;
  72F2 : FF;
  72F3 : FF;
  72F4 : FF;
  72F5 : FF;
  72F6 : FF;
  72F7 : FF;
  72F8 : FF;
  72F9 : FF;
  72FA : FF;
  72FB : FF;
  72FC : FF;
  72FD : FF;
  72FE : FF;
  72FF : FF;
  7300 : FF;
  7301 : C8;
  7302 : 6F;
  7303 : 6A;
  7304 : 68;
  7305 : 68;
  7306 : 68;
  7307 : 68;
  7308 : 68;
  7309 : 68;
  730A : 68;
  730B : 68;
  730C : 68;
  730D : 68;
  730E : 68;
  730F : 68;
  7310 : 68;
  7311 : 68;
  7312 : 68;
  7313 : 68;
  7314 : 68;
  7315 : 68;
  7316 : 68;
  7317 : 68;
  7318 : 68;
  7319 : 68;
  731A : 68;
  731B : 68;
  731C : 66;
  731D : 60;
  731E : 67;
  731F : 68;
  7320 : 68;
  7321 : 68;
  7322 : 68;
  7323 : 68;
  7324 : 68;
  7325 : 68;
  7326 : 68;
  7327 : 68;
  7328 : 67;
  7329 : 72;
  732A : 84;
  732B : 85;
  732C : 85;
  732D : 85;
  732E : 85;
  732F : 85;
  7330 : 85;
  7331 : 85;
  7332 : 85;
  7333 : 85;
  7334 : 85;
  7335 : 85;
  7336 : 85;
  7337 : 85;
  7338 : 85;
  7339 : 85;
  733A : 85;
  733B : 85;
  733C : 85;
  733D : 85;
  733E : 85;
  733F : 85;
  7340 : 85;
  7341 : 85;
  7342 : 85;
  7343 : 85;
  7344 : 85;
  7345 : 85;
  7346 : 85;
  7347 : 85;
  7348 : 85;
  7349 : 85;
  734A : 85;
  734B : 85;
  734C : 85;
  734D : 85;
  734E : 85;
  734F : 89;
  7350 : 87;
  7351 : CB;
  7352 : FF;
  7353 : FF;
  7354 : FF;
  7355 : FF;
  7356 : FF;
  7357 : FF;
  7358 : FF;
  7359 : FF;
  735A : FF;
  735B : FF;
  735C : FF;
  735D : FF;
  735E : FF;
  735F : FF;
  7360 : FF;
  7361 : FF;
  7362 : FF;
  7363 : FF;
  7364 : FF;
  7365 : FF;
  7366 : FF;
  7367 : FF;
  7368 : FF;
  7369 : FF;
  736A : FF;
  736B : FF;
  736C : EF;
  736D : F6;
  736E : ED;
  736F : ED;
  7370 : ED;
  7371 : ED;
  7372 : ED;
  7373 : ED;
  7374 : ED;
  7375 : ED;
  7376 : ED;
  7377 : ED;
  7378 : ED;
  7379 : ED;
  737A : ED;
  737B : ED;
  737C : ED;
  737D : ED;
  737E : ED;
  737F : F6;
  7380 : F1;
  7381 : FC;
  7382 : FF;
  7383 : FF;
  7384 : FF;
  7385 : FF;
  7386 : FF;
  7387 : FF;
  7388 : FF;
  7389 : FF;
  738A : FF;
  738B : FF;
  738C : FF;
  738D : FF;
  738E : FF;
  738F : FF;
  7390 : FF;
  7391 : FF;
  7392 : FF;
  7393 : FF;
  7394 : FF;
  7395 : FF;
  7396 : FF;
  7397 : FF;
  7398 : FF;
  7399 : FF;
  739A : FF;
  739B : FF;
  739C : FF;
  739D : FF;
  739E : FF;
  739F : FF;
  73A0 : FF;
  73A1 : FF;
  73A2 : FF;
  73A3 : FF;
  73A4 : FF;
  73A5 : FF;
  73A6 : FF;
  73A7 : FF;
  73A8 : FF;
  73A9 : FF;
  73AA : FF;
  73AB : FF;
  73AC : FF;
  73AD : FF;
  73AE : FF;
  73AF : FF;
  73B0 : FF;
  73B1 : FF;
  73B2 : FF;
  73B3 : FF;
  73B4 : FF;
  73B5 : FF;
  73B6 : FF;
  73B7 : FF;
  73B8 : FF;
  73B9 : FF;
  73BA : FF;
  73BB : FF;
  73BC : FF;
  73BD : FF;
  73BE : FF;
  73BF : FF;
  73C0 : FF;
  73C1 : FF;
  73C2 : FF;
  73C3 : FF;
  73C4 : FF;
  73C5 : FF;
  73C6 : FF;
  73C7 : FF;
  73C8 : FF;
  73C9 : FF;
  73CA : FF;
  73CB : FF;
  73CC : F6;
  73CD : 8C;
  73CE : 6D;
  73CF : 68;
  73D0 : 68;
  73D1 : 68;
  73D2 : 68;
  73D3 : 68;
  73D4 : 68;
  73D5 : 68;
  73D6 : 68;
  73D7 : 68;
  73D8 : 68;
  73D9 : 68;
  73DA : 68;
  73DB : 68;
  73DC : 68;
  73DD : 68;
  73DE : 68;
  73DF : 68;
  73E0 : 68;
  73E1 : 68;
  73E2 : 68;
  73E3 : 68;
  73E4 : 68;
  73E5 : 68;
  73E6 : 68;
  73E7 : 69;
  73E8 : 61;
  73E9 : 63;
  73EA : 68;
  73EB : 68;
  73EC : 68;
  73ED : 68;
  73EE : 68;
  73EF : 68;
  73F0 : 68;
  73F1 : 68;
  73F2 : 68;
  73F3 : 68;
  73F4 : 66;
  73F5 : 77;
  73F6 : 85;
  73F7 : 85;
  73F8 : 85;
  73F9 : 85;
  73FA : 85;
  73FB : 85;
  73FC : 85;
  73FD : 85;
  73FE : 85;
  73FF : 85;
  7400 : 85;
  7401 : 85;
  7402 : 85;
  7403 : 85;
  7404 : 85;
  7405 : 85;
  7406 : 85;
  7407 : 85;
  7408 : 85;
  7409 : 85;
  740A : 85;
  740B : 85;
  740C : 85;
  740D : 85;
  740E : 85;
  740F : 85;
  7410 : 85;
  7411 : 85;
  7412 : 85;
  7413 : 85;
  7414 : 85;
  7415 : 85;
  7416 : 85;
  7417 : 85;
  7418 : 85;
  7419 : 85;
  741A : 88;
  741B : 88;
  741C : C1;
  741D : FE;
  741E : FF;
  741F : FF;
  7420 : FF;
  7421 : FF;
  7422 : FF;
  7423 : FF;
  7424 : FF;
  7425 : FF;
  7426 : FF;
  7427 : FF;
  7428 : FF;
  7429 : FF;
  742A : FF;
  742B : FF;
  742C : FF;
  742D : FF;
  742E : FF;
  742F : FF;
  7430 : FF;
  7431 : FF;
  7432 : FF;
  7433 : FF;
  7434 : FF;
  7435 : FF;
  7436 : FF;
  7437 : FF;
  7438 : F2;
  7439 : F4;
  743A : EE;
  743B : ED;
  743C : ED;
  743D : ED;
  743E : ED;
  743F : ED;
  7440 : ED;
  7441 : ED;
  7442 : ED;
  7443 : ED;
  7444 : ED;
  7445 : ED;
  7446 : ED;
  7447 : ED;
  7448 : ED;
  7449 : ED;
  744A : ED;
  744B : F6;
  744C : F1;
  744D : FF;
  744E : FF;
  744F : FF;
  7450 : FF;
  7451 : FF;
  7452 : FF;
  7453 : FF;
  7454 : FF;
  7455 : FF;
  7456 : FF;
  7457 : FF;
  7458 : FF;
  7459 : FF;
  745A : FF;
  745B : FF;
  745C : FF;
  745D : FF;
  745E : FF;
  745F : FF;
  7460 : FF;
  7461 : FF;
  7462 : FF;
  7463 : FF;
  7464 : FF;
  7465 : FF;
  7466 : FF;
  7467 : FF;
  7468 : FF;
  7469 : FF;
  746A : FF;
  746B : FF;
  746C : FF;
  746D : FF;
  746E : FF;
  746F : FF;
  7470 : FF;
  7471 : FF;
  7472 : FF;
  7473 : FF;
  7474 : FF;
  7475 : FF;
  7476 : FF;
  7477 : FF;
  7478 : FF;
  7479 : FF;
  747A : FF;
  747B : FF;
  747C : FF;
  747D : FF;
  747E : FF;
  747F : FF;
  7480 : FF;
  7481 : FF;
  7482 : FF;
  7483 : FF;
  7484 : FF;
  7485 : FB;
  7486 : F5;
  7487 : FC;
  7488 : FF;
  7489 : FF;
  748A : FF;
  748B : FF;
  748C : FF;
  748D : FF;
  748E : FF;
  748F : FF;
  7490 : FF;
  7491 : FF;
  7492 : FF;
  7493 : FF;
  7494 : FF;
  7495 : FF;
  7496 : FF;
  7497 : FF;
  7498 : C4;
  7499 : 6A;
  749A : 6A;
  749B : 68;
  749C : 68;
  749D : 68;
  749E : 68;
  749F : 68;
  74A0 : 68;
  74A1 : 68;
  74A2 : 68;
  74A3 : 68;
  74A4 : 68;
  74A5 : 68;
  74A6 : 68;
  74A7 : 68;
  74A8 : 68;
  74A9 : 68;
  74AA : 68;
  74AB : 68;
  74AC : 68;
  74AD : 68;
  74AE : 68;
  74AF : 68;
  74B0 : 68;
  74B1 : 68;
  74B2 : 69;
  74B3 : 64;
  74B4 : 5F;
  74B5 : 66;
  74B6 : 68;
  74B7 : 68;
  74B8 : 68;
  74B9 : 68;
  74BA : 68;
  74BB : 68;
  74BC : 68;
  74BD : 68;
  74BE : 68;
  74BF : 68;
  74C0 : 68;
  74C1 : 7D;
  74C2 : 86;
  74C3 : 85;
  74C4 : 85;
  74C5 : 85;
  74C6 : 85;
  74C7 : 85;
  74C8 : 85;
  74C9 : 85;
  74CA : 85;
  74CB : 85;
  74CC : 85;
  74CD : 85;
  74CE : 85;
  74CF : 85;
  74D0 : 85;
  74D1 : 85;
  74D2 : 85;
  74D3 : 85;
  74D4 : 85;
  74D5 : 85;
  74D6 : 85;
  74D7 : 85;
  74D8 : 85;
  74D9 : 85;
  74DA : 85;
  74DB : 85;
  74DC : 85;
  74DD : 85;
  74DE : 85;
  74DF : 85;
  74E0 : 85;
  74E1 : 85;
  74E2 : 85;
  74E3 : 85;
  74E4 : 85;
  74E5 : 88;
  74E6 : 8A;
  74E7 : BF;
  74E8 : FD;
  74E9 : FF;
  74EA : FF;
  74EB : FF;
  74EC : FF;
  74ED : FF;
  74EE : FF;
  74EF : FF;
  74F0 : FF;
  74F1 : FF;
  74F2 : FF;
  74F3 : FF;
  74F4 : FF;
  74F5 : FF;
  74F6 : FF;
  74F7 : FF;
  74F8 : FF;
  74F9 : FF;
  74FA : FF;
  74FB : FF;
  74FC : FF;
  74FD : FF;
  74FE : FF;
  74FF : FF;
  7500 : FF;
  7501 : FF;
  7502 : FF;
  7503 : FF;
  7504 : F3;
  7505 : F2;
  7506 : EE;
  7507 : ED;
  7508 : ED;
  7509 : ED;
  750A : ED;
  750B : ED;
  750C : ED;
  750D : ED;
  750E : ED;
  750F : ED;
  7510 : ED;
  7511 : ED;
  7512 : ED;
  7513 : ED;
  7514 : ED;
  7515 : ED;
  7516 : EE;
  7517 : F4;
  7518 : F3;
  7519 : FF;
  751A : FF;
  751B : FF;
  751C : FF;
  751D : FF;
  751E : FF;
  751F : FF;
  7520 : FF;
  7521 : FF;
  7522 : FF;
  7523 : FF;
  7524 : FF;
  7525 : FF;
  7526 : FF;
  7527 : FF;
  7528 : FF;
  7529 : FF;
  752A : FF;
  752B : FF;
  752C : FF;
  752D : FF;
  752E : FF;
  752F : FF;
  7530 : FF;
  7531 : FF;
  7532 : FF;
  7533 : FF;
  7534 : FF;
  7535 : FF;
  7536 : FF;
  7537 : FF;
  7538 : FF;
  7539 : FF;
  753A : FF;
  753B : FF;
  753C : FF;
  753D : FF;
  753E : FF;
  753F : FF;
  7540 : FF;
  7541 : FF;
  7542 : FF;
  7543 : FF;
  7544 : FF;
  7545 : FF;
  7546 : FF;
  7547 : FF;
  7548 : FF;
  7549 : FF;
  754A : FF;
  754B : FF;
  754C : FF;
  754D : FF;
  754E : FF;
  754F : FF;
  7550 : EC;
  7551 : D1;
  7552 : CA;
  7553 : D4;
  7554 : F2;
  7555 : FF;
  7556 : FF;
  7557 : FF;
  7558 : FF;
  7559 : FF;
  755A : FF;
  755B : FF;
  755C : FF;
  755D : FF;
  755E : FF;
  755F : FF;
  7560 : FF;
  7561 : FF;
  7562 : FF;
  7563 : F6;
  7564 : 96;
  7565 : 6E;
  7566 : 68;
  7567 : 68;
  7568 : 68;
  7569 : 68;
  756A : 68;
  756B : 68;
  756C : 68;
  756D : 68;
  756E : 68;
  756F : 68;
  7570 : 68;
  7571 : 68;
  7572 : 68;
  7573 : 68;
  7574 : 68;
  7575 : 68;
  7576 : 68;
  7577 : 68;
  7578 : 68;
  7579 : 68;
  757A : 68;
  757B : 68;
  757C : 68;
  757D : 68;
  757E : 67;
  757F : 5F;
  7580 : 62;
  7581 : 69;
  7582 : 68;
  7583 : 68;
  7584 : 68;
  7585 : 68;
  7586 : 68;
  7587 : 68;
  7588 : 68;
  7589 : 68;
  758A : 68;
  758B : 67;
  758C : 6D;
  758D : 81;
  758E : 86;
  758F : 85;
  7590 : 85;
  7591 : 85;
  7592 : 85;
  7593 : 85;
  7594 : 85;
  7595 : 85;
  7596 : 85;
  7597 : 85;
  7598 : 85;
  7599 : 85;
  759A : 85;
  759B : 85;
  759C : 85;
  759D : 85;
  759E : 85;
  759F : 85;
  75A0 : 85;
  75A1 : 85;
  75A2 : 85;
  75A3 : 85;
  75A4 : 85;
  75A5 : 85;
  75A6 : 85;
  75A7 : 85;
  75A8 : 85;
  75A9 : 85;
  75AA : 85;
  75AB : 85;
  75AC : 85;
  75AD : 85;
  75AE : 85;
  75AF : 85;
  75B0 : 89;
  75B1 : 89;
  75B2 : C1;
  75B3 : FB;
  75B4 : FF;
  75B5 : FF;
  75B6 : FF;
  75B7 : FF;
  75B8 : FF;
  75B9 : FF;
  75BA : FF;
  75BB : FF;
  75BC : FF;
  75BD : FF;
  75BE : FF;
  75BF : FF;
  75C0 : FF;
  75C1 : FF;
  75C2 : FF;
  75C3 : FF;
  75C4 : FF;
  75C5 : FF;
  75C6 : FF;
  75C7 : FF;
  75C8 : FF;
  75C9 : FF;
  75CA : FF;
  75CB : FF;
  75CC : FF;
  75CD : FF;
  75CE : FF;
  75CF : FF;
  75D0 : F6;
  75D1 : F0;
  75D2 : EF;
  75D3 : ED;
  75D4 : ED;
  75D5 : ED;
  75D6 : ED;
  75D7 : ED;
  75D8 : ED;
  75D9 : ED;
  75DA : ED;
  75DB : ED;
  75DC : ED;
  75DD : ED;
  75DE : ED;
  75DF : ED;
  75E0 : ED;
  75E1 : ED;
  75E2 : EF;
  75E3 : F1;
  75E4 : F3;
  75E5 : FF;
  75E6 : FF;
  75E7 : FF;
  75E8 : FF;
  75E9 : FF;
  75EA : FF;
  75EB : FF;
  75EC : FF;
  75ED : FF;
  75EE : FF;
  75EF : FF;
  75F0 : FF;
  75F1 : FF;
  75F2 : FF;
  75F3 : FF;
  75F4 : FF;
  75F5 : FF;
  75F6 : FF;
  75F7 : FF;
  75F8 : FF;
  75F9 : FF;
  75FA : FF;
  75FB : FF;
  75FC : FF;
  75FD : FF;
  75FE : FF;
  75FF : FF;
  7600 : FF;
  7601 : FF;
  7602 : FF;
  7603 : FF;
  7604 : FF;
  7605 : FF;
  7606 : FF;
  7607 : FF;
  7608 : FF;
  7609 : FF;
  760A : FF;
  760B : FF;
  760C : FF;
  760D : FF;
  760E : FF;
  760F : FF;
  7610 : FF;
  7611 : FF;
  7612 : FF;
  7613 : FF;
  7614 : FF;
  7615 : FF;
  7616 : FF;
  7617 : FF;
  7618 : FF;
  7619 : FF;
  761A : FF;
  761B : EA;
  761C : C8;
  761D : CA;
  761E : C7;
  761F : CB;
  7620 : D0;
  7621 : FA;
  7622 : FF;
  7623 : FF;
  7624 : FF;
  7625 : FF;
  7626 : FF;
  7627 : FF;
  7628 : FF;
  7629 : FF;
  762A : FF;
  762B : FF;
  762C : FF;
  762D : FF;
  762E : FF;
  762F : D3;
  7630 : 68;
  7631 : 69;
  7632 : 68;
  7633 : 68;
  7634 : 68;
  7635 : 68;
  7636 : 68;
  7637 : 68;
  7638 : 68;
  7639 : 68;
  763A : 68;
  763B : 68;
  763C : 68;
  763D : 68;
  763E : 68;
  763F : 68;
  7640 : 68;
  7641 : 68;
  7642 : 68;
  7643 : 68;
  7644 : 68;
  7645 : 68;
  7646 : 68;
  7647 : 68;
  7648 : 68;
  7649 : 68;
  764A : 61;
  764B : 5D;
  764C : 67;
  764D : 68;
  764E : 68;
  764F : 68;
  7650 : 68;
  7651 : 68;
  7652 : 68;
  7653 : 68;
  7654 : 68;
  7655 : 68;
  7656 : 68;
  7657 : 66;
  7658 : 78;
  7659 : 86;
  765A : 85;
  765B : 85;
  765C : 85;
  765D : 85;
  765E : 85;
  765F : 85;
  7660 : 85;
  7661 : 85;
  7662 : 85;
  7663 : 85;
  7664 : 85;
  7665 : 85;
  7666 : 85;
  7667 : 85;
  7668 : 85;
  7669 : 85;
  766A : 85;
  766B : 85;
  766C : 85;
  766D : 85;
  766E : 85;
  766F : 85;
  7670 : 85;
  7671 : 85;
  7672 : 85;
  7673 : 85;
  7674 : 85;
  7675 : 85;
  7676 : 85;
  7677 : 85;
  7678 : 85;
  7679 : 85;
  767A : 85;
  767B : 8A;
  767C : 8A;
  767D : C9;
  767E : FD;
  767F : FF;
  7680 : FF;
  7681 : FF;
  7682 : FF;
  7683 : FF;
  7684 : FF;
  7685 : FF;
  7686 : FF;
  7687 : FF;
  7688 : FF;
  7689 : FF;
  768A : FF;
  768B : FF;
  768C : FF;
  768D : FF;
  768E : FF;
  768F : FF;
  7690 : FF;
  7691 : FF;
  7692 : FF;
  7693 : FF;
  7694 : FF;
  7695 : FF;
  7696 : FF;
  7697 : FF;
  7698 : FF;
  7699 : FF;
  769A : FF;
  769B : FF;
  769C : F9;
  769D : ED;
  769E : F0;
  769F : ED;
  76A0 : ED;
  76A1 : ED;
  76A2 : ED;
  76A3 : ED;
  76A4 : ED;
  76A5 : ED;
  76A6 : ED;
  76A7 : ED;
  76A8 : ED;
  76A9 : ED;
  76AA : ED;
  76AB : ED;
  76AC : ED;
  76AD : ED;
  76AE : EF;
  76AF : EE;
  76B0 : F7;
  76B1 : FF;
  76B2 : FF;
  76B3 : FF;
  76B4 : FF;
  76B5 : FF;
  76B6 : FF;
  76B7 : FF;
  76B8 : FF;
  76B9 : FF;
  76BA : FF;
  76BB : FF;
  76BC : FF;
  76BD : FF;
  76BE : FF;
  76BF : FF;
  76C0 : FF;
  76C1 : FF;
  76C2 : FF;
  76C3 : FF;
  76C4 : FF;
  76C5 : FF;
  76C6 : FF;
  76C7 : FF;
  76C8 : FF;
  76C9 : FF;
  76CA : FF;
  76CB : FF;
  76CC : FF;
  76CD : FF;
  76CE : FF;
  76CF : FF;
  76D0 : FF;
  76D1 : FF;
  76D2 : FF;
  76D3 : FF;
  76D4 : FF;
  76D5 : FF;
  76D6 : FF;
  76D7 : FF;
  76D8 : FF;
  76D9 : FF;
  76DA : FF;
  76DB : FF;
  76DC : FF;
  76DD : FF;
  76DE : FF;
  76DF : FF;
  76E0 : FF;
  76E1 : FF;
  76E2 : FF;
  76E3 : FF;
  76E4 : FF;
  76E5 : FF;
  76E6 : F9;
  76E7 : CD;
  76E8 : C7;
  76E9 : C1;
  76EA : C1;
  76EB : C3;
  76EC : C4;
  76ED : EA;
  76EE : FF;
  76EF : FF;
  76F0 : FF;
  76F1 : FF;
  76F2 : FF;
  76F3 : FF;
  76F4 : FF;
  76F5 : FF;
  76F6 : FF;
  76F7 : FF;
  76F8 : FF;
  76F9 : FF;
  76FA : FA;
  76FB : 9B;
  76FC : 6C;
  76FD : 68;
  76FE : 68;
  76FF : 68;
  7700 : 68;
  7701 : 68;
  7702 : 68;
  7703 : 68;
  7704 : 68;
  7705 : 68;
  7706 : 68;
  7707 : 68;
  7708 : 68;
  7709 : 68;
  770A : 68;
  770B : 68;
  770C : 68;
  770D : 68;
  770E : 68;
  770F : 68;
  7710 : 68;
  7711 : 68;
  7712 : 68;
  7713 : 68;
  7714 : 68;
  7715 : 65;
  7716 : 5B;
  7717 : 64;
  7718 : 68;
  7719 : 68;
  771A : 68;
  771B : 68;
  771C : 68;
  771D : 68;
  771E : 68;
  771F : 68;
  7720 : 68;
  7721 : 68;
  7722 : 66;
  7723 : 6D;
  7724 : 81;
  7725 : 86;
  7726 : 85;
  7727 : 85;
  7728 : 85;
  7729 : 85;
  772A : 85;
  772B : 85;
  772C : 85;
  772D : 85;
  772E : 85;
  772F : 85;
  7730 : 85;
  7731 : 85;
  7732 : 85;
  7733 : 85;
  7734 : 85;
  7735 : 85;
  7736 : 85;
  7737 : 85;
  7738 : 85;
  7739 : 85;
  773A : 85;
  773B : 85;
  773C : 85;
  773D : 85;
  773E : 85;
  773F : 85;
  7740 : 85;
  7741 : 85;
  7742 : 85;
  7743 : 85;
  7744 : 85;
  7745 : 86;
  7746 : 8C;
  7747 : 92;
  7748 : D3;
  7749 : FF;
  774A : FF;
  774B : FF;
  774C : FF;
  774D : FF;
  774E : FF;
  774F : FF;
  7750 : FF;
  7751 : FF;
  7752 : FF;
  7753 : FF;
  7754 : FF;
  7755 : FF;
  7756 : FF;
  7757 : FF;
  7758 : FF;
  7759 : FF;
  775A : FF;
  775B : FF;
  775C : FF;
  775D : FF;
  775E : FF;
  775F : FF;
  7760 : FF;
  7761 : FF;
  7762 : FF;
  7763 : FF;
  7764 : FF;
  7765 : FF;
  7766 : FF;
  7767 : FF;
  7768 : FB;
  7769 : EF;
  776A : F0;
  776B : ED;
  776C : ED;
  776D : ED;
  776E : ED;
  776F : ED;
  7770 : ED;
  7771 : ED;
  7772 : ED;
  7773 : ED;
  7774 : ED;
  7775 : ED;
  7776 : ED;
  7777 : ED;
  7778 : ED;
  7779 : ED;
  777A : F0;
  777B : EE;
  777C : F9;
  777D : FF;
  777E : FF;
  777F : FF;
  7780 : FF;
  7781 : FF;
  7782 : FF;
  7783 : FF;
  7784 : FF;
  7785 : FF;
  7786 : FF;
  7787 : FF;
  7788 : FF;
  7789 : FF;
  778A : FF;
  778B : FF;
  778C : FF;
  778D : FF;
  778E : FF;
  778F : FF;
  7790 : FF;
  7791 : FF;
  7792 : FF;
  7793 : FF;
  7794 : FF;
  7795 : FF;
  7796 : FF;
  7797 : FF;
  7798 : FF;
  7799 : FF;
  779A : FF;
  779B : FF;
  779C : FF;
  779D : FF;
  779E : FF;
  779F : FF;
  77A0 : FF;
  77A1 : FF;
  77A2 : FF;
  77A3 : FF;
  77A4 : FF;
  77A5 : FF;
  77A6 : FF;
  77A7 : FF;
  77A8 : FF;
  77A9 : FF;
  77AA : FF;
  77AB : FF;
  77AC : FF;
  77AD : FF;
  77AE : FF;
  77AF : FF;
  77B0 : FF;
  77B1 : FF;
  77B2 : E6;
  77B3 : C4;
  77B4 : C3;
  77B5 : C1;
  77B6 : C1;
  77B7 : C1;
  77B8 : CA;
  77B9 : E2;
  77BA : FF;
  77BB : FF;
  77BC : FF;
  77BD : FF;
  77BE : FF;
  77BF : FF;
  77C0 : FF;
  77C1 : FF;
  77C2 : FF;
  77C3 : FF;
  77C4 : FF;
  77C5 : FF;
  77C6 : DE;
  77C7 : 6E;
  77C8 : 6A;
  77C9 : 68;
  77CA : 68;
  77CB : 68;
  77CC : 68;
  77CD : 68;
  77CE : 68;
  77CF : 68;
  77D0 : 68;
  77D1 : 68;
  77D2 : 68;
  77D3 : 68;
  77D4 : 68;
  77D5 : 68;
  77D6 : 68;
  77D7 : 68;
  77D8 : 68;
  77D9 : 68;
  77DA : 68;
  77DB : 68;
  77DC : 68;
  77DD : 68;
  77DE : 68;
  77DF : 68;
  77E0 : 67;
  77E1 : 5C;
  77E2 : 5F;
  77E3 : 68;
  77E4 : 68;
  77E5 : 68;
  77E6 : 68;
  77E7 : 68;
  77E8 : 68;
  77E9 : 68;
  77EA : 68;
  77EB : 68;
  77EC : 68;
  77ED : 67;
  77EE : 67;
  77EF : 78;
  77F0 : 86;
  77F1 : 85;
  77F2 : 85;
  77F3 : 85;
  77F4 : 85;
  77F5 : 85;
  77F6 : 85;
  77F7 : 85;
  77F8 : 85;
  77F9 : 85;
  77FA : 85;
  77FB : 85;
  77FC : 85;
  77FD : 85;
  77FE : 85;
  77FF : 85;
  7800 : 85;
  7801 : 85;
  7802 : 85;
  7803 : 85;
  7804 : 85;
  7805 : 85;
  7806 : 85;
  7807 : 85;
  7808 : 85;
  7809 : 85;
  780A : 85;
  780B : 85;
  780C : 85;
  780D : 85;
  780E : 85;
  780F : 85;
  7810 : 87;
  7811 : 8C;
  7812 : 9C;
  7813 : E2;
  7814 : FF;
  7815 : FF;
  7816 : FF;
  7817 : FF;
  7818 : FF;
  7819 : FF;
  781A : FF;
  781B : FF;
  781C : FF;
  781D : FF;
  781E : FF;
  781F : FF;
  7820 : FF;
  7821 : FF;
  7822 : FF;
  7823 : FF;
  7824 : FF;
  7825 : FF;
  7826 : FF;
  7827 : FF;
  7828 : FF;
  7829 : FF;
  782A : FF;
  782B : FF;
  782C : FF;
  782D : FF;
  782E : FF;
  782F : FF;
  7830 : FF;
  7831 : FF;
  7832 : FF;
  7833 : FF;
  7834 : FD;
  7835 : EE;
  7836 : F1;
  7837 : ED;
  7838 : ED;
  7839 : ED;
  783A : ED;
  783B : ED;
  783C : ED;
  783D : ED;
  783E : ED;
  783F : ED;
  7840 : ED;
  7841 : ED;
  7842 : ED;
  7843 : ED;
  7844 : ED;
  7845 : ED;
  7846 : F1;
  7847 : EF;
  7848 : FB;
  7849 : FF;
  784A : FF;
  784B : FF;
  784C : FF;
  784D : FF;
  784E : FF;
  784F : FF;
  7850 : FF;
  7851 : FF;
  7852 : FF;
  7853 : FF;
  7854 : FF;
  7855 : FF;
  7856 : FF;
  7857 : FF;
  7858 : FF;
  7859 : FF;
  785A : FF;
  785B : FF;
  785C : FF;
  785D : FF;
  785E : FF;
  785F : FF;
  7860 : FF;
  7861 : FF;
  7862 : FF;
  7863 : FF;
  7864 : FF;
  7865 : FF;
  7866 : FF;
  7867 : FF;
  7868 : FF;
  7869 : FF;
  786A : FF;
  786B : FF;
  786C : FF;
  786D : FF;
  786E : FF;
  786F : FF;
  7870 : FF;
  7871 : FF;
  7872 : FF;
  7873 : FF;
  7874 : FF;
  7875 : FF;
  7876 : FF;
  7877 : FF;
  7878 : FF;
  7879 : FF;
  787A : FF;
  787B : FF;
  787C : FF;
  787D : FF;
  787E : D7;
  787F : C5;
  7880 : C2;
  7881 : C1;
  7882 : C1;
  7883 : C1;
  7884 : C9;
  7885 : DF;
  7886 : FF;
  7887 : FF;
  7888 : FF;
  7889 : FF;
  788A : FF;
  788B : FF;
  788C : FF;
  788D : FF;
  788E : FF;
  788F : FF;
  7890 : FF;
  7891 : FF;
  7892 : A3;
  7893 : 6A;
  7894 : 68;
  7895 : 68;
  7896 : 68;
  7897 : 68;
  7898 : 68;
  7899 : 68;
  789A : 68;
  789B : 68;
  789C : 68;
  789D : 68;
  789E : 68;
  789F : 68;
  78A0 : 68;
  78A1 : 68;
  78A2 : 68;
  78A3 : 68;
  78A4 : 68;
  78A5 : 68;
  78A6 : 68;
  78A7 : 68;
  78A8 : 68;
  78A9 : 68;
  78AA : 68;
  78AB : 68;
  78AC : 5E;
  78AD : 5B;
  78AE : 67;
  78AF : 68;
  78B0 : 68;
  78B1 : 68;
  78B2 : 68;
  78B3 : 68;
  78B4 : 68;
  78B5 : 68;
  78B6 : 68;
  78B7 : 68;
  78B8 : 68;
  78B9 : 67;
  78BA : 6F;
  78BB : 83;
  78BC : 85;
  78BD : 85;
  78BE : 85;
  78BF : 85;
  78C0 : 85;
  78C1 : 85;
  78C2 : 85;
  78C3 : 85;
  78C4 : 85;
  78C5 : 85;
  78C6 : 85;
  78C7 : 85;
  78C8 : 85;
  78C9 : 85;
  78CA : 85;
  78CB : 85;
  78CC : 85;
  78CD : 85;
  78CE : 85;
  78CF : 85;
  78D0 : 85;
  78D1 : 85;
  78D2 : 85;
  78D3 : 85;
  78D4 : 85;
  78D5 : 85;
  78D6 : 85;
  78D7 : 85;
  78D8 : 85;
  78D9 : 85;
  78DA : 85;
  78DB : 88;
  78DC : 87;
  78DD : B1;
  78DE : EE;
  78DF : FF;
  78E0 : FF;
  78E1 : FF;
  78E2 : FF;
  78E3 : FF;
  78E4 : FF;
  78E5 : FF;
  78E6 : FF;
  78E7 : FF;
  78E8 : FF;
  78E9 : FF;
  78EA : FF;
  78EB : FF;
  78EC : FF;
  78ED : FF;
  78EE : FF;
  78EF : FF;
  78F0 : FF;
  78F1 : FF;
  78F2 : FF;
  78F3 : FF;
  78F4 : FF;
  78F5 : FF;
  78F6 : FF;
  78F7 : FF;
  78F8 : FF;
  78F9 : FF;
  78FA : FF;
  78FB : FF;
  78FC : FF;
  78FD : FF;
  78FE : FF;
  78FF : FF;
  7900 : FD;
  7901 : F0;
  7902 : F3;
  7903 : ED;
  7904 : ED;
  7905 : ED;
  7906 : ED;
  7907 : ED;
  7908 : ED;
  7909 : ED;
  790A : ED;
  790B : ED;
  790C : ED;
  790D : ED;
  790E : ED;
  790F : ED;
  7910 : ED;
  7911 : ED;
  7912 : F2;
  7913 : EF;
  7914 : FD;
  7915 : FF;
  7916 : FF;
  7917 : FF;
  7918 : FF;
  7919 : FF;
  791A : FF;
  791B : FF;
  791C : FF;
  791D : FF;
  791E : FF;
  791F : FF;
  7920 : FF;
  7921 : FF;
  7922 : FF;
  7923 : FF;
  7924 : FF;
  7925 : FF;
  7926 : FF;
  7927 : FF;
  7928 : FF;
  7929 : FF;
  792A : FF;
  792B : FF;
  792C : FF;
  792D : FF;
  792E : FF;
  792F : FF;
  7930 : FF;
  7931 : FF;
  7932 : FF;
  7933 : FF;
  7934 : FF;
  7935 : FF;
  7936 : FF;
  7937 : FF;
  7938 : FF;
  7939 : F3;
  793A : E6;
  793B : EF;
  793C : FA;
  793D : FC;
  793E : FD;
  793F : FE;
  7940 : FE;
  7941 : FF;
  7942 : FF;
  7943 : FF;
  7944 : FF;
  7945 : FF;
  7946 : FF;
  7947 : FF;
  7948 : FF;
  7949 : FF;
  794A : D2;
  794B : C8;
  794C : C1;
  794D : C1;
  794E : C1;
  794F : C1;
  7950 : CA;
  7951 : E3;
  7952 : FF;
  7953 : FF;
  7954 : FF;
  7955 : FF;
  7956 : FF;
  7957 : FF;
  7958 : FF;
  7959 : FF;
  795A : FF;
  795B : FF;
  795C : FF;
  795D : F1;
  795E : 7E;
  795F : 6C;
  7960 : 68;
  7961 : 68;
  7962 : 68;
  7963 : 68;
  7964 : 68;
  7965 : 68;
  7966 : 68;
  7967 : 68;
  7968 : 68;
  7969 : 68;
  796A : 68;
  796B : 68;
  796C : 68;
  796D : 68;
  796E : 68;
  796F : 68;
  7970 : 68;
  7971 : 68;
  7972 : 68;
  7973 : 68;
  7974 : 68;
  7975 : 68;
  7976 : 68;
  7977 : 60;
  7978 : 57;
  7979 : 63;
  797A : 69;
  797B : 68;
  797C : 68;
  797D : 67;
  797E : 68;
  797F : 68;
  7980 : 68;
  7981 : 68;
  7982 : 68;
  7983 : 68;
  7984 : 67;
  7985 : 69;
  7986 : 7E;
  7987 : 86;
  7988 : 85;
  7989 : 85;
  798A : 85;
  798B : 85;
  798C : 85;
  798D : 85;
  798E : 85;
  798F : 85;
  7990 : 85;
  7991 : 85;
  7992 : 85;
  7993 : 85;
  7994 : 85;
  7995 : 85;
  7996 : 85;
  7997 : 85;
  7998 : 85;
  7999 : 85;
  799A : 85;
  799B : 85;
  799C : 85;
  799D : 85;
  799E : 85;
  799F : 85;
  79A0 : 85;
  79A1 : 85;
  79A2 : 85;
  79A3 : 85;
  79A4 : 85;
  79A5 : 88;
  79A6 : 8B;
  79A7 : 8E;
  79A8 : C9;
  79A9 : FB;
  79AA : FF;
  79AB : FF;
  79AC : FF;
  79AD : FF;
  79AE : FF;
  79AF : FF;
  79B0 : FF;
  79B1 : FF;
  79B2 : FF;
  79B3 : FF;
  79B4 : FF;
  79B5 : FF;
  79B6 : FF;
  79B7 : FF;
  79B8 : FF;
  79B9 : FF;
  79BA : FF;
  79BB : FF;
  79BC : FF;
  79BD : FF;
  79BE : FF;
  79BF : FF;
  79C0 : FF;
  79C1 : FF;
  79C2 : FF;
  79C3 : FF;
  79C4 : FF;
  79C5 : FF;
  79C6 : FF;
  79C7 : FF;
  79C8 : FF;
  79C9 : FF;
  79CA : FF;
  79CB : FF;
  79CC : FF;
  79CD : F3;
  79CE : F4;
  79CF : ED;
  79D0 : ED;
  79D1 : ED;
  79D2 : ED;
  79D3 : ED;
  79D4 : ED;
  79D5 : ED;
  79D6 : ED;
  79D7 : ED;
  79D8 : ED;
  79D9 : ED;
  79DA : ED;
  79DB : ED;
  79DC : ED;
  79DD : ED;
  79DE : F3;
  79DF : F1;
  79E0 : FE;
  79E1 : FF;
  79E2 : FF;
  79E3 : FF;
  79E4 : FF;
  79E5 : FF;
  79E6 : FF;
  79E7 : FF;
  79E8 : FF;
  79E9 : FF;
  79EA : FF;
  79EB : FF;
  79EC : FF;
  79ED : FF;
  79EE : FF;
  79EF : FF;
  79F0 : FF;
  79F1 : FF;
  79F2 : FF;
  79F3 : FF;
  79F4 : FF;
  79F5 : FF;
  79F6 : FF;
  79F7 : FF;
  79F8 : FF;
  79F9 : FF;
  79FA : FF;
  79FB : FF;
  79FC : FF;
  79FD : FF;
  79FE : FF;
  79FF : FF;
  7A00 : FF;
  7A01 : FF;
  7A02 : FF;
  7A03 : FF;
  7A04 : FF;
  7A05 : E0;
  7A06 : C8;
  7A07 : C3;
  7A08 : C5;
  7A09 : CB;
  7A0A : D2;
  7A0B : D8;
  7A0C : DF;
  7A0D : E5;
  7A0E : EA;
  7A0F : F0;
  7A10 : F4;
  7A11 : F7;
  7A12 : F8;
  7A13 : FC;
  7A14 : FF;
  7A15 : FF;
  7A16 : D3;
  7A17 : C7;
  7A18 : C1;
  7A19 : C1;
  7A1A : C1;
  7A1B : C4;
  7A1C : C5;
  7A1D : ED;
  7A1E : FF;
  7A1F : FF;
  7A20 : FF;
  7A21 : FF;
  7A22 : FF;
  7A23 : FF;
  7A24 : FF;
  7A25 : FF;
  7A26 : FF;
  7A27 : FF;
  7A28 : FF;
  7A29 : C5;
  7A2A : 6C;
  7A2B : 6A;
  7A2C : 68;
  7A2D : 68;
  7A2E : 68;
  7A2F : 68;
  7A30 : 68;
  7A31 : 68;
  7A32 : 68;
  7A33 : 68;
  7A34 : 68;
  7A35 : 68;
  7A36 : 68;
  7A37 : 68;
  7A38 : 68;
  7A39 : 68;
  7A3A : 68;
  7A3B : 68;
  7A3C : 68;
  7A3D : 68;
  7A3E : 68;
  7A3F : 68;
  7A40 : 68;
  7A41 : 68;
  7A42 : 63;
  7A43 : 57;
  7A44 : 5E;
  7A45 : 68;
  7A46 : 68;
  7A47 : 68;
  7A48 : 67;
  7A49 : 67;
  7A4A : 68;
  7A4B : 68;
  7A4C : 68;
  7A4D : 68;
  7A4E : 68;
  7A4F : 68;
  7A50 : 66;
  7A51 : 75;
  7A52 : 86;
  7A53 : 85;
  7A54 : 85;
  7A55 : 85;
  7A56 : 85;
  7A57 : 85;
  7A58 : 85;
  7A59 : 85;
  7A5A : 85;
  7A5B : 85;
  7A5C : 85;
  7A5D : 85;
  7A5E : 85;
  7A5F : 85;
  7A60 : 85;
  7A61 : 85;
  7A62 : 85;
  7A63 : 85;
  7A64 : 85;
  7A65 : 85;
  7A66 : 85;
  7A67 : 85;
  7A68 : 85;
  7A69 : 85;
  7A6A : 85;
  7A6B : 85;
  7A6C : 85;
  7A6D : 85;
  7A6E : 85;
  7A6F : 85;
  7A70 : 8B;
  7A71 : 87;
  7A72 : A9;
  7A73 : E7;
  7A74 : FF;
  7A75 : FF;
  7A76 : FF;
  7A77 : FF;
  7A78 : FF;
  7A79 : FF;
  7A7A : FF;
  7A7B : FF;
  7A7C : FF;
  7A7D : FF;
  7A7E : FF;
  7A7F : FF;
  7A80 : FF;
  7A81 : FF;
  7A82 : FF;
  7A83 : FF;
  7A84 : FF;
  7A85 : FF;
  7A86 : FF;
  7A87 : FF;
  7A88 : FF;
  7A89 : FF;
  7A8A : FF;
  7A8B : FF;
  7A8C : FF;
  7A8D : FF;
  7A8E : FF;
  7A8F : FF;
  7A90 : FF;
  7A91 : FF;
  7A92 : FF;
  7A93 : FF;
  7A94 : FF;
  7A95 : FF;
  7A96 : FF;
  7A97 : FF;
  7A98 : FF;
  7A99 : F5;
  7A9A : F5;
  7A9B : ED;
  7A9C : ED;
  7A9D : ED;
  7A9E : ED;
  7A9F : ED;
  7AA0 : ED;
  7AA1 : ED;
  7AA2 : ED;
  7AA3 : ED;
  7AA4 : ED;
  7AA5 : ED;
  7AA6 : ED;
  7AA7 : ED;
  7AA8 : ED;
  7AA9 : ED;
  7AAA : F4;
  7AAB : F3;
  7AAC : FE;
  7AAD : FF;
  7AAE : FF;
  7AAF : FF;
  7AB0 : FF;
  7AB1 : FF;
  7AB2 : FF;
  7AB3 : FF;
  7AB4 : FF;
  7AB5 : FF;
  7AB6 : FF;
  7AB7 : FF;
  7AB8 : FF;
  7AB9 : FF;
  7ABA : FF;
  7ABB : FF;
  7ABC : FF;
  7ABD : FF;
  7ABE : FF;
  7ABF : FF;
  7AC0 : FF;
  7AC1 : FF;
  7AC2 : FF;
  7AC3 : FF;
  7AC4 : FF;
  7AC5 : FF;
  7AC6 : FF;
  7AC7 : FF;
  7AC8 : FF;
  7AC9 : FF;
  7ACA : FF;
  7ACB : FF;
  7ACC : FF;
  7ACD : FF;
  7ACE : FF;
  7ACF : FF;
  7AD0 : FD;
  7AD1 : D7;
  7AD2 : CA;
  7AD3 : C2;
  7AD4 : C4;
  7AD5 : CB;
  7AD6 : CD;
  7AD7 : CB;
  7AD8 : CA;
  7AD9 : C9;
  7ADA : C9;
  7ADB : C7;
  7ADC : C3;
  7ADD : C9;
  7ADE : CF;
  7ADF : D3;
  7AE0 : D9;
  7AE1 : E0;
  7AE2 : CE;
  7AE3 : C3;
  7AE4 : C2;
  7AE5 : C1;
  7AE6 : C1;
  7AE7 : C9;
  7AE8 : D3;
  7AE9 : FD;
  7AEA : FF;
  7AEB : FF;
  7AEC : FF;
  7AED : FF;
  7AEE : FF;
  7AEF : FF;
  7AF0 : FF;
  7AF1 : FF;
  7AF2 : FF;
  7AF3 : FF;
  7AF4 : FF;
  7AF5 : 9D;
  7AF6 : 6E;
  7AF7 : 68;
  7AF8 : 68;
  7AF9 : 68;
  7AFA : 68;
  7AFB : 68;
  7AFC : 68;
  7AFD : 68;
  7AFE : 68;
  7AFF : 68;
  7B00 : 68;
  7B01 : 68;
  7B02 : 68;
  7B03 : 68;
  7B04 : 68;
  7B05 : 68;
  7B06 : 68;
  7B07 : 68;
  7B08 : 68;
  7B09 : 68;
  7B0A : 68;
  7B0B : 68;
  7B0C : 69;
  7B0D : 64;
  7B0E : 59;
  7B0F : 5B;
  7B10 : 66;
  7B11 : 68;
  7B12 : 68;
  7B13 : 68;
  7B14 : 63;
  7B15 : 65;
  7B16 : 68;
  7B17 : 68;
  7B18 : 68;
  7B19 : 68;
  7B1A : 68;
  7B1B : 66;
  7B1C : 6D;
  7B1D : 81;
  7B1E : 86;
  7B1F : 85;
  7B20 : 85;
  7B21 : 85;
  7B22 : 85;
  7B23 : 85;
  7B24 : 85;
  7B25 : 85;
  7B26 : 85;
  7B27 : 85;
  7B28 : 85;
  7B29 : 85;
  7B2A : 85;
  7B2B : 85;
  7B2C : 85;
  7B2D : 85;
  7B2E : 85;
  7B2F : 85;
  7B30 : 85;
  7B31 : 85;
  7B32 : 85;
  7B33 : 85;
  7B34 : 85;
  7B35 : 85;
  7B36 : 85;
  7B37 : 85;
  7B38 : 85;
  7B39 : 85;
  7B3A : 88;
  7B3B : 8C;
  7B3C : 9A;
  7B3D : CD;
  7B3E : FB;
  7B3F : FF;
  7B40 : FF;
  7B41 : FF;
  7B42 : FF;
  7B43 : FF;
  7B44 : FF;
  7B45 : FF;
  7B46 : FF;
  7B47 : FF;
  7B48 : FF;
  7B49 : FF;
  7B4A : FF;
  7B4B : FF;
  7B4C : FF;
  7B4D : FF;
  7B4E : FF;
  7B4F : FF;
  7B50 : FF;
  7B51 : FF;
  7B52 : FF;
  7B53 : FF;
  7B54 : FF;
  7B55 : FF;
  7B56 : FF;
  7B57 : FF;
  7B58 : FF;
  7B59 : FF;
  7B5A : FF;
  7B5B : FF;
  7B5C : FF;
  7B5D : FF;
  7B5E : FF;
  7B5F : FF;
  7B60 : FF;
  7B61 : FF;
  7B62 : FF;
  7B63 : FF;
  7B64 : FF;
  7B65 : F9;
  7B66 : F8;
  7B67 : ED;
  7B68 : ED;
  7B69 : ED;
  7B6A : ED;
  7B6B : ED;
  7B6C : ED;
  7B6D : ED;
  7B6E : ED;
  7B6F : ED;
  7B70 : ED;
  7B71 : ED;
  7B72 : ED;
  7B73 : ED;
  7B74 : ED;
  7B75 : EE;
  7B76 : F6;
  7B77 : F6;
  7B78 : FF;
  7B79 : FF;
  7B7A : FF;
  7B7B : FF;
  7B7C : FF;
  7B7D : FF;
  7B7E : FF;
  7B7F : FF;
  7B80 : FF;
  7B81 : FF;
  7B82 : FF;
  7B83 : FF;
  7B84 : FF;
  7B85 : FF;
  7B86 : FF;
  7B87 : FF;
  7B88 : FF;
  7B89 : FF;
  7B8A : FF;
  7B8B : FF;
  7B8C : FF;
  7B8D : FF;
  7B8E : FF;
  7B8F : FF;
  7B90 : FF;
  7B91 : FF;
  7B92 : FF;
  7B93 : FF;
  7B94 : FF;
  7B95 : FF;
  7B96 : FF;
  7B97 : FF;
  7B98 : FF;
  7B99 : FF;
  7B9A : FF;
  7B9B : FF;
  7B9C : F5;
  7B9D : C9;
  7B9E : C5;
  7B9F : DE;
  7BA0 : ED;
  7BA1 : E7;
  7BA2 : E2;
  7BA3 : DC;
  7BA4 : D7;
  7BA5 : D1;
  7BA6 : CC;
  7BA7 : C6;
  7BA8 : C4;
  7BA9 : C8;
  7BAA : C9;
  7BAB : CA;
  7BAC : CB;
  7BAD : CD;
  7BAE : C8;
  7BAF : C4;
  7BB0 : C4;
  7BB1 : C4;
  7BB2 : C7;
  7BB3 : C7;
  7BB4 : EF;
  7BB5 : FF;
  7BB6 : FF;
  7BB7 : FF;
  7BB8 : FF;
  7BB9 : FF;
  7BBA : FF;
  7BBB : FF;
  7BBC : FF;
  7BBD : FF;
  7BBE : FF;
  7BBF : FF;
  7BC0 : E3;
  7BC1 : 7E;
  7BC2 : 6C;
  7BC3 : 68;
  7BC4 : 68;
  7BC5 : 68;
  7BC6 : 68;
  7BC7 : 68;
  7BC8 : 68;
  7BC9 : 68;
  7BCA : 68;
  7BCB : 68;
  7BCC : 68;
  7BCD : 68;
  7BCE : 68;
  7BCF : 68;
  7BD0 : 68;
  7BD1 : 68;
  7BD2 : 68;
  7BD3 : 68;
  7BD4 : 68;
  7BD5 : 68;
  7BD6 : 68;
  7BD7 : 68;
  7BD8 : 65;
  7BD9 : 5A;
  7BDA : 58;
  7BDB : 64;
  7BDC : 69;
  7BDD : 68;
  7BDE : 68;
  7BDF : 65;
  7BE0 : 60;
  7BE1 : 66;
  7BE2 : 68;
  7BE3 : 68;
  7BE4 : 68;
  7BE5 : 68;
  7BE6 : 67;
  7BE7 : 68;
  7BE8 : 7C;
  7BE9 : 86;
  7BEA : 85;
  7BEB : 85;
  7BEC : 85;
  7BED : 85;
  7BEE : 85;
  7BEF : 85;
  7BF0 : 85;
  7BF1 : 85;
  7BF2 : 85;
  7BF3 : 85;
  7BF4 : 85;
  7BF5 : 85;
  7BF6 : 85;
  7BF7 : 85;
  7BF8 : 85;
  7BF9 : 85;
  7BFA : 85;
  7BFB : 85;
  7BFC : 85;
  7BFD : 85;
  7BFE : 85;
  7BFF : 85;
  7C00 : 85;
  7C01 : 85;
  7C02 : 85;
  7C03 : 86;
  7C04 : 88;
  7C05 : 8B;
  7C06 : 8D;
  7C07 : BF;
  7C08 : EF;
  7C09 : FF;
  7C0A : FF;
  7C0B : FF;
  7C0C : FF;
  7C0D : FF;
  7C0E : FF;
  7C0F : FF;
  7C10 : FF;
  7C11 : FF;
  7C12 : FF;
  7C13 : FF;
  7C14 : FF;
  7C15 : FF;
  7C16 : FF;
  7C17 : FF;
  7C18 : FF;
  7C19 : FF;
  7C1A : FF;
  7C1B : FF;
  7C1C : FF;
  7C1D : FF;
  7C1E : FF;
  7C1F : FF;
  7C20 : FF;
  7C21 : FF;
  7C22 : FF;
  7C23 : FF;
  7C24 : FF;
  7C25 : FF;
  7C26 : FF;
  7C27 : FF;
  7C28 : FF;
  7C29 : FF;
  7C2A : FF;
  7C2B : FF;
  7C2C : FF;
  7C2D : FF;
  7C2E : FF;
  7C2F : FF;
  7C30 : FF;
  7C31 : FB;
  7C32 : F2;
  7C33 : EF;
  7C34 : ED;
  7C35 : ED;
  7C36 : ED;
  7C37 : ED;
  7C38 : ED;
  7C39 : ED;
  7C3A : ED;
  7C3B : ED;
  7C3C : ED;
  7C3D : ED;
  7C3E : ED;
  7C3F : ED;
  7C40 : ED;
  7C41 : EE;
  7C42 : F7;
  7C43 : F9;
  7C44 : FF;
  7C45 : FF;
  7C46 : FF;
  7C47 : FF;
  7C48 : FF;
  7C49 : FF;
  7C4A : FF;
  7C4B : FF;
  7C4C : FF;
  7C4D : FF;
  7C4E : FF;
  7C4F : FF;
  7C50 : FF;
  7C51 : FF;
  7C52 : FF;
  7C53 : FF;
  7C54 : FF;
  7C55 : FF;
  7C56 : FF;
  7C57 : FF;
  7C58 : FF;
  7C59 : FF;
  7C5A : FF;
  7C5B : FF;
  7C5C : FF;
  7C5D : FF;
  7C5E : FF;
  7C5F : FF;
  7C60 : FF;
  7C61 : FF;
  7C62 : FF;
  7C63 : FF;
  7C64 : FF;
  7C65 : FF;
  7C66 : FF;
  7C67 : FF;
  7C68 : ED;
  7C69 : C6;
  7C6A : C3;
  7C6B : F5;
  7C6C : FF;
  7C6D : FF;
  7C6E : FF;
  7C6F : FF;
  7C70 : FD;
  7C71 : FB;
  7C72 : F8;
  7C73 : F5;
  7C74 : F3;
  7C75 : EF;
  7C76 : E8;
  7C77 : E2;
  7C78 : DC;
  7C79 : D5;
  7C7A : CF;
  7C7B : C9;
  7C7C : C4;
  7C7D : C3;
  7C7E : CE;
  7C7F : EE;
  7C80 : FF;
  7C81 : FF;
  7C82 : FF;
  7C83 : FF;
  7C84 : FF;
  7C85 : FF;
  7C86 : FF;
  7C87 : FF;
  7C88 : FF;
  7C89 : FF;
  7C8A : FF;
  7C8B : FF;
  7C8C : C3;
  7C8D : 6C;
  7C8E : 68;
  7C8F : 68;
  7C90 : 68;
  7C91 : 68;
  7C92 : 68;
  7C93 : 68;
  7C94 : 68;
  7C95 : 68;
  7C96 : 68;
  7C97 : 68;
  7C98 : 68;
  7C99 : 68;
  7C9A : 68;
  7C9B : 68;
  7C9C : 68;
  7C9D : 68;
  7C9E : 68;
  7C9F : 68;
  7CA0 : 68;
  7CA1 : 68;
  7CA2 : 68;
  7CA3 : 66;
  7CA4 : 5A;
  7CA5 : 56;
  7CA6 : 60;
  7CA7 : 68;
  7CA8 : 68;
  7CA9 : 68;
  7CAA : 68;
  7CAB : 5E;
  7CAC : 60;
  7CAD : 69;
  7CAE : 68;
  7CAF : 68;
  7CB0 : 68;
  7CB1 : 68;
  7CB2 : 67;
  7CB3 : 74;
  7CB4 : 85;
  7CB5 : 85;
  7CB6 : 85;
  7CB7 : 85;
  7CB8 : 85;
  7CB9 : 85;
  7CBA : 85;
  7CBB : 85;
  7CBC : 85;
  7CBD : 85;
  7CBE : 85;
  7CBF : 85;
  7CC0 : 85;
  7CC1 : 85;
  7CC2 : 85;
  7CC3 : 85;
  7CC4 : 85;
  7CC5 : 85;
  7CC6 : 85;
  7CC7 : 85;
  7CC8 : 85;
  7CC9 : 85;
  7CCA : 85;
  7CCB : 85;
  7CCC : 85;
  7CCD : 86;
  7CCE : 8B;
  7CCF : 89;
  7CD0 : 8D;
  7CD1 : B9;
  7CD2 : EA;
  7CD3 : FE;
  7CD4 : FF;
  7CD5 : FF;
  7CD6 : FF;
  7CD7 : FF;
  7CD8 : FF;
  7CD9 : FF;
  7CDA : FF;
  7CDB : FF;
  7CDC : FF;
  7CDD : FF;
  7CDE : FF;
  7CDF : FF;
  7CE0 : FF;
  7CE1 : FF;
  7CE2 : FF;
  7CE3 : FF;
  7CE4 : FF;
  7CE5 : FF;
  7CE6 : FF;
  7CE7 : FF;
  7CE8 : FF;
  7CE9 : FF;
  7CEA : FF;
  7CEB : FF;
  7CEC : FF;
  7CED : FF;
  7CEE : FF;
  7CEF : FF;
  7CF0 : FF;
  7CF1 : FF;
  7CF2 : FF;
  7CF3 : FF;
  7CF4 : FF;
  7CF5 : FF;
  7CF6 : FF;
  7CF7 : FF;
  7CF8 : FF;
  7CF9 : FF;
  7CFA : FF;
  7CFB : FF;
  7CFC : FF;
  7CFD : FB;
  7CFE : EF;
  7CFF : F3;
  7D00 : ED;
  7D01 : ED;
  7D02 : ED;
  7D03 : ED;
  7D04 : ED;
  7D05 : ED;
  7D06 : ED;
  7D07 : ED;
  7D08 : ED;
  7D09 : ED;
  7D0A : ED;
  7D0B : ED;
  7D0C : ED;
  7D0D : F0;
  7D0E : EE;
  7D0F : FB;
  7D10 : FF;
  7D11 : FF;
  7D12 : FF;
  7D13 : FF;
  7D14 : FF;
  7D15 : FF;
  7D16 : FF;
  7D17 : FF;
  7D18 : FF;
  7D19 : FF;
  7D1A : FF;
  7D1B : FF;
  7D1C : FF;
  7D1D : FF;
  7D1E : FF;
  7D1F : FF;
  7D20 : FF;
  7D21 : FF;
  7D22 : FF;
  7D23 : FF;
  7D24 : FF;
  7D25 : FF;
  7D26 : FF;
  7D27 : FF;
  7D28 : FF;
  7D29 : FF;
  7D2A : FF;
  7D2B : FF;
  7D2C : FF;
  7D2D : FF;
  7D2E : FF;
  7D2F : FF;
  7D30 : FF;
  7D31 : FF;
  7D32 : FF;
  7D33 : FF;
  7D34 : E0;
  7D35 : CB;
  7D36 : CD;
  7D37 : FA;
  7D38 : FF;
  7D39 : FF;
  7D3A : FF;
  7D3B : FF;
  7D3C : FF;
  7D3D : FF;
  7D3E : FF;
  7D3F : FF;
  7D40 : FF;
  7D41 : FF;
  7D42 : FF;
  7D43 : FF;
  7D44 : FF;
  7D45 : FE;
  7D46 : FD;
  7D47 : FD;
  7D48 : F6;
  7D49 : F4;
  7D4A : FC;
  7D4B : FF;
  7D4C : FF;
  7D4D : FF;
  7D4E : FF;
  7D4F : FF;
  7D50 : FF;
  7D51 : FF;
  7D52 : FF;
  7D53 : FF;
  7D54 : FF;
  7D55 : FF;
  7D56 : FF;
  7D57 : FE;
  7D58 : A4;
  7D59 : 6F;
  7D5A : 68;
  7D5B : 68;
  7D5C : 68;
  7D5D : 68;
  7D5E : 68;
  7D5F : 68;
  7D60 : 68;
  7D61 : 68;
  7D62 : 68;
  7D63 : 68;
  7D64 : 68;
  7D65 : 68;
  7D66 : 68;
  7D67 : 68;
  7D68 : 68;
  7D69 : 68;
  7D6A : 68;
  7D6B : 68;
  7D6C : 68;
  7D6D : 68;
  7D6E : 66;
  7D6F : 5C;
  7D70 : 56;
  7D71 : 5C;
  7D72 : 67;
  7D73 : 68;
  7D74 : 68;
  7D75 : 68;
  7D76 : 62;
  7D77 : 5A;
  7D78 : 64;
  7D79 : 68;
  7D7A : 68;
  7D7B : 68;
  7D7C : 68;
  7D7D : 66;
  7D7E : 6E;
  7D7F : 83;
  7D80 : 86;
  7D81 : 85;
  7D82 : 85;
  7D83 : 85;
  7D84 : 85;
  7D85 : 85;
  7D86 : 85;
  7D87 : 85;
  7D88 : 85;
  7D89 : 85;
  7D8A : 85;
  7D8B : 85;
  7D8C : 85;
  7D8D : 85;
  7D8E : 85;
  7D8F : 85;
  7D90 : 85;
  7D91 : 85;
  7D92 : 85;
  7D93 : 85;
  7D94 : 85;
  7D95 : 85;
  7D96 : 85;
  7D97 : 85;
  7D98 : 8B;
  7D99 : 8A;
  7D9A : 96;
  7D9B : BB;
  7D9C : EA;
  7D9D : FF;
  7D9E : FF;
  7D9F : FF;
  7DA0 : FF;
  7DA1 : FF;
  7DA2 : FF;
  7DA3 : FF;
  7DA4 : FF;
  7DA5 : FF;
  7DA6 : FF;
  7DA7 : FF;
  7DA8 : FF;
  7DA9 : FF;
  7DAA : FF;
  7DAB : FF;
  7DAC : FF;
  7DAD : FF;
  7DAE : FF;
  7DAF : FF;
  7DB0 : FF;
  7DB1 : FF;
  7DB2 : FF;
  7DB3 : FF;
  7DB4 : FF;
  7DB5 : FF;
  7DB6 : FF;
  7DB7 : FF;
  7DB8 : FF;
  7DB9 : FF;
  7DBA : FF;
  7DBB : FF;
  7DBC : FF;
  7DBD : FF;
  7DBE : FF;
  7DBF : FF;
  7DC0 : FF;
  7DC1 : FF;
  7DC2 : FF;
  7DC3 : FF;
  7DC4 : FF;
  7DC5 : FF;
  7DC6 : FF;
  7DC7 : FF;
  7DC8 : FF;
  7DC9 : FE;
  7DCA : F2;
  7DCB : F6;
  7DCC : ED;
  7DCD : ED;
  7DCE : ED;
  7DCF : ED;
  7DD0 : ED;
  7DD1 : ED;
  7DD2 : ED;
  7DD3 : ED;
  7DD4 : ED;
  7DD5 : ED;
  7DD6 : ED;
  7DD7 : ED;
  7DD8 : ED;
  7DD9 : F4;
  7DDA : F0;
  7DDB : FC;
  7DDC : FF;
  7DDD : FF;
  7DDE : FF;
  7DDF : FF;
  7DE0 : FF;
  7DE1 : FF;
  7DE2 : FF;
  7DE3 : FF;
  7DE4 : FF;
  7DE5 : FF;
  7DE6 : FF;
  7DE7 : FF;
  7DE8 : FF;
  7DE9 : FF;
  7DEA : FF;
  7DEB : FF;
  7DEC : FF;
  7DED : FF;
  7DEE : FF;
  7DEF : FF;
  7DF0 : FF;
  7DF1 : FF;
  7DF2 : FF;
  7DF3 : FF;
  7DF4 : FF;
  7DF5 : FF;
  7DF6 : FF;
  7DF7 : FF;
  7DF8 : FF;
  7DF9 : FF;
  7DFA : FF;
  7DFB : FF;
  7DFC : FF;
  7DFD : FF;
  7DFE : FF;
  7DFF : FC;
  7E00 : D1;
  7E01 : CA;
  7E02 : DB;
  7E03 : FE;
  7E04 : FF;
  7E05 : FF;
  7E06 : FF;
  7E07 : FF;
  7E08 : FF;
  7E09 : FF;
  7E0A : FF;
  7E0B : FF;
  7E0C : FF;
  7E0D : FF;
  7E0E : FF;
  7E0F : FF;
  7E10 : FF;
  7E11 : FF;
  7E12 : FF;
  7E13 : FF;
  7E14 : FF;
  7E15 : FF;
  7E16 : FF;
  7E17 : FF;
  7E18 : FF;
  7E19 : FF;
  7E1A : FF;
  7E1B : FF;
  7E1C : FF;
  7E1D : FF;
  7E1E : FF;
  7E1F : FF;
  7E20 : FF;
  7E21 : FF;
  7E22 : FF;
  7E23 : EC;
  7E24 : 82;
  7E25 : 6B;
  7E26 : 68;
  7E27 : 68;
  7E28 : 68;
  7E29 : 68;
  7E2A : 68;
  7E2B : 68;
  7E2C : 68;
  7E2D : 68;
  7E2E : 68;
  7E2F : 68;
  7E30 : 68;
  7E31 : 68;
  7E32 : 68;
  7E33 : 68;
  7E34 : 68;
  7E35 : 68;
  7E36 : 68;
  7E37 : 68;
  7E38 : 69;
  7E39 : 66;
  7E3A : 5C;
  7E3B : 56;
  7E3C : 5A;
  7E3D : 65;
  7E3E : 69;
  7E3F : 68;
  7E40 : 68;
  7E41 : 66;
  7E42 : 5A;
  7E43 : 5D;
  7E44 : 68;
  7E45 : 68;
  7E46 : 68;
  7E47 : 68;
  7E48 : 67;
  7E49 : 69;
  7E4A : 7D;
  7E4B : 86;
  7E4C : 85;
  7E4D : 85;
  7E4E : 85;
  7E4F : 85;
  7E50 : 85;
  7E51 : 85;
  7E52 : 85;
  7E53 : 85;
  7E54 : 85;
  7E55 : 85;
  7E56 : 85;
  7E57 : 85;
  7E58 : 85;
  7E59 : 85;
  7E5A : 85;
  7E5B : 85;
  7E5C : 85;
  7E5D : 85;
  7E5E : 85;
  7E5F : 85;
  7E60 : 85;
  7E61 : 85;
  7E62 : 85;
  7E63 : 8C;
  7E64 : 9A;
  7E65 : C3;
  7E66 : EF;
  7E67 : FF;
  7E68 : FF;
  7E69 : FF;
  7E6A : FF;
  7E6B : FF;
  7E6C : FF;
  7E6D : FF;
  7E6E : FF;
  7E6F : FF;
  7E70 : FF;
  7E71 : FF;
  7E72 : FF;
  7E73 : FF;
  7E74 : FF;
  7E75 : FF;
  7E76 : FF;
  7E77 : FF;
  7E78 : FF;
  7E79 : FF;
  7E7A : FF;
  7E7B : FF;
  7E7C : FF;
  7E7D : FF;
  7E7E : FF;
  7E7F : FF;
  7E80 : FF;
  7E81 : FF;
  7E82 : FF;
  7E83 : FF;
  7E84 : FF;
  7E85 : FF;
  7E86 : FF;
  7E87 : FF;
  7E88 : FF;
  7E89 : FF;
  7E8A : FF;
  7E8B : FF;
  7E8C : FF;
  7E8D : FF;
  7E8E : FF;
  7E8F : FF;
  7E90 : FF;
  7E91 : FF;
  7E92 : FF;
  7E93 : FF;
  7E94 : FF;
  7E95 : FE;
  7E96 : F4;
  7E97 : FB;
  7E98 : ED;
  7E99 : ED;
  7E9A : ED;
  7E9B : ED;
  7E9C : ED;
  7E9D : ED;
  7E9E : ED;
  7E9F : ED;
  7EA0 : ED;
  7EA1 : ED;
  7EA2 : ED;
  7EA3 : ED;
  7EA4 : ED;
  7EA5 : F9;
  7EA6 : F4;
  7EA7 : FE;
  7EA8 : FF;
  7EA9 : FF;
  7EAA : FF;
  7EAB : FF;
  7EAC : FF;
  7EAD : FF;
  7EAE : FF;
  7EAF : FF;
  7EB0 : FF;
  7EB1 : FF;
  7EB2 : FF;
  7EB3 : FF;
  7EB4 : FF;
  7EB5 : FF;
  7EB6 : FF;
  7EB7 : FF;
  7EB8 : FF;
  7EB9 : FF;
  7EBA : FF;
  7EBB : FF;
  7EBC : FF;
  7EBD : FF;
  7EBE : FF;
  7EBF : FF;
  7EC0 : FF;
  7EC1 : FF;
  7EC2 : FF;
  7EC3 : FF;
  7EC4 : FF;
  7EC5 : FF;
  7EC6 : FF;
  7EC7 : FF;
  7EC8 : FF;
  7EC9 : FF;
  7ECA : FF;
  7ECB : F5;
  7ECC : C4;
  7ECD : C9;
  7ECE : E8;
  7ECF : FF;
  7ED0 : FF;
  7ED1 : FF;
  7ED2 : FF;
  7ED3 : FF;
  7ED4 : FF;
  7ED5 : FF;
  7ED6 : FF;
  7ED7 : FF;
  7ED8 : FF;
  7ED9 : FF;
  7EDA : FF;
  7EDB : FF;
  7EDC : FF;
  7EDD : FF;
  7EDE : FF;
  7EDF : FF;
  7EE0 : FF;
  7EE1 : FF;
  7EE2 : FF;
  7EE3 : FF;
  7EE4 : FF;
  7EE5 : FF;
  7EE6 : FF;
  7EE7 : FF;
  7EE8 : FF;
  7EE9 : FF;
  7EEA : FF;
  7EEB : FF;
  7EEC : FF;
  7EED : FF;
  7EEE : FF;
  7EEF : DD;
  7EF0 : 68;
  7EF1 : 69;
  7EF2 : 68;
  7EF3 : 68;
  7EF4 : 68;
  7EF5 : 68;
  7EF6 : 68;
  7EF7 : 68;
  7EF8 : 68;
  7EF9 : 68;
  7EFA : 68;
  7EFB : 68;
  7EFC : 68;
  7EFD : 68;
  7EFE : 68;
  7EFF : 68;
  7F00 : 68;
  7F01 : 68;
  7F02 : 68;
  7F03 : 68;
  7F04 : 66;
  7F05 : 5C;
  7F06 : 56;
  7F07 : 57;
  7F08 : 63;
  7F09 : 69;
  7F0A : 68;
  7F0B : 68;
  7F0C : 68;
  7F0D : 5E;
  7F0E : 57;
  7F0F : 63;
  7F10 : 69;
  7F11 : 68;
  7F12 : 68;
  7F13 : 67;
  7F14 : 67;
  7F15 : 77;
  7F16 : 86;
  7F17 : 85;
  7F18 : 85;
  7F19 : 85;
  7F1A : 85;
  7F1B : 85;
  7F1C : 85;
  7F1D : 85;
  7F1E : 85;
  7F1F : 85;
  7F20 : 85;
  7F21 : 85;
  7F22 : 85;
  7F23 : 85;
  7F24 : 85;
  7F25 : 85;
  7F26 : 85;
  7F27 : 85;
  7F28 : 85;
  7F29 : 85;
  7F2A : 85;
  7F2B : 85;
  7F2C : 85;
  7F2D : 88;
  7F2E : 8B;
  7F2F : A4;
  7F30 : EA;
  7F31 : FF;
  7F32 : FF;
  7F33 : FF;
  7F34 : FF;
  7F35 : FF;
  7F36 : FF;
  7F37 : FF;
  7F38 : FF;
  7F39 : FF;
  7F3A : FF;
  7F3B : FF;
  7F3C : FF;
  7F3D : FF;
  7F3E : FF;
  7F3F : FF;
  7F40 : FF;
  7F41 : FF;
  7F42 : FF;
  7F43 : FF;
  7F44 : FF;
  7F45 : FF;
  7F46 : FF;
  7F47 : FF;
  7F48 : FF;
  7F49 : FF;
  7F4A : FF;
  7F4B : FF;
  7F4C : FF;
  7F4D : FF;
  7F4E : FF;
  7F4F : FF;
  7F50 : FF;
  7F51 : FF;
  7F52 : FF;
  7F53 : FF;
  7F54 : FF;
  7F55 : FF;
  7F56 : FF;
  7F57 : FF;
  7F58 : FF;
  7F59 : FF;
  7F5A : FF;
  7F5B : FF;
  7F5C : FF;
  7F5D : FF;
  7F5E : FF;
  7F5F : FF;
  7F60 : FF;
  7F61 : FF;
  7F62 : F6;
  7F63 : FB;
  7F64 : EE;
  7F65 : ED;
  7F66 : ED;
  7F67 : ED;
  7F68 : ED;
  7F69 : ED;
  7F6A : ED;
  7F6B : ED;
  7F6C : ED;
  7F6D : ED;
  7F6E : ED;
  7F6F : ED;
  7F70 : ED;
  7F71 : FD;
  7F72 : F6;
  7F73 : FF;
  7F74 : FF;
  7F75 : FF;
  7F76 : FF;
  7F77 : FF;
  7F78 : FF;
  7F79 : FF;
  7F7A : FF;
  7F7B : FF;
  7F7C : FF;
  7F7D : FF;
  7F7E : FF;
  7F7F : FF;
  7F80 : FF;
  7F81 : FF;
  7F82 : FF;
  7F83 : FF;
  7F84 : FF;
  7F85 : FF;
  7F86 : FF;
  7F87 : FF;
  7F88 : FF;
  7F89 : FF;
  7F8A : FF;
  7F8B : FF;
  7F8C : FF;
  7F8D : FF;
  7F8E : FF;
  7F8F : FF;
  7F90 : FF;
  7F91 : FF;
  7F92 : FF;
  7F93 : FF;
  7F94 : FF;
  7F95 : FF;
  7F96 : FF;
  7F97 : E8;
  7F98 : C5;
  7F99 : C5;
  7F9A : F1;
  7F9B : FF;
  7F9C : FF;
  7F9D : FF;
  7F9E : FF;
  7F9F : FF;
  7FA0 : FF;
  7FA1 : FF;
  7FA2 : FF;
  7FA3 : FF;
  7FA4 : FF;
  7FA5 : FF;
  7FA6 : FF;
  7FA7 : FF;
  7FA8 : FF;
  7FA9 : FF;
  7FAA : FF;
  7FAB : FF;
  7FAC : FF;
  7FAD : FF;
  7FAE : FF;
  7FAF : FF;
  7FB0 : FF;
  7FB1 : FF;
  7FB2 : FF;
  7FB3 : FF;
  7FB4 : FF;
  7FB5 : FF;
  7FB6 : FF;
  7FB7 : FF;
  7FB8 : FF;
  7FB9 : FF;
  7FBA : FF;
  7FBB : C3;
  7FBC : 6D;
  7FBD : 68;
  7FBE : 68;
  7FBF : 68;
  7FC0 : 68;
  7FC1 : 68;
  7FC2 : 68;
  7FC3 : 68;
  7FC4 : 68;
  7FC5 : 68;
  7FC6 : 68;
  7FC7 : 68;
  7FC8 : 68;
  7FC9 : 68;
  7FCA : 68;
  7FCB : 68;
  7FCC : 68;
  7FCD : 68;
  7FCE : 68;
  7FCF : 66;
  7FD0 : 5C;
  7FD1 : 56;
  7FD2 : 57;
  7FD3 : 61;
  7FD4 : 68;
  7FD5 : 68;
  7FD6 : 68;
  7FD7 : 68;
  7FD8 : 62;
  7FD9 : 57;
  7FDA : 5B;
  7FDB : 68;
  7FDC : 68;
  7FDD : 68;
  7FDE : 68;
  7FDF : 66;
  7FE0 : 73;
  7FE1 : 85;
  7FE2 : 86;
  7FE3 : 85;
  7FE4 : 85;
  7FE5 : 85;
  7FE6 : 85;
  7FE7 : 85;
  7FE8 : 85;
  7FE9 : 85;
  7FEA : 85;
  7FEB : 85;
  7FEC : 85;
  7FED : 85;
  7FEE : 85;
  7FEF : 85;
  7FF0 : 85;
  7FF1 : 85;
  7FF2 : 85;
  7FF3 : 85;
  7FF4 : 85;
  7FF5 : 85;
  7FF6 : 85;
  7FF7 : 85;
  7FF8 : 89;
  7FF9 : 86;
  7FFA : B1;
  7FFB : F4;
  7FFC : FF;
  7FFD : FF;
  7FFE : FF;
  7FFF : FF;
  8000 : FF;
  8001 : FF;
  8002 : FF;
  8003 : FF;
  8004 : FF;
  8005 : FF;
  8006 : FF;
  8007 : FF;
  8008 : FF;
  8009 : FF;
  800A : FF;
  800B : FF;
  800C : FF;
  800D : FF;
  800E : FF;
  800F : FF;
  8010 : FF;
  8011 : FF;
  8012 : FF;
  8013 : FF;
  8014 : FF;
  8015 : FF;
  8016 : FF;
  8017 : FF;
  8018 : FF;
  8019 : FF;
  801A : FF;
  801B : FF;
  801C : FF;
  801D : FF;
  801E : FF;
  801F : FF;
  8020 : FF;
  8021 : FF;
  8022 : FF;
  8023 : FF;
  8024 : FF;
  8025 : FF;
  8026 : FF;
  8027 : FF;
  8028 : FF;
  8029 : FF;
  802A : FF;
  802B : FF;
  802C : FF;
  802D : FF;
  802E : FA;
  802F : EE;
  8030 : F1;
  8031 : ED;
  8032 : ED;
  8033 : ED;
  8034 : ED;
  8035 : ED;
  8036 : ED;
  8037 : ED;
  8038 : ED;
  8039 : ED;
  803A : ED;
  803B : ED;
  803C : EF;
  803D : F2;
  803E : F8;
  803F : FF;
  8040 : FF;
  8041 : FF;
  8042 : FF;
  8043 : FF;
  8044 : FF;
  8045 : FF;
  8046 : FF;
  8047 : FF;
  8048 : FF;
  8049 : FF;
  804A : FF;
  804B : FF;
  804C : FF;
  804D : FF;
  804E : FF;
  804F : FF;
  8050 : FF;
  8051 : FF;
  8052 : FF;
  8053 : FF;
  8054 : FF;
  8055 : FF;
  8056 : FF;
  8057 : FF;
  8058 : FF;
  8059 : FF;
  805A : FF;
  805B : FF;
  805C : FF;
  805D : FF;
  805E : FF;
  805F : FF;
  8060 : FF;
  8061 : FF;
  8062 : FF;
  8063 : D7;
  8064 : CA;
  8065 : D0;
  8066 : F9;
  8067 : FF;
  8068 : FF;
  8069 : FF;
  806A : FF;
  806B : FF;
  806C : FF;
  806D : FF;
  806E : FF;
  806F : FF;
  8070 : FF;
  8071 : FF;
  8072 : FF;
  8073 : FF;
  8074 : FF;
  8075 : FF;
  8076 : FF;
  8077 : FF;
  8078 : FF;
  8079 : FF;
  807A : FF;
  807B : FF;
  807C : FF;
  807D : FF;
  807E : FF;
  807F : FF;
  8080 : FF;
  8081 : FF;
  8082 : FF;
  8083 : FF;
  8084 : FF;
  8085 : FF;
  8086 : FD;
  8087 : A7;
  8088 : 6B;
  8089 : 68;
  808A : 68;
  808B : 68;
  808C : 68;
  808D : 68;
  808E : 68;
  808F : 68;
  8090 : 68;
  8091 : 68;
  8092 : 68;
  8093 : 68;
  8094 : 68;
  8095 : 68;
  8096 : 68;
  8097 : 68;
  8098 : 68;
  8099 : 69;
  809A : 66;
  809B : 5B;
  809C : 56;
  809D : 56;
  809E : 5E;
  809F : 68;
  80A0 : 68;
  80A1 : 68;
  80A2 : 69;
  80A3 : 65;
  80A4 : 5A;
  80A5 : 57;
  80A6 : 63;
  80A7 : 68;
  80A8 : 68;
  80A9 : 68;
  80AA : 66;
  80AB : 6E;
  80AC : 82;
  80AD : 86;
  80AE : 85;
  80AF : 85;
  80B0 : 85;
  80B1 : 85;
  80B2 : 85;
  80B3 : 85;
  80B4 : 85;
  80B5 : 85;
  80B6 : 85;
  80B7 : 85;
  80B8 : 85;
  80B9 : 85;
  80BA : 85;
  80BB : 85;
  80BC : 85;
  80BD : 85;
  80BE : 85;
  80BF : 85;
  80C0 : 85;
  80C1 : 85;
  80C2 : 85;
  80C3 : 8C;
  80C4 : 90;
  80C5 : C7;
  80C6 : FC;
  80C7 : FF;
  80C8 : FF;
  80C9 : FF;
  80CA : FF;
  80CB : FF;
  80CC : FF;
  80CD : FF;
  80CE : FF;
  80CF : FF;
  80D0 : FF;
  80D1 : FF;
  80D2 : FF;
  80D3 : FF;
  80D4 : FF;
  80D5 : FF;
  80D6 : FF;
  80D7 : FF;
  80D8 : FF;
  80D9 : FF;
  80DA : FF;
  80DB : FF;
  80DC : FF;
  80DD : FF;
  80DE : FF;
  80DF : FF;
  80E0 : FF;
  80E1 : FF;
  80E2 : FF;
  80E3 : FF;
  80E4 : FF;
  80E5 : FF;
  80E6 : FF;
  80E7 : FF;
  80E8 : FF;
  80E9 : FF;
  80EA : FF;
  80EB : FF;
  80EC : FF;
  80ED : FF;
  80EE : FF;
  80EF : FF;
  80F0 : FF;
  80F1 : FF;
  80F2 : FF;
  80F3 : FF;
  80F4 : FF;
  80F5 : FF;
  80F6 : FF;
  80F7 : FF;
  80F8 : FF;
  80F9 : FF;
  80FA : FC;
  80FB : F1;
  80FC : F6;
  80FD : ED;
  80FE : ED;
  80FF : ED;
  8100 : ED;
  8101 : ED;
  8102 : ED;
  8103 : ED;
  8104 : ED;
  8105 : ED;
  8106 : ED;
  8107 : ED;
  8108 : F3;
  8109 : EF;
  810A : FB;
  810B : FF;
  810C : FF;
  810D : FF;
  810E : FF;
  810F : FF;
  8110 : FF;
  8111 : FF;
  8112 : FF;
  8113 : FF;
  8114 : FF;
  8115 : FF;
  8116 : FF;
  8117 : FF;
  8118 : FF;
  8119 : FF;
  811A : FF;
  811B : FF;
  811C : FF;
  811D : FF;
  811E : FF;
  811F : FF;
  8120 : FF;
  8121 : FF;
  8122 : FF;
  8123 : FF;
  8124 : FF;
  8125 : FF;
  8126 : FF;
  8127 : FF;
  8128 : FF;
  8129 : FF;
  812A : FF;
  812B : FF;
  812C : FF;
  812D : FF;
  812E : FD;
  812F : CC;
  8130 : CE;
  8131 : DC;
  8132 : FF;
  8133 : FF;
  8134 : FF;
  8135 : FF;
  8136 : FF;
  8137 : FF;
  8138 : FF;
  8139 : FF;
  813A : FF;
  813B : FF;
  813C : FF;
  813D : FF;
  813E : FF;
  813F : FF;
  8140 : FF;
  8141 : FF;
  8142 : FF;
  8143 : FF;
  8144 : FF;
  8145 : FF;
  8146 : FF;
  8147 : FF;
  8148 : FF;
  8149 : FF;
  814A : FF;
  814B : FF;
  814C : FF;
  814D : FF;
  814E : FF;
  814F : FF;
  8150 : FF;
  8151 : FF;
  8152 : F9;
  8153 : 92;
  8154 : 6B;
  8155 : 68;
  8156 : 68;
  8157 : 68;
  8158 : 68;
  8159 : 68;
  815A : 68;
  815B : 68;
  815C : 68;
  815D : 68;
  815E : 68;
  815F : 68;
  8160 : 68;
  8161 : 68;
  8162 : 68;
  8163 : 68;
  8164 : 69;
  8165 : 65;
  8166 : 5B;
  8167 : 57;
  8168 : 57;
  8169 : 5D;
  816A : 67;
  816B : 68;
  816C : 68;
  816D : 68;
  816E : 67;
  816F : 5C;
  8170 : 56;
  8171 : 5D;
  8172 : 67;
  8173 : 68;
  8174 : 68;
  8175 : 66;
  8176 : 6B;
  8177 : 7F;
  8178 : 86;
  8179 : 85;
  817A : 85;
  817B : 85;
  817C : 85;
  817D : 85;
  817E : 85;
  817F : 85;
  8180 : 85;
  8181 : 85;
  8182 : 85;
  8183 : 85;
  8184 : 85;
  8185 : 85;
  8186 : 85;
  8187 : 85;
  8188 : 85;
  8189 : 85;
  818A : 85;
  818B : 85;
  818C : 85;
  818D : 87;
  818E : 8C;
  818F : 98;
  8190 : DD;
  8191 : FF;
  8192 : FF;
  8193 : FF;
  8194 : FF;
  8195 : FF;
  8196 : FF;
  8197 : FF;
  8198 : FF;
  8199 : FF;
  819A : FF;
  819B : FF;
  819C : FF;
  819D : FF;
  819E : FF;
  819F : FF;
  81A0 : FF;
  81A1 : FF;
  81A2 : FF;
  81A3 : FF;
  81A4 : FF;
  81A5 : FF;
  81A6 : FF;
  81A7 : FF;
  81A8 : FF;
  81A9 : FF;
  81AA : FF;
  81AB : FF;
  81AC : FF;
  81AD : FF;
  81AE : FF;
  81AF : FF;
  81B0 : FF;
  81B1 : FF;
  81B2 : FF;
  81B3 : FF;
  81B4 : FF;
  81B5 : FF;
  81B6 : FF;
  81B7 : FF;
  81B8 : FF;
  81B9 : FF;
  81BA : FF;
  81BB : FF;
  81BC : FF;
  81BD : FF;
  81BE : FF;
  81BF : FF;
  81C0 : FF;
  81C1 : FF;
  81C2 : FF;
  81C3 : FF;
  81C4 : FF;
  81C5 : FF;
  81C6 : FF;
  81C7 : F3;
  81C8 : FB;
  81C9 : ED;
  81CA : ED;
  81CB : ED;
  81CC : ED;
  81CD : ED;
  81CE : ED;
  81CF : ED;
  81D0 : ED;
  81D1 : ED;
  81D2 : ED;
  81D3 : ED;
  81D4 : F9;
  81D5 : F3;
  81D6 : FD;
  81D7 : FF;
  81D8 : FF;
  81D9 : FF;
  81DA : FF;
  81DB : FF;
  81DC : FF;
  81DD : FF;
  81DE : FF;
  81DF : FF;
  81E0 : FF;
  81E1 : FF;
  81E2 : FF;
  81E3 : FF;
  81E4 : FF;
  81E5 : FF;
  81E6 : FF;
  81E7 : FF;
  81E8 : FF;
  81E9 : FF;
  81EA : FF;
  81EB : FF;
  81EC : FF;
  81ED : FF;
  81EE : FF;
  81EF : FF;
  81F0 : FF;
  81F1 : FF;
  81F2 : FF;
  81F3 : FF;
  81F4 : FF;
  81F5 : FF;
  81F6 : FF;
  81F7 : FF;
  81F8 : FF;
  81F9 : FF;
  81FA : F2;
  81FB : C6;
  81FC : C8;
  81FD : E5;
  81FE : FF;
  81FF : FF;
  8200 : FF;
  8201 : FF;
  8202 : FF;
  8203 : FF;
  8204 : FF;
  8205 : FF;
  8206 : FF;
  8207 : FF;
  8208 : FF;
  8209 : FF;
  820A : FF;
  820B : FF;
  820C : F2;
  820D : E6;
  820E : F0;
  820F : FE;
  8210 : FF;
  8211 : FF;
  8212 : FF;
  8213 : FF;
  8214 : FF;
  8215 : FF;
  8216 : FF;
  8217 : FF;
  8218 : FF;
  8219 : FF;
  821A : FF;
  821B : FF;
  821C : FF;
  821D : FF;
  821E : F5;
  821F : 80;
  8220 : 6A;
  8221 : 68;
  8222 : 68;
  8223 : 68;
  8224 : 68;
  8225 : 68;
  8226 : 68;
  8227 : 68;
  8228 : 68;
  8229 : 68;
  822A : 68;
  822B : 68;
  822C : 68;
  822D : 68;
  822E : 68;
  822F : 69;
  8230 : 64;
  8231 : 5A;
  8232 : 56;
  8233 : 56;
  8234 : 5B;
  8235 : 66;
  8236 : 68;
  8237 : 68;
  8238 : 68;
  8239 : 68;
  823A : 5E;
  823B : 57;
  823C : 58;
  823D : 64;
  823E : 69;
  823F : 68;
  8240 : 67;
  8241 : 69;
  8242 : 7C;
  8243 : 86;
  8244 : 85;
  8245 : 85;
  8246 : 85;
  8247 : 85;
  8248 : 85;
  8249 : 85;
  824A : 85;
  824B : 85;
  824C : 85;
  824D : 85;
  824E : 85;
  824F : 85;
  8250 : 85;
  8251 : 85;
  8252 : 85;
  8253 : 85;
  8254 : 85;
  8255 : 85;
  8256 : 85;
  8257 : 85;
  8258 : 89;
  8259 : 87;
  825A : B3;
  825B : EF;
  825C : FF;
  825D : FF;
  825E : FF;
  825F : FF;
  8260 : FF;
  8261 : FF;
  8262 : FF;
  8263 : FF;
  8264 : FF;
  8265 : FF;
  8266 : FF;
  8267 : FF;
  8268 : FF;
  8269 : FF;
  826A : FF;
  826B : FF;
  826C : FF;
  826D : FF;
  826E : FF;
  826F : FF;
  8270 : FF;
  8271 : FF;
  8272 : FF;
  8273 : FF;
  8274 : FF;
  8275 : FF;
  8276 : FF;
  8277 : FF;
  8278 : FF;
  8279 : FF;
  827A : FF;
  827B : FF;
  827C : FF;
  827D : FF;
  827E : FF;
  827F : FF;
  8280 : FF;
  8281 : FF;
  8282 : FF;
  8283 : FF;
  8284 : FF;
  8285 : FF;
  8286 : FF;
  8287 : FF;
  8288 : FF;
  8289 : FF;
  828A : FF;
  828B : FF;
  828C : FF;
  828D : FF;
  828E : FF;
  828F : FF;
  8290 : FF;
  8291 : FF;
  8292 : FF;
  8293 : F5;
  8294 : F3;
  8295 : EF;
  8296 : ED;
  8297 : ED;
  8298 : ED;
  8299 : ED;
  829A : ED;
  829B : ED;
  829C : ED;
  829D : ED;
  829E : ED;
  829F : EE;
  82A0 : F9;
  82A1 : F3;
  82A2 : FF;
  82A3 : FF;
  82A4 : FF;
  82A5 : FF;
  82A6 : FF;
  82A7 : FF;
  82A8 : FF;
  82A9 : FF;
  82AA : FF;
  82AB : FF;
  82AC : FF;
  82AD : FF;
  82AE : FF;
  82AF : FF;
  82B0 : FF;
  82B1 : FF;
  82B2 : FF;
  82B3 : FF;
  82B4 : FF;
  82B5 : FF;
  82B6 : FF;
  82B7 : FF;
  82B8 : FF;
  82B9 : FF;
  82BA : FF;
  82BB : FF;
  82BC : FF;
  82BD : FF;
  82BE : FF;
  82BF : FF;
  82C0 : FF;
  82C1 : FF;
  82C2 : FF;
  82C3 : FF;
  82C4 : FF;
  82C5 : FF;
  82C6 : E3;
  82C7 : C4;
  82C8 : C6;
  82C9 : EF;
  82CA : FF;
  82CB : FF;
  82CC : FF;
  82CD : FF;
  82CE : FF;
  82CF : FF;
  82D0 : FF;
  82D1 : FF;
  82D2 : FF;
  82D3 : FF;
  82D4 : FF;
  82D5 : FF;
  82D6 : FE;
  82D7 : E1;
  82D8 : C6;
  82D9 : C1;
  82DA : C5;
  82DB : E1;
  82DC : FF;
  82DD : FF;
  82DE : FF;
  82DF : FF;
  82E0 : FF;
  82E1 : FF;
  82E2 : FF;
  82E3 : FF;
  82E4 : FF;
  82E5 : FF;
  82E6 : FF;
  82E7 : FF;
  82E8 : FF;
  82E9 : FF;
  82EA : F3;
  82EB : 75;
  82EC : 6A;
  82ED : 68;
  82EE : 68;
  82EF : 68;
  82F0 : 68;
  82F1 : 68;
  82F2 : 68;
  82F3 : 68;
  82F4 : 68;
  82F5 : 68;
  82F6 : 68;
  82F7 : 68;
  82F8 : 68;
  82F9 : 68;
  82FA : 68;
  82FB : 63;
  82FC : 59;
  82FD : 57;
  82FE : 57;
  82FF : 5B;
  8300 : 66;
  8301 : 68;
  8302 : 68;
  8303 : 68;
  8304 : 68;
  8305 : 62;
  8306 : 57;
  8307 : 56;
  8308 : 60;
  8309 : 68;
  830A : 68;
  830B : 67;
  830C : 68;
  830D : 7A;
  830E : 86;
  830F : 85;
  8310 : 85;
  8311 : 85;
  8312 : 85;
  8313 : 85;
  8314 : 85;
  8315 : 85;
  8316 : 85;
  8317 : 85;
  8318 : 85;
  8319 : 85;
  831A : 85;
  831B : 85;
  831C : 85;
  831D : 85;
  831E : 85;
  831F : 85;
  8320 : 85;
  8321 : 85;
  8322 : 88;
  8323 : 8B;
  8324 : 93;
  8325 : D2;
  8326 : FC;
  8327 : FF;
  8328 : FF;
  8329 : FF;
  832A : FF;
  832B : FF;
  832C : FF;
  832D : FF;
  832E : FF;
  832F : FF;
  8330 : FF;
  8331 : FF;
  8332 : FF;
  8333 : FF;
  8334 : FF;
  8335 : FF;
  8336 : FF;
  8337 : FF;
  8338 : FF;
  8339 : FF;
  833A : FF;
  833B : FF;
  833C : FF;
  833D : FF;
  833E : FF;
  833F : FF;
  8340 : FF;
  8341 : FF;
  8342 : FF;
  8343 : FF;
  8344 : FF;
  8345 : FF;
  8346 : FF;
  8347 : FF;
  8348 : FF;
  8349 : FF;
  834A : FF;
  834B : FF;
  834C : FF;
  834D : FF;
  834E : FF;
  834F : FF;
  8350 : FF;
  8351 : FF;
  8352 : FF;
  8353 : FF;
  8354 : FF;
  8355 : FF;
  8356 : FF;
  8357 : FF;
  8358 : FF;
  8359 : FF;
  835A : FF;
  835B : FF;
  835C : FF;
  835D : FF;
  835E : FF;
  835F : F9;
  8360 : EF;
  8361 : F2;
  8362 : ED;
  8363 : ED;
  8364 : ED;
  8365 : ED;
  8366 : ED;
  8367 : ED;
  8368 : ED;
  8369 : ED;
  836A : ED;
  836B : F1;
  836C : EE;
  836D : F8;
  836E : FF;
  836F : FF;
  8370 : FF;
  8371 : FF;
  8372 : FF;
  8373 : FF;
  8374 : FF;
  8375 : FF;
  8376 : FF;
  8377 : FF;
  8378 : FF;
  8379 : FF;
  837A : FF;
  837B : FF;
  837C : FF;
  837D : FF;
  837E : FF;
  837F : FF;
  8380 : FF;
  8381 : FF;
  8382 : FF;
  8383 : FF;
  8384 : FF;
  8385 : FF;
  8386 : FF;
  8387 : FF;
  8388 : FF;
  8389 : FF;
  838A : FF;
  838B : FF;
  838C : FF;
  838D : FF;
  838E : FF;
  838F : FF;
  8390 : FF;
  8391 : FF;
  8392 : D4;
  8393 : CE;
  8394 : CF;
  8395 : FB;
  8396 : FF;
  8397 : FF;
  8398 : FF;
  8399 : FF;
  839A : FF;
  839B : FF;
  839C : FF;
  839D : FF;
  839E : FF;
  839F : FF;
  83A0 : FF;
  83A1 : FF;
  83A2 : E5;
  83A3 : C3;
  83A4 : C7;
  83A5 : C4;
  83A6 : C8;
  83A7 : C8;
  83A8 : EF;
  83A9 : FF;
  83AA : FF;
  83AB : FF;
  83AC : FF;
  83AD : FF;
  83AE : FF;
  83AF : FF;
  83B0 : FF;
  83B1 : FF;
  83B2 : FF;
  83B3 : FF;
  83B4 : FF;
  83B5 : FF;
  83B6 : F2;
  83B7 : 6F;
  83B8 : 6A;
  83B9 : 68;
  83BA : 68;
  83BB : 68;
  83BC : 68;
  83BD : 68;
  83BE : 68;
  83BF : 68;
  83C0 : 68;
  83C1 : 68;
  83C2 : 68;
  83C3 : 68;
  83C4 : 69;
  83C5 : 68;
  83C6 : 61;
  83C7 : 58;
  83C8 : 57;
  83C9 : 57;
  83CA : 5C;
  83CB : 66;
  83CC : 68;
  83CD : 68;
  83CE : 68;
  83CF : 68;
  83D0 : 62;
  83D1 : 58;
  83D2 : 56;
  83D3 : 5B;
  83D4 : 67;
  83D5 : 68;
  83D6 : 67;
  83D7 : 68;
  83D8 : 78;
  83D9 : 86;
  83DA : 85;
  83DB : 85;
  83DC : 85;
  83DD : 85;
  83DE : 85;
  83DF : 85;
  83E0 : 85;
  83E1 : 85;
  83E2 : 85;
  83E3 : 85;
  83E4 : 85;
  83E5 : 85;
  83E6 : 85;
  83E7 : 85;
  83E8 : 85;
  83E9 : 85;
  83EA : 85;
  83EB : 85;
  83EC : 85;
  83ED : 8B;
  83EE : 89;
  83EF : AD;
  83F0 : EB;
  83F1 : FF;
  83F2 : FF;
  83F3 : FF;
  83F4 : FF;
  83F5 : FF;
  83F6 : FF;
  83F7 : FF;
  83F8 : FF;
  83F9 : FF;
  83FA : FF;
  83FB : FF;
  83FC : FF;
  83FD : FF;
  83FE : FF;
  83FF : FF;
  8400 : FF;
  8401 : FF;
  8402 : FF;
  8403 : FF;
  8404 : FF;
  8405 : FF;
  8406 : FF;
  8407 : FF;
  8408 : FF;
  8409 : FF;
  840A : FF;
  840B : FF;
  840C : FF;
  840D : FF;
  840E : FF;
  840F : FF;
  8410 : FF;
  8411 : FF;
  8412 : FF;
  8413 : FF;
  8414 : FF;
  8415 : FF;
  8416 : FF;
  8417 : FF;
  8418 : FF;
  8419 : FF;
  841A : FF;
  841B : FF;
  841C : FF;
  841D : FF;
  841E : FF;
  841F : FF;
  8420 : FF;
  8421 : FF;
  8422 : FF;
  8423 : FF;
  8424 : FF;
  8425 : FF;
  8426 : FF;
  8427 : FF;
  8428 : FF;
  8429 : FF;
  842A : FF;
  842B : FD;
  842C : EF;
  842D : F5;
  842E : ED;
  842F : ED;
  8430 : ED;
  8431 : ED;
  8432 : ED;
  8433 : ED;
  8434 : ED;
  8435 : ED;
  8436 : ED;
  8437 : F4;
  8438 : F1;
  8439 : FB;
  843A : FF;
  843B : FF;
  843C : FF;
  843D : FF;
  843E : FF;
  843F : FF;
  8440 : FF;
  8441 : FF;
  8442 : FF;
  8443 : FF;
  8444 : FF;
  8445 : FF;
  8446 : FF;
  8447 : FF;
  8448 : FF;
  8449 : FF;
  844A : FF;
  844B : FF;
  844C : FF;
  844D : FF;
  844E : FF;
  844F : FF;
  8450 : FF;
  8451 : FF;
  8452 : FF;
  8453 : FF;
  8454 : FF;
  8455 : FF;
  8456 : FF;
  8457 : FF;
  8458 : FF;
  8459 : FF;
  845A : FF;
  845B : FF;
  845C : FF;
  845D : F6;
  845E : CC;
  845F : CC;
  8460 : D8;
  8461 : FF;
  8462 : FF;
  8463 : FF;
  8464 : FF;
  8465 : FF;
  8466 : FF;
  8467 : FF;
  8468 : FF;
  8469 : FF;
  846A : FF;
  846B : FF;
  846C : FF;
  846D : F7;
  846E : CC;
  846F : C8;
  8470 : C1;
  8471 : C1;
  8472 : C2;
  8473 : C7;
  8474 : DE;
  8475 : FF;
  8476 : FF;
  8477 : FF;
  8478 : FF;
  8479 : FF;
  847A : FF;
  847B : FF;
  847C : FF;
  847D : FF;
  847E : FF;
  847F : FF;
  8480 : FF;
  8481 : FF;
  8482 : F2;
  8483 : 73;
  8484 : 6A;
  8485 : 68;
  8486 : 68;
  8487 : 68;
  8488 : 68;
  8489 : 68;
  848A : 68;
  848B : 68;
  848C : 68;
  848D : 68;
  848E : 68;
  848F : 68;
  8490 : 67;
  8491 : 5E;
  8492 : 57;
  8493 : 56;
  8494 : 57;
  8495 : 5D;
  8496 : 66;
  8497 : 68;
  8498 : 68;
  8499 : 68;
  849A : 68;
  849B : 64;
  849C : 58;
  849D : 56;
  849E : 58;
  849F : 63;
  84A0 : 69;
  84A1 : 67;
  84A2 : 68;
  84A3 : 78;
  84A4 : 85;
  84A5 : 86;
  84A6 : 85;
  84A7 : 85;
  84A8 : 85;
  84A9 : 85;
  84AA : 85;
  84AB : 85;
  84AC : 85;
  84AD : 85;
  84AE : 85;
  84AF : 85;
  84B0 : 85;
  84B1 : 85;
  84B2 : 85;
  84B3 : 85;
  84B4 : 85;
  84B5 : 85;
  84B6 : 85;
  84B7 : 87;
  84B8 : 8C;
  84B9 : 9B;
  84BA : D0;
  84BB : FC;
  84BC : FF;
  84BD : FF;
  84BE : FF;
  84BF : FF;
  84C0 : FF;
  84C1 : FF;
  84C2 : FF;
  84C3 : FF;
  84C4 : FF;
  84C5 : FF;
  84C6 : FF;
  84C7 : FF;
  84C8 : FF;
  84C9 : FF;
  84CA : FF;
  84CB : FF;
  84CC : FF;
  84CD : FF;
  84CE : FF;
  84CF : FF;
  84D0 : FF;
  84D1 : FF;
  84D2 : FF;
  84D3 : FF;
  84D4 : FF;
  84D5 : FF;
  84D6 : FF;
  84D7 : FF;
  84D8 : FF;
  84D9 : FF;
  84DA : FF;
  84DB : FF;
  84DC : FF;
  84DD : FF;
  84DE : FF;
  84DF : FF;
  84E0 : FF;
  84E1 : FF;
  84E2 : FF;
  84E3 : FF;
  84E4 : FF;
  84E5 : FF;
  84E6 : FF;
  84E7 : FF;
  84E8 : FF;
  84E9 : FF;
  84EA : FF;
  84EB : FF;
  84EC : FF;
  84ED : FF;
  84EE : FF;
  84EF : FF;
  84F0 : FF;
  84F1 : FF;
  84F2 : FF;
  84F3 : FF;
  84F4 : FF;
  84F5 : FF;
  84F6 : FF;
  84F7 : FF;
  84F8 : F3;
  84F9 : F3;
  84FA : EE;
  84FB : ED;
  84FC : ED;
  84FD : ED;
  84FE : ED;
  84FF : ED;
  8500 : ED;
  8501 : ED;
  8502 : EE;
  8503 : F4;
  8504 : F3;
  8505 : FF;
  8506 : FF;
  8507 : FF;
  8508 : FF;
  8509 : FF;
  850A : FF;
  850B : FF;
  850C : FF;
  850D : FF;
  850E : FF;
  850F : FF;
  8510 : FF;
  8511 : FF;
  8512 : FF;
  8513 : FF;
  8514 : FF;
  8515 : FF;
  8516 : FF;
  8517 : FF;
  8518 : FF;
  8519 : FF;
  851A : FF;
  851B : FF;
  851C : FF;
  851D : FF;
  851E : FF;
  851F : FF;
  8520 : FF;
  8521 : FF;
  8522 : FF;
  8523 : FF;
  8524 : FF;
  8525 : FF;
  8526 : FF;
  8527 : FF;
  8528 : FF;
  8529 : EB;
  852A : C2;
  852B : C2;
  852C : E4;
  852D : FF;
  852E : FF;
  852F : FF;
  8530 : FF;
  8531 : FF;
  8532 : FF;
  8533 : FF;
  8534 : FF;
  8535 : FF;
  8536 : FF;
  8537 : FF;
  8538 : FF;
  8539 : E6;
  853A : C2;
  853B : C3;
  853C : C1;
  853D : C1;
  853E : C1;
  853F : CA;
  8540 : D9;
  8541 : FF;
  8542 : FF;
  8543 : FF;
  8544 : FF;
  8545 : FF;
  8546 : FF;
  8547 : FF;
  8548 : FF;
  8549 : FF;
  854A : FF;
  854B : FF;
  854C : FF;
  854D : FF;
  854E : F5;
  854F : 80;
  8550 : 6A;
  8551 : 68;
  8552 : 68;
  8553 : 68;
  8554 : 68;
  8555 : 68;
  8556 : 68;
  8557 : 68;
  8558 : 68;
  8559 : 6B;
  855A : 6A;
  855B : 64;
  855C : 5B;
  855D : 56;
  855E : 56;
  855F : 58;
  8560 : 60;
  8561 : 68;
  8562 : 68;
  8563 : 68;
  8564 : 68;
  8565 : 68;
  8566 : 64;
  8567 : 5A;
  8568 : 56;
  8569 : 57;
  856A : 5E;
  856B : 68;
  856C : 67;
  856D : 69;
  856E : 79;
  856F : 86;
  8570 : 85;
  8571 : 85;
  8572 : 85;
  8573 : 85;
  8574 : 85;
  8575 : 85;
  8576 : 85;
  8577 : 85;
  8578 : 85;
  8579 : 85;
  857A : 85;
  857B : 85;
  857C : 85;
  857D : 85;
  857E : 85;
  857F : 85;
  8580 : 85;
  8581 : 87;
  8582 : 8A;
  8583 : 8A;
  8584 : B6;
  8585 : ED;
  8586 : FF;
  8587 : FF;
  8588 : FF;
  8589 : FF;
  858A : FF;
  858B : FF;
  858C : FF;
  858D : FF;
  858E : FF;
  858F : FF;
  8590 : FF;
  8591 : FF;
  8592 : FF;
  8593 : FF;
  8594 : FF;
  8595 : FF;
  8596 : FF;
  8597 : FF;
  8598 : FF;
  8599 : FF;
  859A : FF;
  859B : FF;
  859C : FF;
  859D : FF;
  859E : FF;
  859F : FF;
  85A0 : FF;
  85A1 : FF;
  85A2 : FF;
  85A3 : FF;
  85A4 : FF;
  85A5 : FF;
  85A6 : FF;
  85A7 : FF;
  85A8 : FF;
  85A9 : FF;
  85AA : FF;
  85AB : FF;
  85AC : FF;
  85AD : FF;
  85AE : FF;
  85AF : FF;
  85B0 : FF;
  85B1 : FF;
  85B2 : FF;
  85B3 : FF;
  85B4 : FF;
  85B5 : FF;
  85B6 : FF;
  85B7 : FF;
  85B8 : FF;
  85B9 : FF;
  85BA : FF;
  85BB : FF;
  85BC : FF;
  85BD : FF;
  85BE : FF;
  85BF : FF;
  85C0 : FF;
  85C1 : FF;
  85C2 : FF;
  85C3 : FF;
  85C4 : F9;
  85C5 : F0;
  85C6 : EF;
  85C7 : ED;
  85C8 : ED;
  85C9 : ED;
  85CA : ED;
  85CB : ED;
  85CC : ED;
  85CD : ED;
  85CE : EF;
  85CF : F0;
  85D0 : F8;
  85D1 : FF;
  85D2 : FF;
  85D3 : FF;
  85D4 : FF;
  85D5 : FF;
  85D6 : FF;
  85D7 : FF;
  85D8 : FF;
  85D9 : FF;
  85DA : FF;
  85DB : FF;
  85DC : FF;
  85DD : FF;
  85DE : FF;
  85DF : FF;
  85E0 : FF;
  85E1 : FF;
  85E2 : FF;
  85E3 : FF;
  85E4 : FF;
  85E5 : FF;
  85E6 : FF;
  85E7 : FF;
  85E8 : FF;
  85E9 : FF;
  85EA : FF;
  85EB : FF;
  85EC : FF;
  85ED : FF;
  85EE : FF;
  85EF : FF;
  85F0 : FF;
  85F1 : FF;
  85F2 : FF;
  85F3 : FF;
  85F4 : FF;
  85F5 : DF;
  85F6 : CD;
  85F7 : C7;
  85F8 : F5;
  85F9 : FF;
  85FA : FF;
  85FB : FF;
  85FC : FF;
  85FD : FF;
  85FE : FF;
  85FF : FF;
  8600 : FF;
  8601 : FF;
  8602 : FF;
  8603 : FF;
  8604 : FF;
  8605 : DC;
  8606 : CA;
  8607 : C1;
  8608 : C1;
  8609 : C1;
  860A : C1;
  860B : CA;
  860C : D7;
  860D : FF;
  860E : FF;
  860F : FF;
  8610 : FF;
  8611 : FF;
  8612 : FF;
  8613 : FF;
  8614 : FF;
  8615 : FF;
  8616 : FF;
  8617 : FF;
  8618 : FF;
  8619 : FF;
  861A : FC;
  861B : 9D;
  861C : 6C;
  861D : 68;
  861E : 68;
  861F : 68;
  8620 : 68;
  8621 : 68;
  8622 : 68;
  8623 : 6B;
  8624 : 6D;
  8625 : 76;
  8626 : A1;
  8627 : 60;
  8628 : 57;
  8629 : 58;
  862A : 5C;
  862B : 64;
  862C : 68;
  862D : 68;
  862E : 68;
  862F : 68;
  8630 : 68;
  8631 : 63;
  8632 : 59;
  8633 : 57;
  8634 : 57;
  8635 : 5A;
  8636 : 65;
  8637 : 67;
  8638 : 6C;
  8639 : 7B;
  863A : 86;
  863B : 85;
  863C : 85;
  863D : 85;
  863E : 85;
  863F : 85;
  8640 : 85;
  8641 : 85;
  8642 : 85;
  8643 : 85;
  8644 : 85;
  8645 : 85;
  8646 : 85;
  8647 : 85;
  8648 : 85;
  8649 : 85;
  864A : 85;
  864B : 85;
  864C : 8A;
  864D : 87;
  864E : 9F;
  864F : DC;
  8650 : FE;
  8651 : FF;
  8652 : FF;
  8653 : FF;
  8654 : FF;
  8655 : FF;
  8656 : FF;
  8657 : FF;
  8658 : FF;
  8659 : FF;
  865A : FF;
  865B : FF;
  865C : FF;
  865D : FF;
  865E : FF;
  865F : FF;
  8660 : FF;
  8661 : FF;
  8662 : FF;
  8663 : FF;
  8664 : FF;
  8665 : FF;
  8666 : FF;
  8667 : FF;
  8668 : FF;
  8669 : FF;
  866A : FF;
  866B : FF;
  866C : FF;
  866D : FF;
  866E : FF;
  866F : FF;
  8670 : FF;
  8671 : FF;
  8672 : FF;
  8673 : FF;
  8674 : FF;
  8675 : FF;
  8676 : FF;
  8677 : FF;
  8678 : FF;
  8679 : FF;
  867A : FF;
  867B : FF;
  867C : FF;
  867D : FF;
  867E : FF;
  867F : FF;
  8680 : FF;
  8681 : FF;
  8682 : FF;
  8683 : FF;
  8684 : FF;
  8685 : FF;
  8686 : FF;
  8687 : FF;
  8688 : FF;
  8689 : FF;
  868A : FF;
  868B : FF;
  868C : FF;
  868D : FF;
  868E : FF;
  868F : FF;
  8690 : FD;
  8691 : EF;
  8692 : F2;
  8693 : ED;
  8694 : ED;
  8695 : ED;
  8696 : ED;
  8697 : ED;
  8698 : ED;
  8699 : ED;
  869A : F1;
  869B : EE;
  869C : FC;
  869D : FF;
  869E : FF;
  869F : FF;
  86A0 : FF;
  86A1 : FF;
  86A2 : FF;
  86A3 : FF;
  86A4 : FF;
  86A5 : FF;
  86A6 : FF;
  86A7 : FF;
  86A8 : FF;
  86A9 : FF;
  86AA : FF;
  86AB : FF;
  86AC : FF;
  86AD : FF;
  86AE : FF;
  86AF : FF;
  86B0 : FF;
  86B1 : FF;
  86B2 : FF;
  86B3 : FF;
  86B4 : FF;
  86B5 : FF;
  86B6 : FF;
  86B7 : FF;
  86B8 : FF;
  86B9 : FF;
  86BA : FF;
  86BB : FF;
  86BC : FF;
  86BD : FF;
  86BE : FF;
  86BF : FF;
  86C0 : F8;
  86C1 : CF;
  86C2 : CA;
  86C3 : C8;
  86C4 : ED;
  86C5 : F2;
  86C6 : F5;
  86C7 : F8;
  86C8 : FB;
  86C9 : FE;
  86CA : FF;
  86CB : FF;
  86CC : FF;
  86CD : FF;
  86CE : FF;
  86CF : FF;
  86D0 : FF;
  86D1 : DA;
  86D2 : CA;
  86D3 : C1;
  86D4 : C1;
  86D5 : C1;
  86D6 : C2;
  86D7 : C6;
  86D8 : DE;
  86D9 : FF;
  86DA : FF;
  86DB : FF;
  86DC : FF;
  86DD : FF;
  86DE : FF;
  86DF : FF;
  86E0 : FF;
  86E1 : FF;
  86E2 : FF;
  86E3 : FF;
  86E4 : FF;
  86E5 : FF;
  86E6 : FF;
  86E7 : CB;
  86E8 : 6B;
  86E9 : 6A;
  86EA : 68;
  86EB : 68;
  86EC : 68;
  86ED : 6A;
  86EE : 6E;
  86EF : 6B;
  86F0 : 96;
  86F1 : E1;
  86F2 : F6;
  86F3 : 87;
  86F4 : 64;
  86F5 : 64;
  86F6 : 68;
  86F7 : 68;
  86F8 : 68;
  86F9 : 68;
  86FA : 67;
  86FB : 66;
  86FC : 72;
  86FD : 68;
  86FE : 54;
  86FF : 55;
  8700 : 56;
  8701 : 60;
  8702 : 69;
  8703 : 71;
  8704 : 80;
  8705 : 86;
  8706 : 85;
  8707 : 85;
  8708 : 85;
  8709 : 85;
  870A : 85;
  870B : 85;
  870C : 85;
  870D : 85;
  870E : 85;
  870F : 85;
  8710 : 85;
  8711 : 85;
  8712 : 85;
  8713 : 85;
  8714 : 85;
  8715 : 85;
  8716 : 88;
  8717 : 8C;
  8718 : 92;
  8719 : C5;
  871A : F8;
  871B : FF;
  871C : FF;
  871D : FF;
  871E : FF;
  871F : FF;
  8720 : FF;
  8721 : FF;
  8722 : FF;
  8723 : FF;
  8724 : FF;
  8725 : FF;
  8726 : FF;
  8727 : FF;
  8728 : FF;
  8729 : FF;
  872A : FF;
  872B : FF;
  872C : FF;
  872D : FF;
  872E : FF;
  872F : FF;
  8730 : FF;
  8731 : FF;
  8732 : FF;
  8733 : FF;
  8734 : FF;
  8735 : FF;
  8736 : FF;
  8737 : FF;
  8738 : FF;
  8739 : FF;
  873A : FF;
  873B : FF;
  873C : FF;
  873D : FF;
  873E : FF;
  873F : FF;
  8740 : FF;
  8741 : FF;
  8742 : FF;
  8743 : FF;
  8744 : FF;
  8745 : FF;
  8746 : FF;
  8747 : FF;
  8748 : FF;
  8749 : FF;
  874A : FF;
  874B : FF;
  874C : FF;
  874D : FF;
  874E : FF;
  874F : FF;
  8750 : FF;
  8751 : FF;
  8752 : FF;
  8753 : FF;
  8754 : FF;
  8755 : FF;
  8756 : FF;
  8757 : FF;
  8758 : FF;
  8759 : FF;
  875A : FF;
  875B : FF;
  875C : FE;
  875D : F6;
  875E : F9;
  875F : ED;
  8760 : ED;
  8761 : ED;
  8762 : ED;
  8763 : ED;
  8764 : ED;
  8765 : ED;
  8766 : F6;
  8767 : F4;
  8768 : FE;
  8769 : FF;
  876A : FF;
  876B : FF;
  876C : FF;
  876D : FF;
  876E : FF;
  876F : FF;
  8770 : FF;
  8771 : FF;
  8772 : FF;
  8773 : FF;
  8774 : FF;
  8775 : FF;
  8776 : FF;
  8777 : FF;
  8778 : FF;
  8779 : FF;
  877A : FF;
  877B : FF;
  877C : FF;
  877D : FF;
  877E : FF;
  877F : FF;
  8780 : FF;
  8781 : FF;
  8782 : FF;
  8783 : FF;
  8784 : FF;
  8785 : FF;
  8786 : FF;
  8787 : FF;
  8788 : FF;
  8789 : FF;
  878A : FF;
  878B : FF;
  878C : EE;
  878D : C8;
  878E : C4;
  878F : C5;
  8790 : C7;
  8791 : C4;
  8792 : C8;
  8793 : CD;
  8794 : D2;
  8795 : D7;
  8796 : DC;
  8797 : E2;
  8798 : E7;
  8799 : EC;
  879A : F0;
  879B : F5;
  879C : FC;
  879D : DC;
  879E : C8;
  879F : C1;
  87A0 : C1;
  87A1 : C1;
  87A2 : C5;
  87A3 : C8;
  87A4 : EE;
  87A5 : FF;
  87A6 : FF;
  87A7 : FF;
  87A8 : FF;
  87A9 : FF;
  87AA : FF;
  87AB : FF;
  87AC : FF;
  87AD : FF;
  87AE : FF;
  87AF : FF;
  87B0 : FF;
  87B1 : FF;
  87B2 : FF;
  87B3 : F9;
  87B4 : A8;
  87B5 : 6C;
  87B6 : 6F;
  87B7 : 6E;
  87B8 : 6D;
  87B9 : 74;
  87BA : 9A;
  87BB : CD;
  87BC : FB;
  87BD : FF;
  87BE : FF;
  87BF : C5;
  87C0 : 6D;
  87C1 : 6A;
  87C2 : 68;
  87C3 : 68;
  87C4 : 68;
  87C5 : 67;
  87C6 : 67;
  87C7 : 74;
  87C8 : 83;
  87C9 : 82;
  87CA : 6C;
  87CB : 5D;
  87CC : 64;
  87CD : 72;
  87CE : 7C;
  87CF : 84;
  87D0 : 86;
  87D1 : 85;
  87D2 : 85;
  87D3 : 85;
  87D4 : 85;
  87D5 : 85;
  87D6 : 85;
  87D7 : 85;
  87D8 : 85;
  87D9 : 85;
  87DA : 85;
  87DB : 85;
  87DC : 85;
  87DD : 85;
  87DE : 85;
  87DF : 85;
  87E0 : 86;
  87E1 : 8B;
  87E2 : 8B;
  87E3 : B3;
  87E4 : E9;
  87E5 : FF;
  87E6 : FF;
  87E7 : FF;
  87E8 : FF;
  87E9 : FF;
  87EA : FF;
  87EB : FF;
  87EC : FF;
  87ED : FF;
  87EE : FF;
  87EF : FF;
  87F0 : FF;
  87F1 : FF;
  87F2 : FF;
  87F3 : FF;
  87F4 : FF;
  87F5 : FF;
  87F6 : FF;
  87F7 : FF;
  87F8 : FF;
  87F9 : FF;
  87FA : FF;
  87FB : FF;
  87FC : FF;
  87FD : FF;
  87FE : FF;
  87FF : FF;
  8800 : FF;
  8801 : FF;
  8802 : FF;
  8803 : FF;
  8804 : FF;
  8805 : FF;
  8806 : FF;
  8807 : FF;
  8808 : FF;
  8809 : FF;
  880A : FF;
  880B : FF;
  880C : FF;
  880D : FF;
  880E : FF;
  880F : FF;
  8810 : FF;
  8811 : FF;
  8812 : FF;
  8813 : FF;
  8814 : FF;
  8815 : FF;
  8816 : FF;
  8817 : FF;
  8818 : FF;
  8819 : FF;
  881A : FF;
  881B : FF;
  881C : FF;
  881D : FF;
  881E : FF;
  881F : FF;
  8820 : FF;
  8821 : FF;
  8822 : FF;
  8823 : FF;
  8824 : FF;
  8825 : FF;
  8826 : FF;
  8827 : FF;
  8828 : FF;
  8829 : FA;
  882A : EE;
  882B : F0;
  882C : ED;
  882D : ED;
  882E : ED;
  882F : ED;
  8830 : ED;
  8831 : EF;
  8832 : F2;
  8833 : F8;
  8834 : FF;
  8835 : FF;
  8836 : FF;
  8837 : FF;
  8838 : FF;
  8839 : FF;
  883A : FF;
  883B : FF;
  883C : FF;
  883D : FF;
  883E : FF;
  883F : FF;
  8840 : FF;
  8841 : FF;
  8842 : FF;
  8843 : FF;
  8844 : FF;
  8845 : FF;
  8846 : FF;
  8847 : FF;
  8848 : FF;
  8849 : FF;
  884A : FF;
  884B : FF;
  884C : FF;
  884D : FF;
  884E : FF;
  884F : FF;
  8850 : FF;
  8851 : FF;
  8852 : FF;
  8853 : FF;
  8854 : FF;
  8855 : FF;
  8856 : FF;
  8857 : FF;
  8858 : F1;
  8859 : CC;
  885A : C8;
  885B : CA;
  885C : C7;
  885D : C3;
  885E : C5;
  885F : C7;
  8860 : C9;
  8861 : CB;
  8862 : CD;
  8863 : CE;
  8864 : C9;
  8865 : C3;
  8866 : C5;
  8867 : C9;
  8868 : CE;
  8869 : C9;
  886A : C3;
  886B : C1;
  886C : C1;
  886D : C3;
  886E : C8;
  886F : D6;
  8870 : FE;
  8871 : FF;
  8872 : FF;
  8873 : FF;
  8874 : FF;
  8875 : FF;
  8876 : FF;
  8877 : FF;
  8878 : FF;
  8879 : FF;
  887A : FF;
  887B : FF;
  887C : FF;
  887D : FF;
  887E : FF;
  887F : FF;
  8880 : F6;
  8881 : CD;
  8882 : B1;
  8883 : B0;
  8884 : C4;
  8885 : E0;
  8886 : FC;
  8887 : FF;
  8888 : FF;
  8889 : FF;
  888A : FF;
  888B : F4;
  888C : 95;
  888D : 6A;
  888E : 67;
  888F : 67;
  8890 : 67;
  8891 : 6D;
  8892 : 7A;
  8893 : 85;
  8894 : 86;
  8895 : 86;
  8896 : 86;
  8897 : 7E;
  8898 : 80;
  8899 : 86;
  889A : 86;
  889B : 85;
  889C : 85;
  889D : 85;
  889E : 85;
  889F : 85;
  88A0 : 85;
  88A1 : 85;
  88A2 : 85;
  88A3 : 85;
  88A4 : 85;
  88A5 : 85;
  88A6 : 85;
  88A7 : 85;
  88A8 : 85;
  88A9 : 85;
  88AA : 87;
  88AB : 89;
  88AC : 87;
  88AD : A9;
  88AE : DE;
  88AF : FC;
  88B0 : FF;
  88B1 : FF;
  88B2 : FF;
  88B3 : FF;
  88B4 : FF;
  88B5 : FF;
  88B6 : FF;
  88B7 : FF;
  88B8 : FF;
  88B9 : FF;
  88BA : FF;
  88BB : FF;
  88BC : FF;
  88BD : FF;
  88BE : FF;
  88BF : FF;
  88C0 : FF;
  88C1 : FF;
  88C2 : FF;
  88C3 : FF;
  88C4 : FF;
  88C5 : FF;
  88C6 : FF;
  88C7 : FF;
  88C8 : FF;
  88C9 : FF;
  88CA : FF;
  88CB : FF;
  88CC : FF;
  88CD : FF;
  88CE : FF;
  88CF : FF;
  88D0 : FF;
  88D1 : FF;
  88D2 : FF;
  88D3 : FF;
  88D4 : FF;
  88D5 : FF;
  88D6 : FF;
  88D7 : FF;
  88D8 : FF;
  88D9 : FF;
  88DA : FF;
  88DB : FF;
  88DC : FF;
  88DD : FF;
  88DE : FF;
  88DF : FF;
  88E0 : FF;
  88E1 : FF;
  88E2 : FF;
  88E3 : FF;
  88E4 : FF;
  88E5 : FF;
  88E6 : FF;
  88E7 : FF;
  88E8 : FF;
  88E9 : FF;
  88EA : FF;
  88EB : FF;
  88EC : FF;
  88ED : FF;
  88EE : FF;
  88EF : FF;
  88F0 : FF;
  88F1 : FF;
  88F2 : FF;
  88F3 : FF;
  88F4 : FF;
  88F5 : FE;
  88F6 : F5;
  88F7 : FB;
  88F8 : ED;
  88F9 : ED;
  88FA : ED;
  88FB : ED;
  88FC : ED;
  88FD : F8;
  88FE : F4;
  88FF : FD;
  8900 : FF;
  8901 : FF;
  8902 : FF;
  8903 : FF;
  8904 : FF;
  8905 : FF;
  8906 : FF;
  8907 : FF;
  8908 : FF;
  8909 : FF;
  890A : FF;
  890B : FF;
  890C : FF;
  890D : FF;
  890E : FF;
  890F : FF;
  8910 : FF;
  8911 : FF;
  8912 : FF;
  8913 : FF;
  8914 : FF;
  8915 : FF;
  8916 : FF;
  8917 : FF;
  8918 : FF;
  8919 : FF;
  891A : FF;
  891B : FF;
  891C : FF;
  891D : FF;
  891E : FF;
  891F : FF;
  8920 : FF;
  8921 : FF;
  8922 : FF;
  8923 : FF;
  8924 : FD;
  8925 : FA;
  8926 : F8;
  8927 : F8;
  8928 : F7;
  8929 : F5;
  892A : F0;
  892B : E9;
  892C : E3;
  892D : DC;
  892E : D6;
  892F : D0;
  8930 : CA;
  8931 : C6;
  8932 : C3;
  8933 : C1;
  8934 : C5;
  8935 : C5;
  8936 : C5;
  8937 : C8;
  8938 : C9;
  8939 : C7;
  893A : CC;
  893B : F5;
  893C : FF;
  893D : FF;
  893E : FF;
  893F : FF;
  8940 : FF;
  8941 : FF;
  8942 : FF;
  8943 : FF;
  8944 : FF;
  8945 : FF;
  8946 : FF;
  8947 : FF;
  8948 : FF;
  8949 : FF;
  894A : FF;
  894B : FF;
  894C : FF;
  894D : FF;
  894E : FF;
  894F : FF;
  8950 : FF;
  8951 : FF;
  8952 : FF;
  8953 : FF;
  8954 : FF;
  8955 : FF;
  8956 : FF;
  8957 : FF;
  8958 : F2;
  8959 : 99;
  895A : 73;
  895B : 71;
  895C : 79;
  895D : 81;
  895E : 86;
  895F : 86;
  8960 : 85;
  8961 : 85;
  8962 : 85;
  8963 : 87;
  8964 : 87;
  8965 : 85;
  8966 : 85;
  8967 : 85;
  8968 : 85;
  8969 : 85;
  896A : 85;
  896B : 85;
  896C : 85;
  896D : 85;
  896E : 85;
  896F : 85;
  8970 : 85;
  8971 : 85;
  8972 : 85;
  8973 : 85;
  8974 : 86;
  8975 : 8B;
  8976 : 87;
  8977 : 9B;
  8978 : D4;
  8979 : FA;
  897A : FF;
  897B : FF;
  897C : FF;
  897D : FF;
  897E : FF;
  897F : FF;
  8980 : FF;
  8981 : FF;
  8982 : FF;
  8983 : FF;
  8984 : FF;
  8985 : FF;
  8986 : FF;
  8987 : FF;
  8988 : FF;
  8989 : FF;
  898A : FF;
  898B : FF;
  898C : FF;
  898D : FF;
  898E : FF;
  898F : FF;
  8990 : FF;
  8991 : FF;
  8992 : FF;
  8993 : FF;
  8994 : FF;
  8995 : FF;
  8996 : FF;
  8997 : FF;
  8998 : FF;
  8999 : FF;
  899A : FF;
  899B : FF;
  899C : FF;
  899D : FF;
  899E : FF;
  899F : FF;
  89A0 : FF;
  89A1 : FF;
  89A2 : FF;
  89A3 : FF;
  89A4 : FF;
  89A5 : FF;
  89A6 : FF;
  89A7 : FF;
  89A8 : FF;
  89A9 : FF;
  89AA : FF;
  89AB : FF;
  89AC : FF;
  89AD : FF;
  89AE : FF;
  89AF : FF;
  89B0 : FF;
  89B1 : FF;
  89B2 : FF;
  89B3 : FF;
  89B4 : FF;
  89B5 : FF;
  89B6 : FF;
  89B7 : FF;
  89B8 : FF;
  89B9 : FF;
  89BA : FF;
  89BB : FF;
  89BC : FF;
  89BD : FF;
  89BE : FF;
  89BF : FF;
  89C0 : FF;
  89C1 : FF;
  89C2 : F9;
  89C3 : F3;
  89C4 : F3;
  89C5 : ED;
  89C6 : ED;
  89C7 : ED;
  89C8 : F2;
  89C9 : F2;
  89CA : F8;
  89CB : FF;
  89CC : FF;
  89CD : FF;
  89CE : FF;
  89CF : FF;
  89D0 : FF;
  89D1 : FF;
  89D2 : FF;
  89D3 : FF;
  89D4 : FF;
  89D5 : FF;
  89D6 : FF;
  89D7 : FF;
  89D8 : FF;
  89D9 : FF;
  89DA : FF;
  89DB : FF;
  89DC : FF;
  89DD : FF;
  89DE : FF;
  89DF : FF;
  89E0 : FF;
  89E1 : FF;
  89E2 : FF;
  89E3 : FF;
  89E4 : FF;
  89E5 : FF;
  89E6 : FF;
  89E7 : FF;
  89E8 : FF;
  89E9 : FF;
  89EA : FF;
  89EB : FF;
  89EC : FF;
  89ED : FF;
  89EE : FF;
  89EF : FF;
  89F0 : FF;
  89F1 : FF;
  89F2 : FF;
  89F3 : FF;
  89F4 : FF;
  89F5 : FF;
  89F6 : FF;
  89F7 : FF;
  89F8 : FF;
  89F9 : FF;
  89FA : FF;
  89FB : FF;
  89FC : FD;
  89FD : F9;
  89FE : F3;
  89FF : ED;
  8A00 : E7;
  8A01 : E1;
  8A02 : DA;
  8A03 : D3;
  8A04 : D1;
  8A05 : DC;
  8A06 : F7;
  8A07 : FF;
  8A08 : FF;
  8A09 : FF;
  8A0A : FF;
  8A0B : FF;
  8A0C : FF;
  8A0D : FF;
  8A0E : FF;
  8A0F : FF;
  8A10 : FF;
  8A11 : FF;
  8A12 : FF;
  8A13 : FF;
  8A14 : FF;
  8A15 : FF;
  8A16 : FF;
  8A17 : FF;
  8A18 : FF;
  8A19 : FF;
  8A1A : FF;
  8A1B : FF;
  8A1C : FF;
  8A1D : FF;
  8A1E : FF;
  8A1F : FF;
  8A20 : FF;
  8A21 : FF;
  8A22 : FF;
  8A23 : FF;
  8A24 : EF;
  8A25 : 9B;
  8A26 : 8A;
  8A27 : 85;
  8A28 : 86;
  8A29 : 86;
  8A2A : 85;
  8A2B : 85;
  8A2C : 85;
  8A2D : 85;
  8A2E : 85;
  8A2F : 85;
  8A30 : 85;
  8A31 : 85;
  8A32 : 85;
  8A33 : 85;
  8A34 : 85;
  8A35 : 85;
  8A36 : 85;
  8A37 : 85;
  8A38 : 85;
  8A39 : 85;
  8A3A : 85;
  8A3B : 85;
  8A3C : 85;
  8A3D : 85;
  8A3E : 85;
  8A3F : 89;
  8A40 : 8B;
  8A41 : 97;
  8A42 : C7;
  8A43 : F7;
  8A44 : FF;
  8A45 : FF;
  8A46 : FF;
  8A47 : FF;
  8A48 : FF;
  8A49 : FF;
  8A4A : FF;
  8A4B : FF;
  8A4C : FF;
  8A4D : FF;
  8A4E : FF;
  8A4F : FF;
  8A50 : FF;
  8A51 : FF;
  8A52 : FF;
  8A53 : FF;
  8A54 : FF;
  8A55 : FF;
  8A56 : FF;
  8A57 : FF;
  8A58 : FF;
  8A59 : FF;
  8A5A : FF;
  8A5B : FF;
  8A5C : FF;
  8A5D : FF;
  8A5E : FF;
  8A5F : FF;
  8A60 : FF;
  8A61 : FF;
  8A62 : FF;
  8A63 : FF;
  8A64 : FF;
  8A65 : FF;
  8A66 : FF;
  8A67 : FF;
  8A68 : FF;
  8A69 : FF;
  8A6A : FF;
  8A6B : FF;
  8A6C : FF;
  8A6D : FF;
  8A6E : FF;
  8A6F : FF;
  8A70 : FF;
  8A71 : FF;
  8A72 : FF;
  8A73 : FF;
  8A74 : FF;
  8A75 : FF;
  8A76 : FF;
  8A77 : FF;
  8A78 : FF;
  8A79 : FF;
  8A7A : FF;
  8A7B : FF;
  8A7C : FF;
  8A7D : FF;
  8A7E : FF;
  8A7F : FF;
  8A80 : FF;
  8A81 : FF;
  8A82 : FF;
  8A83 : FF;
  8A84 : FF;
  8A85 : FF;
  8A86 : FF;
  8A87 : FF;
  8A88 : FF;
  8A89 : FF;
  8A8A : FF;
  8A8B : FF;
  8A8C : FF;
  8A8D : FF;
  8A8E : FF;
  8A8F : F5;
  8A90 : F9;
  8A91 : EF;
  8A92 : ED;
  8A93 : EE;
  8A94 : FA;
  8A95 : F3;
  8A96 : FE;
  8A97 : FF;
  8A98 : FF;
  8A99 : FF;
  8A9A : FF;
  8A9B : FF;
  8A9C : FF;
  8A9D : FF;
  8A9E : FF;
  8A9F : FF;
  8AA0 : FF;
  8AA1 : FF;
  8AA2 : FF;
  8AA3 : FF;
  8AA4 : FF;
  8AA5 : FF;
  8AA6 : FF;
  8AA7 : FF;
  8AA8 : FF;
  8AA9 : FF;
  8AAA : FF;
  8AAB : FF;
  8AAC : FF;
  8AAD : FF;
  8AAE : FF;
  8AAF : FF;
  8AB0 : FF;
  8AB1 : FF;
  8AB2 : FF;
  8AB3 : FF;
  8AB4 : FF;
  8AB5 : FF;
  8AB6 : FF;
  8AB7 : FF;
  8AB8 : FF;
  8AB9 : FF;
  8ABA : FF;
  8ABB : FF;
  8ABC : FF;
  8ABD : FF;
  8ABE : FF;
  8ABF : FF;
  8AC0 : FF;
  8AC1 : FF;
  8AC2 : FF;
  8AC3 : FF;
  8AC4 : FF;
  8AC5 : FF;
  8AC6 : FF;
  8AC7 : FF;
  8AC8 : FF;
  8AC9 : FF;
  8ACA : FF;
  8ACB : FF;
  8ACC : FF;
  8ACD : FF;
  8ACE : FF;
  8ACF : FF;
  8AD0 : FF;
  8AD1 : FF;
  8AD2 : FF;
  8AD3 : FF;
  8AD4 : FF;
  8AD5 : FF;
  8AD6 : FF;
  8AD7 : FF;
  8AD8 : FF;
  8AD9 : FF;
  8ADA : FF;
  8ADB : FF;
  8ADC : FF;
  8ADD : FF;
  8ADE : FF;
  8ADF : FF;
  8AE0 : FF;
  8AE1 : FF;
  8AE2 : FF;
  8AE3 : FF;
  8AE4 : FF;
  8AE5 : FF;
  8AE6 : FF;
  8AE7 : FF;
  8AE8 : FF;
  8AE9 : FF;
  8AEA : FF;
  8AEB : FF;
  8AEC : FF;
  8AED : FF;
  8AEE : FF;
  8AEF : FF;
  8AF0 : BD;
  8AF1 : 8C;
  8AF2 : 86;
  8AF3 : 85;
  8AF4 : 85;
  8AF5 : 85;
  8AF6 : 85;
  8AF7 : 85;
  8AF8 : 85;
  8AF9 : 85;
  8AFA : 85;
  8AFB : 85;
  8AFC : 85;
  8AFD : 85;
  8AFE : 85;
  8AFF : 85;
  8B00 : 85;
  8B01 : 85;
  8B02 : 85;
  8B03 : 85;
  8B04 : 85;
  8B05 : 85;
  8B06 : 85;
  8B07 : 85;
  8B08 : 85;
  8B09 : 87;
  8B0A : 8C;
  8B0B : 8F;
  8B0C : BD;
  8B0D : ED;
  8B0E : FF;
  8B0F : FF;
  8B10 : FF;
  8B11 : FF;
  8B12 : FF;
  8B13 : FF;
  8B14 : FF;
  8B15 : FF;
  8B16 : FF;
  8B17 : FF;
  8B18 : FF;
  8B19 : FF;
  8B1A : FF;
  8B1B : FF;
  8B1C : FF;
  8B1D : FF;
  8B1E : FF;
  8B1F : FF;
  8B20 : FF;
  8B21 : FF;
  8B22 : FF;
  8B23 : FF;
  8B24 : FF;
  8B25 : FF;
  8B26 : FF;
  8B27 : FF;
  8B28 : FF;
  8B29 : FF;
  8B2A : FF;
  8B2B : FF;
  8B2C : FF;
  8B2D : FF;
  8B2E : FF;
  8B2F : FF;
  8B30 : FF;
  8B31 : FF;
  8B32 : FF;
  8B33 : FF;
  8B34 : FF;
  8B35 : FF;
  8B36 : FF;
  8B37 : FF;
  8B38 : FF;
  8B39 : FF;
  8B3A : FF;
  8B3B : FF;
  8B3C : FF;
  8B3D : FF;
  8B3E : FF;
  8B3F : FF;
  8B40 : FF;
  8B41 : FF;
  8B42 : FF;
  8B43 : FF;
  8B44 : FF;
  8B45 : FF;
  8B46 : FF;
  8B47 : FF;
  8B48 : FF;
  8B49 : FF;
  8B4A : FF;
  8B4B : FF;
  8B4C : FF;
  8B4D : FF;
  8B4E : FF;
  8B4F : FF;
  8B50 : FF;
  8B51 : FF;
  8B52 : FF;
  8B53 : FF;
  8B54 : FF;
  8B55 : FF;
  8B56 : FF;
  8B57 : FF;
  8B58 : FF;
  8B59 : FF;
  8B5A : FF;
  8B5B : FC;
  8B5C : F3;
  8B5D : FB;
  8B5E : F4;
  8B5F : FB;
  8B60 : F3;
  8B61 : FB;
  8B62 : FF;
  8B63 : FF;
  8B64 : FF;
  8B65 : FF;
  8B66 : FF;
  8B67 : FF;
  8B68 : FF;
  8B69 : FF;
  8B6A : FF;
  8B6B : FF;
  8B6C : FF;
  8B6D : FF;
  8B6E : FF;
  8B6F : FF;
  8B70 : FF;
  8B71 : FF;
  8B72 : FF;
  8B73 : FF;
  8B74 : FF;
  8B75 : FF;
  8B76 : FF;
  8B77 : FF;
  8B78 : FF;
  8B79 : FF;
  8B7A : FF;
  8B7B : FF;
  8B7C : FF;
  8B7D : FF;
  8B7E : FF;
  8B7F : FF;
  8B80 : FF;
  8B81 : FF;
  8B82 : FF;
  8B83 : FF;
  8B84 : FF;
  8B85 : FF;
  8B86 : FF;
  8B87 : FF;
  8B88 : FF;
  8B89 : FF;
  8B8A : FF;
  8B8B : FF;
  8B8C : FF;
  8B8D : FF;
  8B8E : FF;
  8B8F : FF;
  8B90 : FF;
  8B91 : FF;
  8B92 : FF;
  8B93 : FF;
  8B94 : FF;
  8B95 : FF;
  8B96 : FF;
  8B97 : FF;
  8B98 : FF;
  8B99 : FF;
  8B9A : FF;
  8B9B : FF;
  8B9C : FF;
  8B9D : FF;
  8B9E : FF;
  8B9F : FF;
  8BA0 : FF;
  8BA1 : FF;
  8BA2 : FF;
  8BA3 : FF;
  8BA4 : FF;
  8BA5 : FF;
  8BA6 : FF;
  8BA7 : FF;
  8BA8 : FF;
  8BA9 : FF;
  8BAA : FF;
  8BAB : FF;
  8BAC : FF;
  8BAD : FF;
  8BAE : FF;
  8BAF : FF;
  8BB0 : FF;
  8BB1 : FF;
  8BB2 : FF;
  8BB3 : FF;
  8BB4 : FF;
  8BB5 : FF;
  8BB6 : FF;
  8BB7 : FF;
  8BB8 : FF;
  8BB9 : FF;
  8BBA : FF;
  8BBB : E5;
  8BBC : 90;
  8BBD : 89;
  8BBE : 85;
  8BBF : 85;
  8BC0 : 85;
  8BC1 : 85;
  8BC2 : 85;
  8BC3 : 85;
  8BC4 : 85;
  8BC5 : 85;
  8BC6 : 85;
  8BC7 : 85;
  8BC8 : 85;
  8BC9 : 85;
  8BCA : 85;
  8BCB : 85;
  8BCC : 85;
  8BCD : 85;
  8BCE : 85;
  8BCF : 85;
  8BD0 : 85;
  8BD1 : 85;
  8BD2 : 85;
  8BD3 : 88;
  8BD4 : 89;
  8BD5 : 88;
  8BD6 : B1;
  8BD7 : E5;
  8BD8 : FD;
  8BD9 : FF;
  8BDA : FF;
  8BDB : FF;
  8BDC : FF;
  8BDD : FF;
  8BDE : FF;
  8BDF : FF;
  8BE0 : FF;
  8BE1 : FF;
  8BE2 : FF;
  8BE3 : FF;
  8BE4 : FF;
  8BE5 : FF;
  8BE6 : FF;
  8BE7 : FF;
  8BE8 : FF;
  8BE9 : FF;
  8BEA : FF;
  8BEB : FF;
  8BEC : FF;
  8BED : FF;
  8BEE : FF;
  8BEF : FF;
  8BF0 : FF;
  8BF1 : FF;
  8BF2 : FF;
  8BF3 : FF;
  8BF4 : FF;
  8BF5 : FF;
  8BF6 : FF;
  8BF7 : FF;
  8BF8 : FF;
  8BF9 : FF;
  8BFA : FF;
  8BFB : FF;
  8BFC : FF;
  8BFD : FF;
  8BFE : FF;
  8BFF : FF;
  8C00 : FF;
  8C01 : FF;
  8C02 : FF;
  8C03 : FF;
  8C04 : FF;
  8C05 : FF;
  8C06 : FF;
  8C07 : FF;
  8C08 : FF;
  8C09 : FF;
  8C0A : FF;
  8C0B : FF;
  8C0C : FF;
  8C0D : FF;
  8C0E : FF;
  8C0F : FF;
  8C10 : FF;
  8C11 : FF;
  8C12 : FF;
  8C13 : FF;
  8C14 : FF;
  8C15 : FF;
  8C16 : FF;
  8C17 : FF;
  8C18 : FF;
  8C19 : FF;
  8C1A : FF;
  8C1B : FF;
  8C1C : FF;
  8C1D : FF;
  8C1E : FF;
  8C1F : FF;
  8C20 : FF;
  8C21 : FF;
  8C22 : FF;
  8C23 : FF;
  8C24 : FF;
  8C25 : FF;
  8C26 : FF;
  8C27 : FF;
  8C28 : FC;
  8C29 : F4;
  8C2A : F1;
  8C2B : F3;
  8C2C : FB;
  8C2D : FF;
  8C2E : FF;
  8C2F : FF;
  8C30 : FF;
  8C31 : FF;
  8C32 : FF;
  8C33 : FF;
  8C34 : FF;
  8C35 : FF;
  8C36 : FF;
  8C37 : FF;
  8C38 : FF;
  8C39 : FF;
  8C3A : FF;
  8C3B : FF;
  8C3C : FF;
  8C3D : FF;
  8C3E : FF;
  8C3F : FF;
  8C40 : FF;
  8C41 : FF;
  8C42 : FF;
  8C43 : FF;
  8C44 : FF;
  8C45 : FF;
  8C46 : FF;
  8C47 : FF;
  8C48 : FF;
  8C49 : FF;
  8C4A : FF;
  8C4B : FF;
  8C4C : FF;
  8C4D : FF;
  8C4E : FF;
  8C4F : FF;
  8C50 : FF;
  8C51 : FF;
  8C52 : FF;
  8C53 : FF;
  8C54 : FF;
  8C55 : FF;
  8C56 : FF;
  8C57 : FF;
  8C58 : FF;
  8C59 : FF;
  8C5A : FF;
  8C5B : FF;
  8C5C : FF;
  8C5D : FF;
  8C5E : FF;
  8C5F : FF;
  8C60 : FF;
  8C61 : FF;
  8C62 : FF;
  8C63 : FF;
  8C64 : FF;
  8C65 : FF;
  8C66 : FF;
  8C67 : FF;
  8C68 : FF;
  8C69 : FF;
  8C6A : FF;
  8C6B : FF;
  8C6C : FF;
  8C6D : FF;
  8C6E : FF;
  8C6F : FF;
  8C70 : FF;
  8C71 : FF;
  8C72 : FF;
  8C73 : FF;
  8C74 : FF;
  8C75 : FF;
  8C76 : FF;
  8C77 : FF;
  8C78 : FF;
  8C79 : FF;
  8C7A : FF;
  8C7B : FF;
  8C7C : FF;
  8C7D : FF;
  8C7E : FF;
  8C7F : FF;
  8C80 : FF;
  8C81 : FF;
  8C82 : FF;
  8C83 : FF;
  8C84 : FF;
  8C85 : FF;
  8C86 : FB;
  8C87 : B4;
  8C88 : 8C;
  8C89 : 85;
  8C8A : 85;
  8C8B : 85;
  8C8C : 85;
  8C8D : 85;
  8C8E : 85;
  8C8F : 85;
  8C90 : 85;
  8C91 : 85;
  8C92 : 85;
  8C93 : 85;
  8C94 : 85;
  8C95 : 85;
  8C96 : 85;
  8C97 : 85;
  8C98 : 85;
  8C99 : 85;
  8C9A : 85;
  8C9B : 85;
  8C9C : 85;
  8C9D : 89;
  8C9E : 8B;
  8C9F : 8A;
  8CA0 : AB;
  8CA1 : E0;
  8CA2 : FC;
  8CA3 : FF;
  8CA4 : FF;
  8CA5 : FF;
  8CA6 : FF;
  8CA7 : FF;
  8CA8 : FF;
  8CA9 : FF;
  8CAA : FF;
  8CAB : FF;
  8CAC : FF;
  8CAD : FF;
  8CAE : FF;
  8CAF : FF;
  8CB0 : FF;
  8CB1 : FF;
  8CB2 : FF;
  8CB3 : FF;
  8CB4 : FF;
  8CB5 : FF;
  8CB6 : FF;
  8CB7 : FF;
  8CB8 : FF;
  8CB9 : FF;
  8CBA : FF;
  8CBB : FF;
  8CBC : FF;
  8CBD : FF;
  8CBE : FF;
  8CBF : FF;
  8CC0 : FF;
  8CC1 : FF;
  8CC2 : FF;
  8CC3 : FF;
  8CC4 : FF;
  8CC5 : FF;
  8CC6 : FF;
  8CC7 : FF;
  8CC8 : FF;
  8CC9 : FF;
  8CCA : FF;
  8CCB : FF;
  8CCC : FF;
  8CCD : FF;
  8CCE : FF;
  8CCF : FF;
  8CD0 : FF;
  8CD1 : FF;
  8CD2 : FF;
  8CD3 : FF;
  8CD4 : FF;
  8CD5 : FF;
  8CD6 : FF;
  8CD7 : FF;
  8CD8 : FF;
  8CD9 : FF;
  8CDA : FF;
  8CDB : FF;
  8CDC : FF;
  8CDD : FF;
  8CDE : FF;
  8CDF : FF;
  8CE0 : FF;
  8CE1 : FF;
  8CE2 : FF;
  8CE3 : FF;
  8CE4 : FF;
  8CE5 : FF;
  8CE6 : FF;
  8CE7 : FF;
  8CE8 : FF;
  8CE9 : FF;
  8CEA : FF;
  8CEB : FF;
  8CEC : FF;
  8CED : FF;
  8CEE : FF;
  8CEF : FF;
  8CF0 : FF;
  8CF1 : FF;
  8CF2 : FF;
  8CF3 : FF;
  8CF4 : FF;
  8CF5 : FE;
  8CF6 : FD;
  8CF7 : FE;
  8CF8 : FF;
  8CF9 : FF;
  8CFA : FF;
  8CFB : FF;
  8CFC : FF;
  8CFD : FF;
  8CFE : FF;
  8CFF : FF;
  8D00 : FF;
  8D01 : FF;
  8D02 : FF;
  8D03 : FF;
  8D04 : FF;
  8D05 : FF;
  8D06 : FF;
  8D07 : FF;
  8D08 : FF;
  8D09 : FF;
  8D0A : FF;
  8D0B : FF;
  8D0C : FF;
  8D0D : FF;
  8D0E : FF;
  8D0F : FF;
  8D10 : FF;
  8D11 : FF;
  8D12 : FF;
  8D13 : FF;
  8D14 : FF;
  8D15 : FF;
  8D16 : FF;
  8D17 : FF;
  8D18 : FF;
  8D19 : FF;
  8D1A : FF;
  8D1B : FF;
  8D1C : FF;
  8D1D : FF;
  8D1E : FF;
  8D1F : FF;
  8D20 : FF;
  8D21 : FF;
  8D22 : FF;
  8D23 : FF;
  8D24 : FF;
  8D25 : FF;
  8D26 : FF;
  8D27 : FF;
  8D28 : FF;
  8D29 : FF;
  8D2A : FF;
  8D2B : FF;
  8D2C : FF;
  8D2D : FF;
  8D2E : FF;
  8D2F : FF;
  8D30 : FF;
  8D31 : FF;
  8D32 : FF;
  8D33 : FF;
  8D34 : FF;
  8D35 : FF;
  8D36 : FF;
  8D37 : FF;
  8D38 : FF;
  8D39 : FF;
  8D3A : FF;
  8D3B : FF;
  8D3C : FF;
  8D3D : FF;
  8D3E : FF;
  8D3F : FF;
  8D40 : FF;
  8D41 : FF;
  8D42 : FF;
  8D43 : FF;
  8D44 : FF;
  8D45 : FF;
  8D46 : FF;
  8D47 : FF;
  8D48 : FF;
  8D49 : FF;
  8D4A : FF;
  8D4B : FF;
  8D4C : FF;
  8D4D : FF;
  8D4E : FF;
  8D4F : FF;
  8D50 : FF;
  8D51 : FF;
  8D52 : E3;
  8D53 : 89;
  8D54 : 87;
  8D55 : 85;
  8D56 : 85;
  8D57 : 85;
  8D58 : 85;
  8D59 : 85;
  8D5A : 85;
  8D5B : 85;
  8D5C : 85;
  8D5D : 85;
  8D5E : 85;
  8D5F : 85;
  8D60 : 85;
  8D61 : 85;
  8D62 : 85;
  8D63 : 85;
  8D64 : 85;
  8D65 : 85;
  8D66 : 85;
  8D67 : 87;
  8D68 : 8E;
  8D69 : 8E;
  8D6A : AA;
  8D6B : DE;
  8D6C : FE;
  8D6D : FF;
  8D6E : FF;
  8D6F : FF;
  8D70 : FF;
  8D71 : FF;
  8D72 : FF;
  8D73 : FF;
  8D74 : FF;
  8D75 : FF;
  8D76 : FF;
  8D77 : FF;
  8D78 : FF;
  8D79 : FF;
  8D7A : FF;
  8D7B : FF;
  8D7C : FF;
  8D7D : FF;
  8D7E : FF;
  8D7F : FF;
  8D80 : FF;
  8D81 : FF;
  8D82 : FF;
  8D83 : FF;
  8D84 : FF;
  8D85 : FF;
  8D86 : FF;
  8D87 : FF;
  8D88 : FF;
  8D89 : FF;
  8D8A : FF;
  8D8B : FF;
  8D8C : FF;
  8D8D : FF;
  8D8E : FF;
  8D8F : FF;
  8D90 : FF;
  8D91 : FF;
  8D92 : FF;
  8D93 : FF;
  8D94 : FF;
  8D95 : FF;
  8D96 : FF;
  8D97 : FF;
  8D98 : FF;
  8D99 : FF;
  8D9A : FF;
  8D9B : FF;
  8D9C : FF;
  8D9D : FF;
  8D9E : FF;
  8D9F : FF;
  8DA0 : FF;
  8DA1 : FF;
  8DA2 : FF;
  8DA3 : FF;
  8DA4 : FF;
  8DA5 : FF;
  8DA6 : FF;
  8DA7 : FF;
  8DA8 : FF;
  8DA9 : FF;
  8DAA : FF;
  8DAB : FF;
  8DAC : FF;
  8DAD : FF;
  8DAE : FF;
  8DAF : FF;
  8DB0 : FF;
  8DB1 : FF;
  8DB2 : FF;
  8DB3 : FF;
  8DB4 : FF;
  8DB5 : FF;
  8DB6 : FF;
  8DB7 : FF;
  8DB8 : FF;
  8DB9 : FF;
  8DBA : FF;
  8DBB : FF;
  8DBC : FF;
  8DBD : FF;
  8DBE : FF;
  8DBF : FF;
  8DC0 : FF;
  8DC1 : FF;
  8DC2 : FF;
  8DC3 : FF;
  8DC4 : FF;
  8DC5 : FF;
  8DC6 : FF;
  8DC7 : FF;
  8DC8 : FF;
  8DC9 : FF;
  8DCA : FF;
  8DCB : FF;
  8DCC : FF;
  8DCD : FF;
  8DCE : FF;
  8DCF : FF;
  8DD0 : FF;
  8DD1 : FF;
  8DD2 : FF;
  8DD3 : FF;
  8DD4 : FF;
  8DD5 : FF;
  8DD6 : FF;
  8DD7 : FF;
  8DD8 : FF;
  8DD9 : FF;
  8DDA : FF;
  8DDB : FF;
  8DDC : FF;
  8DDD : FF;
  8DDE : FF;
  8DDF : FF;
  8DE0 : FF;
  8DE1 : FF;
  8DE2 : FF;
  8DE3 : FF;
  8DE4 : FF;
  8DE5 : FF;
  8DE6 : FF;
  8DE7 : FF;
  8DE8 : FF;
  8DE9 : FF;
  8DEA : FF;
  8DEB : FF;
  8DEC : FF;
  8DED : FF;
  8DEE : FF;
  8DEF : FF;
  8DF0 : FF;
  8DF1 : FF;
  8DF2 : FF;
  8DF3 : FF;
  8DF4 : FF;
  8DF5 : FF;
  8DF6 : FF;
  8DF7 : FF;
  8DF8 : FF;
  8DF9 : FF;
  8DFA : FF;
  8DFB : FF;
  8DFC : FF;
  8DFD : FF;
  8DFE : FF;
  8DFF : FF;
  8E00 : FF;
  8E01 : FF;
  8E02 : FF;
  8E03 : FF;
  8E04 : FF;
  8E05 : FF;
  8E06 : FF;
  8E07 : FF;
  8E08 : FF;
  8E09 : FF;
  8E0A : FF;
  8E0B : FF;
  8E0C : FF;
  8E0D : FF;
  8E0E : FF;
  8E0F : FF;
  8E10 : FF;
  8E11 : FF;
  8E12 : FF;
  8E13 : FF;
  8E14 : FF;
  8E15 : FF;
  8E16 : FF;
  8E17 : FF;
  8E18 : FF;
  8E19 : FF;
  8E1A : FF;
  8E1B : FF;
  8E1C : FF;
  8E1D : FF;
  8E1E : AE;
  8E1F : 89;
  8E20 : 85;
  8E21 : 85;
  8E22 : 85;
  8E23 : 85;
  8E24 : 85;
  8E25 : 85;
  8E26 : 85;
  8E27 : 85;
  8E28 : 85;
  8E29 : 85;
  8E2A : 85;
  8E2B : 85;
  8E2C : 85;
  8E2D : 85;
  8E2E : 85;
  8E2F : 85;
  8E30 : 85;
  8E31 : 87;
  8E32 : 8B;
  8E33 : 8D;
  8E34 : AA;
  8E35 : D9;
  8E36 : FF;
  8E37 : FF;
  8E38 : FF;
  8E39 : FF;
  8E3A : FF;
  8E3B : FF;
  8E3C : FF;
  8E3D : FF;
  8E3E : FF;
  8E3F : FF;
  8E40 : FF;
  8E41 : FF;
  8E42 : FF;
  8E43 : FF;
  8E44 : FF;
  8E45 : FF;
  8E46 : FF;
  8E47 : FF;
  8E48 : FF;
  8E49 : FF;
  8E4A : FF;
  8E4B : FF;
  8E4C : FF;
  8E4D : FF;
  8E4E : FF;
  8E4F : FF;
  8E50 : FF;
  8E51 : FF;
  8E52 : FF;
  8E53 : FF;
  8E54 : FF;
  8E55 : FF;
  8E56 : FF;
  8E57 : FF;
  8E58 : FF;
  8E59 : FF;
  8E5A : FF;
  8E5B : FF;
  8E5C : FF;
  8E5D : FF;
  8E5E : FF;
  8E5F : FF;
  8E60 : FF;
  8E61 : FF;
  8E62 : FF;
  8E63 : FF;
  8E64 : FF;
  8E65 : FF;
  8E66 : FF;
  8E67 : FF;
  8E68 : FF;
  8E69 : FF;
  8E6A : FF;
  8E6B : FF;
  8E6C : FF;
  8E6D : FF;
  8E6E : FF;
  8E6F : FF;
  8E70 : FF;
  8E71 : FF;
  8E72 : FF;
  8E73 : FF;
  8E74 : FF;
  8E75 : FF;
  8E76 : FF;
  8E77 : FF;
  8E78 : FF;
  8E79 : FF;
  8E7A : FF;
  8E7B : FF;
  8E7C : FF;
  8E7D : FF;
  8E7E : FF;
  8E7F : FF;
  8E80 : FF;
  8E81 : FF;
  8E82 : FF;
  8E83 : FF;
  8E84 : FF;
  8E85 : FF;
  8E86 : FF;
  8E87 : FF;
  8E88 : FF;
  8E89 : FF;
  8E8A : FF;
  8E8B : FF;
  8E8C : FF;
  8E8D : FF;
  8E8E : FF;
  8E8F : FF;
  8E90 : FF;
  8E91 : FF;
  8E92 : FF;
  8E93 : FF;
  8E94 : FF;
  8E95 : FF;
  8E96 : FF;
  8E97 : FF;
  8E98 : FF;
  8E99 : FF;
  8E9A : FF;
  8E9B : FF;
  8E9C : FF;
  8E9D : FF;
  8E9E : FF;
  8E9F : FF;
  8EA0 : FF;
  8EA1 : FF;
  8EA2 : FF;
  8EA3 : FF;
  8EA4 : FF;
  8EA5 : FF;
  8EA6 : FF;
  8EA7 : FF;
  8EA8 : FF;
  8EA9 : FF;
  8EAA : FF;
  8EAB : FF;
  8EAC : FF;
  8EAD : FF;
  8EAE : FF;
  8EAF : FF;
  8EB0 : FF;
  8EB1 : FF;
  8EB2 : FF;
  8EB3 : FF;
  8EB4 : FF;
  8EB5 : FF;
  8EB6 : FF;
  8EB7 : FF;
  8EB8 : FF;
  8EB9 : FF;
  8EBA : FF;
  8EBB : FF;
  8EBC : FF;
  8EBD : FF;
  8EBE : FF;
  8EBF : FF;
  8EC0 : FF;
  8EC1 : FF;
  8EC2 : FF;
  8EC3 : FF;
  8EC4 : FF;
  8EC5 : FF;
  8EC6 : FF;
  8EC7 : FF;
  8EC8 : FF;
  8EC9 : FF;
  8ECA : FF;
  8ECB : FF;
  8ECC : FF;
  8ECD : FF;
  8ECE : FF;
  8ECF : FF;
  8ED0 : FF;
  8ED1 : FF;
  8ED2 : FF;
  8ED3 : FF;
  8ED4 : FF;
  8ED5 : FF;
  8ED6 : FF;
  8ED7 : FF;
  8ED8 : FF;
  8ED9 : FF;
  8EDA : FF;
  8EDB : FF;
  8EDC : FF;
  8EDD : FF;
  8EDE : FF;
  8EDF : FF;
  8EE0 : FF;
  8EE1 : FF;
  8EE2 : FF;
  8EE3 : FF;
  8EE4 : FF;
  8EE5 : FF;
  8EE6 : FF;
  8EE7 : FF;
  8EE8 : FF;
  8EE9 : E0;
  8EEA : 90;
  8EEB : 89;
  8EEC : 85;
  8EED : 85;
  8EEE : 85;
  8EEF : 85;
  8EF0 : 85;
  8EF1 : 85;
  8EF2 : 85;
  8EF3 : 85;
  8EF4 : 85;
  8EF5 : 85;
  8EF6 : 85;
  8EF7 : 85;
  8EF8 : 85;
  8EF9 : 85;
  8EFA : 85;
  8EFB : 88;
  8EFC : 89;
  8EFD : 86;
  8EFE : A8;
  8EFF : DB;
  8F00 : FA;
  8F01 : FF;
  8F02 : FF;
  8F03 : FF;
  8F04 : FF;
  8F05 : FF;
  8F06 : FF;
  8F07 : FF;
  8F08 : FF;
  8F09 : FF;
  8F0A : FF;
  8F0B : FF;
  8F0C : FF;
  8F0D : FF;
  8F0E : FF;
  8F0F : FF;
  8F10 : FF;
  8F11 : FF;
  8F12 : FF;
  8F13 : FF;
  8F14 : FF;
  8F15 : FF;
  8F16 : FF;
  8F17 : FF;
  8F18 : FF;
  8F19 : FF;
  8F1A : FF;
  8F1B : FF;
  8F1C : FF;
  8F1D : FF;
  8F1E : FF;
  8F1F : FF;
  8F20 : FF;
  8F21 : FF;
  8F22 : FF;
  8F23 : FF;
  8F24 : FF;
  8F25 : FF;
  8F26 : FF;
  8F27 : FF;
  8F28 : FF;
  8F29 : FF;
  8F2A : FF;
  8F2B : FF;
  8F2C : FF;
  8F2D : FF;
  8F2E : FF;
  8F2F : FF;
  8F30 : FF;
  8F31 : FF;
  8F32 : FF;
  8F33 : FF;
  8F34 : FF;
  8F35 : FF;
  8F36 : FF;
  8F37 : FF;
  8F38 : FF;
  8F39 : FF;
  8F3A : FF;
  8F3B : FF;
  8F3C : FF;
  8F3D : FF;
  8F3E : FF;
  8F3F : FF;
  8F40 : FF;
  8F41 : FF;
  8F42 : FF;
  8F43 : FF;
  8F44 : FF;
  8F45 : FF;
  8F46 : FF;
  8F47 : FF;
  8F48 : FF;
  8F49 : FF;
  8F4A : FF;
  8F4B : FF;
  8F4C : FF;
  8F4D : FF;
  8F4E : FF;
  8F4F : FF;
  8F50 : FF;
  8F51 : FF;
  8F52 : FF;
  8F53 : FF;
  8F54 : FF;
  8F55 : FF;
  8F56 : FF;
  8F57 : FF;
  8F58 : FF;
  8F59 : FF;
  8F5A : FF;
  8F5B : FF;
  8F5C : FF;
  8F5D : FF;
  8F5E : FF;
  8F5F : FF;
  8F60 : FF;
  8F61 : FF;
  8F62 : FF;
  8F63 : FF;
  8F64 : FF;
  8F65 : FF;
  8F66 : FF;
  8F67 : FF;
  8F68 : FF;
  8F69 : FF;
  8F6A : FF;
  8F6B : FF;
  8F6C : FF;
  8F6D : FF;
  8F6E : FF;
  8F6F : FF;
  8F70 : FF;
  8F71 : FF;
  8F72 : FF;
  8F73 : FF;
  8F74 : FF;
  8F75 : FF;
  8F76 : FF;
  8F77 : FF;
  8F78 : FF;
  8F79 : FF;
  8F7A : FF;
  8F7B : FF;
  8F7C : FF;
  8F7D : FF;
  8F7E : FF;
  8F7F : FF;
  8F80 : FF;
  8F81 : FF;
  8F82 : FF;
  8F83 : FF;
  8F84 : FF;
  8F85 : FF;
  8F86 : FF;
  8F87 : FF;
  8F88 : FF;
  8F89 : FF;
  8F8A : FF;
  8F8B : FF;
  8F8C : FF;
  8F8D : FF;
  8F8E : FF;
  8F8F : FF;
  8F90 : FF;
  8F91 : FF;
  8F92 : FF;
  8F93 : FF;
  8F94 : FF;
  8F95 : FF;
  8F96 : FF;
  8F97 : FF;
  8F98 : FF;
  8F99 : FF;
  8F9A : FF;
  8F9B : FF;
  8F9C : FF;
  8F9D : FF;
  8F9E : FF;
  8F9F : FF;
  8FA0 : FF;
  8FA1 : FF;
  8FA2 : FF;
  8FA3 : FF;
  8FA4 : FF;
  8FA5 : FF;
  8FA6 : FF;
  8FA7 : FF;
  8FA8 : FF;
  8FA9 : FF;
  8FAA : FF;
  8FAB : FF;
  8FAC : FF;
  8FAD : FF;
  8FAE : FF;
  8FAF : FF;
  8FB0 : FF;
  8FB1 : FF;
  8FB2 : FF;
  8FB3 : FF;
  8FB4 : FF;
  8FB5 : B4;
  8FB6 : 8B;
  8FB7 : 85;
  8FB8 : 85;
  8FB9 : 85;
  8FBA : 85;
  8FBB : 85;
  8FBC : 85;
  8FBD : 85;
  8FBE : 85;
  8FBF : 85;
  8FC0 : 85;
  8FC1 : 85;
  8FC2 : 85;
  8FC3 : 85;
  8FC4 : 85;
  8FC5 : 89;
  8FC6 : 8B;
  8FC7 : 88;
  8FC8 : A5;
  8FC9 : D9;
  8FCA : F9;
  8FCB : FF;
  8FCC : FF;
  8FCD : FF;
  8FCE : FF;
  8FCF : FF;
  8FD0 : FF;
  8FD1 : FF;
  8FD2 : FF;
  8FD3 : FF;
  8FD4 : FF;
  8FD5 : FF;
  8FD6 : FF;
  8FD7 : FF;
  8FD8 : FF;
  8FD9 : FF;
  8FDA : FF;
  8FDB : FF;
  8FDC : FF;
  8FDD : FF;
  8FDE : FF;
  8FDF : FF;
  8FE0 : FF;
  8FE1 : FF;
  8FE2 : FF;
  8FE3 : FF;
  8FE4 : FF;
  8FE5 : FF;
  8FE6 : FF;
  8FE7 : FF;
  8FE8 : FF;
  8FE9 : FF;
  8FEA : FF;
  8FEB : FF;
  8FEC : FF;
  8FED : FF;
  8FEE : FF;
  8FEF : FF;
  8FF0 : FF;
  8FF1 : FF;
  8FF2 : FF;
  8FF3 : FF;
  8FF4 : FF;
  8FF5 : FF;
  8FF6 : FF;
  8FF7 : FF;
  8FF8 : FF;
  8FF9 : FF;
  8FFA : FF;
  8FFB : FF;
  8FFC : FF;
  8FFD : FF;
  8FFE : FF;
  8FFF : FF;
  9000 : FF;
  9001 : FF;
  9002 : FF;
  9003 : FF;
  9004 : FF;
  9005 : FF;
  9006 : FF;
  9007 : FF;
  9008 : FF;
  9009 : FF;
  900A : FF;
  900B : FF;
  900C : FF;
  900D : FF;
  900E : FF;
  900F : FF;
  9010 : FF;
  9011 : FF;
  9012 : FF;
  9013 : FF;
  9014 : FF;
  9015 : FF;
  9016 : FF;
  9017 : FF;
  9018 : FF;
  9019 : FF;
  901A : FF;
  901B : FF;
  901C : FF;
  901D : FF;
  901E : FF;
  901F : FF;
  9020 : FF;
  9021 : FF;
  9022 : FF;
  9023 : FF;
  9024 : FF;
  9025 : FF;
  9026 : FF;
  9027 : FF;
  9028 : FF;
  9029 : FF;
  902A : FF;
  902B : FF;
  902C : FF;
  902D : FF;
  902E : FF;
  902F : FF;
  9030 : FF;
  9031 : FF;
  9032 : FF;
  9033 : FF;
  9034 : FF;
  9035 : FF;
  9036 : FF;
  9037 : FF;
  9038 : FF;
  9039 : FF;
  903A : FF;
  903B : FF;
  903C : FF;
  903D : FF;
  903E : FF;
  903F : FF;
  9040 : FF;
  9041 : FF;
  9042 : FF;
  9043 : FF;
  9044 : FF;
  9045 : FF;
  9046 : FF;
  9047 : FF;
  9048 : FF;
  9049 : FF;
  904A : FF;
  904B : FF;
  904C : FF;
  904D : FF;
  904E : FF;
  904F : FF;
  9050 : FF;
  9051 : FF;
  9052 : FF;
  9053 : FF;
  9054 : FF;
  9055 : FF;
  9056 : FF;
  9057 : FF;
  9058 : FF;
  9059 : FF;
  905A : FF;
  905B : FF;
  905C : FF;
  905D : FF;
  905E : FF;
  905F : FF;
  9060 : FF;
  9061 : FF;
  9062 : FF;
  9063 : FF;
  9064 : FF;
  9065 : FF;
  9066 : FF;
  9067 : FF;
  9068 : FF;
  9069 : FF;
  906A : FF;
  906B : FF;
  906C : FF;
  906D : FF;
  906E : FF;
  906F : FF;
  9070 : FF;
  9071 : FF;
  9072 : FF;
  9073 : FF;
  9074 : FF;
  9075 : FF;
  9076 : FF;
  9077 : FF;
  9078 : FF;
  9079 : FF;
  907A : FF;
  907B : FF;
  907C : FF;
  907D : FF;
  907E : FF;
  907F : FF;
  9080 : E9;
  9081 : 98;
  9082 : 8B;
  9083 : 85;
  9084 : 85;
  9085 : 85;
  9086 : 85;
  9087 : 85;
  9088 : 85;
  9089 : 85;
  908A : 85;
  908B : 85;
  908C : 85;
  908D : 85;
  908E : 85;
  908F : 88;
  9090 : 8E;
  9091 : 91;
  9092 : AC;
  9093 : DC;
  9094 : FD;
  9095 : FF;
  9096 : FF;
  9097 : FF;
  9098 : FF;
  9099 : FF;
  909A : FF;
  909B : FF;
  909C : FF;
  909D : FF;
  909E : FF;
  909F : FF;
  90A0 : FF;
  90A1 : FF;
  90A2 : FF;
  90A3 : FF;
  90A4 : FF;
  90A5 : FF;
  90A6 : FF;
  90A7 : FF;
  90A8 : FF;
  90A9 : FF;
  90AA : FF;
  90AB : FF;
  90AC : FF;
  90AD : FF;
  90AE : FF;
  90AF : FF;
  90B0 : FF;
  90B1 : FF;
  90B2 : FF;
  90B3 : FF;
  90B4 : FF;
  90B5 : FF;
  90B6 : FF;
  90B7 : FF;
  90B8 : FF;
  90B9 : FF;
  90BA : FF;
  90BB : FF;
  90BC : FF;
  90BD : FF;
  90BE : FF;
  90BF : FF;
  90C0 : FF;
  90C1 : FF;
  90C2 : FF;
  90C3 : FF;
  90C4 : FF;
  90C5 : FF;
  90C6 : FF;
  90C7 : FF;
  90C8 : FF;
  90C9 : FF;
  90CA : FF;
  90CB : FF;
  90CC : FF;
  90CD : FF;
  90CE : FF;
  90CF : FF;
  90D0 : FF;
  90D1 : FF;
  90D2 : FF;
  90D3 : FF;
  90D4 : FF;
  90D5 : FF;
  90D6 : FF;
  90D7 : FF;
  90D8 : FF;
  90D9 : FF;
  90DA : FF;
  90DB : FF;
  90DC : FF;
  90DD : FF;
  90DE : FF;
  90DF : FF;
  90E0 : FF;
  90E1 : FF;
  90E2 : FF;
  90E3 : FF;
  90E4 : FF;
  90E5 : FF;
  90E6 : FF;
  90E7 : FF;
  90E8 : FF;
  90E9 : FF;
  90EA : FF;
  90EB : FF;
  90EC : FF;
  90ED : FF;
  90EE : FF;
  90EF : FF;
  90F0 : FF;
  90F1 : FF;
  90F2 : FF;
  90F3 : FF;
  90F4 : FF;
  90F5 : FF;
  90F6 : FF;
  90F7 : FF;
  90F8 : FF;
  90F9 : FF;
  90FA : FF;
  90FB : FF;
  90FC : FF;
  90FD : FF;
  90FE : FF;
  90FF : FF;
  9100 : FF;
  9101 : FF;
  9102 : FF;
  9103 : FF;
  9104 : FF;
  9105 : FF;
  9106 : FF;
  9107 : FF;
  9108 : FF;
  9109 : FF;
  910A : FF;
  910B : FF;
  910C : FF;
  910D : FF;
  910E : FF;
  910F : FF;
  9110 : FF;
  9111 : FF;
  9112 : FF;
  9113 : FF;
  9114 : FF;
  9115 : FF;
  9116 : FF;
  9117 : FF;
  9118 : FF;
  9119 : FF;
  911A : FF;
  911B : FF;
  911C : FF;
  911D : FF;
  911E : FF;
  911F : FF;
  9120 : FF;
  9121 : FF;
  9122 : FF;
  9123 : FF;
  9124 : FF;
  9125 : FF;
  9126 : FF;
  9127 : FF;
  9128 : FF;
  9129 : FF;
  912A : FF;
  912B : FF;
  912C : FF;
  912D : FF;
  912E : FF;
  912F : FF;
  9130 : FF;
  9131 : FF;
  9132 : FF;
  9133 : FF;
  9134 : FF;
  9135 : FF;
  9136 : FF;
  9137 : FF;
  9138 : FF;
  9139 : FF;
  913A : FF;
  913B : FF;
  913C : FF;
  913D : FF;
  913E : FF;
  913F : FF;
  9140 : FF;
  9141 : FF;
  9142 : FF;
  9143 : FF;
  9144 : FF;
  9145 : FF;
  9146 : FF;
  9147 : FF;
  9148 : FF;
  9149 : FF;
  914A : FF;
  914B : FF;
  914C : CB;
  914D : 8A;
  914E : 86;
  914F : 85;
  9150 : 85;
  9151 : 85;
  9152 : 85;
  9153 : 85;
  9154 : 85;
  9155 : 85;
  9156 : 85;
  9157 : 85;
  9158 : 86;
  9159 : 88;
  915A : 8C;
  915B : 8F;
  915C : B7;
  915D : E1;
  915E : FE;
  915F : FF;
  9160 : FF;
  9161 : FF;
  9162 : FF;
  9163 : FF;
  9164 : FF;
  9165 : FF;
  9166 : FF;
  9167 : FF;
  9168 : FF;
  9169 : FF;
  916A : FF;
  916B : FF;
  916C : FF;
  916D : FF;
  916E : FF;
  916F : FF;
  9170 : FF;
  9171 : FF;
  9172 : FF;
  9173 : FF;
  9174 : FF;
  9175 : FF;
  9176 : FF;
  9177 : FF;
  9178 : FF;
  9179 : FF;
  917A : FF;
  917B : FF;
  917C : FF;
  917D : FF;
  917E : FF;
  917F : FF;
  9180 : FF;
  9181 : FF;
  9182 : FF;
  9183 : FF;
  9184 : FF;
  9185 : FF;
  9186 : FF;
  9187 : FF;
  9188 : FF;
  9189 : FF;
  918A : FF;
  918B : FF;
  918C : FF;
  918D : FF;
  918E : FF;
  918F : FF;
  9190 : FF;
  9191 : FF;
  9192 : FF;
  9193 : FF;
  9194 : FF;
  9195 : FF;
  9196 : FF;
  9197 : FF;
  9198 : FF;
  9199 : FF;
  919A : FF;
  919B : FF;
  919C : FF;
  919D : FF;
  919E : FF;
  919F : FF;
  91A0 : FF;
  91A1 : FF;
  91A2 : FF;
  91A3 : FF;
  91A4 : FF;
  91A5 : FF;
  91A6 : FF;
  91A7 : FF;
  91A8 : FF;
  91A9 : FF;
  91AA : FF;
  91AB : FF;
  91AC : FF;
  91AD : FF;
  91AE : FF;
  91AF : FF;
  91B0 : FF;
  91B1 : FF;
  91B2 : FF;
  91B3 : FF;
  91B4 : FF;
  91B5 : FF;
  91B6 : FF;
  91B7 : FF;
  91B8 : FF;
  91B9 : FF;
  91BA : FF;
  91BB : FF;
  91BC : FF;
  91BD : FF;
  91BE : FF;
  91BF : FF;
  91C0 : FF;
  91C1 : FF;
  91C2 : FF;
  91C3 : FF;
  91C4 : FF;
  91C5 : FF;
  91C6 : FF;
  91C7 : FF;
  91C8 : FF;
  91C9 : FF;
  91CA : FF;
  91CB : FF;
  91CC : FF;
  91CD : FF;
  91CE : FF;
  91CF : FF;
  91D0 : FF;
  91D1 : FF;
  91D2 : FF;
  91D3 : FF;
  91D4 : FF;
  91D5 : FF;
  91D6 : FF;
  91D7 : FF;
  91D8 : FF;
  91D9 : FF;
  91DA : FF;
  91DB : FF;
  91DC : FF;
  91DD : FF;
  91DE : FF;
  91DF : FF;
  91E0 : FF;
  91E1 : FF;
  91E2 : FF;
  91E3 : FF;
  91E4 : FF;
  91E5 : FF;
  91E6 : FF;
  91E7 : FF;
  91E8 : FF;
  91E9 : FF;
  91EA : FF;
  91EB : FF;
  91EC : FF;
  91ED : FF;
  91EE : FF;
  91EF : FF;
  91F0 : FF;
  91F1 : FF;
  91F2 : FF;
  91F3 : FF;
  91F4 : FF;
  91F5 : FF;
  91F6 : FF;
  91F7 : FF;
  91F8 : FF;
  91F9 : FF;
  91FA : FF;
  91FB : FF;
  91FC : FF;
  91FD : FF;
  91FE : FF;
  91FF : FF;
  9200 : FF;
  9201 : FF;
  9202 : FF;
  9203 : FF;
  9204 : FF;
  9205 : FF;
  9206 : FF;
  9207 : FF;
  9208 : FF;
  9209 : FF;
  920A : FF;
  920B : FF;
  920C : FF;
  920D : FF;
  920E : FF;
  920F : FF;
  9210 : FF;
  9211 : FF;
  9212 : FF;
  9213 : FF;
  9214 : FF;
  9215 : FF;
  9216 : FF;
  9217 : FC;
  9218 : B2;
  9219 : 8E;
  921A : 85;
  921B : 85;
  921C : 85;
  921D : 85;
  921E : 85;
  921F : 85;
  9220 : 85;
  9221 : 85;
  9222 : 88;
  9223 : 8A;
  9224 : 88;
  9225 : 90;
  9226 : BE;
  9227 : E7;
  9228 : FD;
  9229 : FF;
  922A : FF;
  922B : FF;
  922C : FF;
  922D : FF;
  922E : FF;
  922F : FF;
  9230 : FF;
  9231 : FF;
  9232 : FF;
  9233 : FF;
  9234 : FF;
  9235 : FF;
  9236 : FF;
  9237 : FF;
  9238 : FF;
  9239 : FF;
  923A : FF;
  923B : FF;
  923C : FF;
  923D : FF;
  923E : FF;
  923F : FF;
  9240 : FF;
  9241 : FF;
  9242 : FF;
  9243 : FF;
  9244 : FF;
  9245 : FF;
  9246 : FF;
  9247 : FF;
  9248 : FF;
  9249 : FF;
  924A : FF;
  924B : FF;
  924C : FF;
  924D : FF;
  924E : FF;
  924F : FF;
  9250 : FF;
  9251 : FF;
  9252 : FF;
  9253 : FF;
  9254 : FF;
  9255 : FF;
  9256 : FF;
  9257 : FF;
  9258 : FF;
  9259 : FF;
  925A : FF;
  925B : FF;
  925C : FF;
  925D : FF;
  925E : FF;
  925F : FF;
  9260 : FF;
  9261 : FF;
  9262 : FF;
  9263 : FF;
  9264 : FF;
  9265 : FF;
  9266 : FF;
  9267 : FF;
  9268 : FF;
  9269 : FF;
  926A : FF;
  926B : FF;
  926C : FF;
  926D : FF;
  926E : FF;
  926F : FF;
  9270 : FF;
  9271 : FF;
  9272 : FF;
  9273 : FF;
  9274 : FF;
  9275 : FF;
  9276 : FF;
  9277 : FF;
  9278 : FF;
  9279 : FF;
  927A : FF;
  927B : FF;
  927C : FF;
  927D : FF;
  927E : FF;
  927F : FF;
  9280 : FF;
  9281 : FF;
  9282 : FF;
  9283 : FF;
  9284 : FF;
  9285 : FF;
  9286 : FF;
  9287 : FF;
  9288 : FF;
  9289 : FF;
  928A : FF;
  928B : FF;
  928C : FF;
  928D : FF;
  928E : FF;
  928F : FF;
  9290 : FF;
  9291 : FF;
  9292 : FF;
  9293 : FF;
  9294 : FF;
  9295 : FF;
  9296 : FF;
  9297 : FF;
  9298 : FF;
  9299 : FF;
  929A : FF;
  929B : FF;
  929C : FF;
  929D : FF;
  929E : FF;
  929F : FF;
  92A0 : FF;
  92A1 : FF;
  92A2 : FF;
  92A3 : FF;
  92A4 : FF;
  92A5 : FF;
  92A6 : FF;
  92A7 : FF;
  92A8 : FF;
  92A9 : FF;
  92AA : FF;
  92AB : FF;
  92AC : FF;
  92AD : FF;
  92AE : FF;
  92AF : FF;
  92B0 : FF;
  92B1 : FF;
  92B2 : FF;
  92B3 : FF;
  92B4 : FF;
  92B5 : FF;
  92B6 : FF;
  92B7 : FF;
  92B8 : FF;
  92B9 : FF;
  92BA : FF;
  92BB : FF;
  92BC : FF;
  92BD : FF;
  92BE : FF;
  92BF : FF;
  92C0 : FF;
  92C1 : FF;
  92C2 : FF;
  92C3 : FF;
  92C4 : FF;
  92C5 : FF;
  92C6 : FF;
  92C7 : FF;
  92C8 : FF;
  92C9 : FF;
  92CA : FF;
  92CB : FF;
  92CC : FF;
  92CD : FF;
  92CE : FF;
  92CF : FF;
  92D0 : FF;
  92D1 : FF;
  92D2 : FF;
  92D3 : FF;
  92D4 : FF;
  92D5 : FF;
  92D6 : FF;
  92D7 : FF;
  92D8 : FF;
  92D9 : FF;
  92DA : FF;
  92DB : FF;
  92DC : FF;
  92DD : FF;
  92DE : FF;
  92DF : FF;
  92E0 : FF;
  92E1 : FF;
  92E2 : FF;
  92E3 : EF;
  92E4 : 9A;
  92E5 : 89;
  92E6 : 85;
  92E7 : 85;
  92E8 : 85;
  92E9 : 85;
  92EA : 85;
  92EB : 85;
  92EC : 89;
  92ED : 8C;
  92EE : 88;
  92EF : 99;
  92F0 : C4;
  92F1 : EF;
  92F2 : FF;
  92F3 : FF;
  92F4 : FF;
  92F5 : FF;
  92F6 : FF;
  92F7 : FF;
  92F8 : FF;
  92F9 : FF;
  92FA : FF;
  92FB : FF;
  92FC : FF;
  92FD : FF;
  92FE : FF;
  92FF : FF;
  9300 : FF;
  9301 : FF;
  9302 : FF;
  9303 : FF;
  9304 : FF;
  9305 : FF;
  9306 : FF;
  9307 : FF;
  9308 : FF;
  9309 : FF;
  930A : FF;
  930B : FF;
  930C : FF;
  930D : FF;
  930E : FF;
  930F : FF;
  9310 : FF;
  9311 : FF;
  9312 : FF;
  9313 : FF;
  9314 : FF;
  9315 : FF;
  9316 : FF;
  9317 : FF;
  9318 : FF;
  9319 : FF;
  931A : FF;
  931B : FF;
  931C : FF;
  931D : FF;
  931E : FF;
  931F : FF;
  9320 : FF;
  9321 : FF;
  9322 : FF;
  9323 : FF;
  9324 : FF;
  9325 : FF;
  9326 : FF;
  9327 : FF;
  9328 : FF;
  9329 : FF;
  932A : FF;
  932B : FF;
  932C : FF;
  932D : FF;
  932E : FF;
  932F : FF;
  9330 : FF;
  9331 : FF;
  9332 : FF;
  9333 : FF;
  9334 : FF;
  9335 : FF;
  9336 : FF;
  9337 : FF;
  9338 : FF;
  9339 : FF;
  933A : FF;
  933B : FF;
  933C : FF;
  933D : FF;
  933E : FF;
  933F : FF;
  9340 : FF;
  9341 : FF;
  9342 : FF;
  9343 : FF;
  9344 : FF;
  9345 : FF;
  9346 : FF;
  9347 : FF;
  9348 : FF;
  9349 : FF;
  934A : FF;
  934B : FF;
  934C : FF;
  934D : FF;
  934E : FF;
  934F : FF;
  9350 : FF;
  9351 : FF;
  9352 : FF;
  9353 : FF;
  9354 : FF;
  9355 : FF;
  9356 : FF;
  9357 : FF;
  9358 : FF;
  9359 : FF;
  935A : FF;
  935B : FF;
  935C : FF;
  935D : FF;
  935E : FF;
  935F : FF;
  9360 : FF;
  9361 : FF;
  9362 : FF;
  9363 : FF;
  9364 : FF;
  9365 : FF;
  9366 : FF;
  9367 : FF;
  9368 : FF;
  9369 : FF;
  936A : FF;
  936B : FF;
  936C : FF;
  936D : FF;
  936E : FF;
  936F : FF;
  9370 : FF;
  9371 : FF;
  9372 : FF;
  9373 : FF;
  9374 : FF;
  9375 : FF;
  9376 : FF;
  9377 : FF;
  9378 : FF;
  9379 : FF;
  937A : FF;
  937B : FF;
  937C : FF;
  937D : FF;
  937E : FF;
  937F : FF;
  9380 : FF;
  9381 : FF;
  9382 : FF;
  9383 : FF;
  9384 : FF;
  9385 : FF;
  9386 : FF;
  9387 : FF;
  9388 : FF;
  9389 : FF;
  938A : FF;
  938B : FF;
  938C : FF;
  938D : FF;
  938E : FF;
  938F : FF;
  9390 : FF;
  9391 : FF;
  9392 : FF;
  9393 : FF;
  9394 : FF;
  9395 : FF;
  9396 : FF;
  9397 : FF;
  9398 : FF;
  9399 : FF;
  939A : FF;
  939B : FF;
  939C : FF;
  939D : FF;
  939E : FF;
  939F : FF;
  93A0 : FF;
  93A1 : FF;
  93A2 : FF;
  93A3 : FF;
  93A4 : FF;
  93A5 : FF;
  93A6 : FF;
  93A7 : FF;
  93A8 : FF;
  93A9 : FF;
  93AA : FF;
  93AB : FF;
  93AC : FF;
  93AD : FF;
  93AE : FF;
  93AF : E7;
  93B0 : 8D;
  93B1 : 88;
  93B2 : 85;
  93B3 : 85;
  93B4 : 85;
  93B5 : 86;
  93B6 : 8C;
  93B7 : 8D;
  93B8 : 8E;
  93B9 : AA;
  93BA : D3;
  93BB : F7;
  93BC : FF;
  93BD : FF;
  93BE : FF;
  93BF : FF;
  93C0 : FF;
  93C1 : FF;
  93C2 : FF;
  93C3 : FF;
  93C4 : FF;
  93C5 : FF;
  93C6 : FF;
  93C7 : FF;
  93C8 : FF;
  93C9 : FF;
  93CA : FF;
  93CB : FF;
  93CC : FF;
  93CD : FF;
  93CE : FF;
  93CF : FF;
  93D0 : FF;
  93D1 : FF;
  93D2 : FF;
  93D3 : FF;
  93D4 : FF;
  93D5 : FF;
  93D6 : FF;
  93D7 : FF;
  93D8 : FF;
  93D9 : FF;
  93DA : FF;
  93DB : FF;
  93DC : FF;
  93DD : FF;
  93DE : FF;
  93DF : FF;
  93E0 : FF;
  93E1 : FF;
  93E2 : FF;
  93E3 : FF;
  93E4 : FF;
  93E5 : FF;
  93E6 : FF;
  93E7 : FF;
  93E8 : FF;
  93E9 : FF;
  93EA : FF;
  93EB : FF;
  93EC : FF;
  93ED : FF;
  93EE : FF;
  93EF : FF;
  93F0 : FF;
  93F1 : FF;
  93F2 : FF;
  93F3 : FF;
  93F4 : FF;
  93F5 : FF;
  93F6 : FF;
  93F7 : FF;
  93F8 : FF;
  93F9 : FF;
  93FA : FF;
  93FB : FF;
  93FC : FF;
  93FD : FF;
  93FE : FF;
  93FF : FF;
  9400 : FF;
  9401 : FF;
  9402 : FF;
  9403 : FF;
  9404 : FF;
  9405 : FF;
  9406 : FF;
  9407 : FF;
  9408 : FF;
  9409 : FF;
  940A : FF;
  940B : FF;
  940C : FF;
  940D : FF;
  940E : FF;
  940F : FF;
  9410 : FF;
  9411 : FF;
  9412 : FF;
  9413 : FF;
  9414 : FF;
  9415 : FF;
  9416 : FF;
  9417 : FF;
  9418 : FF;
  9419 : FF;
  941A : FF;
  941B : FF;
  941C : FF;
  941D : FF;
  941E : FF;
  941F : FF;
  9420 : FF;
  9421 : FF;
  9422 : FF;
  9423 : FF;
  9424 : FF;
  9425 : FF;
  9426 : FF;
  9427 : FF;
  9428 : FF;
  9429 : FF;
  942A : FF;
  942B : FF;
  942C : FF;
  942D : FF;
  942E : FF;
  942F : FF;
  9430 : FF;
  9431 : FF;
  9432 : FF;
  9433 : FF;
  9434 : FF;
  9435 : FF;
  9436 : FF;
  9437 : FF;
  9438 : FF;
  9439 : FF;
  943A : FF;
  943B : FF;
  943C : FF;
  943D : FF;
  943E : FF;
  943F : FF;
  9440 : FF;
  9441 : FF;
  9442 : FF;
  9443 : FF;
  9444 : FF;
  9445 : FF;
  9446 : FF;
  9447 : FF;
  9448 : FF;
  9449 : FF;
  944A : FF;
  944B : FF;
  944C : FF;
  944D : FF;
  944E : FF;
  944F : FF;
  9450 : FF;
  9451 : FF;
  9452 : FF;
  9453 : FF;
  9454 : FF;
  9455 : FF;
  9456 : FF;
  9457 : FF;
  9458 : FF;
  9459 : FF;
  945A : FF;
  945B : FF;
  945C : FF;
  945D : FF;
  945E : FF;
  945F : FF;
  9460 : FF;
  9461 : FF;
  9462 : FF;
  9463 : FF;
  9464 : FF;
  9465 : FF;
  9466 : FF;
  9467 : FF;
  9468 : FF;
  9469 : FF;
  946A : FF;
  946B : FF;
  946C : FF;
  946D : FF;
  946E : FF;
  946F : FF;
  9470 : FF;
  9471 : FF;
  9472 : FF;
  9473 : FF;
  9474 : FF;
  9475 : FF;
  9476 : FF;
  9477 : FF;
  9478 : FF;
  9479 : FF;
  947A : FF;
  947B : EA;
  947C : 95;
  947D : 8C;
  947E : 88;
  947F : 89;
  9480 : 8B;
  9481 : 88;
  9482 : 9E;
  9483 : C0;
  9484 : E3;
  9485 : FB;
  9486 : FF;
  9487 : FF;
  9488 : FF;
  9489 : FF;
  948A : FF;
  948B : FF;
  948C : FF;
  948D : FF;
  948E : FF;
  948F : FF;
  9490 : FF;
  9491 : FF;
  9492 : FF;
  9493 : FF;
  9494 : FF;
  9495 : FF;
  9496 : FF;
  9497 : FF;
  9498 : FF;
  9499 : FF;
  949A : FF;
  949B : FF;
  949C : FF;
  949D : FF;
  949E : FF;
  949F : FF;
  94A0 : FF;
  94A1 : FF;
  94A2 : FF;
  94A3 : FF;
  94A4 : FF;
  94A5 : FF;
  94A6 : FF;
  94A7 : FF;
  94A8 : FF;
  94A9 : FF;
  94AA : FF;
  94AB : FF;
  94AC : FF;
  94AD : FF;
  94AE : FF;
  94AF : FF;
  94B0 : FF;
  94B1 : FF;
  94B2 : FF;
  94B3 : FF;
  94B4 : FF;
  94B5 : FF;
  94B6 : FF;
  94B7 : FF;
  94B8 : FF;
  94B9 : FF;
  94BA : FF;
  94BB : FF;
  94BC : FF;
  94BD : FF;
  94BE : FF;
  94BF : FF;
  94C0 : FF;
  94C1 : FF;
  94C2 : FF;
  94C3 : FF;
  94C4 : FF;
  94C5 : FF;
  94C6 : FF;
  94C7 : FF;
  94C8 : FF;
  94C9 : FF;
  94CA : FF;
  94CB : FF;
  94CC : FF;
  94CD : FF;
  94CE : FF;
  94CF : FF;
  94D0 : FF;
  94D1 : FF;
  94D2 : FF;
  94D3 : FF;
  94D4 : FF;
  94D5 : FF;
  94D6 : FF;
  94D7 : FF;
  94D8 : FF;
  94D9 : FF;
  94DA : FF;
  94DB : FF;
  94DC : FF;
  94DD : FF;
  94DE : FF;
  94DF : FF;
  94E0 : FF;
  94E1 : FF;
  94E2 : FF;
  94E3 : FF;
  94E4 : FF;
  94E5 : FF;
  94E6 : FF;
  94E7 : FF;
  94E8 : FF;
  94E9 : FF;
  94EA : FF;
  94EB : FF;
  94EC : FF;
  94ED : FF;
  94EE : FF;
  94EF : FF;
  94F0 : FF;
  94F1 : FF;
  94F2 : FF;
  94F3 : FF;
  94F4 : FF;
  94F5 : FF;
  94F6 : FF;
  94F7 : FF;
  94F8 : FF;
  94F9 : FF;
  94FA : FF;
  94FB : FF;
  94FC : FF;
  94FD : FF;
  94FE : FF;
  94FF : FF;
  9500 : FF;
  9501 : FF;
  9502 : FF;
  9503 : FF;
  9504 : FF;
  9505 : FF;
  9506 : FF;
  9507 : FF;
  9508 : FF;
  9509 : FF;
  950A : FF;
  950B : FF;
  950C : FF;
  950D : FF;
  950E : FF;
  950F : FF;
  9510 : FF;
  9511 : FF;
  9512 : FF;
  9513 : FF;
  9514 : FF;
  9515 : FF;
  9516 : FF;
  9517 : FF;
  9518 : FF;
  9519 : FF;
  951A : FF;
  951B : FF;
  951C : FF;
  951D : FF;
  951E : FF;
  951F : FF;
  9520 : FF;
  9521 : FF;
  9522 : FF;
  9523 : FF;
  9524 : FF;
  9525 : FF;
  9526 : FF;
  9527 : FF;
  9528 : FF;
  9529 : FF;
  952A : FF;
  952B : FF;
  952C : FF;
  952D : FF;
  952E : FF;
  952F : FF;
  9530 : FF;
  9531 : FF;
  9532 : FF;
  9533 : FF;
  9534 : FF;
  9535 : FF;
  9536 : FF;
  9537 : FF;
  9538 : FF;
  9539 : FF;
  953A : FF;
  953B : FF;
  953C : FF;
  953D : FF;
  953E : FF;
  953F : FF;
  9540 : FF;
  9541 : FF;
  9542 : FF;
  9543 : FF;
  9544 : FF;
  9545 : FF;
  9546 : FF;
  9547 : FF;
  9548 : C9;
  9549 : 8E;
  954A : 8F;
  954B : A3;
  954C : C1;
  954D : DE;
  954E : F3;
  954F : FF;
  9550 : FF;
  9551 : FF;
  9552 : FF;
  9553 : FF;
  9554 : FF;
  9555 : FF;
  9556 : FF;
  9557 : FF;
  9558 : FF;
  9559 : FF;
  955A : FF;
  955B : FF;
  955C : FF;
  955D : FF;
  955E : FF;
  955F : FF;
  9560 : FF;
  9561 : FF;
  9562 : FF;
  9563 : FF;
  9564 : FF;
  9565 : FF;
  9566 : FF;
  9567 : FF;
  9568 : FF;
  9569 : FF;
  956A : FF;
  956B : FF;
  956C : FF;
  956D : FF;
  956E : FF;
  956F : FF;
  9570 : FF;
  9571 : FF;
  9572 : FF;
  9573 : FF;
  9574 : FF;
  9575 : FF;
  9576 : FF;
  9577 : FF;
  9578 : FF;
  9579 : FF;
  957A : FF;
  957B : FF;
  957C : FF;
  957D : FF;
  957E : FF;
  957F : FF;
  9580 : FF;
  9581 : FF;
  9582 : FF;
  9583 : FF;
  9584 : FF;
  9585 : FF;
  9586 : FF;
  9587 : FF;
  9588 : FF;
  9589 : FF;
  958A : FF;
  958B : FF;
  958C : FF;
  958D : FF;
  958E : FF;
  958F : FF;
  9590 : FF;
  9591 : FF;
  9592 : FF;
  9593 : FF;
  9594 : FF;
  9595 : FF;
  9596 : FF;
  9597 : FF;
  9598 : FF;
  9599 : FF;
  959A : FF;
  959B : FF;
  959C : FF;
  959D : FF;
  959E : FF;
  959F : FF;
  95A0 : FF;
  95A1 : FF;
  95A2 : FF;
  95A3 : FF;
  95A4 : FF;
  95A5 : FF;
  95A6 : FF;
  95A7 : FF;
  95A8 : FF;
  95A9 : FF;
  95AA : FF;
  95AB : FF;
  95AC : FF;
  95AD : FF;
  95AE : FF;
  95AF : FF;
  95B0 : FF;
  95B1 : FF;
  95B2 : FF;
  95B3 : FF;
  95B4 : FF;
  95B5 : FF;
  95B6 : FF;
  95B7 : FF;
  95B8 : FF;
  95B9 : FF;
  95BA : FF;
  95BB : FF;
  95BC : FF;
  95BD : FF;
  95BE : FF;
  95BF : FF;
  95C0 : FF;
  95C1 : FF;
  95C2 : FF;
  95C3 : FF;
  95C4 : FF;
  95C5 : FF;
  95C6 : FF;
  95C7 : FF;
  95C8 : FF;
  95C9 : FF;
  95CA : FF;
  95CB : FF;
  95CC : FF;
  95CD : FF;
  95CE : FF;
  95CF : FF;
  95D0 : FF;
  95D1 : FF;
  95D2 : FF;
  95D3 : FF;
  95D4 : FF;
  95D5 : FF;
  95D6 : FF;
  95D7 : FF;
  95D8 : FF;
  95D9 : FF;
  95DA : FF;
  95DB : FF;
  95DC : FF;
  95DD : FF;
  95DE : FF;
  95DF : FF;
  95E0 : FF;
  95E1 : FF;
  95E2 : FF;
  95E3 : FF;
  95E4 : FF;
  95E5 : FF;
  95E6 : FF;
  95E7 : FF;
  95E8 : FF;
  95E9 : FF;
  95EA : FF;
  95EB : FF;
  95EC : FF;
  95ED : FF;
  95EE : FF;
  95EF : FF;
  95F0 : FF;
  95F1 : FF;
  95F2 : FF;
  95F3 : FF;
  95F4 : FF;
  95F5 : FF;
  95F6 : FF;
  95F7 : FF;
  95F8 : FF;
  95F9 : FF;
  95FA : FF;
  95FB : FF;
  95FC : FF;
  95FD : FF;
  95FE : FF;
  95FF : FF;
  9600 : FF;
  9601 : FF;
  9602 : FF;
  9603 : FF;
  9604 : FF;
  9605 : FF;
  9606 : FF;
  9607 : FF;
  9608 : FF;
  9609 : FF;
  960A : FF;
  960B : FF;
  960C : FF;
  960D : FF;
  960E : FF;
  960F : FF;
  9610 : FF;
  9611 : FF;
  9612 : FF;
  9613 : FF;
  9614 : FC;
  9615 : F4;
  9616 : F4;
  9617 : F9;
  9618 : FE;
  9619 : FF;
  961A : FF;
  961B : FF;
  961C : FF;
  961D : FF;
  961E : FF;
  961F : FF;
  9620 : FF;
  9621 : FF;
  9622 : FF;
  9623 : FF;
  9624 : FF;
  9625 : FF;
  9626 : FF;
  9627 : FF;
  9628 : FF;
  9629 : FF;
  962A : FF;
  962B : FF;
  962C : FF;
  962D : FF;
  962E : FF;
  962F : FF;
  9630 : FF;
  9631 : FF;
  9632 : FF;
  9633 : FF;
  9634 : FF;
  9635 : FF;
  9636 : FF;
  9637 : FF;
  9638 : FF;
  9639 : FF;
  963A : FF;
  963B : FF;
  963C : FF;
  963D : FF;
  963E : FF;
  963F : FF;
  9640 : FF;
  9641 : FF;
  9642 : FF;
  9643 : FF;
  9644 : FF;
  9645 : FF;
  9646 : FF;
  9647 : FF;
  9648 : FF;
  9649 : FF;
  964A : FF;
  964B : FF;
  964C : FF;
  964D : FF;
  964E : FF;
  964F : FF;
  9650 : FF;
  9651 : FF;
  9652 : FF;
  9653 : FF;
  9654 : FF;
  9655 : FF;
  9656 : FF;
  9657 : FF;
  9658 : FF;
  9659 : FF;
  965A : FF;
  965B : FF;
  965C : FF;
  965D : FF;
  965E : FF;
  965F : FF;
  9660 : FF;
  9661 : FF;
  9662 : FF;
  9663 : FF;
  9664 : FF;
  9665 : FF;
  9666 : FF;
  9667 : FF;
  9668 : FF;
  9669 : FF;
  966A : FF;
  966B : FF;
  966C : FF;
  966D : FF;
  966E : FF;
  966F : FF;
  9670 : FF;
  9671 : FF;
  9672 : FF;
  9673 : FF;
  9674 : FF;
  9675 : FF;
  9676 : FF;
  9677 : FF;
  9678 : FF;
  9679 : FF;
  967A : FF;
  967B : FF;
  967C : FF;
  967D : FF;
  967E : FF;
  967F : FF;
  9680 : FF;
  9681 : FF;
  9682 : FF;
  9683 : FF;
  9684 : FF;
  9685 : FF;
  9686 : FF;
  9687 : FF;
  9688 : FF;
  9689 : FF;
  968A : FF;
  968B : FF;
  968C : FF;
  968D : FF;
  968E : FF;
  968F : FF;
  9690 : FF;
  9691 : FF;
  9692 : FF;
  9693 : FF;
  9694 : FF;
  9695 : FF;
  9696 : FF;
  9697 : FF;
  9698 : FF;
  9699 : FF;
  969A : FF;
  969B : FF;
  969C : FF;
  969D : FF;
  969E : FF;
  969F : FF;
  96A0 : FF;
  96A1 : FF;
  96A2 : FF;
  96A3 : FF;
  96A4 : FF;
  96A5 : FF;
  96A6 : FF;
  96A7 : FF;
  96A8 : FF;
  96A9 : FF;
  96AA : FF;
  96AB : FF;
  96AC : FF;
  96AD : FF;
  96AE : FF;
  96AF : FF;
  96B0 : FF;
  96B1 : FF;
  96B2 : FF;
  96B3 : FF;
  96B4 : FF;
  96B5 : FF;
  96B6 : FF;
  96B7 : FF;
  96B8 : FF;
  96B9 : FF;
  96BA : FF;
  96BB : FF;
  96BC : FF;
  96BD : FF;
  96BE : FF;
  96BF : FF;
  96C0 : FF;
  96C1 : FF;
  96C2 : FF;
  96C3 : FF;
  96C4 : FF;
  96C5 : FF;
  96C6 : FF;
  96C7 : FF;
  96C8 : FF;
  96C9 : FF;
  96CA : FF;
  96CB : FF;
  96CC : FF;
  96CD : FF;
  96CE : FF;
  96CF : FF;
  96D0 : FF;
  96D1 : FF;
  96D2 : FF;
  96D3 : FF;
  96D4 : FF;
  96D5 : FF;
  96D6 : FF;
  96D7 : FF;
  96D8 : FF;
  96D9 : FF;
  96DA : FF;
  96DB : FF;
  96DC : FF;
  96DD : FF;
  96DE : FF;
  96DF : FF;
  96E0 : FF;
  96E1 : FF;
  96E2 : FF;
  96E3 : FF;
  96E4 : FF;
  96E5 : FF;
  96E6 : FF;
  96E7 : FF;
  96E8 : FF;
  96E9 : FF;
  96EA : FF;
  96EB : FF;
  96EC : FF;
  96ED : FF;
  96EE : FF;
  96EF : FF;
  96F0 : FF;
  96F1 : FF;
  96F2 : FF;
  96F3 : FF;
  96F4 : FF;
  96F5 : FF;
  96F6 : FF;
  96F7 : FF;
  96F8 : FF;
  96F9 : FF;
  96FA : FF;
  96FB : FF;
  96FC : FF;
  96FD : FF;
  96FE : FF;
  96FF : FF;
  9700 : FF;
  9701 : FF;
  9702 : FF;
  9703 : FF;
  9704 : FF;
  9705 : FF;
  9706 : FF;
  9707 : FF;
  9708 : FF;
  9709 : FF;
  970A : FF;
  970B : FF;
  970C : FF;
  970D : FF;
  970E : FF;
  970F : FF;
  9710 : FF;
  9711 : FF;
  9712 : FF;
  9713 : FF;
  9714 : FF;
  9715 : FF;
  9716 : FF;
  9717 : FF;
  9718 : FF;
  9719 : FF;
  971A : FF;
  971B : FF;
  971C : FF;
  971D : FF;
  971E : FF;
  971F : FF;
  9720 : FF;
  9721 : FF;
  9722 : FF;
  9723 : FF;
  9724 : FF;
  9725 : FF;
  9726 : FF;
  9727 : FF;
  9728 : FF;
  9729 : FF;
  972A : FF;
  972B : FF;
  972C : FF;
  972D : FF;
  972E : FF;
  972F : FF;
  9730 : FF;
  9731 : FF;
  9732 : FF;
  9733 : FF;
  9734 : FF;
  9735 : FF;
  9736 : FF;
  9737 : FF;
  9738 : FF;
  9739 : FF;
  973A : FF;
  973B : FF;
  973C : FF;
  973D : FF;
  973E : FF;
  973F : FF;
  9740 : FF;
  9741 : FF;
  9742 : FF;
  9743 : FF;
  9744 : FF;
  9745 : FF;
  9746 : FF;
  9747 : FF;
  9748 : FF;
  9749 : FF;
  974A : FF;
  974B : FF;
  974C : FF;
  974D : FF;
  974E : FF;
  974F : FF;
  9750 : FF;
  9751 : FF;
  9752 : FF;
  9753 : FF;
  9754 : FF;
  9755 : FF;
  9756 : FF;
  9757 : FF;
  9758 : FF;
  9759 : FF;
  975A : FF;
  975B : FF;
  975C : FF;
  975D : FF;
  975E : FF;
  975F : FF;
  9760 : FF;
  9761 : FF;
  9762 : FF;
  9763 : FF;
  9764 : FF;
  9765 : FF;
  9766 : FF;
  9767 : FF;
  9768 : FF;
  9769 : FF;
  976A : FF;
  976B : FF;
  976C : FF;
  976D : FF;
  976E : FF;
  976F : FF;
  9770 : FF;
  9771 : FF;
  9772 : FF;
  9773 : FF;
  9774 : FF;
  9775 : FF;
  9776 : FF;
  9777 : FF;
  9778 : FF;
  9779 : FF;
  977A : FF;
  977B : FF;
  977C : FF;
  977D : FF;
  977E : FF;
  977F : FF;
  9780 : FF;
  9781 : FF;
  9782 : FF;
  9783 : FF;
  9784 : FF;
  9785 : FF;
  9786 : FF;
  9787 : FF;
  9788 : FF;
  9789 : FF;
  978A : FF;
  978B : FF;
  978C : FF;
  978D : FF;
  978E : FF;
  978F : FF;
  9790 : FF;
  9791 : FF;
  9792 : FF;
  9793 : FF;
  9794 : FF;
  9795 : FF;
  9796 : FF;
  9797 : FF;
  9798 : FF;
  9799 : FF;
  979A : FF;
  979B : FF;
  979C : FF;
  979D : FF;
  979E : FF;
  979F : FF;
  97A0 : FF;
  97A1 : FF;
  97A2 : FF;
  97A3 : FF;
  97A4 : FF;
  97A5 : FF;
  97A6 : FF;
  97A7 : FF;
  97A8 : FF;
  97A9 : FF;
  97AA : FF;
  97AB : FF;
  97AC : FF;
  97AD : FF;
  97AE : FF;
  97AF : FF;
  97B0 : FF;
  97B1 : FF;
  97B2 : FF;
  97B3 : FF;
  97B4 : FF;
  97B5 : FF;
  97B6 : FF;
  97B7 : FF;
  97B8 : FF;
  97B9 : FF;
  97BA : FF;
  97BB : FF;
  97BC : FF;
  97BD : FF;
  97BE : FF;
  97BF : FF;
  97C0 : FF;
  97C1 : FF;
  97C2 : FF;
  97C3 : FF;
  97C4 : FF;
  97C5 : FF;
  97C6 : FF;
  97C7 : FF;
  97C8 : FF;
  97C9 : FF;
  97CA : FF;
  97CB : FF;
  97CC : FF;
  97CD : FF;
  97CE : FF;
  97CF : FF;
  97D0 : FF;
  97D1 : FF;
  97D2 : FF;
  97D3 : FF;
  97D4 : FF;
  97D5 : FF;
  97D6 : FF;
  97D7 : FF;
  97D8 : FF;
  97D9 : FF;
  97DA : FF;
  97DB : FF;
  97DC : FF;
  97DD : FF;
  97DE : FF;
  97DF : FF;
  97E0 : FF;
  97E1 : FF;
  97E2 : FF;
  97E3 : FF;
  97E4 : FF;
  97E5 : FF;
  97E6 : FF;
  97E7 : FF;
  97E8 : FF;
  97E9 : FF;
  97EA : FF;
  97EB : FF;
  97EC : FF;
  97ED : FF;
  97EE : FF;
  97EF : FF;
  97F0 : FF;
  97F1 : FF;
  97F2 : FF;
  97F3 : FF;
  97F4 : FF;
  97F5 : FF;
  97F6 : FF;
  97F7 : FF;
  97F8 : FF;
  97F9 : FF;
  97FA : FF;
  97FB : FF;
  97FC : FF;
  97FD : FF;
  97FE : FF;
  97FF : FF;
  9800 : FF;
  9801 : FF;
  9802 : FF;
  9803 : FF;
  9804 : FF;
  9805 : FF;
  9806 : FF;
  9807 : FF;
  9808 : FF;
  9809 : FF;
  980A : FF;
  980B : FF;
  980C : FF;
  980D : FF;
  980E : FF;
  980F : FF;
  9810 : FF;
  9811 : FF;
  9812 : FF;
  9813 : FF;
  9814 : FF;
  9815 : FF;
  9816 : FF;
  9817 : FF;
  9818 : FF;
  9819 : FF;
  981A : FF;
  981B : FF;
  981C : FF;
  981D : FF;
  981E : FF;
  981F : FF;
  9820 : FF;
  9821 : FF;
  9822 : FF;
  9823 : FF;
  9824 : FF;
  9825 : FF;
  9826 : FF;
  9827 : FF;
  9828 : FF;
  9829 : FF;
  982A : FF;
  982B : FF;
  982C : FF;
  982D : FF;
  982E : FF;
  982F : FF;
  9830 : FF;
  9831 : FF;
  9832 : FF;
  9833 : FF;
  9834 : FF;
  9835 : FF;
  9836 : FF;
  9837 : FF;
  9838 : FF;
  9839 : FF;
  983A : FF;
  983B : FF;
  983C : FF;
  983D : FF;
  983E : FF;
  983F : FF;
  9840 : FF;
  9841 : FF;
  9842 : FF;
  9843 : FF;
  9844 : FF;
  9845 : FF;
  9846 : FF;
  9847 : FF;
  9848 : FF;
  9849 : FF;
  984A : FF;
  984B : FF;
  984C : FF;
  984D : FF;
  984E : FF;
  984F : FF;
  9850 : FF;
  9851 : FF;
  9852 : FF;
  9853 : FF;
  9854 : FF;
  9855 : FF;
  9856 : FF;
  9857 : FF;
  9858 : FF;
  9859 : FF;
  985A : FF;
  985B : FF;
  985C : FF;
  985D : FF;
  985E : FF;
  985F : FF;
  9860 : FF;
  9861 : FF;
  9862 : FF;
  9863 : FF;
  9864 : FF;
  9865 : FF;
  9866 : FF;
  9867 : FF;
  9868 : FF;
  9869 : FF;
  986A : FF;
  986B : FF;
  986C : FF;
  986D : FF;
  986E : FF;
  986F : FF;
  9870 : FF;
  9871 : FF;
  9872 : FF;
  9873 : FF;
  9874 : FF;
  9875 : FF;
  9876 : FF;
  9877 : FF;
  9878 : FF;
  9879 : FF;
  987A : FF;
  987B : FF;
  987C : FF;
  987D : FF;
  987E : FF;
  987F : FF;
  9880 : FF;
  9881 : FF;
  9882 : FF;
  9883 : FF;
  9884 : FF;
  9885 : FF;
  9886 : FF;
  9887 : FF;
  9888 : FF;
  9889 : FF;
  988A : FF;
  988B : FF;
  988C : FF;
  988D : FF;
  988E : FF;
  988F : FF;
  9890 : FF;
  9891 : FF;
  9892 : FF;
  9893 : FF;
  9894 : FF;
  9895 : FF;
  9896 : FF;
  9897 : FF;
  9898 : FF;
  9899 : FF;
  989A : FF;
  989B : FF;
  989C : FF;
  989D : FF;
  989E : FF;
  989F : FF;
  98A0 : FF;
  98A1 : FF;
  98A2 : FF;
  98A3 : FF;
  98A4 : FF;
  98A5 : FF;
  98A6 : FF;
  98A7 : FF;
  98A8 : FF;
  98A9 : FF;
  98AA : FF;
  98AB : FF;
  98AC : FF;
  98AD : FF;
  98AE : FF;
  98AF : FF;
  98B0 : FF;
  98B1 : FF;
  98B2 : FF;
  98B3 : FF;
  98B4 : FF;
  98B5 : FF;
  98B6 : FF;
  98B7 : FF;
  98B8 : FF;
  98B9 : FF;
  98BA : FF;
  98BB : FF;
  98BC : FF;
  98BD : FF;
  98BE : FF;
  98BF : FF;
  98C0 : FF;
  98C1 : FF;
  98C2 : FF;
  98C3 : FF;
  98C4 : FF;
  98C5 : FF;
  98C6 : FF;
  98C7 : FF;
  98C8 : FF;
  98C9 : FF;
  98CA : FF;
  98CB : FF;
  98CC : FF;
  98CD : FF;
  98CE : FF;
  98CF : FF;
  98D0 : FF;
  98D1 : FF;
  98D2 : FF;
  98D3 : FF;
  98D4 : FF;
  98D5 : FF;
  98D6 : FF;
  98D7 : FF;
  98D8 : FF;
  98D9 : FF;
  98DA : FF;
  98DB : FF;
  98DC : FF;
  98DD : FF;
  98DE : FF;
  98DF : FF;
  98E0 : FF;
  98E1 : FF;
  98E2 : FF;
  98E3 : FF;
  98E4 : FF;
  98E5 : FF;
  98E6 : FF;
  98E7 : FF;
  98E8 : FF;
  98E9 : FF;
  98EA : FF;
  98EB : FF;
  98EC : FF;
  98ED : FF;
  98EE : FF;
  98EF : FF;
  98F0 : FF;
  98F1 : FF;
  98F2 : FF;
  98F3 : FF;
  98F4 : FF;
  98F5 : FF;
  98F6 : FF;
  98F7 : FF;
  98F8 : FF;
  98F9 : FF;
  98FA : FF;
  98FB : FF;
  98FC : FF;
  98FD : FF;
  98FE : FF;
  98FF : FF;
  9900 : FF;
  9901 : FF;
  9902 : FF;
  9903 : FF;
  9904 : FF;
  9905 : FF;
  9906 : FF;
  9907 : FF;
  9908 : FF;
  9909 : FF;
  990A : FF;
  990B : FF;
  990C : FF;
  990D : FF;
  990E : FF;
  990F : FF;
  9910 : FF;
  9911 : FF;
  9912 : FF;
  9913 : FF;
  9914 : FF;
  9915 : FF;
  9916 : FF;
  9917 : FF;
  9918 : FF;
  9919 : FF;
  991A : FF;
  991B : FF;
  991C : FF;
  991D : FF;
  991E : FF;
  991F : FF;
  9920 : FF;
  9921 : FF;
  9922 : FF;
  9923 : FF;
  9924 : FF;
  9925 : FF;
  9926 : FF;
  9927 : FF;
  9928 : FF;
  9929 : FF;
  992A : FF;
  992B : FF;
  992C : FF;
  992D : FF;
  992E : FF;
  992F : FF;
  9930 : FF;
  9931 : FF;
  9932 : FF;
  9933 : FF;
  9934 : FF;
  9935 : FF;
  9936 : FF;
  9937 : FF;
  9938 : FF;
  9939 : FF;
  993A : FF;
  993B : FF;
  993C : FF;
  993D : FF;
  993E : FF;
  993F : FF;
  9940 : FF;
  9941 : FF;
  9942 : FF;
  9943 : FF;
  9944 : FF;
  9945 : FF;
  9946 : FF;
  9947 : FF;
  9948 : FF;
  9949 : FF;
  994A : FF;
  994B : FF;
  994C : FF;
  994D : FF;
  994E : FF;
  994F : FF;
  9950 : FF;
  9951 : FF;
  9952 : FF;
  9953 : FF;
  9954 : FF;
  9955 : FF;
  9956 : FF;
  9957 : FF;
  9958 : FF;
  9959 : FF;
  995A : FF;
  995B : FF;
  995C : FF;
  995D : FF;
  995E : FF;
  995F : FF;
  9960 : FF;
  9961 : FF;
  9962 : FF;
  9963 : FF;
  9964 : FF;
  9965 : FF;
  9966 : FF;
  9967 : FF;
  9968 : FF;
  9969 : FF;
  996A : FF;
  996B : FF;
  996C : FF;
  996D : FF;
  996E : FF;
  996F : FF;
  9970 : FF;
  9971 : FF;
  9972 : FF;
  9973 : FF;
  9974 : FF;
  9975 : FF;
  9976 : FF;
  9977 : FF;
  9978 : FF;
  9979 : FF;
  997A : FF;
  997B : FF;
  997C : FF;
  997D : FF;
  997E : FF;
  997F : FF;
  9980 : FF;
  9981 : FF;
  9982 : FF;
  9983 : FF;
  9984 : FF;
  9985 : FF;
  9986 : FF;
  9987 : FF;
  9988 : FF;
  9989 : FF;
  998A : FF;
  998B : FF;
  998C : FF;
  998D : FF;
  998E : FF;
  998F : FF;
  9990 : FF;
  9991 : FF;
  9992 : FF;
  9993 : FF;
  9994 : FF;
  9995 : FF;
  9996 : FF;
  9997 : FF;
  9998 : FF;
  9999 : FF;
  999A : FF;
  999B : FF;
  999C : FF;
  999D : FF;
  999E : FF;
  999F : FF;
  99A0 : FF;
  99A1 : FF;
  99A2 : FF;
  99A3 : FF;
  99A4 : FF;
  99A5 : FF;
  99A6 : FF;
  99A7 : FF;
  99A8 : FF;
  99A9 : FF;
  99AA : FF;
  99AB : FF;
  99AC : FF;
  99AD : FF;
  99AE : FF;
  99AF : FF;
  99B0 : FF;
  99B1 : FF;
  99B2 : FF;
  99B3 : FF;
  99B4 : FF;
  99B5 : FF;
  99B6 : FF;
  99B7 : FF;
  99B8 : FF;
  99B9 : FF;
  99BA : FF;
  99BB : FF;
  99BC : FF;
  99BD : FF;
  99BE : FF;
  99BF : FF;
  99C0 : FF;
  99C1 : FF;
  99C2 : FF;
  99C3 : FF;
  99C4 : FF;
  99C5 : FF;
  99C6 : FF;
  99C7 : FF;
  99C8 : FF;
  99C9 : FF;
  99CA : FF;
  99CB : FF;
  99CC : FF;
  99CD : FF;
  99CE : FF;
  99CF : FF;
  99D0 : FF;
  99D1 : FF;
  99D2 : FF;
  99D3 : FF;
  99D4 : FF;
  99D5 : FF;
  99D6 : FF;
  99D7 : FF;
  99D8 : FF;
  99D9 : FF;
  99DA : FF;
  99DB : FF;
  99DC : FF;
  99DD : FF;
  99DE : FF;
  99DF : FF;
  99E0 : FF;
  99E1 : FF;
  99E2 : FF;
  99E3 : FF;
  99E4 : FF;
  99E5 : FF;
  99E6 : FF;
  99E7 : FF;
  99E8 : FF;
  99E9 : FF;
  99EA : FF;
  99EB : FF;
  99EC : FF;
  99ED : FF;
  99EE : FF;
  99EF : FF;
  99F0 : FF;
  99F1 : FF;
  99F2 : FF;
  99F3 : FF;
  99F4 : FF;
  99F5 : FF;
  99F6 : FF;
  99F7 : FF;
  99F8 : FF;
  99F9 : FF;
  99FA : FF;
  99FB : FF;
  99FC : FF;
  99FD : FF;
  99FE : FF;
  99FF : FF;
  9A00 : FF;
  9A01 : FF;
  9A02 : FF;
  9A03 : FF;
  9A04 : FF;
  9A05 : FF;
  9A06 : FF;
  9A07 : FF;
  9A08 : FF;
  9A09 : FF;
  9A0A : FF;
  9A0B : FF;
  9A0C : FF;
  9A0D : FF;
  9A0E : FF;
  9A0F : FF;
  9A10 : FF;
  9A11 : FF;
  9A12 : FF;
  9A13 : FF;
  9A14 : FF;
  9A15 : FF;
  9A16 : FF;
  9A17 : FF;
  9A18 : FF;
  9A19 : FF;
  9A1A : FF;
  9A1B : FF;
  9A1C : FF;
  9A1D : FF;
  9A1E : FF;
  9A1F : FF;
  9A20 : FF;
  9A21 : FF;
  9A22 : FF;
  9A23 : FF;
  9A24 : FF;
  9A25 : FF;
  9A26 : FF;
  9A27 : FF;
  9A28 : FF;
  9A29 : FF;
  9A2A : FF;
  9A2B : FF;
  9A2C : FF;
  9A2D : FF;
  9A2E : FF;
  9A2F : FF;
  9A30 : FF;
  9A31 : FF;
  9A32 : FF;
  9A33 : FF;
  9A34 : FF;
  9A35 : FF;
  9A36 : FF;
  9A37 : FF;
  9A38 : FF;
  9A39 : FF;
  9A3A : FF;
  9A3B : FF;
  9A3C : FF;
  9A3D : FF;
  9A3E : FF;
  9A3F : FF;
  9A40 : FF;
  9A41 : FF;
  9A42 : FF;
  9A43 : FF;
  9A44 : FF;
  9A45 : FF;
  9A46 : FF;
  9A47 : FF;
  9A48 : FF;
  9A49 : FF;
  9A4A : FF;
  9A4B : FF;
  9A4C : FF;
  9A4D : FF;
  9A4E : FF;
  9A4F : FF;
  9A50 : FF;
  9A51 : FF;
  9A52 : FF;
  9A53 : FF;
  9A54 : FF;
  9A55 : FF;
  9A56 : FF;
  9A57 : FF;
  9A58 : FF;
  9A59 : FF;
  9A5A : FF;
  9A5B : FF;
  9A5C : FF;
  9A5D : FF;
  9A5E : FF;
  9A5F : FF;
  9A60 : FF;
  9A61 : FF;
  9A62 : FF;
  9A63 : FF;
  9A64 : FF;
  9A65 : FF;
  9A66 : FF;
  9A67 : FF;
  9A68 : FF;
  9A69 : FF;
  9A6A : FF;
  9A6B : FF;
  9A6C : FF;
  9A6D : FF;
  9A6E : FF;
  9A6F : FF;
  9A70 : FF;
  9A71 : FF;
  9A72 : FF;
  9A73 : FF;
  9A74 : FF;
  9A75 : FF;
  9A76 : FF;
  9A77 : FF;
  9A78 : FF;
  9A79 : FF;
  9A7A : FF;
  9A7B : FF;
  9A7C : FF;
  9A7D : FF;
  9A7E : FF;
  9A7F : FF;
  9A80 : FF;
  9A81 : FF;
  9A82 : FF;
  9A83 : FF;
  9A84 : FF;
  9A85 : FF;
  9A86 : FF;
  9A87 : FF;
  9A88 : FF;
  9A89 : FF;
  9A8A : FF;
  9A8B : FF;
  9A8C : FF;
  9A8D : FF;
  9A8E : FF;
  9A8F : FF;
  9A90 : FF;
  9A91 : FF;
  9A92 : FF;
  9A93 : FF;
  9A94 : FF;
  9A95 : FF;
  9A96 : FF;
  9A97 : FF;
  9A98 : FF;
  9A99 : FF;
  9A9A : FF;
  9A9B : FF;
  9A9C : FF;
  9A9D : FF;
  9A9E : FF;
  9A9F : FF;
  9AA0 : FF;
  9AA1 : FF;
  9AA2 : FF;
  9AA3 : FF;
  9AA4 : FF;
  9AA5 : FF;
  9AA6 : FF;
  9AA7 : FF;
  9AA8 : FF;
  9AA9 : FF;
  9AAA : FF;
  9AAB : FF;
  9AAC : FF;
  9AAD : FF;
  9AAE : FF;
  9AAF : FF;
  9AB0 : FF;
  9AB1 : FF;
  9AB2 : FF;
  9AB3 : FF;
  9AB4 : FF;
  9AB5 : FF;
  9AB6 : FF;
  9AB7 : FF;
  9AB8 : FF;
  9AB9 : FF;
  9ABA : FF;
  9ABB : FF;
  9ABC : FF;
  9ABD : FF;
  9ABE : FF;
  9ABF : FF;
  9AC0 : FF;
  9AC1 : FF;
  9AC2 : FF;
  9AC3 : FF;
  9AC4 : FF;
  9AC5 : FF;
  9AC6 : FF;
  9AC7 : FF;
  9AC8 : FF;
  9AC9 : FF;
  9ACA : FF;
  9ACB : FF;
  9ACC : FF;
  9ACD : FF;
  9ACE : FF;
  9ACF : FF;
  9AD0 : FF;
  9AD1 : FF;
  9AD2 : FF;
  9AD3 : FF;
  9AD4 : FF;
  9AD5 : FF;
  9AD6 : FF;
  9AD7 : FF;
  9AD8 : FF;
  9AD9 : FF;
  9ADA : FF;
  9ADB : FF;
  9ADC : FF;
  9ADD : FF;
  9ADE : FF;
  9ADF : FF;
  9AE0 : FF;
  9AE1 : FF;
  9AE2 : FF;
  9AE3 : FF;
  9AE4 : FF;
  9AE5 : FF;
  9AE6 : FF;
  9AE7 : FF;
  9AE8 : FF;
  9AE9 : FF;
  9AEA : FF;
  9AEB : FF;
  9AEC : FF;
  9AED : FF;
  9AEE : FF;
  9AEF : FF;
  9AF0 : FF;
  9AF1 : FF;
  9AF2 : FF;
  9AF3 : FF;
  9AF4 : FF;
  9AF5 : FF;
  9AF6 : FF;
  9AF7 : FF;
  9AF8 : FF;
  9AF9 : FF;
  9AFA : FF;
  9AFB : FF;
  9AFC : FF;
  9AFD : FF;
  9AFE : FF;
  9AFF : FF;
  9B00 : FF;
  9B01 : FF;
  9B02 : FF;
  9B03 : FF;
  9B04 : FF;
  9B05 : FF;
  9B06 : FF;
  9B07 : FF;
  9B08 : FF;
  9B09 : FF;
  9B0A : FF;
  9B0B : FF;
  9B0C : FF;
  9B0D : FF;
  9B0E : FF;
  9B0F : FF;
  9B10 : FF;
  9B11 : FF;
  9B12 : FF;
  9B13 : FF;
  9B14 : FF;
  9B15 : FF;
  9B16 : FF;
  9B17 : FF;
  9B18 : FF;
  9B19 : FF;
  9B1A : FF;
  9B1B : FF;
  9B1C : FF;
  9B1D : FF;
  9B1E : FF;
  9B1F : FF;
  9B20 : FF;
  9B21 : FF;
  9B22 : FF;
  9B23 : FF;
  9B24 : FF;
  9B25 : FF;
  9B26 : FF;
  9B27 : FF;
  9B28 : FF;
  9B29 : FF;
  9B2A : FF;
  9B2B : FF;
  9B2C : FF;
  9B2D : FF;
  9B2E : FF;
  9B2F : FF;
  9B30 : FF;
  9B31 : FF;
  9B32 : FF;
  9B33 : FF;
  9B34 : FF;
  9B35 : FF;
  9B36 : FF;
  9B37 : FF;
  9B38 : FF;
  9B39 : FF;
  9B3A : FF;
  9B3B : FF;
  9B3C : FF;
  9B3D : FF;
  9B3E : FF;
  9B3F : FF;
  9B40 : FF;
  9B41 : FF;
  9B42 : FF;
  9B43 : FF;
  9B44 : FF;
  9B45 : FF;
  9B46 : FF;
  9B47 : FF;
  9B48 : FF;
  9B49 : FF;
  9B4A : FF;
  9B4B : FF;
  9B4C : FF;
  9B4D : FF;
  9B4E : FF;
  9B4F : FF;
  9B50 : FF;
  9B51 : FF;
  9B52 : FF;
  9B53 : FF;
  9B54 : FF;
  9B55 : FF;
  9B56 : FF;
  9B57 : FF;
  9B58 : FF;
  9B59 : FF;
  9B5A : FF;
  9B5B : FF;
  9B5C : FF;
  9B5D : FF;
  9B5E : FF;
  9B5F : FF;
  9B60 : FF;
  9B61 : FF;
  9B62 : FF;
  9B63 : FF;
  9B64 : FF;
  9B65 : FF;
  9B66 : FF;
  9B67 : FF;
  9B68 : FF;
  9B69 : FF;
  9B6A : FF;
  9B6B : FF;
  9B6C : FF;
  9B6D : FF;
  9B6E : FF;
  9B6F : FF;
  9B70 : FF;
  9B71 : FF;
  9B72 : FF;
  9B73 : FF;
  9B74 : FF;
  9B75 : FF;
  9B76 : FF;
  9B77 : FF;
  9B78 : FF;
  9B79 : FF;
  9B7A : FF;
  9B7B : FF;
  9B7C : FF;
  9B7D : FF;
  9B7E : FF;
  9B7F : FF;
  9B80 : FF;
  9B81 : FF;
  9B82 : FF;
  9B83 : FF;
  9B84 : FF;
  9B85 : FF;
  9B86 : FF;
  9B87 : FF;
  9B88 : FF;
  9B89 : FF;
  9B8A : FF;
  9B8B : FF;
  9B8C : FF;
  9B8D : FF;
  9B8E : FF;
  9B8F : FF;
  9B90 : FF;
  9B91 : FF;
  9B92 : FF;
  9B93 : FF;
  9B94 : FF;
  9B95 : FF;
  9B96 : FF;
  9B97 : FF;
  9B98 : FF;
  9B99 : FF;
  9B9A : FF;
  9B9B : FF;
  9B9C : FF;
  9B9D : FF;
  9B9E : FF;
  9B9F : FF;
  9BA0 : FF;
  9BA1 : FF;
  9BA2 : FF;
  9BA3 : FF;
  9BA4 : FF;
  9BA5 : FF;
  9BA6 : FF;
  9BA7 : FF;
  9BA8 : FF;
  9BA9 : FF;
  9BAA : FF;
  9BAB : FF;
  9BAC : FF;
  9BAD : FF;
  9BAE : FF;
  9BAF : FF;
  9BB0 : FF;
  9BB1 : FF;
  9BB2 : FF;
  9BB3 : FF;
  9BB4 : FF;
  9BB5 : FF;
  9BB6 : FF;
  9BB7 : FF;
  9BB8 : FF;
  9BB9 : FF;
  9BBA : FF;
  9BBB : FF;
  9BBC : FF;
  9BBD : FF;
  9BBE : FF;
  9BBF : FF;
  9BC0 : FF;
  9BC1 : FF;
  9BC2 : FF;
  9BC3 : FF;
  9BC4 : FF;
  9BC5 : FF;
  9BC6 : FF;
  9BC7 : FF;
  9BC8 : FF;
  9BC9 : FF;
  9BCA : FF;
  9BCB : FF;
  9BCC : FF;
  9BCD : FF;
  9BCE : FF;
  9BCF : FF;
  9BD0 : FF;
  9BD1 : FF;
  9BD2 : FF;
  9BD3 : FF;
  9BD4 : FF;
  9BD5 : FF;
  9BD6 : FF;
  9BD7 : FF;
  9BD8 : FF;
  9BD9 : FF;
  9BDA : FF;
  9BDB : FF;
  9BDC : FF;
  9BDD : FF;
  9BDE : FF;
  9BDF : FF;
  9BE0 : FF;
  9BE1 : FF;
  9BE2 : FF;
  9BE3 : FF;
  9BE4 : FF;
  9BE5 : FF;
  9BE6 : FF;
  9BE7 : FF;
  9BE8 : FF;
  9BE9 : FF;
  9BEA : FF;
  9BEB : FF;
  9BEC : FF;
  9BED : FF;
  9BEE : FF;
  9BEF : FF;
  9BF0 : FF;
  9BF1 : FF;
  9BF2 : FF;
  9BF3 : FF;
  9BF4 : FF;
  9BF5 : FF;
  9BF6 : FF;
  9BF7 : FF;
  9BF8 : FF;
  9BF9 : FF;
  9BFA : FF;
  9BFB : FF;
  9BFC : FF;
  9BFD : FF;
  9BFE : FF;
  9BFF : FF;
  9C00 : FF;
  9C01 : FF;
  9C02 : FF;
  9C03 : FF;
  9C04 : FF;
  9C05 : FF;
  9C06 : FF;
  9C07 : FF;
  9C08 : FF;
  9C09 : FF;
  9C0A : FF;
  9C0B : FF;
  9C0C : FF;
  9C0D : FF;
  9C0E : FF;
  9C0F : FF;
  9C10 : FF;
  9C11 : FF;
  9C12 : FF;
  9C13 : FF;
  9C14 : FF;
  9C15 : FF;
  9C16 : FF;
  9C17 : FF;
  9C18 : FF;
  9C19 : FF;
  9C1A : FF;
  9C1B : FF;
  9C1C : FF;
  9C1D : FF;
  9C1E : FF;
  9C1F : FF;
  9C20 : FF;
  9C21 : FF;
  9C22 : FF;
  9C23 : FF;
  9C24 : FF;
  9C25 : FF;
  9C26 : FF;
  9C27 : FF;
  9C28 : FF;
  9C29 : FF;
  9C2A : FF;
  9C2B : FF;
  9C2C : FF;
  9C2D : FF;
  9C2E : FF;
  9C2F : FF;
  9C30 : FF;
  9C31 : FF;
  9C32 : FF;
  9C33 : FF;
  9C34 : FF;
  9C35 : FF;
  9C36 : FF;
  9C37 : FF;
  9C38 : FF;
  9C39 : FF;
  9C3A : FF;
  9C3B : FF;
  9C3C : FF;
  9C3D : FF;
  9C3E : FF;
  9C3F : FF;
  9C40 : FF;
  9C41 : FF;
  9C42 : FF;
  9C43 : FF;
  9C44 : FF;
  9C45 : FF;
  9C46 : FF;
  9C47 : FF;
  9C48 : FF;
  9C49 : FF;
  9C4A : FF;
  9C4B : FF;
  9C4C : FF;
  9C4D : FF;
  9C4E : FF;
  9C4F : FF;
  9C50 : FF;
  9C51 : FF;
  9C52 : FF;
  9C53 : FF;
  9C54 : FF;
  9C55 : FF;
  9C56 : FF;
  9C57 : FF;
  9C58 : FF;
  9C59 : FF;
  9C5A : FF;
  9C5B : FF;
  9C5C : FF;
  9C5D : FF;
  9C5E : FF;
  9C5F : FF;
  9C60 : FF;
  9C61 : FF;
  9C62 : FF;
  9C63 : FF;
  9C64 : FF;
  9C65 : FF;
  9C66 : FF;
  9C67 : FF;
  9C68 : FF;
  9C69 : FF;
  9C6A : FF;
  9C6B : FF;
  9C6C : FF;
  9C6D : FF;
  9C6E : FF;
  9C6F : FF;
  9C70 : FF;
  9C71 : FF;
  9C72 : FF;
  9C73 : FF;
  9C74 : FF;
  9C75 : FF;
  9C76 : FF;
  9C77 : FF;
  9C78 : FF;
  9C79 : FF;
  9C7A : FF;
  9C7B : FF;
  9C7C : FF;
  9C7D : FF;
  9C7E : FF;
  9C7F : FF;
  9C80 : FF;
  9C81 : FF;
  9C82 : FF;
  9C83 : FF;
  9C84 : FF;
  9C85 : FF;
  9C86 : FF;
  9C87 : FF;
  9C88 : FF;
  9C89 : FF;
  9C8A : FF;
  9C8B : FF;
  9C8C : FF;
  9C8D : FF;
  9C8E : FF;
  9C8F : FF;
  9C90 : FF;
  9C91 : FF;
  9C92 : FF;
  9C93 : FF;
  9C94 : FF;
  9C95 : FF;
  9C96 : FF;
  9C97 : FF;
  9C98 : FF;
  9C99 : FF;
  9C9A : FF;
  9C9B : FF;
  9C9C : FF;
  9C9D : FF;
  9C9E : FF;
  9C9F : FF;
  9CA0 : FF;
  9CA1 : FF;
  9CA2 : FF;
  9CA3 : FF;
  9CA4 : FF;
  9CA5 : FF;
  9CA6 : FF;
  9CA7 : FF;
  9CA8 : FF;
  9CA9 : FF;
  9CAA : FF;
  9CAB : FF;
  9CAC : FF;
  9CAD : FF;
  9CAE : FF;
  9CAF : FF;
  9CB0 : FF;
  9CB1 : FF;
  9CB2 : FF;
  9CB3 : FF;
  9CB4 : FF;
  9CB5 : FF;
  9CB6 : FF;
  9CB7 : FF;
  9CB8 : FF;
  9CB9 : FF;
  9CBA : FF;
  9CBB : FF;
  9CBC : FF;
  9CBD : FF;
  9CBE : FF;
  9CBF : FF;
  9CC0 : FF;
  9CC1 : FF;
  9CC2 : FF;
  9CC3 : FF;
  9CC4 : FF;
  9CC5 : FF;
  9CC6 : FF;
  9CC7 : FF;
  9CC8 : FF;
  9CC9 : FF;
  9CCA : FF;
  9CCB : FF;
  9CCC : FF;
  9CCD : FF;
  9CCE : FF;
  9CCF : FF;
  9CD0 : FF;
  9CD1 : FF;
  9CD2 : FF;
  9CD3 : FF;
  9CD4 : FF;
  9CD5 : FF;
  9CD6 : FF;
  9CD7 : FF;
  9CD8 : FF;
  9CD9 : FF;
  9CDA : FF;
  9CDB : FF;
  9CDC : FF;
  9CDD : FF;
  9CDE : FF;
  9CDF : FF;
  9CE0 : FF;
  9CE1 : FF;
  9CE2 : FF;
  9CE3 : FF;
  9CE4 : FF;
  9CE5 : FF;
  9CE6 : FF;
  9CE7 : FF;
  9CE8 : FF;
  9CE9 : FF;
  9CEA : FF;
  9CEB : FF;
  9CEC : FF;
  9CED : FF;
  9CEE : FF;
  9CEF : FF;
  9CF0 : FF;
  9CF1 : FF;
  9CF2 : FF;
  9CF3 : FF;
  9CF4 : FF;
  9CF5 : FF;
  9CF6 : FF;
  9CF7 : FF;
  9CF8 : FF;
  9CF9 : FF;
  9CFA : FF;
  9CFB : FF;
  9CFC : FF;
  9CFD : FF;
  9CFE : FF;
  9CFF : FF;
  9D00 : FF;
  9D01 : FF;
  9D02 : FF;
  9D03 : FF;
  9D04 : FF;
  9D05 : FF;
  9D06 : FF;
  9D07 : FF;
  9D08 : FF;
  9D09 : FF;
  9D0A : FF;
  9D0B : FF;
  9D0C : FF;
  9D0D : FF;
  9D0E : FF;
  9D0F : FF;
  9D10 : FF;
  9D11 : FF;
  9D12 : FF;
  9D13 : FF;
  9D14 : FF;
  9D15 : FF;
  9D16 : FF;
  9D17 : FF;
  9D18 : FF;
  9D19 : FF;
  9D1A : FF;
  9D1B : FF;
  9D1C : FF;
  9D1D : FF;
  9D1E : FF;
  9D1F : FF;
  9D20 : FF;
  9D21 : FF;
  9D22 : FF;
  9D23 : FF;
  9D24 : FF;
  9D25 : FF;
  9D26 : FF;
  9D27 : FF;
  9D28 : FF;
  9D29 : FF;
  9D2A : FF;
  9D2B : FF;
  9D2C : FF;
  9D2D : FF;
  9D2E : FF;
  9D2F : FF;
  9D30 : FF;
  9D31 : FF;
  9D32 : FF;
  9D33 : FF;
  9D34 : FF;
  9D35 : FF;
  9D36 : FF;
  9D37 : FF;
  9D38 : FF;
  9D39 : FF;
  9D3A : FF;
  9D3B : FF;
  9D3C : FF;
  9D3D : FF;
  9D3E : FF;
  9D3F : FF;
  9D40 : FF;
  9D41 : FF;
  9D42 : FF;
  9D43 : FF;
  9D44 : FF;
  9D45 : FF;
  9D46 : FF;
  9D47 : FF;
  9D48 : FF;
  9D49 : FF;
  9D4A : FF;
  9D4B : FF;
  9D4C : FF;
  9D4D : FF;
  9D4E : FF;
  9D4F : FF;
  9D50 : FF;
  9D51 : FF;
  9D52 : FF;
  9D53 : FF;
  9D54 : FF;
  9D55 : FF;
  9D56 : FF;
  9D57 : FF;
  9D58 : FF;
  9D59 : FF;
  9D5A : FF;
  9D5B : FF;
  9D5C : FF;
  9D5D : FF;
  9D5E : FF;
  9D5F : FF;
  9D60 : FF;
  9D61 : FF;
  9D62 : FF;
  9D63 : FF;
  9D64 : FF;
  9D65 : FF;
  9D66 : FF;
  9D67 : FF;
  9D68 : FF;
  9D69 : FF;
  9D6A : FF;
  9D6B : FF;
  9D6C : FF;
  9D6D : FF;
  9D6E : FF;
  9D6F : FF;
  9D70 : FF;
  9D71 : FF;
  9D72 : FF;
  9D73 : FF;
  9D74 : FF;
  9D75 : FF;
  9D76 : FF;
  9D77 : FF;
  9D78 : FF;
  9D79 : FF;
  9D7A : FF;
  9D7B : FF;
  9D7C : FF;
  9D7D : FF;
  9D7E : FF;
  9D7F : FF;
  9D80 : FF;
  9D81 : FF;
  9D82 : FF;
  9D83 : FF;
  9D84 : FF;
  9D85 : FF;
  9D86 : FF;
  9D87 : FF;
  9D88 : FF;
  9D89 : FF;
  9D8A : FF;
  9D8B : FF;
  9D8C : FF;
  9D8D : FF;
  9D8E : FF;
  9D8F : FF;
  9D90 : FF;
  9D91 : FF;
  9D92 : FF;
  9D93 : FF;
  9D94 : FF;
  9D95 : FF;
  9D96 : FF;
  9D97 : FF;
  9D98 : FF;
  9D99 : FF;
  9D9A : FF;
  9D9B : FF;
  9D9C : FF;
  9D9D : FF;
  9D9E : FF;
  9D9F : FF;
  9DA0 : FF;
  9DA1 : FF;
  9DA2 : FF;
  9DA3 : FF;
  9DA4 : FF;
  9DA5 : FF;
  9DA6 : FF;
  9DA7 : FF;
  9DA8 : FF;
  9DA9 : FF;
  9DAA : FF;
  9DAB : FF;
  9DAC : FF;
  9DAD : FF;
  9DAE : FF;
  9DAF : FF;
  9DB0 : FF;
  9DB1 : FF;
  9DB2 : FF;
  9DB3 : FF;
  9DB4 : FF;
  9DB5 : FF;
  9DB6 : FF;
  9DB7 : FF;
  9DB8 : FF;
  9DB9 : FF;
  9DBA : FF;
  9DBB : FF;
  9DBC : FF;
  9DBD : FF;
  9DBE : FF;
  9DBF : FF;
  9DC0 : FF;
  9DC1 : FF;
  9DC2 : FF;
  9DC3 : FF;
  9DC4 : FF;
  9DC5 : FF;
  9DC6 : FF;
  9DC7 : FF;
  9DC8 : FF;
  9DC9 : FF;
  9DCA : FF;
  9DCB : FF;
  9DCC : FF;
  9DCD : FF;
  9DCE : FF;
  9DCF : FF;
  9DD0 : FF;
  9DD1 : FF;
  9DD2 : FF;
  9DD3 : FF;
  9DD4 : FF;
  9DD5 : FF;
  9DD6 : FF;
  9DD7 : FF;
  9DD8 : FF;
  9DD9 : FF;
  9DDA : FF;
  9DDB : FF;
  9DDC : FF;
  9DDD : FF;
  9DDE : FF;
  9DDF : FF;
  9DE0 : FF;
  9DE1 : FF;
  9DE2 : FF;
  9DE3 : FF;
  9DE4 : FF;
  9DE5 : FF;
  9DE6 : FF;
  9DE7 : FF;
  9DE8 : FF;
  9DE9 : FF;
  9DEA : FF;
  9DEB : FF;
  9DEC : FF;
  9DED : FF;
  9DEE : FF;
  9DEF : FF;
  9DF0 : FF;
  9DF1 : FF;
  9DF2 : FF;
  9DF3 : FF;
  9DF4 : FF;
  9DF5 : FF;
  9DF6 : FF;
  9DF7 : FF;
  9DF8 : FF;
  9DF9 : FF;
  9DFA : FF;
  9DFB : FF;
  9DFC : FF;
  9DFD : FF;
  9DFE : FF;
  9DFF : FF;
  9E00 : FF;
  9E01 : FF;
  9E02 : FF;
  9E03 : FF;
  9E04 : FF;
  9E05 : FF;
  9E06 : FF;
  9E07 : FF;
  9E08 : FF;
  9E09 : FF;
  9E0A : FF;
  9E0B : FF;
  9E0C : FF;
  9E0D : FF;
  9E0E : FF;
  9E0F : FF;
  9E10 : FF;
  9E11 : FF;
  9E12 : FF;
  9E13 : FF;
  9E14 : FF;
  9E15 : FF;
  9E16 : FF;
  9E17 : FF;
  9E18 : FF;
  9E19 : FF;
  9E1A : FF;
  9E1B : FF;
  9E1C : FF;
  9E1D : FF;
  9E1E : FF;
  9E1F : FF;
  9E20 : FF;
  9E21 : FF;
  9E22 : FF;
  9E23 : FF;
  9E24 : FF;
  9E25 : FF;
  9E26 : FF;
  9E27 : FF;
  9E28 : FF;
  9E29 : FF;
  9E2A : FF;
  9E2B : FF;
  9E2C : FF;
  9E2D : FF;
  9E2E : FF;
  9E2F : FF;
  9E30 : FF;
  9E31 : FF;
  9E32 : FF;
  9E33 : FF;
  9E34 : FF;
  9E35 : FF;
  9E36 : FF;
  9E37 : FF;
  9E38 : FF;
  9E39 : FF;
  9E3A : FF;
  9E3B : FF;
  9E3C : FF;
  9E3D : FF;
  9E3E : FF;
  9E3F : FF;
  9E40 : FF;
  9E41 : FF;
  9E42 : FF;
  9E43 : FF;
  9E44 : FF;
  9E45 : FF;
  9E46 : FF;
  9E47 : FF;
  9E48 : FF;
  9E49 : FF;
  9E4A : FF;
  9E4B : FF;
  9E4C : FF;
  9E4D : FF;
  9E4E : FF;
  9E4F : FF;
  9E50 : FF;
  9E51 : FF;
  9E52 : FF;
  9E53 : FF;
  9E54 : FF;
  9E55 : FF;
  9E56 : FF;
  9E57 : FF;
  9E58 : FF;
  9E59 : FF;
  9E5A : FF;
  9E5B : FF;
  9E5C : FF;
  9E5D : FF;
  9E5E : FF;
  9E5F : FF;
  9E60 : FF;
  9E61 : FF;
  9E62 : FF;
  9E63 : FF;
  9E64 : FF;
  9E65 : FF;
  9E66 : FF;
  9E67 : FF;
  9E68 : FF;
  9E69 : FF;
  9E6A : FF;
  9E6B : FF;
  9E6C : FF;
  9E6D : FF;
  9E6E : FF;
  9E6F : FF;
  9E70 : FF;
  9E71 : FF;
  9E72 : FF;
  9E73 : FF;
  9E74 : FF;
  9E75 : FF;
  9E76 : FF;
  9E77 : FF;
  9E78 : FF;
  9E79 : FF;
  9E7A : FF;
  9E7B : FF;
  9E7C : FF;
  9E7D : FF;
  9E7E : FF;
  9E7F : FF;
  9E80 : FF;
  9E81 : FF;
  9E82 : FF;
  9E83 : FF;
  9E84 : FF;
  9E85 : FF;
  9E86 : FF;
  9E87 : FF;
  9E88 : FF;
  9E89 : FF;
  9E8A : FF;
  9E8B : FF;
  9E8C : FF;
  9E8D : FF;
  9E8E : FF;
  9E8F : FF;
  9E90 : FF;
  9E91 : FF;
  9E92 : FF;
  9E93 : FF;
  9E94 : FF;
  9E95 : FF;
  9E96 : FF;
  9E97 : FF;
  9E98 : FF;
  9E99 : FF;
  9E9A : FF;
  9E9B : FF;
  9E9C : FF;
  9E9D : FF;
  9E9E : FF;
  9E9F : FF;
  9EA0 : FF;
  9EA1 : FF;
  9EA2 : FF;
  9EA3 : FF;
  9EA4 : FF;
  9EA5 : FF;
  9EA6 : FF;
  9EA7 : FF;
  9EA8 : FF;
  9EA9 : FF;
  9EAA : FF;
  9EAB : FF;
  9EAC : FF;
  9EAD : FF;
  9EAE : FF;
  9EAF : FF;
  9EB0 : FF;
  9EB1 : FF;
  9EB2 : FF;
  9EB3 : FF;
  9EB4 : FF;
  9EB5 : FF;
  9EB6 : FF;
  9EB7 : FF;
  9EB8 : FF;
  9EB9 : FF;
  9EBA : FF;
  9EBB : FF;
  9EBC : FF;
  9EBD : FF;
  9EBE : FF;
  9EBF : FF;
  9EC0 : FF;
  9EC1 : FF;
  9EC2 : FF;
  9EC3 : FF;
  9EC4 : FF;
  9EC5 : FF;
  9EC6 : FF;
  9EC7 : FF;
  9EC8 : FF;
  9EC9 : FF;
  9ECA : FF;
  9ECB : FF;
  9ECC : FF;
  9ECD : FF;
  9ECE : FF;
  9ECF : FF;
  9ED0 : FF;
  9ED1 : FF;
  9ED2 : FF;
  9ED3 : FF;
  9ED4 : FF;
  9ED5 : FF;
  9ED6 : FF;
  9ED7 : FF;
  9ED8 : FF;
  9ED9 : FF;
  9EDA : FF;
  9EDB : FF;
  9EDC : FF;
  9EDD : FF;
  9EDE : FF;
  9EDF : FF;
  9EE0 : FF;
  9EE1 : FF;
  9EE2 : FF;
  9EE3 : FF;
  9EE4 : FF;
  9EE5 : FF;
  9EE6 : FF;
  9EE7 : FF;
  9EE8 : FF;
  9EE9 : FF;
  9EEA : FF;
  9EEB : FF;
  9EEC : FF;
  9EED : FF;
  9EEE : FF;
  9EEF : FF;
  9EF0 : FF;
  9EF1 : FF;
  9EF2 : FF;
  9EF3 : FF;
  9EF4 : FF;
  9EF5 : FF;
  9EF6 : FF;
  9EF7 : FF;
  9EF8 : FF;
  9EF9 : FF;
  9EFA : FF;
  9EFB : FF;
  9EFC : FF;
  9EFD : FF;
  9EFE : FF;
  9EFF : FF;
  9F00 : FF;
  9F01 : FF;
  9F02 : FF;
  9F03 : FF;
  9F04 : FF;
  9F05 : FF;
  9F06 : FF;
  9F07 : FF;
  9F08 : FF;
  9F09 : FF;
  9F0A : FF;
  9F0B : FF;
  9F0C : FF;
  9F0D : FF;
  9F0E : FF;
  9F0F : FF;
  9F10 : FF;
  9F11 : FF;
  9F12 : FF;
  9F13 : FF;
  9F14 : FF;
  9F15 : FF;
  9F16 : FF;
  9F17 : FF;
  9F18 : FF;
  9F19 : FF;
  9F1A : FF;
  9F1B : FF;
  9F1C : FF;
  9F1D : FF;
  9F1E : FF;
  9F1F : FF;
  9F20 : FF;
  9F21 : FF;
  9F22 : FF;
  9F23 : FF;
  9F24 : FF;
  9F25 : FF;
  9F26 : FF;
  9F27 : FF;
  9F28 : FF;
  9F29 : FF;
  9F2A : FF;
  9F2B : FF;
  9F2C : FF;
  9F2D : FF;
  9F2E : FF;
  9F2F : FF;
  9F30 : FF;
  9F31 : FF;
  9F32 : FF;
  9F33 : FF;
  9F34 : FF;
  9F35 : FF;
  9F36 : FF;
  9F37 : FF;
  9F38 : FF;
  9F39 : FF;
  9F3A : FF;
  9F3B : FF;
  9F3C : FF;
  9F3D : FF;
  9F3E : FF;
  9F3F : FF;
  9F40 : FF;
  9F41 : FF;
  9F42 : FF;
  9F43 : FF;
  9F44 : FF;
  9F45 : FF;
  9F46 : FF;
  9F47 : FF;
  9F48 : FF;
  9F49 : FF;
  9F4A : FF;
  9F4B : FF;
  9F4C : FF;
  9F4D : FF;
  9F4E : FF;
  9F4F : FF;
  9F50 : FF;
  9F51 : FF;
  9F52 : FF;
  9F53 : FF;
  9F54 : FF;
  9F55 : FF;
  9F56 : FF;
  9F57 : FF;
  9F58 : FF;
  9F59 : FF;
  9F5A : FF;
  9F5B : FF;
  9F5C : FF;
  9F5D : FF;
  9F5E : FF;
  9F5F : FF;
  9F60 : FF;
  9F61 : FF;
  9F62 : FF;
  9F63 : FF;
  9F64 : FF;
  9F65 : FF;
  9F66 : FF;
  9F67 : FF;
  9F68 : FF;
  9F69 : FF;
  9F6A : FF;
  9F6B : FF;
  9F6C : FF;
  9F6D : FF;
  9F6E : FF;
  9F6F : FF;
  9F70 : FF;
  9F71 : FF;
  9F72 : FF;
  9F73 : FF;
  9F74 : FF;
  9F75 : FF;
  9F76 : FF;
  9F77 : FF;
  9F78 : FF;
  9F79 : FF;
  9F7A : FF;
  9F7B : FF;
  9F7C : FF;
  9F7D : FF;
  9F7E : FF;
  9F7F : FF;
  9F80 : FF;
  9F81 : FF;
  9F82 : FF;
  9F83 : FF;
  9F84 : FF;
  9F85 : FF;
  9F86 : FF;
  9F87 : FF;
  9F88 : FF;
  9F89 : FF;
  9F8A : FF;
  9F8B : FF;
  9F8C : FF;
  9F8D : FF;
  9F8E : FF;
  9F8F : FF;
  9F90 : FF;
  9F91 : FF;
  9F92 : FF;
  9F93 : FF;
  9F94 : FF;
  9F95 : FF;
  9F96 : FF;
  9F97 : FF;
  9F98 : FF;
  9F99 : FF;
  9F9A : FF;
  9F9B : FF;
  9F9C : FF;
  9F9D : FF;
  9F9E : FF;
  9F9F : FF;
  9FA0 : FF;
  9FA1 : FF;
  9FA2 : FF;
  9FA3 : FF;
  9FA4 : FF;
  9FA5 : FF;
  9FA6 : FF;
  9FA7 : FF;
  9FA8 : FF;
  9FA9 : FF;
  9FAA : FF;
  9FAB : FF;
  9FAC : FF;
  9FAD : FF;
  9FAE : FF;
  9FAF : FF;
  9FB0 : FF;
  9FB1 : FF;
  9FB2 : FF;
  9FB3 : FF;
  9FB4 : FF;
  9FB5 : FF;
  9FB6 : FF;
  9FB7 : FF;
  9FB8 : FF;
  9FB9 : FF;
  9FBA : FF;
  9FBB : FF;
  9FBC : FF;
  9FBD : FF;
  9FBE : FF;
  9FBF : FF;
  9FC0 : FF;
  9FC1 : FF;
  9FC2 : FF;
  9FC3 : FF;
  9FC4 : FF;
  9FC5 : FF;
  9FC6 : FF;
  9FC7 : FF;
  9FC8 : FF;
  9FC9 : FF;
  9FCA : FF;
  9FCB : FF;
  9FCC : FF;
  9FCD : FF;
  9FCE : FF;
  9FCF : FF;
  9FD0 : FF;
  9FD1 : FF;
  9FD2 : FF;
  9FD3 : FF;
  9FD4 : FF;
  9FD5 : FF;
  9FD6 : FF;
  9FD7 : FF;
  9FD8 : FF;
  9FD9 : FF;
  9FDA : FF;
  9FDB : FF;
  9FDC : FF;
  9FDD : FF;
  9FDE : FF;
  9FDF : FF;
  9FE0 : FF;
  9FE1 : FF;
  9FE2 : FF;
  9FE3 : FF;
  9FE4 : FF;
  9FE5 : FF;
  9FE6 : FF;
  9FE7 : FF;
  9FE8 : FF;
  9FE9 : FF;
  9FEA : FF;
  9FEB : FF;
  9FEC : FF;
  9FED : FF;
  9FEE : FF;
  9FEF : FF;
  9FF0 : FF;
  9FF1 : FF;
  9FF2 : FF;
  9FF3 : FF;
  9FF4 : FF;
  9FF5 : FF;
  9FF6 : FF;
  9FF7 : FF;
  9FF8 : FF;
  9FF9 : FF;
  9FFA : FF;
  9FFB : FF;
  9FFC : FF;
  9FFD : FF;
  9FFE : FF;
  9FFF : FF;
  A000 : FF;
  A001 : FF;
  A002 : FF;
  A003 : FF;
  A004 : FF;
  A005 : FF;
  A006 : FF;
  A007 : FF;
  A008 : FF;
  A009 : FF;
  A00A : FF;
  A00B : FF;
  A00C : FF;
  A00D : FF;
  A00E : FF;
  A00F : FF;
  A010 : FF;
  A011 : FF;
  A012 : FF;
  A013 : FF;
  A014 : FF;
  A015 : FF;
  A016 : FF;
  A017 : FF;
  A018 : FF;
  A019 : FF;
  A01A : FF;
  A01B : FF;
  A01C : FF;
  A01D : FF;
  A01E : FF;
  A01F : FF;
  A020 : FF;
  A021 : FF;
  A022 : FF;
  A023 : FF;
  A024 : FF;
  A025 : FF;
  A026 : FF;
  A027 : FF;
  A028 : FF;
  A029 : FF;
  A02A : FF;
  A02B : FF;
  A02C : FF;
  A02D : FF;
  A02E : FF;
  A02F : FF;
  A030 : FF;
  A031 : FF;
  A032 : FF;
  A033 : FF;
  A034 : FF;
  A035 : FF;
  A036 : FF;
  A037 : FF;
  A038 : FF;
  A039 : FF;
  A03A : FF;
  A03B : FF;
  A03C : FF;
  A03D : FF;
  A03E : FF;
  A03F : FF;
  A040 : FF;
  A041 : FF;
  A042 : FF;
  A043 : FF;
  A044 : FF;
  A045 : FF;
  A046 : FF;
  A047 : FF;
  A048 : FF;
  A049 : FF;
  A04A : FF;
  A04B : FF;
  A04C : FF;
  A04D : FF;
  A04E : FF;
  A04F : FF;
  A050 : FF;
  A051 : FF;
  A052 : FF;
  A053 : FF;
  A054 : FF;
  A055 : FF;
  A056 : FF;
  A057 : FF;
  A058 : FF;
  A059 : FF;
  A05A : FF;
  A05B : FF;
  A05C : FF;
  A05D : FF;
  A05E : FF;
  A05F : FF;
  A060 : FF;
  A061 : FF;
  A062 : FF;
  A063 : FF;
  A064 : FF;
  A065 : FF;
  A066 : FF;
  A067 : FF;
  A068 : FF;
  A069 : FF;
  A06A : FF;
  A06B : FF;
  A06C : FF;
  A06D : FF;
  A06E : FF;
  A06F : FF;
  A070 : FF;
  A071 : FF;
  A072 : FF;
  A073 : FF;
  A074 : FF;
  A075 : FF;
  A076 : FF;
  A077 : FF;
  A078 : FF;
  A079 : FF;
  A07A : FF;
  A07B : FF;
  A07C : FF;
  A07D : FF;
  A07E : FF;
  A07F : FF;
  A080 : FF;
  A081 : FF;
  A082 : FF;
  A083 : FF;
  A084 : FF;
  A085 : FF;
  A086 : FF;
  A087 : FF;
  A088 : FF;
  A089 : FF;
  A08A : FF;
  A08B : FF;
  A08C : FF;
  A08D : FF;
  A08E : FF;
  A08F : FF;
  A090 : FF;
  A091 : FF;
  A092 : FF;
  A093 : FF;
  A094 : FF;
  A095 : FF;
  A096 : FF;
  A097 : FF;
  A098 : FF;
  A099 : FF;
  A09A : FF;
  A09B : FF;
  A09C : FF;
  A09D : FF;
  A09E : FF;
  A09F : FF;
  A0A0 : FF;
  A0A1 : FF;
  A0A2 : FF;
  A0A3 : FF;
  A0A4 : FF;
  A0A5 : FF;
  A0A6 : FF;
  A0A7 : FF;
  A0A8 : FF;
  A0A9 : FF;
  A0AA : FF;
  A0AB : FF;
  A0AC : FF;
  A0AD : FF;
  A0AE : FF;
  A0AF : FF;
  A0B0 : FF;
  A0B1 : FF;
  A0B2 : FF;
  A0B3 : FF;
  A0B4 : FF;
  A0B5 : FF;
  A0B6 : FF;
  A0B7 : FF;
  A0B8 : FF;
  A0B9 : FF;
  A0BA : FF;
  A0BB : FF;
  A0BC : FF;
  A0BD : FF;
  A0BE : FF;
  A0BF : FF;
  A0C0 : FF;
  A0C1 : FF;
  A0C2 : FF;
  A0C3 : FF;
  A0C4 : FF;
  A0C5 : FF;
  A0C6 : FF;
  A0C7 : FF;
  A0C8 : FF;
  A0C9 : FF;
  A0CA : FF;
  A0CB : FF;
  A0CC : FF;
  A0CD : FF;
  A0CE : FF;
  A0CF : FF;
  A0D0 : FF;
  A0D1 : FF;
  A0D2 : FF;
  A0D3 : FF;
  A0D4 : FF;
  A0D5 : FF;
  A0D6 : FF;
  A0D7 : FF;
  A0D8 : FF;
  A0D9 : FF;
  A0DA : FF;
  A0DB : FF;
  A0DC : FF;
  A0DD : FF;
  A0DE : FF;
  A0DF : FF;
  A0E0 : FF;
  A0E1 : FF;
  A0E2 : FF;
  A0E3 : FF;
  A0E4 : FF;
  A0E5 : FF;
  A0E6 : FF;
  A0E7 : FF;
  A0E8 : FF;
  A0E9 : FF;
  A0EA : FF;
  A0EB : FF;
  A0EC : FF;
  A0ED : FF;
  A0EE : FF;
  A0EF : FF;
  A0F0 : FF;
  A0F1 : FF;
  A0F2 : FF;
  A0F3 : FF;
  A0F4 : FF;
  A0F5 : FF;
  A0F6 : FF;
  A0F7 : FF;
  A0F8 : FF;
  A0F9 : FF;
  A0FA : FF;
  A0FB : FF;
  A0FC : FF;
  A0FD : FF;
  A0FE : FF;
  A0FF : FF;
  A100 : FF;
  A101 : FF;
  A102 : FF;
  A103 : FF;
  A104 : FF;
  A105 : FF;
  A106 : FF;
  A107 : FF;
  A108 : FF;
  A109 : FF;
  A10A : FF;
  A10B : FF;
  A10C : FF;
  A10D : FF;
  A10E : FF;
  A10F : FF;
  A110 : FF;
  A111 : FF;
  A112 : FF;
  A113 : FF;
  A114 : FF;
  A115 : FF;
  A116 : FF;
  A117 : FF;
  A118 : FF;
  A119 : FF;
  A11A : FF;
  A11B : FF;
  A11C : FF;
  A11D : FF;
  A11E : FF;
  A11F : FF;
  A120 : FF;
  A121 : FF;
  A122 : FF;
  A123 : FF;
  A124 : FF;
  A125 : FF;
  A126 : FF;
  A127 : FF;
  A128 : FF;
  A129 : FF;
  A12A : FF;
  A12B : FF;
  A12C : FF;
  A12D : FF;
  A12E : FF;
  A12F : FF;
  A130 : FF;
  A131 : FF;
  A132 : FF;
  A133 : FF;
  A134 : FF;
  A135 : FF;
  A136 : FF;
  A137 : FF;
  A138 : FF;
  A139 : FF;
  A13A : FF;
  A13B : FF;
  A13C : FF;
  A13D : FF;
  A13E : FF;
  A13F : FF;
  A140 : FF;
  A141 : FF;
  A142 : FF;
  A143 : FF;
  A144 : FF;
  A145 : FF;
  A146 : FF;
  A147 : FF;
  A148 : FF;
  A149 : FF;
  A14A : FF;
  A14B : FF;
  A14C : FF;
  A14D : FF;
  A14E : FF;
  A14F : FF;
  A150 : FF;
  A151 : FF;
  A152 : FF;
  A153 : FF;
  A154 : FF;
  A155 : FF;
  A156 : FF;
  A157 : FF;
  A158 : FF;
  A159 : FF;
  A15A : FF;
  A15B : FF;
  A15C : FF;
  A15D : FF;
  A15E : FF;
  A15F : FF;
  A160 : FF;
  A161 : FF;
  A162 : FF;
  A163 : FF;
  A164 : FF;
  A165 : FF;
  A166 : FF;
  A167 : FF;
  A168 : FF;
  A169 : FF;
  A16A : FF;
  A16B : FF;
  A16C : FF;
  A16D : FF;
  A16E : FF;
  A16F : FF;
  A170 : FF;
  A171 : FF;
  A172 : FF;
  A173 : FF;
  A174 : FF;
  A175 : FF;
  A176 : FF;
  A177 : FF;
  A178 : FF;
  A179 : FF;
  A17A : FF;
  A17B : FF;
  A17C : FF;
  A17D : FF;
  A17E : FF;
  A17F : FF;
  A180 : FF;
  A181 : FF;
  A182 : FF;
  A183 : FF;
  A184 : FF;
  A185 : FF;
  A186 : FF;
  A187 : FF;
  A188 : FF;
  A189 : FF;
  A18A : FF;
  A18B : FF;
  A18C : FF;
  A18D : FF;
  A18E : FF;
  A18F : FF;
  A190 : FF;
  A191 : FF;
  A192 : FF;
  A193 : FF;
  A194 : FF;
  A195 : FF;
  A196 : FF;
  A197 : FF;
  A198 : FF;
  A199 : FF;
  A19A : FF;
  A19B : FF;
  A19C : FF;
  A19D : FF;
  A19E : FF;
  A19F : FF;
  A1A0 : FF;
  A1A1 : FF;
  A1A2 : FF;
  A1A3 : FF;
  A1A4 : FF;
  A1A5 : FF;
  A1A6 : FF;
  A1A7 : FF;
  A1A8 : FF;
  A1A9 : FF;
  A1AA : FF;
  A1AB : FF;
  A1AC : FF;
  A1AD : FF;
  A1AE : FF;
  A1AF : FF;
  A1B0 : FF;
  A1B1 : FF;
  A1B2 : FF;
  A1B3 : FF;
  A1B4 : FF;
  A1B5 : FF;
  A1B6 : FF;
  A1B7 : FF;
  A1B8 : FF;
  A1B9 : FF;
  A1BA : FF;
  A1BB : FF;
  A1BC : FF;
  A1BD : FF;
  A1BE : FF;
  A1BF : FF;
  A1C0 : FF;
  A1C1 : FF;
  A1C2 : FF;
  A1C3 : FF;
  A1C4 : FF;
  A1C5 : FF;
  A1C6 : FF;
  A1C7 : FF;
  A1C8 : FF;
  A1C9 : FF;
  A1CA : FF;
  A1CB : FF;
  A1CC : FF;
  A1CD : FF;
  A1CE : FF;
  A1CF : FF;
  A1D0 : FF;
  A1D1 : FF;
  A1D2 : FF;
  A1D3 : FF;
  A1D4 : FF;
  A1D5 : FF;
  A1D6 : FF;
  A1D7 : FF;
  A1D8 : FF;
  A1D9 : FF;
  A1DA : FF;
  A1DB : FF;
  A1DC : FF;
  A1DD : FF;
  A1DE : FF;
  A1DF : FF;
  A1E0 : FF;
  A1E1 : FF;
  A1E2 : FF;
  A1E3 : FF;
  A1E4 : FF;
  A1E5 : FF;
  A1E6 : FF;
  A1E7 : FF;
  A1E8 : FF;
  A1E9 : FF;
  A1EA : FF;
  A1EB : FF;
  A1EC : FF;
  A1ED : FF;
  A1EE : FF;
  A1EF : FF;
  A1F0 : FF;
  A1F1 : FF;
  A1F2 : FF;
  A1F3 : FF;
  A1F4 : FF;
  A1F5 : FF;
  A1F6 : FF;
  A1F7 : FF;
  A1F8 : FF;
  A1F9 : FF;
  A1FA : FF;
  A1FB : FF;
  A1FC : FF;
  A1FD : FF;
  A1FE : FF;
  A1FF : FF;
  A200 : FF;
  A201 : FF;
  A202 : FF;
  A203 : FF;
  A204 : FF;
  A205 : FF;
  A206 : FF;
  A207 : FF;
  A208 : FF;
  A209 : FF;
  A20A : FF;
  A20B : FF;
  A20C : FF;
  A20D : FF;
  A20E : FF;
  A20F : FF;
  A210 : FF;
  A211 : FF;
  A212 : FF;
  A213 : FF;
  A214 : FF;
  A215 : FF;
  A216 : FF;
  A217 : FF;
  A218 : FF;
  A219 : FF;
  A21A : FF;
  A21B : FF;
  A21C : FF;
  A21D : FF;
  A21E : FF;
  A21F : FF;
  A220 : FF;
  A221 : FF;
  A222 : FF;
  A223 : FF;
  A224 : FF;
  A225 : FF;
  A226 : FF;
  A227 : FF;
  A228 : FF;
  A229 : FF;
  A22A : FF;
  A22B : FF;
  A22C : FF;
  A22D : FF;
  A22E : FF;
  A22F : FF;
  A230 : FF;
  A231 : FF;
  A232 : FF;
  A233 : FF;
  A234 : FF;
  A235 : FF;
  A236 : FF;
  A237 : FF;
  A238 : FF;
  A239 : FF;
  A23A : FF;
  A23B : FF;
  A23C : FF;
  A23D : FF;
  A23E : FF;
  A23F : FF;
  A240 : FF;
  A241 : FF;
  A242 : FF;
  A243 : FF;
  A244 : FF;
  A245 : FF;
  A246 : FF;
  A247 : FF;
  A248 : FF;
  A249 : FF;
  A24A : FF;
  A24B : FF;
  A24C : FF;
  A24D : FF;
  A24E : FF;
  A24F : FF;
  A250 : FF;
  A251 : FF;
  A252 : FF;
  A253 : FF;
  A254 : FF;
  A255 : FF;
  A256 : FF;
  A257 : FF;
  A258 : FF;
  A259 : FF;
  A25A : FF;
  A25B : FF;
  A25C : FF;
  A25D : FF;
  A25E : FF;
  A25F : FF;
  A260 : FF;
  A261 : FF;
  A262 : FF;
  A263 : FF;
  A264 : FF;
  A265 : FF;
  A266 : FF;
  A267 : FF;
  A268 : FF;
  A269 : FF;
  A26A : FF;
  A26B : FF;
  A26C : FF;
  A26D : FF;
  A26E : FF;
  A26F : FF;
  A270 : FF;
  A271 : FF;
  A272 : FF;
  A273 : FF;
  A274 : FF;
  A275 : FF;
  A276 : FF;
  A277 : FF;
  A278 : FF;
  A279 : FF;
  A27A : FF;
  A27B : FF;
  A27C : FF;
  A27D : FF;
  A27E : FF;
  A27F : FF;
  A280 : FF;
  A281 : FF;
  A282 : FF;
  A283 : FF;
  A284 : FF;
  A285 : FF;
  A286 : FF;
  A287 : FF;
  A288 : FF;
  A289 : FF;
  A28A : FF;
  A28B : FF;
  A28C : FF;
  A28D : FF;
  A28E : FF;
  A28F : FF;
END;
