-- Copyright (C) 2025  Altera Corporation. All rights reserved.
-- Your use of Altera Corporation's design tools, logic functions 
-- and other software and tools, and any partner logic 
-- functions, and any output files from any of the foregoing 
-- (including device programming or simulation files), and any 
-- associated documentation or information are expressly subject 
-- to the terms and conditions of the Altera Program License 
-- Subscription Agreement, the Altera Quartus Prime License Agreement,
-- the Altera IP License Agreement, or other applicable license
-- agreement, including, without limitation, that your use is for
-- the sole purpose of programming logic devices manufactured by
-- Altera and sold by Altera or its authorized distributors.  Please
-- refer to the Altera Software License Subscription Agreements 
-- on the Quartus Prime software download page.

-- Quartus Prime generated Memory Initialization File (.mif)

WIDTH=8;
DEPTH=41616;

ADDRESS_RADIX=HEX;
DATA_RADIX=BIN;

CONTENT BEGIN
	0000  :   00000000;
	[0001..103D]  :   11111111;
	103E  :   11111110;
	103F  :   11011111;
	1040  :   10111100;
	[1041..1044]  :   11010001;
	1045  :   11110010;
	[1046..10EB]  :   11111111;
	10EC  :   11110101;
	10ED  :   11100111;
	[10EE..10F0]  :   11110101;
	10F1  :   11111011;
	[10F2..1109]  :   11111111;
	110A  :   11001001;
	110B  :   01110111;
	110C  :   01101110;
	[110D..1110]  :   01101111;
	1111  :   10000111;
	1112  :   10111100;
	[1113..1114]  :   11010011;
	1115  :   10100111;
	[1116..1119]  :   11001001;
	111A  :   11110000;
	[111B..11B6]  :   11111111;
	11B7  :   11101011;
	11B8  :   11001001;
	11B9  :   11000010;
	[11BA..11BC]  :   11001001;
	11BD  :   11010011;
	11BE  :   11111001;
	[11BF..11CA]  :   11111111;
	11CB  :   11110110;
	11CC  :   11001111;
	11CD  :   10110101;
	[11CE..11D1]  :   11001010;
	11D2  :   11100110;
	[11D3..11D4]  :   11111000;
	11D5  :   11101110;
	11D6  :   01111111;
	11D7  :   01101111;
	11D8  :   01101001;
	[11D9..11DC]  :   01101010;
	11DD  :   01101101;
	11DE  :   01101100;
	11DF  :   01101101;
	[11E0..11E4]  :   01011110;
	11E5  :   01101010;
	11E6  :   01111100;
	11E7  :   10101101;
	11E8  :   11101100;
	[11E9..1281]  :   11111111;
	1282  :   11110101;
	1283  :   11001010;
	1284  :   11001000;
	1285  :   11000101;
	[1286..1289]  :   11001000;
	128A  :   11011101;
	[128B..1295]  :   11111111;
	1296  :   11110011;
	1297  :   10010101;
	[1298..1299]  :   01101010;
	129A  :   01101001;
	[129B..129D]  :   01101010;
	129E  :   01101101;
	129F  :   10001111;
	[12A0..12A1]  :   10111100;
	[12A2..12A6]  :   01100110;
	[12A7..12A8]  :   01101000;
	12A9  :   01101001;
	[12AA..12AB]  :   01101010;
	12AC  :   01011010;
	12AD  :   01010111;
	[12AE..12B0]  :   01011010;
	12B1  :   01011110;
	[12B2..12B3]  :   01101011;
	12B4  :   01111011;
	12B5  :   11000110;
	12B6  :   11111011;
	[12B7..134D]  :   11111111;
	134E  :   11011101;
	134F  :   11000101;
	1350  :   11000010;
	1351  :   11000001;
	[1352..1354]  :   11000010;
	1355  :   11000111;
	1356  :   11010000;
	1357  :   11111000;
	[1358..1361]  :   11111111;
	1362  :   10110010;
	1363  :   01101100;
	1364  :   01101010;
	[1365..136A]  :   01101001;
	136B  :   01101011;
	[136C..136D]  :   01101101;
	136E  :   01011010;
	[136F..1372]  :   01011011;
	1373  :   01100000;
	1374  :   01100101;
	[1375..1377]  :   01101000;
	1378  :   01100010;
	1379  :   01011001;
	137A  :   01010111;
	[137B..137D]  :   01011001;
	137E  :   01011101;
	137F  :   01101000;
	1380  :   01101100;
	1381  :   01101111;
	1382  :   10100110;
	1383  :   11110011;
	[1384..1418]  :   11111111;
	1419  :   11111110;
	141A  :   11001111;
	141B  :   11001000;
	[141C..1420]  :   11000001;
	1421  :   11000100;
	1422  :   11000110;
	1423  :   11110000;
	[1424..142C]  :   11111111;
	142D  :   11111100;
	142E  :   10000100;
	142F  :   01101100;
	[1430..1438]  :   01101000;
	1439  :   01100110;
	143A  :   01011111;
	143B  :   01011000;
	143C  :   01010110;
	[143D..143F]  :   01011000;
	1440  :   01011010;
	1441  :   01100001;
	1442  :   01100111;
	[1443..1444]  :   01101000;
	1445  :   01100100;
	1446  :   01011010;
	1447  :   01010111;
	[1448..144A]  :   01011010;
	144B  :   01100000;
	144C  :   01101000;
	144D  :   01101010;
	144E  :   01101100;
	144F  :   10001010;
	1450  :   11100000;
	[1451..14E4]  :   11111111;
	14E5  :   11110111;
	14E6  :   11001011;
	14E7  :   11000110;
	[14E8..14EC]  :   11000001;
	14ED  :   11000100;
	14EE  :   11000101;
	14EF  :   11101111;
	[14F0..14F8]  :   11111111;
	14F9  :   11101111;
	14FA  :   01111101;
	14FB  :   01101100;
	[14FC..1506]  :   01101000;
	1507  :   01100101;
	1508  :   01011101;
	[1509..150D]  :   01010111;
	150E  :   01011101;
	150F  :   01100110;
	[1510..1511]  :   01101000;
	1512  :   01100101;
	1513  :   01011011;
	1514  :   01011000;
	[1515..1517]  :   01011011;
	1518  :   01100011;
	1519  :   01101000;
	151A  :   01101001;
	151B  :   01101110;
	151C  :   01111110;
	151D  :   11010111;
	[151E..1570]  :   11111111;
	1571  :   11111110;
	[1572..15B0]  :   11111111;
	15B1  :   11110110;
	15B2  :   11001010;
	15B3  :   11000110;
	[15B4..15B8]  :   11000001;
	15B9  :   11000101;
	15BA  :   11001001;
	15BB  :   11110010;
	[15BC..15C4]  :   11111111;
	15C5  :   11101101;
	15C6  :   01111011;
	15C7  :   01101100;
	[15C8..15D4]  :   01101000;
	15D5  :   01100001;
	15D6  :   01011001;
	15D7  :   01010110;
	[15D8..15DA]  :   01011001;
	15DB  :   01011011;
	15DC  :   01100011;
	[15DD..15DE]  :   01101000;
	15DF  :   01100110;
	15E0  :   01011011;
	15E1  :   01011010;
	[15E2..15E4]  :   01011011;
	15E5  :   01100110;
	[15E6..15E7]  :   01101000;
	15E8  :   01101101;
	15E9  :   01110110;
	15EA  :   11001100;
	[15EB..163B]  :   11111111;
	163C  :   11111100;
	163D  :   11110100;
	163E  :   11110011;
	[163F..1641]  :   11110100;
	1642  :   11111100;
	[1643..167C]  :   11111111;
	167D  :   11111110;
	167E  :   11010000;
	167F  :   11001000;
	[1680..1684]  :   11000001;
	1685  :   11001001;
	1686  :   11010100;
	1687  :   11111100;
	[1688..1690]  :   11111111;
	1691  :   11110011;
	1692  :   01111111;
	1693  :   01101100;
	[1694..16A1]  :   01101000;
	16A2  :   01100101;
	16A3  :   01011101;
	16A4  :   01010111;
	[16A5..16A8]  :   01011000;
	16A9  :   01100010;
	[16AA..16AB]  :   01101000;
	16AC  :   01100101;
	16AD  :   01011011;
	[16AE..16B1]  :   01011100;
	16B2  :   01100111;
	[16B3..16B4]  :   01101000;
	16B5  :   01101100;
	16B6  :   01110100;
	16B7  :   11000011;
	[16B8..1706]  :   11111111;
	1707  :   11111100;
	1708  :   11110100;
	1709  :   11111011;
	170A  :   11110100;
	170B  :   11111011;
	170C  :   11110100;
	[170D..170F]  :   11111011;
	[1710..1738]  :   11111111;
	1739  :   11110101;
	[173A..1749]  :   11100011;
	174A  :   11001101;
	174B  :   11000100;
	174C  :   11000010;
	[174D..174F]  :   11000100;
	[1750..1751]  :   11000101;
	1752  :   11100100;
	[1753..175D]  :   11111111;
	175E  :   10001000;
	175F  :   01101100;
	[1760..176E]  :   01101000;
	176F  :   01100111;
	1770  :   01100001;
	1771  :   01011000;
	1772  :   01010111;
	[1773..1775]  :   01011000;
	1776  :   01100001;
	[1777..1778]  :   01101000;
	1779  :   01100101;
	177A  :   01011010;
	[177B..177E]  :   01100000;
	[177F..1781]  :   01101000;
	1782  :   01101011;
	1783  :   01110010;
	1784  :   11001000;
	[1785..17D2]  :   11111111;
	17D3  :   11110100;
	17D4  :   11111001;
	17D5  :   11101111;
	17D6  :   11101110;
	[17D7..17D9]  :   11101111;
	[17DA..17DB]  :   11111010;
	17DC  :   11111110;
	[17DD..1804]  :   11111111;
	1805  :   11101000;
	1806  :   11001000;
	1807  :   11001010;
	[1808..1814]  :   11001000;
	1815  :   11000111;
	[1816..1817]  :   11001000;
	1818  :   11000111;
	[1819..181A]  :   11001000;
	[181B..181C]  :   11001001;
	181D  :   11010110;
	181E  :   11111101;
	[181F..1829]  :   11111111;
	182A  :   10100001;
	182B  :   01101010;
	[182C..183C]  :   01101000;
	183D  :   01100100;
	183E  :   01011010;
	183F  :   01010111;
	[1840..1842]  :   01011010;
	1843  :   01100000;
	[1844..1845]  :   01101000;
	1846  :   01100101;
	1847  :   01011010;
	[1848..184B]  :   01100100;
	[184C..184D]  :   01101000;
	184E  :   01101001;
	184F  :   01101100;
	1850  :   01110010;
	1851  :   11001100;
	[1852..189D]  :   11111111;
	189E  :   11111001;
	[189F..18A0]  :   11110011;
	[18A1..18A5]  :   11101101;
	[18A6..18A7]  :   11110010;
	18A8  :   11111000;
	[18A9..18D0]  :   11111111;
	18D1  :   11101110;
	18D2  :   11010001;
	[18D3..18E3]  :   11010000;
	18E4  :   11001111;
	[18E5..18E7]  :   11010000;
	18E8  :   11100000;
	18E9  :   11111011;
	[18EA..18F5]  :   11111111;
	18F6  :   11000011;
	[18F7..18F8]  :   01101001;
	[18F9..1909]  :   01101000;
	190A  :   01100110;
	190B  :   01011100;
	190C  :   01010110;
	[190D..190F]  :   01011100;
	1910  :   01100000;
	[1911..1912]  :   01101000;
	1913  :   01100100;
	1914  :   01011100;
	[1915..1917]  :   01100100;
	[1918..191B]  :   01101000;
	191C  :   01101100;
	191D  :   01110110;
	191E  :   11010010;
	[191F..1953]  :   11111111;
	1954  :   11110100;
	1955  :   11100001;
	[1956..1958]  :   11110100;
	1959  :   11110111;
	[195A..1968]  :   11111111;
	1969  :   11111101;
	196A  :   11110110;
	196B  :   11111011;
	[196C..1972]  :   11101101;
	[1973..1974]  :   11111001;
	1975  :   11111101;
	[1976..199D]  :   11111111;
	[199E..19B3]  :   11111100;
	[19B4..19C1]  :   11111111;
	19C2  :   11100110;
	19C3  :   01101111;
	19C4  :   01101010;
	[19C5..19D7]  :   01101000;
	19D8  :   01100000;
	19D9  :   01010111;
	[19DA..19DD]  :   01100000;
	[19DE..19DF]  :   01101000;
	19E0  :   01100010;
	[19E1..19E4]  :   01100011;
	[19E5..19E8]  :   01101000;
	19E9  :   01101100;
	19EA  :   01111101;
	19EB  :   11011110;
	[19EC..1A1E]  :   11111111;
	1A1F  :   11110100;
	1A20  :   11001110;
	1A21  :   11001011;
	[1A22..1A24]  :   11001110;
	1A25  :   11010011;
	1A26  :   11111010;
	[1A27..1A34]  :   11111111;
	1A35  :   11111011;
	1A36  :   11101110;
	1A37  :   11110001;
	[1A38..1A3E]  :   11101101;
	1A3F  :   11101111;
	1A40  :   11110000;
	1A41  :   11111010;
	[1A42..1A8D]  :   11111111;
	1A8E  :   11111000;
	1A8F  :   10010000;
	1A90  :   01101011;
	[1A91..1AA4]  :   01101000;
	1AA5  :   01100010;
	1AA6  :   01011000;
	[1AA7..1AAA]  :   01100001;
	[1AAB..1AAC]  :   01101000;
	1AAD  :   01100001;
	[1AAE..1AB1]  :   01100111;
	[1AB2..1AB5]  :   01101000;
	1AB6  :   01101101;
	1AB7  :   10001000;
	1AB8  :   11101000;
	[1AB9..1AEA]  :   11111111;
	1AEB  :   11011000;
	1AEC  :   11001001;
	1AED  :   11000010;
	[1AEE..1AF1]  :   11000101;
	1AF2  :   11101111;
	[1AF3..1AFF]  :   11111111;
	1B00  :   11111110;
	1B01  :   11110110;
	1B02  :   11111001;
	[1B03..1B0B]  :   11101101;
	[1B0C..1B0D]  :   11110110;
	1B0E  :   11111101;
	[1B0F..1B5A]  :   11111111;
	1B5B  :   10111111;
	1B5C  :   01101100;
	[1B5D..1B71]  :   01101000;
	1B72  :   01100011;
	1B73  :   01011001;
	[1B74..1B77]  :   01100001;
	[1B78..1B79]  :   01101000;
	1B7A  :   01100011;
	[1B7B..1B82]  :   01101000;
	1B83  :   01101101;
	1B84  :   10010010;
	1B85  :   11110010;
	[1B86..1BB5]  :   11111111;
	1BB6  :   11110010;
	1BB7  :   11001011;
	1BB8  :   11000110;
	1BB9  :   11000010;
	[1BBA..1BBD]  :   11000101;
	1BBE  :   11100100;
	[1BBF..1BCB]  :   11111111;
	1BCC  :   11111101;
	1BCD  :   11101111;
	1BCE  :   11110010;
	[1BCF..1BD7]  :   11101101;
	[1BD8..1BD9]  :   11110001;
	1BDA  :   11111011;
	[1BDB..1C26]  :   11111111;
	1C27  :   11100100;
	1C28  :   01110101;
	1C29  :   01101010;
	[1C2A..1C3E]  :   01101000;
	1C3F  :   01100101;
	1C40  :   01011010;
	[1C41..1C44]  :   01100011;
	[1C45..1C46]  :   01100110;
	[1C47..1C4E]  :   01101000;
	1C4F  :   01101001;
	1C50  :   01101100;
	1C51  :   10100001;
	1C52  :   11111011;
	[1C53..1C74]  :   11111111;
	[1C75..1C79]  :   11111001;
	[1C7A..1C81]  :   11111111;
	1C82  :   11101011;
	1C83  :   11000001;
	1C84  :   11000011;
	1C85  :   11000001;
	[1C86..1C87]  :   11000010;
	1C88  :   11000011;
	1C89  :   11000101;
	1C8A  :   11100111;
	[1C8B..1C97]  :   11111111;
	1C98  :   11111001;
	1C99  :   11110000;
	1C9A  :   11101111;
	[1C9B..1CA3]  :   11101101;
	1CA4  :   11101111;
	1CA5  :   11110000;
	1CA6  :   11110111;
	[1CA7..1CF3]  :   11111111;
	1CF4  :   10100110;
	1CF5  :   01101110;
	[1CF6..1D0B]  :   01101000;
	1D0C  :   01100110;
	1D0D  :   01011011;
	[1D0E..1D11]  :   01100100;
	[1D12..1D13]  :   01100111;
	[1D14..1D1B]  :   01101000;
	[1D1C..1D1D]  :   01101010;
	1D1E  :   10111101;
	[1D1F..1D40]  :   11111111;
	1D41  :   11011101;
	1D42  :   11001110;
	[1D43..1D46]  :   11010111;
	1D47  :   11011011;
	1D48  :   11100001;
	1D49  :   11100110;
	1D4A  :   11101011;
	1D4B  :   11110000;
	[1D4C..1D4D]  :   11110101;
	1D4E  :   11101011;
	1D4F  :   11000010;
	1D50  :   11000011;
	1D51  :   11000010;
	[1D52..1D55]  :   11000011;
	1D56  :   11110001;
	[1D57..1D63]  :   11111111;
	[1D64..1D65]  :   11110011;
	1D66  :   11101110;
	[1D67..1D6F]  :   11101101;
	1D70  :   11101110;
	[1D71..1D72]  :   11110100;
	[1D73..1DBF]  :   11111111;
	1DC0  :   11010100;
	1DC1  :   01110001;
	1DC2  :   01101011;
	[1DC3..1DD8]  :   01101000;
	1DD9  :   01100110;
	1DDA  :   01011011;
	[1DDB..1DDE]  :   01100101;
	[1DDF..1DE8]  :   01101000;
	1DE9  :   01101011;
	1DEA  :   01110101;
	1DEB  :   11010100;
	[1DEC..1E0B]  :   11111111;
	1E0C  :   11111110;
	1E0D  :   11001111;
	[1E0E..1E12]  :   11000101;
	1E13  :   11000011;
	1E14  :   11000101;
	[1E15..1E17]  :   11000110;
	1E18  :   11001000;
	[1E19..1E1A]  :   11001010;
	1E1B  :   11000101;
	1E1C  :   11000100;
	[1E1D..1E1F]  :   11000101;
	1E20  :   11001010;
	1E21  :   11010110;
	1E22  :   11111100;
	[1E23..1E2E]  :   11111111;
	1E2F  :   11111101;
	1E30  :   11101111;
	1E31  :   11110101;
	[1E32..1E3C]  :   11101101;
	[1E3D..1E3E]  :   11110101;
	1E3F  :   11111100;
	[1E40..1E8C]  :   11111111;
	1E8D  :   10011001;
	1E8E  :   01101101;
	[1E8F..1EA5]  :   01101000;
	1EA6  :   01100110;
	1EA7  :   01011100;
	[1EA8..1EAA]  :   01100110;
	[1EAB..1EB5]  :   01101000;
	1EB6  :   01101101;
	1EB7  :   10000010;
	1EB8  :   11101010;
	[1EB9..1ED7]  :   11111111;
	1ED8  :   11111001;
	1ED9  :   11001110;
	1EDA  :   11110110;
	1EDB  :   11101111;
	[1EDC..1EDE]  :   11101001;
	1EDF  :   11100010;
	1EE0  :   11011011;
	1EE1  :   11010100;
	1EE2  :   11001110;
	1EE3  :   11001000;
	1EE4  :   11000110;
	[1EE5..1EE9]  :   11000100;
	[1EEA..1EEB]  :   11000111;
	1EEC  :   11001110;
	1EED  :   11110100;
	[1EEE..1EFA]  :   11111111;
	1EFB  :   11111001;
	1EFC  :   11101111;
	1EFD  :   11110010;
	[1EFE..1F08]  :   11101101;
	[1F09..1F0A]  :   11110010;
	1F0B  :   11111001;
	[1F0C..1F58]  :   11111111;
	1F59  :   11010010;
	1F5A  :   01110011;
	1F5B  :   01101011;
	[1F5C..1F72]  :   01101000;
	1F73  :   01100110;
	1F74  :   01011111;
	[1F75..1F77]  :   01100110;
	[1F78..1F81]  :   01101000;
	1F82  :   01101001;
	1F83  :   01101100;
	1F84  :   10101000;
	[1F85..1FA3]  :   11111111;
	1FA4  :   11101011;
	1FA5  :   11011001;
	[1FA6..1FA8]  :   11101011;
	[1FA9..1FAE]  :   11111111;
	1FAF  :   11111110;
	1FB0  :   11111000;
	1FB1  :   11110010;
	1FB2  :   11101110;
	1FB3  :   11100110;
	1FB4  :   11100100;
	[1FB5..1FB7]  :   11100110;
	1FB8  :   11110111;
	[1FB9..1FC6]  :   11111111;
	1FC7  :   11110101;
	1FC8  :   11110011;
	1FC9  :   11101111;
	[1FCA..1FD4]  :   11101101;
	1FD5  :   11101110;
	[1FD6..1FD7]  :   11110110;
	[1FD8..2024]  :   11111111;
	2025  :   11111110;
	2026  :   10010011;
	2027  :   01101100;
	[2028..203F]  :   01101000;
	2040  :   01100110;
	2041  :   01100010;
	[2042..2044]  :   01100110;
	[2045..204E]  :   01101000;
	204F  :   01101100;
	2050  :   01111110;
	2051  :   11101000;
	[2052..206F]  :   11111111;
	2070  :   11011011;
	[2071..2074]  :   11100100;
	[2075..2092]  :   11111111;
	2093  :   11110011;
	2094  :   11111011;
	[2095..20A1]  :   11101101;
	[20A2..20A3]  :   11111011;
	20A4  :   11111110;
	[20A5..20F1]  :   11111111;
	20F2  :   11011000;
	20F3  :   01101101;
	20F4  :   01101010;
	[20F5..210C]  :   01101000;
	[210D..2111]  :   01100100;
	[2112..211A]  :   01101000;
	211B  :   01101001;
	211C  :   01101100;
	211D  :   10101111;
	[211E..213A]  :   11111111;
	213B  :   11111101;
	213C  :   11001110;
	[213D..2140]  :   11110001;
	[2141..215D]  :   11111111;
	215E  :   11111100;
	215F  :   11110001;
	2160  :   11110111;
	[2161..216D]  :   11101101;
	[216E..216F]  :   11110101;
	2170  :   11111011;
	[2171..21BD]  :   11111111;
	21BE  :   11111101;
	21BF  :   10101000;
	21C0  :   01101101;
	[21C1..21D9]  :   01101000;
	21DA  :   01100011;
	[21DB..21DE]  :   01100111;
	[21DF..21E7]  :   01101000;
	21E8  :   01101100;
	21E9  :   01111110;
	21EA  :   11100101;
	[21EB..2206]  :   11111111;
	2207  :   11110001;
	2208  :   11001011;
	[2209..220B]  :   11110001;
	220C  :   11111101;
	[220D..2229]  :   11111111;
	222A  :   11111010;
	222B  :   11101110;
	222C  :   11110011;
	[222D..2239]  :   11101101;
	[223A..223B]  :   11110000;
	223C  :   11111001;
	[223D..228A]  :   11111111;
	228B  :   11100101;
	228C  :   01111011;
	228D  :   01101011;
	[228E..22A6]  :   01101000;
	22A7  :   01100010;
	[22A8..22B4]  :   01101000;
	22B5  :   01101101;
	22B6  :   10111101;
	[22B7..22D2]  :   11111111;
	22D3  :   11100100;
	22D4  :   11011001;
	[22D5..22D7]  :   11100100;
	[22D8..22F5]  :   11111111;
	22F6  :   11110111;
	22F7  :   11111001;
	22F8  :   11101110;
	[22F9..2306]  :   11101101;
	[2307..2308]  :   11111100;
	[2309..2357]  :   11111111;
	2358  :   10111000;
	2359  :   01101011;
	235A  :   01101001;
	[235B..2372]  :   01101000;
	2373  :   01100111;
	2374  :   01100101;
	[2375..2377]  :   01100111;
	[2378..2380]  :   01101000;
	2381  :   01101100;
	2382  :   10001101;
	2383  :   11110010;
	[2384..239E]  :   11111111;
	239F  :   11011010;
	[23A0..23A3]  :   11101000;
	[23A4..23AB]  :   11111111;
	23AC  :   11111100;
	23AD  :   11101000;
	[23AE..23B1]  :   11111000;
	[23B2..23C0]  :   11111111;
	23C1  :   11111110;
	23C2  :   11110101;
	23C3  :   11111011;
	[23C4..23D2]  :   11101101;
	[23D3..23D4]  :   11111001;
	23D5  :   11111110;
	[23D6..2423]  :   11111111;
	2424  :   11110101;
	2425  :   10001111;
	2426  :   01101101;
	[2427..243F]  :   01101000;
	2440  :   01100110;
	[2441..2444]  :   01100111;
	[2445..244C]  :   01101000;
	[244D..244E]  :   01101001;
	244F  :   11010111;
	[2450..2469]  :   11111111;
	246A  :   11111001;
	246B  :   11001111;
	[246C..246F]  :   11110101;
	[2470..2476]  :   11111111;
	2477  :   11111101;
	2478  :   11011000;
	2479  :   11000101;
	[247A..247D]  :   11010001;
	247E  :   11111001;
	[247F..248C]  :   11111111;
	248D  :   11111101;
	248E  :   11110010;
	248F  :   11110110;
	[2490..249E]  :   11101101;
	[249F..24A0]  :   11110100;
	24A1  :   11111100;
	[24A2..24F0]  :   11111111;
	24F1  :   11011011;
	24F2  :   01110101;
	24F3  :   01101011;
	[24F4..250C]  :   01101000;
	250D  :   01100110;
	[250E..2519]  :   01101000;
	251A  :   01101011;
	251B  :   10101001;
	251C  :   11111110;
	[251D..2535]  :   11111111;
	2536  :   11110000;
	2537  :   11001100;
	[2538..253A]  :   11110000;
	253B  :   11111011;
	[253C..2542]  :   11111111;
	2543  :   11100011;
	2544  :   11000111;
	2545  :   11000101;
	[2546..2549]  :   11000111;
	254A  :   11101000;
	[254B..2558]  :   11111111;
	2559  :   11111100;
	255A  :   11101111;
	255B  :   11110011;
	[255C..256A]  :   11101101;
	[256B..256C]  :   11110000;
	256D  :   11111011;
	[256E..25BD]  :   11111111;
	25BE  :   10111110;
	[25BF..25C0]  :   01101001;
	[25C1..25D8]  :   01101000;
	[25D9..25DD]  :   01100111;
	[25DE..25E5]  :   01101000;
	25E6  :   01101011;
	25E7  :   10000000;
	25E8  :   11111000;
	[25E9..2601]  :   11111111;
	2602  :   11100101;
	2603  :   11011010;
	[2604..2606]  :   11100101;
	2607  :   11111110;
	[2608..260D]  :   11111111;
	260E  :   11111010;
	260F  :   11010010;
	2610  :   11001000;
	2611  :   11000010;
	[2612..2615]  :   11000101;
	2616  :   11011101;
	[2617..2624]  :   11111111;
	2625  :   11111011;
	2626  :   11110010;
	2627  :   11101111;
	[2628..2636]  :   11101101;
	2637  :   11101110;
	2638  :   11110111;
	2639  :   11111001;
	[263A..2689]  :   11111111;
	268A  :   11111011;
	268B  :   10100000;
	268C  :   01101100;
	[268D..26A5]  :   01100111;
	26A6  :   01100101;
	26A7  :   01100111;
	[26A8..26B1]  :   01101000;
	26B2  :   01101010;
	26B3  :   01110000;
	26B4  :   11011101;
	[26B5..26CC]  :   11111111;
	26CD  :   11111110;
	26CE  :   11011000;
	[26CF..26D2]  :   11101010;
	[26D3..26D9]  :   11111111;
	26DA  :   11110010;
	26DB  :   11001000;
	26DC  :   11000101;
	26DD  :   11000010;
	[26DE..26E1]  :   11000101;
	26E2  :   11011110;
	[26E3..26F0]  :   11111111;
	26F1  :   11111000;
	26F2  :   11111001;
	[26F3..2702]  :   11101101;
	2703  :   11101110;
	2704  :   11110110;
	2705  :   11110111;
	[2706..2756]  :   11111111;
	2757  :   11101001;
	2758  :   10000101;
	2759  :   01101100;
	[275A..276D]  :   01101001;
	[276E..2770]  :   01101000;
	2771  :   01100111;
	[2772..2776]  :   01100110;
	[2777..2779]  :   01100111;
	[277A..277D]  :   01101000;
	[277E..277F]  :   01101001;
	2780  :   10111010;
	[2781..2798]  :   11111111;
	2799  :   11110100;
	279A  :   11000110;
	[279B..279E]  :   11010101;
	279F  :   11100011;
	27A0  :   11101000;
	27A1  :   11101110;
	27A2  :   11110101;
	27A3  :   11111010;
	[27A4..27A5]  :   11111101;
	27A6  :   11110000;
	27A7  :   11000111;
	27A8  :   11000100;
	27A9  :   11000010;
	[27AA..27AC]  :   11000100;
	27AD  :   11000110;
	27AE  :   11101001;
	[27AF..27BC]  :   11111111;
	[27BD..27BE]  :   11110101;
	[27BF..27CF]  :   11101101;
	[27D0..27D1]  :   11110100;
	27D2  :   11111110;
	[27D3..2819]  :   11111111;
	281A  :   11111011;
	281B  :   11110101;
	281C  :   11101111;
	281D  :   11101001;
	281E  :   11100100;
	281F  :   11011011;
	2820  :   11010010;
	2821  :   11001001;
	2822  :   11000001;
	2823  :   10111100;
	2824  :   10011110;
	2825  :   01111100;
	[2826..2829]  :   01111101;
	282A  :   01111110;
	282B  :   01111111;
	[282C..282E]  :   10000000;
	282F  :   10000001;
	[2830..2834]  :   10000010;
	2835  :   10000001;
	[2836..2837]  :   10000000;
	2838  :   01111110;
	2839  :   01111100;
	283A  :   01111010;
	283B  :   01111000;
	283C  :   01110110;
	283D  :   01110100;
	283E  :   01110001;
	283F  :   01101110;
	[2840..2841]  :   01101100;
	2842  :   01101010;
	2843  :   01101001;
	2844  :   01100100;
	2845  :   01100001;
	[2846..2849]  :   01100011;
	284A  :   01100111;
	284B  :   01101011;
	284C  :   10100010;
	[284D..2864]  :   11111111;
	2865  :   11101100;
	2866  :   11000101;
	[2867..2868]  :   11000100;
	2869  :   11000010;
	286A  :   11000100;
	[286B..286D]  :   11000010;
	286E  :   11000100;
	286F  :   11000101;
	2870  :   11001000;
	[2871..2872]  :   11001111;
	2873  :   11001000;
	2874  :   11000100;
	[2875..2878]  :   11001000;
	2879  :   11001101;
	287A  :   11110111;
	[287B..2888]  :   11111111;
	2889  :   11110011;
	288A  :   11110100;
	[288B..289B]  :   11101101;
	[289C..289D]  :   11110011;
	289E  :   11111110;
	[289F..28DF]  :   11111111;
	28E0  :   11111101;
	28E1  :   11110001;
	28E2  :   11100010;
	28E3  :   11010101;
	28E4  :   11001010;
	28E5  :   10111100;
	28E6  :   10101111;
	28E7  :   10100011;
	28E8  :   10010101;
	28E9  :   10001010;
	[28EA..28EF]  :   10001001;
	[28F0..290B]  :   10000110;
	290C  :   10000011;
	290D  :   10000000;
	290E  :   01111101;
	[290F..2910]  :   10000000;
	[2911..2912]  :   01111101;
	2913  :   01111010;
	2914  :   01101001;
	[2915..2917]  :   01111010;
	2918  :   10001011;
	[2919..2930]  :   11111111;
	2931  :   11111011;
	2932  :   11101110;
	2933  :   11101011;
	2934  :   11101100;
	2935  :   11100110;
	2936  :   11100000;
	2937  :   11011010;
	2938  :   11010101;
	2939  :   11010001;
	293A  :   11001110;
	293B  :   11001010;
	293C  :   11000100;
	293D  :   11001010;
	[293E..2940]  :   11001001;
	2941  :   11001010;
	2942  :   11001001;
	[2943..2944]  :   11001011;
	2945  :   11101011;
	[2946..2953]  :   11111111;
	2954  :   11111101;
	2955  :   11110000;
	2956  :   11110011;
	[2957..2967]  :   11101101;
	[2968..2969]  :   11110010;
	296A  :   11111101;
	[296B..29A7]  :   11111111;
	29A8  :   11111011;
	29A9  :   11100100;
	29AA  :   11001100;
	29AB  :   10111010;
	29AC  :   10101100;
	29AD  :   10011110;
	29AE  :   10010000;
	29AF  :   10001101;
	29B0  :   10001111;
	[29B1..29B2]  :   10001011;
	29B3  :   10001010;
	29B4  :   10001001;
	29B5  :   10000111;
	[29B6..29B8]  :   10000110;
	[29B9..29DA]  :   10000101;
	[29DB..29DD]  :   10000110;
	[29DE..29DF]  :   11000000;
	29E0  :   10111011;
	29E1  :   10101100;
	[29E2..29E4]  :   10111011;
	29E5  :   11101010;
	29E6  :   11111110;
	[29E7..2A04]  :   11111111;
	2A05  :   11111101;
	2A06  :   11111001;
	2A07  :   11110100;
	2A08  :   11110000;
	2A09  :   11101101;
	2A0A  :   11101000;
	2A0B  :   11100011;
	2A0C  :   11011111;
	[2A0D..2A0F]  :   11100011;
	2A10  :   11101111;
	2A11  :   11111110;
	[2A12..2A1F]  :   11111111;
	2A20  :   11111100;
	2A21  :   11101101;
	2A22  :   11110001;
	[2A23..2A33]  :   11101101;
	[2A34..2A35]  :   11110001;
	2A36  :   11111011;
	[2A37..2A6F]  :   11111111;
	2A70  :   11111100;
	2A71  :   11101101;
	2A72  :   11010001;
	2A73  :   10110100;
	2A74  :   10011100;
	2A75  :   10001111;
	2A76  :   10001001;
	2A77  :   10001011;
	2A78  :   10000110;
	2A79  :   10000011;
	[2A7A..2A7D]  :   10000101;
	[2A7E..2A7F]  :   10000110;
	[2A80..2AA4]  :   10000101;
	2AA5  :   10000100;
	[2AA6..2AA8]  :   10000101;
	2AA9  :   10101001;
	2AAA  :   11100000;
	2AAB  :   11100010;
	2AAC  :   11100001;
	2AAD  :   11100010;
	[2AAE..2AB1]  :   11011101;
	[2AB2..2AB3]  :   11100000;
	2AB4  :   11101000;
	2AB5  :   11111011;
	2AB6  :   11111100;
	[2AB7..2AEB]  :   11111111;
	2AEC  :   11111011;
	2AED  :   11101111;
	2AEE  :   11110000;
	[2AEF..2AFF]  :   11101101;
	[2B00..2B01]  :   11110000;
	2B02  :   11111001;
	[2B03..2B38]  :   11111111;
	2B39  :   11111010;
	2B3A  :   11101010;
	2B3B  :   11001011;
	2B3C  :   10100100;
	2B3D  :   10001100;
	2B3E  :   10001000;
	2B3F  :   10001001;
	[2B40..2B41]  :   10001000;
	2B42  :   10000111;
	2B43  :   01111100;
	2B44  :   01101100;
	2B45  :   01011100;
	2B46  :   01011011;
	[2B47..2B49]  :   01011100;
	2B4A  :   01011110;
	2B4B  :   01101010;
	2B4C  :   01111011;
	[2B4D..2B73]  :   10000101;
	2B74  :   10010010;
	2B75  :   11010100;
	[2B76..2B7A]  :   11011111;
	2B7B  :   11100000;
	[2B7C..2B7D]  :   11100010;
	2B7E  :   11011101;
	2B7F  :   11011001;
	[2B80..2B82]  :   11011101;
	2B83  :   11101110;
	2B84  :   11110011;
	2B85  :   11111001;
	[2B86..2BB7]  :   11111111;
	2BB8  :   11111001;
	2BB9  :   11101101;
	2BBA  :   11110000;
	[2BBB..2BCB]  :   11101101;
	[2BCC..2BCD]  :   11101111;
	2BCE  :   11110111;
	[2BCF..2C02]  :   11111111;
	2C03  :   11101101;
	2C04  :   11001110;
	2C05  :   10101101;
	2C06  :   10001110;
	2C07  :   10001010;
	2C08  :   10001001;
	2C09  :   10001000;
	2C0A  :   10000111;
	2C0B  :   10000110;
	[2C0C..2C10]  :   10000101;
	2C11  :   10000100;
	2C12  :   01110110;
	2C13  :   01100010;
	2C14  :   01001011;
	2C15  :   00111100;
	[2C16..2C19]  :   01001001;
	2C1A  :   01101010;
	[2C1B..2C3B]  :   10000101;
	2C3C  :   10000100;
	[2C3D..2C3F]  :   10000101;
	2C40  :   10111010;
	[2C41..2C4A]  :   11011111;
	2C4B  :   11100001;
	[2C4C..2C4E]  :   11100010;
	[2C4F..2C51]  :   11100101;
	2C52  :   11101101;
	2C53  :   11110100;
	[2C54..2C83]  :   11111111;
	2C84  :   11110110;
	2C85  :   11110000;
	2C86  :   11101111;
	[2C87..2C97]  :   11101101;
	2C98  :   11101111;
	2C99  :   11110001;
	2C9A  :   11110100;
	[2C9B..2CCC]  :   11111111;
	2CCD  :   11100111;
	2CCE  :   10111010;
	2CCF  :   10010110;
	2CD0  :   10001011;
	2CD1  :   10001101;
	2CD2  :   10000111;
	[2CD3..2CDE]  :   10000101;
	[2CDF..2CE0]  :   10000110;
	2CE1  :   01111110;
	2CE2  :   01100100;
	2CE3  :   00111110;
	2CE4  :   00111101;
	[2CE5..2CE7]  :   00111110;
	2CE8  :   01101110;
	[2CE9..2D0A]  :   10000101;
	2D0B  :   10011001;
	2D0C  :   11011011;
	[2D0D..2D19]  :   11011111;
	[2D1A..2D1B]  :   11100000;
	2D1C  :   11011111;
	2D1D  :   11100000;
	[2D1E..2D20]  :   11100001;
	2D21  :   11110001;
	[2D22..2D4F]  :   11111111;
	2D50  :   11110011;
	2D51  :   11110010;
	2D52  :   11101110;
	[2D53..2D63]  :   11101101;
	2D64  :   11101110;
	[2D65..2D66]  :   11110100;
	[2D67..2D96]  :   11111111;
	2D97  :   11101000;
	2D98  :   10110011;
	2D99  :   10001110;
	[2D9A..2D9B]  :   10001011;
	2D9C  :   10000110;
	[2D9D..2DAF]  :   10000101;
	2DB0  :   01101001;
	2DB1  :   00110100;
	[2DB2..2DB5]  :   01010010;
	[2DB6..2DD2]  :   10000101;
	2DD3  :   10000100;
	[2DD4..2DD6]  :   10000101;
	2DD7  :   10111110;
	[2DD8..2DEA]  :   11011111;
	2DEB  :   11011101;
	2DEC  :   11100010;
	[2DED..2DEE]  :   11100101;
	2DEF  :   11110000;
	2DF0  :   11111100;
	[2DF1..2E1B]  :   11111111;
	2E1C  :   11110010;
	2E1D  :   11110100;
	2E1E  :   11101110;
	[2E1F..2E30]  :   11101101;
	[2E31..2E32]  :   11110110;
	[2E33..2E60]  :   11111111;
	2E61  :   11101111;
	2E62  :   10111101;
	2E63  :   10001100;
	[2E64..2E65]  :   10001001;
	2E66  :   10000110;
	[2E67..2E7C]  :   10000101;
	2E7D  :   10000010;
	2E7E  :   01001110;
	2E7F  :   01000011;
	[2E80..2E82]  :   01001110;
	2E83  :   10000011;
	[2E84..2EA1]  :   10000101;
	2EA2  :   10010111;
	2EA3  :   11010111;
	[2EA4..2EB8]  :   11011111;
	2EB9  :   11011100;
	2EBA  :   11100001;
	[2EBB..2EBC]  :   11100101;
	2EBD  :   11110001;
	2EBE  :   11111011;
	[2EBF..2EE7]  :   11111111;
	2EE8  :   11110000;
	2EE9  :   11110110;
	[2EEA..2EFC]  :   11101101;
	[2EFD..2EFE]  :   11110110;
	2EFF  :   11111101;
	[2F00..2F2A]  :   11111111;
	2F2B  :   11111100;
	2F2C  :   11010000;
	2F2D  :   10010110;
	2F2E  :   10001011;
	2F2F  :   10001000;
	2F30  :   10000110;
	[2F31..2F4A]  :   10000101;
	2F4B  :   01010110;
	2F4C  :   01000110;
	[2F4D..2F4F]  :   01010110;
	[2F50..2F6D]  :   10000101;
	2F6E  :   10110110;
	[2F6F..2F85]  :   11011111;
	[2F86..2F88]  :   11100000;
	2F89  :   11100011;
	2F8A  :   11101000;
	2F8B  :   11101110;
	[2F8C..2FB2]  :   11111111;
	2FB3  :   11111101;
	2FB4  :   11110000;
	2FB5  :   11110101;
	[2FB6..2FC8]  :   11101101;
	[2FC9..2FCA]  :   11110100;
	2FCB  :   11111011;
	[2FCC..2FF5]  :   11111111;
	2FF6  :   11101101;
	2FF7  :   10101101;
	2FF8  :   10001010;
	2FF9  :   10001011;
	[2FFA..3017]  :   10000101;
	3018  :   01001011;
	[3019..301C]  :   01011100;
	[301D..3025]  :   10000101;
	3026  :   10000100;
	[3027..302B]  :   10000011;
	[302C..3038]  :   10000101;
	3039  :   10001101;
	303A  :   11001100;
	[303B..3055]  :   11011111;
	3056  :   11100010;
	3057  :   11100011;
	3058  :   11101011;
	3059  :   11110101;
	[305A..307E]  :   11111111;
	307F  :   11111011;
	3080  :   11101110;
	3081  :   11110011;
	[3082..3094]  :   11101101;
	[3095..3096]  :   11110011;
	3097  :   11111010;
	[3098..30C0]  :   11111111;
	30C1  :   11011011;
	30C2  :   10011001;
	30C3  :   10001100;
	30C4  :   10001000;
	[30C5..30C9]  :   10000101;
	30CA  :   10000100;
	[30CB..30E3]  :   10000101;
	30E4  :   10000000;
	30E5  :   00101101;
	[30E6..30E9]  :   01111101;
	[30EA..30EF]  :   10000101;
	30F0  :   10000100;
	[30F1..3104]  :   10000101;
	3105  :   10100000;
	[3106..3121]  :   11011111;
	[3122..3123]  :   11100000;
	3124  :   11100110;
	3125  :   11100111;
	3126  :   11101001;
	3127  :   11111011;
	[3128..314A]  :   11111111;
	314B  :   11111010;
	314C  :   11101110;
	314D  :   11110011;
	[314E..3160]  :   11101101;
	[3161..3162]  :   11110010;
	3163  :   11111001;
	[3164..318B]  :   11111111;
	318C  :   11001101;
	318D  :   10001101;
	318E  :   10001011;
	318F  :   10000110;
	[3190..3193]  :   10000101;
	3194  :   10000011;
	3195  :   01111010;
	3196  :   01110011;
	[3197..319A]  :   01110111;
	319B  :   10000010;
	[319C..31B0]  :   10000101;
	31B1  :   01011011;
	31B2  :   01010110;
	[31B3..31B5]  :   01011011;
	[31B6..31BA]  :   10000101;
	31BB  :   10000011;
	[31BC..31BE]  :   10000101;
	31BF  :   10010100;
	[31C0..31C1]  :   10110000;
	31C2  :   10010000;
	[31C3..31CC]  :   10000101;
	31CD  :   10000100;
	[31CE..31D0]  :   10000101;
	31D1  :   10110101;
	[31D2..31EF]  :   11011111;
	31F0  :   11011110;
	31F1  :   11011111;
	31F2  :   11100010;
	31F3  :   11101000;
	31F4  :   11110101;
	[31F5..3216]  :   11111111;
	3217  :   11111000;
	3218  :   11101101;
	3219  :   11110001;
	[321A..322C]  :   11101101;
	[322D..322E]  :   11110000;
	322F  :   11110110;
	[3230..3256]  :   11111111;
	3257  :   11000010;
	[3258..3259]  :   10001000;
	[325A..325E]  :   10000101;
	325F  :   10000000;
	3260  :   01110000;
	[3261..3266]  :   01100111;
	3267  :   01110111;
	[3268..327C]  :   10000101;
	327D  :   01111101;
	327E  :   00110101;
	[327F..3281]  :   01111101;
	[3282..3284]  :   10000101;
	3285  :   10000100;
	[3286..3288]  :   10000101;
	3289  :   10001110;
	328A  :   10110001;
	328B  :   11010001;
	[328C..328D]  :   11010100;
	328E  :   10101010;
	[328F..329B]  :   10000101;
	329C  :   10001100;
	329D  :   11001001;
	[329E..32BE]  :   11011111;
	[32BF..32C1]  :   11101001;
	32C2  :   11111011;
	[32C3..32E2]  :   11111111;
	32E3  :   11110111;
	32E4  :   11101111;
	32E5  :   11110000;
	[32E6..32F8]  :   11101101;
	32F9  :   11101111;
	[32FA..32FB]  :   11110101;
	[32FC..3320]  :   11111111;
	3321  :   11111110;
	3322  :   11000001;
	3323  :   10001001;
	3324  :   10001000;
	[3325..3329]  :   10000101;
	332A  :   10000001;
	332B  :   01101110;
	[332C..3332]  :   01101000;
	3333  :   01111000;
	[3334..3349]  :   10000101;
	334A  :   00110111;
	[334B..334E]  :   01111011;
	[334F..3350]  :   10000100;
	[3351..3353]  :   10000101;
	3354  :   10011010;
	3355  :   11000110;
	[3356..3357]  :   11001101;
	3358  :   11000111;
	3359  :   11000100;
	335A  :   10101111;
	335B  :   10000100;
	[335C..3367]  :   10000101;
	3368  :   10010101;
	3369  :   11011100;
	[336A..338C]  :   11011111;
	338D  :   11100010;
	338E  :   11101001;
	338F  :   11111001;
	[3390..33AE]  :   11111111;
	[33AF..33B0]  :   11110101;
	33B1  :   11101110;
	[33B2..33C5]  :   11101101;
	[33C6..33C7]  :   11111011;
	[33C8..33EC]  :   11111111;
	33ED  :   11000100;
	[33EE..33EF]  :   10001001;
	[33F0..33F5]  :   10000101;
	33F6  :   01110011;
	[33F7..33FD]  :   01101000;
	33FE  :   01101101;
	33FF  :   10000001;
	[3400..3415]  :   10000101;
	3416  :   01001000;
	[3417..341A]  :   01110000;
	[341B..341C]  :   10000011;
	[341D..341E]  :   10000101;
	341F  :   10100111;
	[3420..3421]  :   11001110;
	3422  :   11000101;
	3423  :   11000001;
	3424  :   11000000;
	3425  :   11000001;
	3426  :   10110100;
	[3427..342F]  :   10000101;
	3430  :   10000100;
	[3431..3433]  :   10000101;
	3434  :   10100100;
	[3435..3459]  :   11011111;
	[345A..345B]  :   11100110;
	345C  :   11110100;
	[345D..347A]  :   11111111;
	347B  :   11110011;
	347C  :   11111011;
	[347D..3482]  :   11101101;
	3483  :   11101100;
	[3484..3488]  :   11101101;
	3489  :   11101011;
	348A  :   11100110;
	[348B..348D]  :   11101011;
	[348E..3491]  :   11101101;
	[3492..3493]  :   11111011;
	[3494..34B7]  :   11111111;
	34B8  :   11001111;
	34B9  :   10001010;
	34BA  :   10001000;
	[34BB..34C0]  :   10000101;
	34C1  :   01111110;
	34C2  :   01101010;
	[34C3..34C9]  :   01101000;
	34CA  :   01110110;
	[34CB..34E1]  :   10000101;
	34E2  :   01001011;
	[34E3..34E6]  :   01110000;
	34E7  :   10000010;
	34E8  :   10000011;
	34E9  :   10001001;
	34EA  :   10101000;
	[34EB..34EC]  :   11001010;
	[34ED..34F1]  :   11000001;
	34F2  :   10111000;
	34F3  :   10000111;
	[34F4..34FF]  :   10000101;
	3500  :   10110100;
	[3501..3526]  :   11011111;
	[3527..3528]  :   11101010;
	3529  :   11101100;
	[352A..3546]  :   11111111;
	3547  :   11110011;
	3548  :   11111011;
	[3549..354E]  :   11101101;
	354F  :   11100100;
	[3550..3554]  :   11100110;
	3555  :   11010111;
	[3556..3559]  :   11100101;
	[355A..355D]  :   11101101;
	[355E..355F]  :   11111010;
	[3560..3582]  :   11111111;
	3583  :   11100010;
	3584  :   10010010;
	3585  :   10001001;
	[3586..358C]  :   10000101;
	358D  :   01110110;
	[358E..3594]  :   01101000;
	3595  :   01101010;
	3596  :   10000000;
	[3597..35AD]  :   10000101;
	35AE  :   00111111;
	[35AF..35B2]  :   01110111;
	[35B3..35B4]  :   10000111;
	35B5  :   10100100;
	[35B6..35B7]  :   11000111;
	[35B8..35BD]  :   11000001;
	35BE  :   10111001;
	35BF  :   10001001;
	[35C0..35CA]  :   10000101;
	35CB  :   10000110;
	35CC  :   11000011;
	[35CD..35F3]  :   11011111;
	[35F4..35F5]  :   11100101;
	35F6  :   11101001;
	35F7  :   11111110;
	[35F8..3612]  :   11111111;
	3613  :   11110010;
	3614  :   11111010;
	[3615..361A]  :   11101101;
	361B  :   11010101;
	[361C..361D]  :   11100010;
	[361E..3620]  :   11100001;
	3621  :   11001101;
	[3622..3624]  :   11100001;
	3625  :   11101010;
	[3626..3629]  :   11101101;
	[362A..362B]  :   11111000;
	362C  :   11111110;
	[362D..364D]  :   11111111;
	364E  :   11110110;
	364F  :   10100010;
	3650  :   10001011;
	[3651..3658]  :   10000101;
	3659  :   01110010;
	[365A..3660]  :   01101000;
	3661  :   01110001;
	[3662..3679]  :   10000101;
	367A  :   00101111;
	[367B..367D]  :   10000011;
	[367E..367F]  :   10000110;
	3680  :   10010111;
	[3681..3682]  :   11000110;
	[3683..3689]  :   11000001;
	368A  :   10111001;
	368B  :   10001010;
	[368C..3696]  :   10000101;
	3697  :   10001001;
	3698  :   11010001;
	[3699..36C0]  :   11011111;
	[36C1..36C2]  :   11100011;
	36C3  :   11100111;
	[36C4..36DD]  :   11111111;
	36DE  :   11111101;
	36DF  :   11110001;
	36E0  :   11111000;
	[36E1..36E6]  :   11101101;
	36E7  :   11001100;
	[36E8..36E9]  :   11011110;
	[36EA..36EB]  :   11001100;
	36EC  :   11001011;
	[36ED..36F0]  :   11010111;
	[36F1..36F5]  :   11101101;
	[36F6..36F7]  :   11110110;
	36F8  :   11111100;
	[36F9..3719]  :   11111111;
	371A  :   10111111;
	371B  :   10001010;
	371C  :   10000111;
	[371D..3723]  :   10000101;
	3724  :   10000011;
	3725  :   01110000;
	[3726..372C]  :   01101000;
	372D  :   01111001;
	[372E..3744]  :   10000101;
	3745  :   01101011;
	3746  :   01001001;
	[3747..3749]  :   01101011;
	[374A..374B]  :   10001001;
	[374C..374D]  :   11000010;
	[374E..3755]  :   11000001;
	3756  :   10111001;
	3757  :   10001010;
	[3758..3762]  :   10000101;
	3763  :   10001101;
	3764  :   11011000;
	[3765..378D]  :   11011111;
	[378E..378F]  :   11100011;
	3790  :   11100110;
	[3791..37A9]  :   11111111;
	37AA  :   11111100;
	37AB  :   11110000;
	37AC  :   11110110;
	[37AD..37B1]  :   11101101;
	37B2  :   11100110;
	37B3  :   11000111;
	37B4  :   11011111;
	37B5  :   11011010;
	[37B6..37B7]  :   11000111;
	37B8  :   11000100;
	[37B9..37BB]  :   11011010;
	37BC  :   11100010;
	[37BD..37C1]  :   11101101;
	[37C2..37C3]  :   11110100;
	37C4  :   11111011;
	[37C5..37E4]  :   11111111;
	37E5  :   11011111;
	37E6  :   10010001;
	37E7  :   10001001;
	[37E8..37EF]  :   10000101;
	37F0  :   10000011;
	37F1  :   01110000;
	[37F2..37F7]  :   01101000;
	37F8  :   01101001;
	37F9  :   10000000;
	[37FA..3810]  :   10000101;
	3811  :   00111110;
	[3812..3815]  :   01110001;
	3816  :   10000010;
	3817  :   10100111;
	[3818..3821]  :   11000001;
	3822  :   10111010;
	3823  :   10001010;
	[3824..382E]  :   10000101;
	382F  :   10010101;
	3830  :   11011010;
	[3831..385A]  :   11011111;
	[385B..385C]  :   11100010;
	385D  :   11100110;
	385E  :   11111110;
	[385F..3875]  :   11111111;
	3876  :   11111011;
	3877  :   11101111;
	3878  :   11110100;
	[3879..387D]  :   11101101;
	387E  :   11011111;
	387F  :   11000010;
	3880  :   11011111;
	3881  :   11001000;
	3882  :   11000010;
	[3883..3884]  :   11001000;
	[3885..3887]  :   11001101;
	3888  :   11101100;
	[3889..388D]  :   11101101;
	[388E..388F]  :   11110011;
	3890  :   11111011;
	[3891..38AF]  :   11111111;
	38B0  :   11111011;
	38B1  :   10101110;
	38B2  :   10001101;
	[38B3..38BC]  :   10000101;
	38BD  :   01110011;
	[38BE..38C3]  :   01101000;
	38C4  :   01101100;
	38C5  :   10000011;
	[38C6..38DB]  :   10000101;
	38DC  :   01100010;
	38DD  :   01001000;
	[38DE..38E0]  :   01100010;
	38E1  :   10000110;
	38E2  :   10001000;
	[38E3..38ED]  :   11000001;
	38EE  :   10111001;
	38EF  :   10001010;
	[38F0..38FA]  :   10000101;
	38FB  :   10011110;
	38FC  :   11011100;
	[38FD..3927]  :   11011111;
	[3928..3929]  :   11100010;
	392A  :   11100101;
	[392B..3941]  :   11111111;
	3942  :   11111011;
	3943  :   11101110;
	3944  :   11110011;
	[3945..3949]  :   11101101;
	394A  :   11011010;
	394B  :   11000011;
	394C  :   11011001;
	[394D..394E]  :   11000011;
	394F  :   11000001;
	3950  :   11000011;
	[3951..3952]  :   11011001;
	3953  :   11011010;
	[3954..3959]  :   11101101;
	[395A..395B]  :   11110010;
	395C  :   11111001;
	[395D..397B]  :   11111111;
	397C  :   11011001;
	397D  :   10000110;
	397E  :   10000111;
	[397F..3988]  :   10000101;
	3989  :   01111011;
	398A  :   01101000;
	398B  :   01100111;
	398C  :   01101000;
	398D  :   01100111;
	[398E..398F]  :   01101000;
	3990  :   01110010;
	3991  :   10000100;
	[3992..39A6]  :   10000101;
	39A7  :   01101111;
	39A8  :   00101111;
	[39A9..39AB]  :   01101111;
	39AC  :   01111101;
	39AD  :   10000011;
	39AE  :   10011110;
	[39AF..39B9]  :   11000001;
	39BA  :   10111000;
	39BB  :   10000101;
	39BC  :   10000100;
	[39BD..39C6]  :   10000101;
	39C7  :   10100101;
	39C8  :   11011101;
	[39C9..39F4]  :   11011111;
	[39F5..39F6]  :   11100101;
	39F7  :   11100110;
	[39F8..3A0D]  :   11111111;
	3A0E  :   11111001;
	3A0F  :   11101110;
	3A10  :   11110010;
	[3A11..3A15]  :   11101101;
	3A16  :   11010110;
	3A17  :   11000110;
	3A18  :   11001000;
	[3A19..3A1B]  :   11000110;
	[3A1C..3A1E]  :   11001000;
	3A1F  :   11101010;
	[3A20..3A25]  :   11101101;
	[3A26..3A27]  :   11110000;
	3A28  :   11111000;
	[3A29..3A46]  :   11111111;
	3A47  :   11111010;
	3A48  :   10101101;
	3A49  :   10001011;
	[3A4A..3A54]  :   10000101;
	3A55  :   10000100;
	3A56  :   01110010;
	[3A57..3A5B]  :   01100110;
	3A5C  :   01110111;
	[3A5D..3A71]  :   10000101;
	3A72  :   01100110;
	3A73  :   00101100;
	[3A74..3A76]  :   01100110;
	3A77  :   01110101;
	[3A78..3A79]  :   10001001;
	3A7A  :   10101001;
	[3A7B..3A85]  :   11000001;
	3A86  :   10111010;
	3A87  :   10010001;
	3A88  :   10001011;
	3A89  :   10000111;
	3A8A  :   10000100;
	[3A8B..3A92]  :   10000101;
	3A93  :   10101000;
	3A94  :   11011110;
	[3A95..3AC1]  :   11011111;
	[3AC2..3AC3]  :   11100111;
	3AC4  :   11101100;
	[3AC5..3AD9]  :   11111111;
	3ADA  :   11111001;
	3ADB  :   11101101;
	3ADC  :   11110001;
	[3ADD..3AE1]  :   11101101;
	3AE2  :   11010010;
	[3AE3..3AE4]  :   11000110;
	[3AE5..3AE7]  :   11000000;
	3AE8  :   11000110;
	3AE9  :   11010010;
	3AEA  :   11010111;
	[3AEB..3AF1]  :   11101101;
	3AF2  :   11101110;
	[3AF3..3AF4]  :   11111000;
	[3AF5..3B12]  :   11111111;
	3B13  :   11100011;
	3B14  :   10001000;
	3B15  :   10000111;
	[3B16..3B21]  :   10000101;
	3B22  :   10000010;
	3B23  :   01110100;
	3B24  :   01101110;
	[3B25..3B27]  :   01110100;
	3B28  :   10000000;
	[3B29..3B3B]  :   10000101;
	3B3C  :   01111111;
	3B3D  :   01010001;
	3B3E  :   00110111;
	[3B3F..3B41]  :   01010001;
	3B42  :   01110111;
	3B43  :   01111110;
	3B44  :   10000101;
	3B45  :   10001001;
	3B46  :   10101100;
	[3B47..3B51]  :   11000001;
	3B52  :   10111001;
	[3B53..3B54]  :   10011101;
	[3B55..3B56]  :   10011001;
	3B57  :   10001011;
	3B58  :   10000100;
	3B59  :   10000101;
	[3B5A..3B5C]  :   10000100;
	[3B5D..3B5E]  :   10000101;
	3B5F  :   10101010;
	3B60  :   11011110;
	[3B61..3B8E]  :   11011111;
	[3B8F..3B90]  :   11101010;
	3B91  :   11110100;
	[3B92..3BA5]  :   11111111;
	3BA6  :   11111000;
	3BA7  :   11110011;
	3BA8  :   11101111;
	[3BA9..3BAC]  :   11101101;
	3BAD  :   11101011;
	3BAE  :   11001110;
	[3BAF..3BB2]  :   11000010;
	[3BB3..3BB4]  :   11000101;
	3BB5  :   11000110;
	3BB6  :   11100111;
	[3BB7..3BBE]  :   11101101;
	[3BBF..3BC0]  :   11111101;
	[3BC1..3BDE]  :   11111111;
	3BDF  :   10110111;
	3BE0  :   10001000;
	[3BE1..3BEF]  :   10000101;
	3BF0  :   10000010;
	[3BF1..3C02]  :   10000101;
	[3C03..3C05]  :   10000110;
	3C06  :   01111110;
	3C07  :   01011100;
	3C08  :   00110000;
	[3C09..3C0C]  :   01010100;
	3C0D  :   10000010;
	[3C0E..3C11]  :   10000101;
	3C12  :   10101100;
	[3C13..3C1D]  :   11000001;
	3C1E  :   10100110;
	3C1F  :   01100100;
	[3C20..3C23]  :   01111000;
	[3C24..3C25]  :   10000101;
	3C26  :   10000100;
	3C27  :   10000101;
	3C28  :   10000100;
	[3C29..3C2A]  :   10000101;
	3C2B  :   10101101;
	3C2C  :   11011110;
	[3C2D..3C5A]  :   11011111;
	3C5B  :   11100000;
	[3C5C..3C5D]  :   11101010;
	3C5E  :   11111000;
	[3C5F..3C71]  :   11111111;
	3C72  :   11110111;
	3C73  :   11111011;
	3C74  :   11101110;
	[3C75..3C78]  :   11101101;
	3C79  :   11101001;
	3C7A  :   11001100;
	3C7B  :   11000000;
	3C7C  :   11000010;
	[3C7D..3C7F]  :   11000000;
	3C80  :   11000010;
	3C81  :   11010110;
	[3C82..3C8A]  :   11101101;
	[3C8B..3C8C]  :   11111101;
	[3C8D..3CA9]  :   11111111;
	3CAA  :   11110101;
	3CAB  :   10010111;
	3CAC  :   10001001;
	[3CAD..3CCB]  :   10000101;
	3CCC  :   10000100;
	3CCD  :   10000011;
	3CCE  :   10000010;
	3CCF  :   01111110;
	3CD0  :   01101010;
	3CD1  :   01001101;
	3CD2  :   00110010;
	[3CD3..3CD5]  :   01001101;
	3CD6  :   01001111;
	3CD7  :   01110110;
	[3CD8..3CDD]  :   10000101;
	3CDE  :   10101011;
	3CDF  :   11000000;
	[3CE0..3CE9]  :   11000001;
	3CEA  :   10011110;
	3CEB  :   01010010;
	3CEC  :   01010000;
	[3CED..3CEF]  :   01010010;
	3CF0  :   01010100;
	3CF1  :   01101100;
	[3CF2..3CF3]  :   10000011;
	[3CF4..3CF6]  :   10000110;
	3CF7  :   10110000;
	[3CF8..3D27]  :   11011111;
	3D28  :   11100001;
	[3D29..3D2A]  :   11100110;
	3D2B  :   11111110;
	[3D2C..3D3D]  :   11111111;
	3D3E  :   11110110;
	3D3F  :   11111110;
	[3D40..3D44]  :   11101101;
	3D45  :   11100111;
	3D46  :   11001001;
	3D47  :   11000000;
	3D48  :   11000010;
	3D49  :   11000000;
	[3D4A..3D4B]  :   11000010;
	3D4C  :   11000110;
	3D4D  :   11100101;
	[3D4E..3D56]  :   11101101;
	[3D57..3D58]  :   11111011;
	[3D59..3D75]  :   11111111;
	3D76  :   11010100;
	3D77  :   10001010;
	3D78  :   10001000;
	[3D79..3D96]  :   10000101;
	3D97  :   10000000;
	3D98  :   01110010;
	3D99  :   01100010;
	3D9A  :   01010000;
	3D9B  :   01000111;
	[3D9C..3D9E]  :   01010000;
	3D9F  :   01010010;
	3DA0  :   01101000;
	3DA1  :   01111100;
	[3DA2..3DA9]  :   10000101;
	3DAA  :   10100111;
	3DAB  :   11000000;
	[3DAC..3DB5]  :   11000001;
	3DB6  :   10010110;
	[3DB7..3DB8]  :   01010100;
	3DB9  :   01010011;
	3DBA  :   01010010;
	3DBB  :   01010011;
	3DBC  :   01010100;
	3DBD  :   01010101;
	3DBE  :   01011101;
	[3DBF..3DC0]  :   10000100;
	3DC1  :   10010001;
	3DC2  :   10011100;
	3DC3  :   10110000;
	[3DC4..3DF4]  :   11011111;
	[3DF5..3DF6]  :   11100101;
	3DF7  :   11101011;
	[3DF8..3E09]  :   11111111;
	3E0A  :   11110110;
	3E0B  :   11111100;
	[3E0C..3E10]  :   11101101;
	3E11  :   11100101;
	3E12  :   11000111;
	3E13  :   11000000;
	3E14  :   11000001;
	3E15  :   11000000;
	[3E16..3E17]  :   11000001;
	3E18  :   11010111;
	[3E19..3E22]  :   11101101;
	[3E23..3E24]  :   11111011;
	[3E25..3E41]  :   11111111;
	3E42  :   10110110;
	3E43  :   10001011;
	[3E44..3E62]  :   10000101;
	3E63  :   10000001;
	3E64  :   01111101;
	[3E65..3E68]  :   01111110;
	3E69  :   10000001;
	3E6A  :   10000011;
	[3E6B..3E75]  :   10000101;
	3E76  :   10011011;
	3E77  :   11000000;
	[3E78..3E81]  :   11000001;
	3E82  :   10001101;
	[3E83..3E88]  :   01010100;
	3E89  :   01100000;
	3E8A  :   01101010;
	3E8B  :   01110010;
	3E8C  :   10000000;
	3E8D  :   10010000;
	3E8E  :   10010101;
	3E8F  :   10110000;
	[3E90..3EC1]  :   11011111;
	[3EC2..3EC3]  :   11101000;
	3EC4  :   11110110;
	[3EC5..3ED5]  :   11111111;
	3ED6  :   11110101;
	3ED7  :   11111011;
	3ED8  :   11101101;
	[3ED9..3EDA]  :   11101110;
	[3EDB..3EDC]  :   11101101;
	3EDD  :   11100111;
	3EDE  :   11000111;
	3EDF  :   11000000;
	[3EE0..3EE2]  :   11000111;
	3EE3  :   11001001;
	3EE4  :   11101000;
	[3EE5..3EEE]  :   11101101;
	[3EEF..3EF0]  :   11111001;
	3EF1  :   11111110;
	[3EF2..3F0C]  :   11111111;
	3F0D  :   11111000;
	3F0E  :   10100010;
	3F0F  :   10001101;
	[3F10..3F32]  :   10000101;
	[3F33..3F34]  :   10000110;
	[3F35..3F41]  :   10000101;
	3F42  :   10000111;
	[3F43..3F4D]  :   11000001;
	3F4E  :   10000101;
	[3F4F..3F53]  :   01010100;
	3F54  :   01100001;
	3F55  :   01101111;
	[3F56..3F57]  :   01110100;
	3F58  :   01111111;
	[3F59..3F5A]  :   10011110;
	3F5B  :   10101110;
	[3F5C..3F8D]  :   11011111;
	3F8E  :   11100001;
	[3F8F..3F90]  :   11100110;
	[3F91..3FA1]  :   11111111;
	3FA2  :   11110100;
	3FA3  :   11111011;
	3FA4  :   11101110;
	3FA5  :   11101101;
	3FA6  :   11101010;
	3FA7  :   11100110;
	3FA8  :   11100001;
	3FA9  :   11010110;
	3FAA  :   11000100;
	3FAB  :   11000010;
	[3FAC..3FAE]  :   11000100;
	3FAF  :   11011110;
	[3FB0..3FBA]  :   11101101;
	[3FBB..3FBC]  :   11111000;
	3FBD  :   11111110;
	[3FBE..3FD8]  :   11111111;
	3FD9  :   11100011;
	3FDA  :   10010001;
	3FDB  :   10001001;
	[3FDC..400E]  :   10000101;
	400F  :   10101011;
	[4010..4019]  :   11000001;
	401A  :   01111011;
	401B  :   01010011;
	[401C..401F]  :   01011001;
	[4020..4021]  :   01101111;
	4022  :   01110010;
	4023  :   01110011;
	4024  :   01111111;
	[4025..4026]  :   10100001;
	4027  :   10101001;
	4028  :   11011110;
	[4029..405A]  :   11011111;
	[405B..405C]  :   11100110;
	405D  :   11101101;
	[405E..4068]  :   11111111;
	4069  :   11111110;
	406A  :   11111111;
	406B  :   11111011;
	406C  :   11110100;
	406D  :   11101100;
	406E  :   11011110;
	406F  :   11011111;
	4070  :   11010000;
	4071  :   11001100;
	4072  :   11001010;
	4073  :   11000111;
	4074  :   11000011;
	[4075..4079]  :   11000000;
	407A  :   11001000;
	407B  :   11100101;
	[407C..4086]  :   11101101;
	[4087..4088]  :   11110111;
	4089  :   11111110;
	[408A..40A4]  :   11111111;
	40A5  :   11001111;
	[40A6..40A7]  :   10000111;
	[40A8..40DA]  :   10000101;
	40DB  :   10001011;
	[40DC..40E4]  :   11000001;
	40E5  :   11000000;
	40E6  :   01110001;
	40E7  :   01010011;
	[40E8..40EB]  :   01100010;
	[40EC..40ED]  :   01110010;
	[40EE..40EF]  :   01110011;
	40F0  :   01111111;
	[40F1..40F2]  :   10100001;
	40F3  :   10100100;
	40F4  :   11011101;
	[40F5..4127]  :   11011111;
	[4128..4129]  :   11101010;
	412A  :   11111000;
	[412B..412D]  :   11111111;
	412E  :   11111011;
	412F  :   11111010;
	4130  :   11110111;
	4131  :   11110011;
	4132  :   11101100;
	4133  :   11100100;
	4134  :   11011100;
	4135  :   11010101;
	4136  :   11001110;
	4137  :   11001000;
	4138  :   11000110;
	4139  :   11000100;
	413A  :   11000011;
	413B  :   11000001;
	413C  :   10111111;
	[413D..4144]  :   10111110;
	4145  :   10111111;
	4146  :   11000010;
	4147  :   11000101;
	4148  :   11001111;
	4149  :   11100000;
	414A  :   11101100;
	[414B..4152]  :   11101101;
	[4153..4154]  :   11110110;
	4155  :   11111101;
	[4156..4170]  :   11111111;
	4171  :   10111111;
	4172  :   10001111;
	[4173..41A7]  :   10000101;
	41A8  :   10100001;
	[41A9..41B0]  :   11000001;
	41B1  :   10111111;
	41B2  :   01100110;
	41B3  :   01010011;
	[41B4..41B6]  :   01100110;
	41B7  :   01101001;
	[41B8..41BB]  :   01110010;
	41BC  :   10000000;
	[41BD..41BE]  :   10011101;
	41BF  :   10100000;
	41C0  :   11011100;
	[41C1..41F3]  :   11011111;
	[41F4..41F5]  :   11100001;
	[41F6..41F7]  :   11100110;
	41F8  :   11100011;
	41F9  :   11011100;
	41FA  :   11010100;
	41FB  :   11001101;
	41FC  :   11000110;
	41FD  :   11000010;
	[41FE..4201]  :   11000011;
	4202  :   11000100;
	[4203..4205]  :   11000101;
	4206  :   11000001;
	4207  :   10111110;
	[4208..420B]  :   11000001;
	420C  :   11000101;
	420D  :   11001000;
	[420E..420F]  :   11001011;
	4210  :   11000000;
	4211  :   10111111;
	[4212..4214]  :   11000000;
	4215  :   11000001;
	4216  :   11001101;
	4217  :   11100000;
	4218  :   11101100;
	[4219..421E]  :   11101101;
	[421F..4220]  :   11110101;
	4221  :   11111101;
	[4222..423B]  :   11111111;
	423C  :   11111100;
	423D  :   10110001;
	423E  :   10001101;
	[423F..4270]  :   10000101;
	4271  :   10000100;
	[4272..4274]  :   10000101;
	4275  :   10101010;
	[4276..427C]  :   11000001;
	427D  :   10111011;
	427E  :   01100000;
	427F  :   01010011;
	[4280..4282]  :   01100000;
	4283  :   01101010;
	4284  :   01110000;
	4285  :   01110010;
	[4286..4287]  :   01110100;
	4288  :   10000001;
	4289  :   10001101;
	[428A..428B]  :   10011000;
	428C  :   11011011;
	[428D..42BF]  :   11011111;
	42C0  :   11001111;
	42C1  :   11000110;
	42C2  :   11001000;
	[42C3..42C6]  :   11000111;
	42C7  :   11000110;
	[42C8..42CC]  :   11000101;
	42CD  :   11000110;
	[42CE..42D1]  :   11000111;
	42D2  :   11001001;
	42D3  :   11001110;
	42D4  :   11010010;
	42D5  :   11011000;
	42D6  :   11011001;
	42D7  :   11011110;
	42D8  :   11100010;
	42D9  :   11100110;
	[42DA..42DB]  :   11101010;
	42DC  :   11011100;
	42DD  :   11001100;
	42DE  :   11000001;
	42DF  :   10111111;
	[42E0..42E3]  :   11000001;
	42E4  :   11010010;
	42E5  :   11101001;
	[42E6..42EA]  :   11101101;
	[42EB..42EC]  :   11110100;
	42ED  :   11111100;
	[42EE..4307]  :   11111111;
	4308  :   11110100;
	4309  :   10100011;
	430A  :   10001011;
	[430B..4341]  :   10000101;
	4342  :   10100101;
	4343  :   10111111;
	[4344..4348]  :   11000001;
	4349  :   10110010;
	434A  :   01011110;
	434B  :   01010011;
	[434C..434E]  :   01011110;
	434F  :   01100111;
	[4350..4351]  :   01110010;
	4352  :   01110011;
	[4353..4354]  :   10000011;
	[4355..4357]  :   10001110;
	4358  :   11011001;
	[4359..438C]  :   11011111;
	438D  :   11000111;
	438E  :   11000101;
	438F  :   11000111;
	[4390..4391]  :   11000100;
	[4392..4396]  :   11000010;
	4397  :   11000100;
	4398  :   11001100;
	4399  :   11010100;
	439A  :   11011011;
	439B  :   11100011;
	439C  :   11101100;
	439D  :   11110001;
	439E  :   11110000;
	439F  :   11110001;
	43A0  :   11101110;
	43A1  :   11101111;
	[43A2..43A4]  :   11101110;
	43A5  :   11101101;
	43A6  :   11101110;
	[43A7..43A8]  :   11101101;
	43A9  :   11101010;
	43AA  :   11100001;
	43AB  :   11010011;
	43AC  :   11000111;
	43AD  :   11000001;
	[43AE..43B0]  :   11000111;
	43B1  :   11001100;
	43B2  :   11101001;
	[43B3..43B6]  :   11101101;
	[43B7..43B8]  :   11110011;
	43B9  :   11111100;
	[43BA..43D3]  :   11111111;
	43D4  :   11101100;
	43D5  :   10011000;
	43D6  :   10001001;
	[43D7..440A]  :   10000101;
	440B  :   10000100;
	[440C..440E]  :   10000101;
	440F  :   10011001;
	4410  :   10111001;
	[4411..4414]  :   11000001;
	4415  :   10101000;
	4416  :   01011000;
	4417  :   01001101;
	[4418..441A]  :   01011000;
	441B  :   01011110;
	441C  :   01110100;
	441D  :   10000001;
	[441E..441F]  :   10000100;
	[4420..4422]  :   10000101;
	4423  :   10001001;
	4424  :   11010010;
	[4425..4458]  :   11011111;
	4459  :   11010000;
	445A  :   11001010;
	[445B..445E]  :   11001111;
	445F  :   11011000;
	4460  :   11100000;
	4461  :   11101001;
	4462  :   11110001;
	4463  :   11111000;
	4464  :   11111011;
	4465  :   11111101;
	4466  :   11111110;
	[4467..4468]  :   11111111;
	4469  :   11111101;
	446A  :   11110001;
	446B  :   11110101;
	[446C..4477]  :   11101101;
	4478  :   11101010;
	4479  :   11100001;
	447A  :   11011000;
	[447B..447D]  :   11100001;
	447E  :   11101000;
	[447F..4482]  :   11101101;
	[4483..4484]  :   11110011;
	4485  :   11111100;
	[4486..449F]  :   11111111;
	44A0  :   11100111;
	44A1  :   10001111;
	44A2  :   10001000;
	[44A3..44D7]  :   10000101;
	44D8  :   10000100;
	[44D9..44DB]  :   10000101;
	44DC  :   10001111;
	44DD  :   10101001;
	44DE  :   10111011;
	[44DF..44E0]  :   11000010;
	44E1  :   10100010;
	44E2  :   01100101;
	[44E3..44E6]  :   01110001;
	44E7  :   10000011;
	[44E8..44EC]  :   10000100;
	[44ED..44EE]  :   10000101;
	44EF  :   10000111;
	44F0  :   11000110;
	[44F1..4525]  :   11011111;
	[4526..4527]  :   11100000;
	4528  :   11100011;
	[4529..4534]  :   11111111;
	4535  :   11111100;
	4536  :   11110000;
	4537  :   11110100;
	[4538..4544]  :   11101101;
	[4545..4547]  :   11101110;
	[4548..454E]  :   11101101;
	[454F..4550]  :   11110010;
	4551  :   11111100;
	[4552..456B]  :   11111111;
	456C  :   11100011;
	[456D..456E]  :   10000111;
	[456F..45A4]  :   10000101;
	45A5  :   10000100;
	45A6  :   10000011;
	[45A7..45A9]  :   10000100;
	45AA  :   10010001;
	45AB  :   10100001;
	[45AC..45AD]  :   10101001;
	45AE  :   10011100;
	45AF  :   10011111;
	[45B0..45B1]  :   10011100;
	45B2  :   10010010;
	[45B3..45BB]  :   10000101;
	45BC  :   10110111;
	[45BD..45F1]  :   11011111;
	45F2  :   11100000;
	[45F3..45F4]  :   11101011;
	[45F5..4600]  :   11111111;
	4601  :   11111100;
	4602  :   11110000;
	4603  :   11110011;
	[4604..461A]  :   11101101;
	[461B..461C]  :   11110010;
	461D  :   11111011;
	[461E..4637]  :   11111111;
	4638  :   11011101;
	4639  :   10001010;
	[463A..4673]  :   10000101;
	4674  :   10000010;
	[4675..4677]  :   10000101;
	4678  :   10000110;
	4679  :   10001011;
	[467A..467B]  :   10001100;
	467C  :   10000111;
	467D  :   10000010;
	[467E..4681]  :   10000100;
	[4682..4683]  :   10000101;
	4684  :   10000100;
	[4685..4687]  :   10000101;
	4688  :   10100111;
	[4689..46BE]  :   11011111;
	[46BF..46C0]  :   11100110;
	46C1  :   11101100;
	[46C2..46CC]  :   11111111;
	46CD  :   11111100;
	46CE  :   11101111;
	46CF  :   11110011;
	[46D0..46E6]  :   11101101;
	[46E7..46E8]  :   11110001;
	46E9  :   11111011;
	[46EA..4703]  :   11111111;
	4704  :   11011010;
	4705  :   10001100;
	[4706..4728]  :   10000101;
	[4729..472A]  :   10000111;
	472B  :   10000110;
	[472C..4741]  :   10000101;
	4742  :   10000100;
	4743  :   10000011;
	[4744..4748]  :   10000010;
	4749  :   10000011;
	474A  :   10000100;
	[474B..4753]  :   10000101;
	4754  :   10010111;
	4755  :   11011110;
	[4756..478B]  :   11011111;
	[478C..478D]  :   11101011;
	[478E..4798]  :   11111111;
	4799  :   11111011;
	479A  :   11101111;
	479B  :   11110011;
	[479C..47B2]  :   11101101;
	[47B3..47B4]  :   11110001;
	47B5  :   11111011;
	[47B6..47CF]  :   11111111;
	47D0  :   11010110;
	47D1  :   10001100;
	[47D2..47F1]  :   10000101;
	47F2  :   10000010;
	47F3  :   01111001;
	47F4  :   01110001;
	[47F5..47F7]  :   01111001;
	47F8  :   01111010;
	[47F9..481F]  :   10000101;
	4820  :   10001110;
	4821  :   11001110;
	[4822..4857]  :   11011111;
	[4858..4859]  :   11101000;
	485A  :   11110100;
	[485B..4864]  :   11111111;
	4865  :   11111011;
	4866  :   11101111;
	4867  :   11110010;
	[4868..487E]  :   11101101;
	[487F..4880]  :   11110000;
	4881  :   11111011;
	[4882..489B]  :   11111111;
	489C  :   11010111;
	489D  :   10001100;
	[489E..48BD]  :   10000101;
	48BE  :   10000010;
	48BF  :   01110111;
	48C0  :   01101011;
	48C1  :   01011111;
	48C2  :   01010100;
	48C3  :   01001010;
	[48C4..48C6]  :   01010100;
	48C7  :   01100010;
	48C8  :   01111011;
	[48C9..48EB]  :   10000101;
	48EC  :   10000110;
	48ED  :   10111010;
	[48EE..4923]  :   11011111;
	[4924..4925]  :   11100010;
	4926  :   11110011;
	[4927..4930]  :   11111111;
	4931  :   11111011;
	4932  :   11101110;
	4933  :   11110010;
	[4934..494A]  :   11101101;
	[494B..494C]  :   11101111;
	494D  :   11111011;
	[494E..4967]  :   11111111;
	4968  :   11010101;
	4969  :   10001100;
	[496A..498C]  :   10000101;
	498D  :   10000010;
	498E  :   01110110;
	498F  :   01101001;
	4990  :   01010111;
	4991  :   00111111;
	[4992..4995]  :   01000010;
	4996  :   01101100;
	[4997..49B8]  :   10000101;
	49B9  :   10100101;
	[49BA..49EF]  :   11011111;
	49F0  :   11100000;
	[49F1..49F2]  :   11100110;
	[49F3..49FC]  :   11111111;
	49FD  :   11111011;
	49FE  :   11101110;
	49FF  :   11110001;
	[4A00..4A16]  :   11101101;
	4A17  :   11101111;
	4A18  :   11110011;
	4A19  :   11111011;
	[4A1A..4A33]  :   11111111;
	4A34  :   11010100;
	4A35  :   10001011;
	[4A36..4A5A]  :   10000101;
	[4A5B..4A5C]  :   10000110;
	4A5D  :   01111111;
	4A5E  :   01101001;
	4A5F  :   00111011;
	[4A60..4A63]  :   01000010;
	4A64  :   01110111;
	[4A65..4A84]  :   10000101;
	4A85  :   10010011;
	4A86  :   11010010;
	[4A87..4ABC]  :   11011111;
	[4ABD..4ABE]  :   11100101;
	4ABF  :   11111100;
	[4AC0..4AC8]  :   11111111;
	4AC9  :   11111011;
	4ACA  :   11101110;
	4ACB  :   11110000;
	[4ACC..4AE2]  :   11101101;
	4AE3  :   11101110;
	4AE4  :   11110110;
	4AE5  :   11111011;
	[4AE6..4AFF]  :   11111111;
	4B00  :   11010100;
	4B01  :   10001011;
	[4B02..4B2B]  :   10000101;
	4B2C  :   01100011;
	4B2D  :   00101100;
	[4B2E..4B30]  :   01100011;
	4B31  :   01100101;
	[4B32..4B4D]  :   10000101;
	4B4E  :   10000100;
	[4B4F..4B51]  :   10000101;
	4B52  :   10111101;
	[4B53..4B88]  :   11011111;
	[4B89..4B8A]  :   11100100;
	4B8B  :   11111000;
	[4B8C..4B94]  :   11111111;
	4B95  :   11111011;
	4B96  :   11101110;
	4B97  :   11110000;
	[4B98..4BAE]  :   11101101;
	4BAF  :   11101110;
	4BB0  :   11110110;
	4BB1  :   11111011;
	[4BB2..4BCB]  :   11111111;
	4BCC  :   11010101;
	4BCD  :   10001010;
	4BCE  :   10000110;
	[4BCF..4BF8]  :   10000101;
	4BF9  :   01111011;
	4BFA  :   00111010;
	[4BFB..4BFE]  :   01011111;
	[4BFF..4C1D]  :   10000101;
	4C1E  :   10100011;
	4C1F  :   11011100;
	[4C20..4C54]  :   11011111;
	[4C55..4C57]  :   11100010;
	[4C58..4C60]  :   11111111;
	4C61  :   11111011;
	4C62  :   11101110;
	4C63  :   11110000;
	[4C64..4C7A]  :   11101101;
	4C7B  :   11101110;
	4C7C  :   11110110;
	4C7D  :   11111011;
	[4C7E..4C97]  :   11111111;
	4C98  :   11011010;
	4C99  :   10001000;
	4C9A  :   10000110;
	[4C9B..4CC5]  :   10000101;
	4CC6  :   10000000;
	4CC7  :   00111001;
	[4CC8..4CCB]  :   01101000;
	[4CCC..4CE9]  :   10000101;
	4CEA  :   10001000;
	4CEB  :   11001011;
	[4CEC..4D21]  :   11011111;
	[4D22..4D23]  :   11100100;
	[4D24..4D2C]  :   11111111;
	4D2D  :   11111011;
	4D2E  :   11101110;
	4D2F  :   11110000;
	[4D30..4D46]  :   11101101;
	4D47  :   11101110;
	4D48  :   11110110;
	4D49  :   11111011;
	[4D4A..4D63]  :   11111111;
	4D64  :   11011110;
	4D65  :   10000101;
	4D66  :   10000111;
	[4D67..4D92]  :   10000101;
	4D93  :   01111001;
	4D94  :   00101001;
	[4D95..4D97]  :   01111001;
	4D98  :   01111011;
	[4D99..4DB6]  :   10000101;
	4DB7  :   10101001;
	[4DB8..4DED]  :   11011111;
	[4DEE..4DEF]  :   11101001;
	[4DF0..4DF8]  :   11111111;
	4DF9  :   11111011;
	[4DFA..4DFB]  :   11101111;
	[4DFC..4E12]  :   11101101;
	4E13  :   11101110;
	4E14  :   11110110;
	4E15  :   11111011;
	[4E16..4E2F]  :   11111111;
	4E30  :   11100000;
	4E31  :   10000101;
	4E32  :   10000111;
	[4E33..4E5F]  :   10000101;
	4E60  :   01011110;
	4E61  :   01010011;
	[4E62..4E64]  :   01011110;
	[4E65..4E82]  :   10000101;
	4E83  :   10001011;
	4E84  :   11001111;
	[4E85..4EB9]  :   11011111;
	[4EBA..4EBB]  :   11101001;
	4EBC  :   11110101;
	[4EBD..4EC4]  :   11111111;
	4EC5  :   11111011;
	4EC6  :   11110000;
	4EC7  :   11101111;
	[4EC8..4EDE]  :   11101101;
	4EDF  :   11101110;
	4EE0  :   11110110;
	4EE1  :   11111011;
	[4EE2..4EFB]  :   11111111;
	4EFC  :   11100110;
	4EFD  :   10001010;
	4EFE  :   10000111;
	[4EFF..4F2B]  :   10000101;
	4F2C  :   10000010;
	4F2D  :   00110000;
	[4F2E..4F31]  :   10000001;
	[4F32..4F4B]  :   10000101;
	4F4C  :   10000100;
	[4F4D..4F4F]  :   10000101;
	4F50  :   10100111;
	[4F51..4F85]  :   11011111;
	[4F86..4F87]  :   11100101;
	4F88  :   11100111;
	[4F89..4F90]  :   11111111;
	4F91  :   11111011;
	4F92  :   11110000;
	4F93  :   11101111;
	[4F94..4FAA]  :   11101101;
	4FAB  :   11101110;
	4FAC  :   11110110;
	4FAD  :   11111011;
	[4FAE..4FC7]  :   11111111;
	4FC8  :   11101110;
	4FC9  :   10010101;
	4FCA  :   10000111;
	[4FCB..4FF8]  :   10000101;
	4FF9  :   01001100;
	[4FFA..4FFD]  :   01101100;
	[4FFE..501B]  :   10000101;
	501C  :   10001010;
	501D  :   11000111;
	[501E..5051]  :   11011111;
	[5052..5054]  :   11100011;
	[5055..505C]  :   11111111;
	505D  :   11111011;
	505E  :   11110000;
	505F  :   11101111;
	[5060..5076]  :   11101101;
	5077  :   11101110;
	5078  :   11110110;
	5079  :   11111011;
	[507A..5093]  :   11111111;
	5094  :   11110110;
	5095  :   10100010;
	5096  :   10001000;
	[5097..50A5]  :   10000101;
	50A6  :   10000011;
	50A7  :   01110111;
	[50A8..50AB]  :   01111011;
	[50AC..50C4]  :   10000101;
	50C5  :   01100011;
	50C6  :   01010111;
	[50C7..50C9]  :   01100011;
	[50CA..50E8]  :   10000101;
	50E9  :   10011101;
	50EA  :   11011100;
	[50EB..511D]  :   11011111;
	511E  :   11100001;
	[511F..5120]  :   11100101;
	[5121..5128]  :   11111111;
	5129  :   11111011;
	512A  :   11110000;
	512B  :   11101111;
	[512C..5142]  :   11101101;
	5143  :   11101110;
	5144  :   11110110;
	5145  :   11111011;
	[5146..5160]  :   11111111;
	5161  :   10110011;
	5162  :   10001000;
	[5163..5171]  :   10000101;
	5172  :   01110100;
	5173  :   01100111;
	[5174..5177]  :   01101100;
	5178  :   10000001;
	[5179..5190]  :   10000101;
	5191  :   01101100;
	5192  :   01001110;
	[5193..5195]  :   01101100;
	[5196..51B1]  :   10000101;
	51B2  :   10000100;
	[51B3..51B5]  :   10000101;
	51B6  :   10110101;
	[51B7..51E9]  :   11011111;
	51EA  :   11100000;
	[51EB..51EC]  :   11101010;
	[51ED..51F4]  :   11111111;
	51F5  :   11111011;
	51F6  :   11110000;
	51F7  :   11101111;
	[51F8..520E]  :   11101101;
	520F  :   11101110;
	5210  :   11110110;
	5211  :   11111011;
	[5212..522C]  :   11111111;
	522D  :   11000101;
	522E  :   10000100;
	[522F..523C]  :   10000101;
	523D  :   01111011;
	523E  :   01101000;
	523F  :   01100111;
	5240  :   01101000;
	5241  :   01100111;
	[5242..5243]  :   01101000;
	5244  :   01111010;
	[5245..525C]  :   10000101;
	525D  :   01101011;
	525E  :   01001111;
	[525F..5261]  :   01101011;
	[5262..5281]  :   10000101;
	5282  :   10001010;
	5283  :   11001000;
	[5284..52B6]  :   11011111;
	[52B7..52B8]  :   11101110;
	[52B9..52C0]  :   11111111;
	52C1  :   11111011;
	52C2  :   11110000;
	52C3  :   11101111;
	[52C4..52DA]  :   11101101;
	52DB  :   11101110;
	52DC  :   11110110;
	52DD  :   11111011;
	[52DE..52F8]  :   11111111;
	52F9  :   11010101;
	52FA  :   10000100;
	[52FB..5308]  :   10000101;
	5309  :   01110011;
	[530A..530F]  :   01101000;
	5310  :   01110010;
	5311  :   10000100;
	[5312..5328]  :   10000101;
	5329  :   01100000;
	532A  :   01011011;
	[532B..532D]  :   01100000;
	[532E..534E]  :   10000101;
	534F  :   10010110;
	5350  :   11010101;
	[5351..5382]  :   11011111;
	[5383..5384]  :   11101101;
	[5385..538C]  :   11111111;
	538D  :   11111011;
	[538E..538F]  :   11101111;
	[5390..53A6]  :   11101101;
	53A7  :   11101110;
	53A8  :   11110110;
	53A9  :   11111011;
	[53AA..53C4]  :   11111111;
	53C5  :   11101101;
	53C6  :   10010010;
	[53C7..53D3]  :   10000101;
	53D4  :   10000011;
	53D5  :   01110000;
	[53D6..53DB]  :   01101000;
	53DC  :   01101010;
	53DD  :   10000001;
	[53DE..53F4]  :   10000101;
	53F5  :   01000111;
	[53F6..53F9]  :   01110010;
	[53FA..5417]  :   10000101;
	5418  :   10000100;
	[5419..541B]  :   10000101;
	541C  :   10100001;
	541D  :   11011011;
	[541E..544E]  :   11011111;
	[544F..5450]  :   11101011;
	5451  :   11110111;
	[5452..5458]  :   11111111;
	5459  :   11111011;
	545A  :   11101101;
	545B  :   11110000;
	[545C..5472]  :   11101101;
	5473  :   11101110;
	5474  :   11110110;
	5475  :   11111011;
	[5476..5491]  :   11111111;
	5492  :   10100111;
	5493  :   10000011;
	[5494..549F]  :   10000101;
	54A0  :   10000011;
	54A1  :   01110000;
	[54A2..54A8]  :   01101000;
	54A9  :   01111001;
	[54AA..54BF]  :   10000101;
	54C0  :   01111100;
	54C1  :   00101101;
	[54C2..54C4]  :   01111100;
	54C5  :   10000100;
	[54C6..54E4]  :   10000101;
	54E5  :   10000100;
	[54E6..54E8]  :   10000101;
	54E9  :   10101001;
	54EA  :   11011110;
	[54EB..551A]  :   11011111;
	[551B..551C]  :   11101011;
	551D  :   11110110;
	[551E..5524]  :   11111111;
	5525  :   11111011;
	5526  :   11101110;
	5527  :   11110000;
	[5528..553E]  :   11101101;
	553F  :   11101110;
	5540  :   11110110;
	5541  :   11111011;
	[5542..555D]  :   11111111;
	555E  :   11000010;
	555F  :   10000001;
	[5560..556C]  :   10000101;
	556D  :   01110010;
	[556E..5574]  :   01101000;
	5575  :   01101111;
	5576  :   10000011;
	[5577..558B]  :   10000101;
	558C  :   01010100;
	[558D..5590]  :   01011110;
	[5591..55B1]  :   10000101;
	55B2  :   10000011;
	[55B3..55B5]  :   10000101;
	55B6  :   10101100;
	55B7  :   11011110;
	[55B8..55E6]  :   11011111;
	[55E7..55E8]  :   11101010;
	55E9  :   11110100;
	[55EA..55F0]  :   11111111;
	55F1  :   11111011;
	55F2  :   11101110;
	55F3  :   11110000;
	[55F4..560A]  :   11101101;
	560B  :   11101110;
	560C  :   11110110;
	560D  :   11111011;
	[560E..5625]  :   11111111;
	5626  :   11111110;
	5627  :   11110110;
	5628  :   11100001;
	5629  :   11001001;
	562A  :   10100101;
	562B  :   01111101;
	[562C..562F]  :   10000010;
	[5630..5638]  :   10000101;
	5639  :   01110111;
	[563A..5641]  :   01101000;
	5642  :   01111001;
	[5643..5656]  :   10000101;
	5657  :   01101111;
	5658  :   00110110;
	[5659..565B]  :   01101111;
	565C  :   10000001;
	[565D..567E]  :   10000101;
	567F  :   10000011;
	[5680..5682]  :   10000101;
	5683  :   10101100;
	5684  :   11011101;
	[5685..56B2]  :   11011111;
	[56B3..56B4]  :   11101001;
	56B5  :   11110011;
	[56B6..56BC]  :   11111111;
	56BD  :   11111011;
	56BE  :   11101110;
	56BF  :   11110000;
	[56C0..56D6]  :   11101101;
	56D7  :   11101110;
	56D8  :   11110110;
	56D9  :   11111011;
	[56DA..56EF]  :   11111111;
	56F0  :   11110011;
	56F1  :   11011011;
	56F2  :   10110101;
	56F3  :   10010100;
	56F4  :   10000110;
	56F5  :   10000101;
	56F6  :   10000110;
	56F7  :   01111110;
	[56F8..56FB]  :   01111111;
	[56FC..5704]  :   10000101;
	5705  :   10000000;
	5706  :   01101011;
	[5707..570D]  :   01101000;
	570E  :   01101101;
	570F  :   10000001;
	[5710..5721]  :   10000101;
	5722  :   01110011;
	5723  :   00101001;
	[5724..5726]  :   01110011;
	5727  :   01110101;
	[5728..574B]  :   10000101;
	574C  :   10000011;
	[574D..574F]  :   10000101;
	5750  :   10100110;
	5751  :   11011010;
	[5752..577E]  :   11011111;
	[577F..5780]  :   11101010;
	5781  :   11110101;
	[5782..5788]  :   11111111;
	5789  :   11111011;
	578A  :   11101110;
	578B  :   11110001;
	[578C..57A2]  :   11101101;
	57A3  :   11101111;
	57A4  :   11110011;
	57A5  :   11111011;
	[57A6..57B9]  :   11111111;
	57BA  :   11101111;
	57BB  :   11000110;
	57BC  :   10011100;
	57BD  :   10001000;
	57BE  :   10001010;
	57BF  :   10001000;
	[57C0..57C1]  :   10000111;
	57C2  :   10000110;
	57C3  :   10000010;
	57C4  :   01111100;
	[57C5..57C8]  :   10000010;
	[57C9..57D1]  :   10000101;
	57D2  :   01110110;
	[57D3..57DA]  :   01101000;
	57DB  :   01110101;
	[57DC..57EC]  :   10000101;
	57ED  :   01101010;
	57EE  :   00100111;
	[57EF..57F1]  :   01101010;
	57F2  :   01101110;
	[57F3..5818]  :   10000101;
	5819  :   10000011;
	[581A..581C]  :   10000101;
	581D  :   10011101;
	581E  :   11010001;
	[581F..584A]  :   11011111;
	[584B..584C]  :   11101011;
	584D  :   11110111;
	[584E..5854]  :   11111111;
	5855  :   11111011;
	5856  :   11101110;
	5857  :   11110010;
	[5858..586E]  :   11101101;
	[586F..5870]  :   11101111;
	5871  :   11111011;
	[5872..5883]  :   11111111;
	5884  :   11111001;
	5885  :   11001000;
	5886  :   10011001;
	[5887..5888]  :   10001011;
	5889  :   10000110;
	[588A..588F]  :   10000101;
	5890  :   01111110;
	5891  :   01111101;
	[5892..5894]  :   01111110;
	5895  :   10000100;
	[5896..589D]  :   10000101;
	589E  :   10000011;
	589F  :   01110001;
	58A0  :   01100111;
	58A1  :   01101000;
	[58A2..58A4]  :   01100111;
	[58A5..58A6]  :   01101000;
	58A7  :   01101001;
	58A8  :   01111111;
	[58A9..58B6]  :   10000101;
	58B7  :   01111101;
	58B8  :   01001101;
	58B9  :   00111000;
	[58BA..58BC]  :   01001101;
	58BD  :   01110101;
	[58BE..58E9]  :   10000101;
	58EA  :   10010010;
	58EB  :   11000010;
	[58EC..5916]  :   11011111;
	[5917..5918]  :   11101101;
	5919  :   11111100;
	[591A..5920]  :   11111111;
	5921  :   11111011;
	5922  :   11101111;
	5923  :   11110010;
	[5924..5932]  :   11101101;
	[5933..5934]  :   11101110;
	[5935..593A]  :   11101101;
	[593B..593C]  :   11110000;
	593D  :   11111011;
	[593E..594E]  :   11111111;
	594F  :   11100110;
	5950  :   10100100;
	5951  :   10001010;
	5952  :   10001100;
	[5953..5957]  :   10000101;
	5958  :   10000110;
	[5959..595A]  :   10000111;
	595B  :   10000100;
	595C  :   01111011;
	595D  :   01111100;
	595E  :   01111011;
	[595F..5960]  :   01111100;
	5961  :   01111111;
	5962  :   10000100;
	[5963..596A]  :   10000101;
	596B  :   10000010;
	596C  :   01110011;
	596D  :   01101001;
	[596E..5972]  :   01100110;
	5973  :   01101001;
	5974  :   01111111;
	[5975..597D]  :   10000101;
	[597E..597F]  :   10000110;
	5980  :   10000010;
	5981  :   01110101;
	5982  :   01010010;
	5983  :   00101110;
	[5984..5986]  :   01010010;
	5987  :   01011001;
	5988  :   10000001;
	[5989..59B6]  :   10000101;
	59B7  :   10001000;
	59B8  :   10101101;
	59B9  :   11010111;
	[59BA..59E2]  :   11011111;
	[59E3..59E4]  :   11101100;
	59E5  :   11111001;
	59E6  :   11111011;
	59E7  :   11111101;
	59E8  :   11111110;
	[59E9..59EC]  :   11111111;
	59ED  :   11111011;
	59EE  :   11101111;
	59EF  :   11110011;
	[59F0..59FC]  :   11101101;
	59FD  :   11101100;
	59FE  :   11101010;
	59FF  :   11100100;
	[5A00..5A02]  :   11101010;
	5A03  :   11101100;
	[5A04..5A06]  :   11101101;
	[5A07..5A08]  :   11110001;
	5A09  :   11111011;
	[5A0A..5A19]  :   11111111;
	5A1A  :   11011000;
	5A1B  :   10010001;
	5A1C  :   10001011;
	5A1D  :   10000111;
	[5A1E..5A22]  :   10000101;
	[5A23..5A24]  :   10001011;
	[5A25..5A26]  :   10001110;
	5A27  :   01110101;
	[5A28..5A2B]  :   01111010;
	[5A2C..5A2D]  :   01111101;
	5A2E  :   10000001;
	[5A2F..5A37]  :   10000101;
	5A38  :   10000100;
	5A39  :   01111100;
	5A3A  :   01110010;
	5A3B  :   01110001;
	[5A3C..5A3E]  :   01110010;
	5A3F  :   01111100;
	[5A40..5A46]  :   10000101;
	5A47  :   10000011;
	5A48  :   01111101;
	5A49  :   01110100;
	5A4A  :   01101010;
	5A4B  :   01011111;
	5A4C  :   01001001;
	5A4D  :   00111010;
	[5A4E..5A50]  :   01001001;
	5A51  :   01011010;
	5A52  :   01111110;
	[5A53..5A80]  :   10000101;
	5A81  :   10000011;
	[5A82..5A84]  :   10000101;
	5A85  :   10010110;
	5A86  :   11000010;
	5A87  :   11011110;
	[5A88..5AAC]  :   11011111;
	5AAD  :   11011110;
	5AAE  :   11001111;
	5AAF  :   11001101;
	[5AB0..5AB2]  :   11001111;
	5AB3  :   11010100;
	5AB4  :   11011101;
	5AB5  :   11100100;
	5AB6  :   11101101;
	5AB7  :   11110010;
	[5AB8..5AB9]  :   11110110;
	5ABA  :   11110001;
	5ABB  :   11110100;
	[5ABC..5ABE]  :   11101110;
	[5ABF..5AC6]  :   11101101;
	5AC7  :   11100111;
	5AC8  :   11011101;
	5AC9  :   11010000;
	5ACA  :   11000110;
	[5ACB..5ACE]  :   11001010;
	5ACF  :   11101010;
	[5AD0..5AD1]  :   11101101;
	5AD2  :   11101110;
	[5AD3..5AD4]  :   11110001;
	5AD5  :   11111100;
	[5AD6..5AE4]  :   11111111;
	5AE5  :   11011010;
	5AE6  :   10010001;
	5AE7  :   10001011;
	5AE8  :   10000101;
	[5AE9..5AEC]  :   10000110;
	[5AED..5AEE]  :   10001011;
	5AEF  :   10011010;
	[5AF0..5AF1]  :   10111101;
	5AF2  :   10100101;
	5AF3  :   01101010;
	[5AF4..5AF7]  :   01110010;
	[5AF8..5AFA]  :   01111101;
	5AFB  :   10000010;
	[5AFC..5B06]  :   10000101;
	[5B07..5B09]  :   10000110;
	[5B0A..5B11]  :   10000101;
	5B12  :   10000011;
	5B13  :   01111000;
	5B14  :   01101001;
	5B15  :   01011100;
	5B16  :   01010011;
	[5B17..5B19]  :   01011100;
	5B1A  :   01011110;
	5B1B  :   01110101;
	[5B1C..5B4D]  :   10000101;
	5B4E  :   10000100;
	[5B4F..5B51]  :   10000101;
	5B52  :   10000110;
	5B53  :   10100101;
	5B54  :   11001010;
	[5B55..5B78]  :   11011111;
	5B79  :   11011011;
	5B7A  :   11001010;
	[5B7B..5B7F]  :   11000101;
	[5B80..5B81]  :   11000110;
	[5B82..5B83]  :   11000111;
	5B84  :   11001001;
	5B85  :   11001111;
	5B86  :   11010111;
	[5B87..5B88]  :   11011100;
	5B89  :   11100010;
	5B8A  :   11100011;
	5B8B  :   11100111;
	5B8C  :   11101011;
	[5B8D..5B8F]  :   11101110;
	5B90  :   11101101;
	5B91  :   11100100;
	5B92  :   11010101;
	5B93  :   11000111;
	5B94  :   10111111;
	5B95  :   10111110;
	[5B96..5B98]  :   10111111;
	5B99  :   11001011;
	5B9A  :   11100100;
	[5B9B..5B9E]  :   11101101;
	[5B9F..5BA0]  :   11110010;
	5BA1  :   11111011;
	[5BA2..5BAF]  :   11111111;
	5BB0  :   11110001;
	5BB1  :   10100010;
	5BB2  :   10001100;
	[5BB3..5BB6]  :   10001000;
	[5BB7..5BB8]  :   10001001;
	5BB9  :   10100011;
	5BBA  :   11001110;
	[5BBB..5BBC]  :   11110000;
	5BBD  :   11010100;
	5BBE  :   01110011;
	5BBF  :   01101011;
	5BC0  :   01101010;
	[5BC1..5BC3]  :   01101011;
	5BC4  :   01111001;
	[5BC5..5BC6]  :   01111101;
	5BC7  :   01111110;
	5BC8  :   10000011;
	[5BC9..5BDD]  :   10000101;
	5BDE  :   10000010;
	5BDF  :   01111111;
	[5BE0..5BE3]  :   10000010;
	[5BE4..5BE5]  :   10001000;
	[5BE6..5C1B]  :   10000101;
	5C1C  :   10000011;
	[5C1D..5C1F]  :   10000101;
	5C20  :   10001100;
	5C21  :   10101001;
	5C22  :   11001110;
	[5C23..5C24]  :   11100000;
	[5C25..5C44]  :   11011111;
	5C45  :   11011001;
	5C46  :   11000010;
	[5C47..5C4A]  :   11000011;
	[5C4B..5C4C]  :   11000100;
	[5C4D..5C4E]  :   11000101;
	5C4F  :   11000110;
	[5C50..5C51]  :   11000111;
	5C52  :   11000001;
	[5C53..5C56]  :   11000101;
	5C57  :   11001001;
	5C58  :   11001100;
	5C59  :   11010000;
	[5C5A..5C5B]  :   11010101;
	5C5C  :   11010011;
	5C5D  :   11000101;
	[5C5E..5C62]  :   10111111;
	5C63  :   11000101;
	5C64  :   11011000;
	5C65  :   11101010;
	[5C66..5C6A]  :   11101101;
	[5C6B..5C6C]  :   11110010;
	5C6D  :   11111011;
	[5C6E..5C7B]  :   11111111;
	5C7C  :   11100000;
	5C7D  :   10001111;
	5C7E  :   10001101;
	5C7F  :   10001100;
	[5C80..5C82]  :   10001101;
	5C83  :   10101011;
	5C84  :   11011101;
	5C85  :   11111000;
	[5C86..5C87]  :   11111111;
	5C88  :   11110011;
	5C89  :   10010001;
	5C8A  :   01101101;
	[5C8B..5C8F]  :   01101000;
	5C90  :   01110011;
	5C91  :   01111100;
	[5C92..5C94]  :   01111101;
	5C95  :   10000011;
	[5C96..5CE9]  :   10000101;
	5CEA  :   10000010;
	[5CEB..5CED]  :   10000101;
	5CEE  :   10001100;
	5CEF  :   10100101;
	5CF0  :   11001001;
	5CF1  :   11011100;
	[5CF2..5D15]  :   11011111;
	5D16  :   11011011;
	5D17  :   11010010;
	5D18  :   11001011;
	5D19  :   11000110;
	5D1A  :   11000101;
	5D1B  :   11000011;
	5D1C  :   11000010;
	5D1D  :   11000011;
	5D1E  :   11000001;
	[5D1F..5D25]  :   10111110;
	5D26  :   10111111;
	[5D27..5D28]  :   11000000;
	5D29  :   11000001;
	[5D2A..5D2C]  :   11000010;
	5D2D  :   11000111;
	5D2E  :   11010110;
	5D2F  :   11100111;
	[5D30..5D36]  :   11101101;
	[5D37..5D38]  :   11110011;
	5D39  :   11111100;
	[5D3A..5D47]  :   11111111;
	5D48  :   11101100;
	5D49  :   10100011;
	[5D4A..5D4D]  :   10111001;
	5D4E  :   11100100;
	5D4F  :   11111110;
	[5D50..5D53]  :   11111111;
	5D54  :   10111101;
	5D55  :   01101011;
	5D56  :   01101001;
	5D57  :   01101000;
	[5D58..5D5A]  :   01101001;
	5D5B  :   01101011;
	[5D5C..5D5D]  :   01111100;
	[5D5E..5D61]  :   01111101;
	5D62  :   10000010;
	[5D63..5DB6]  :   10000101;
	5DB7  :   10000100;
	5DB8  :   10000010;
	[5DB9..5DBB]  :   10000100;
	5DBC  :   10000110;
	5DBD  :   10011100;
	5DBE  :   10111101;
	5DBF  :   11010000;
	5DC0  :   11011101;
	[5DC1..5DDD]  :   11011111;
	[5DDE..5DDF]  :   11100111;
	5DE0  :   11110000;
	[5DE1..5DE2]  :   11111110;
	[5DE3..5DE4]  :   11111101;
	5DE5  :   11111001;
	5DE6  :   11110010;
	5DE7  :   11101010;
	5DE8  :   11100011;
	5DE9  :   11011011;
	5DEA  :   11010000;
	5DEB  :   11001111;
	5DEC  :   11001001;
	5DED  :   11000110;
	5DEE  :   11000011;
	5DEF  :   11000000;
	[5DF0..5DF4]  :   10111110;
	[5DF5..5DF6]  :   11000000;
	5DF7  :   11000111;
	5DF8  :   11011101;
	5DF9  :   11101010;
	[5DFA..5E02]  :   11101101;
	[5E03..5E04]  :   11110011;
	5E05  :   11111100;
	[5E06..5E14]  :   11111111;
	5E15  :   11111010;
	[5E16..5E1E]  :   11111111;
	5E1F  :   11101000;
	5E20  :   01111010;
	5E21  :   01101011;
	5E22  :   01101000;
	[5E23..5E25]  :   01101011;
	5E26  :   01101101;
	[5E27..5E28]  :   10000110;
	5E29  :   10000010;
	5E2A  :   01111100;
	[5E2B..5E2E]  :   01111101;
	5E2F  :   10000010;
	[5E30..5E84]  :   10000101;
	[5E85..5E86]  :   10000100;
	5E87  :   10000010;
	[5E88..5E8A]  :   10000100;
	5E8B  :   10001110;
	5E8C  :   10100101;
	5E8D  :   10111011;
	5E8E  :   11010000;
	[5E8F..5E90]  :   11100001;
	[5E91..5E92]  :   11100000;
	[5E93..5EA9]  :   11011111;
	[5EAA..5EAB]  :   11101010;
	5EAC  :   11111110;
	[5EAD..5EB4]  :   11111111;
	5EB5  :   11111110;
	5EB6  :   11110011;
	5EB7  :   11110111;
	5EB8  :   11101000;
	5EB9  :   11100100;
	5EBA  :   11100000;
	5EBB  :   11011011;
	5EBC  :   11010110;
	5EBD  :   11010100;
	5EBE  :   11001101;
	5EBF  :   11000010;
	[5EC0..5EC3]  :   11001001;
	5EC4  :   11101000;
	[5EC5..5ECE]  :   11101101;
	[5ECF..5ED0]  :   11110100;
	5ED1  :   11111100;
	[5ED2..5EEA]  :   11111111;
	5EEB  :   10100100;
	5EEC  :   01101100;
	5EED  :   01101000;
	[5EEE..5EF1]  :   01101011;
	5EF2  :   01110010;
	[5EF3..5EF4]  :   11001111;
	5EF5  :   10001100;
	5EF6  :   10000001;
	5EF7  :   01111100;
	[5EF8..5EFB]  :   01111101;
	5EFC  :   10000000;
	[5EFD..5F53]  :   10000101;
	5F54  :   10000100;
	5F55  :   10000011;
	5F56  :   10000010;
	[5F57..5F59]  :   10000011;
	5F5A  :   10010001;
	5F5B  :   10100000;
	5F5C  :   10110011;
	5F5D  :   11000110;
	5F5E  :   11011000;
	[5F5F..5F62]  :   11100001;
	[5F63..5F64]  :   11100000;
	[5F65..5F75]  :   11011111;
	[5F76..5F77]  :   11100111;
	[5F78..5F80]  :   11111111;
	5F81  :   11111101;
	5F82  :   11110011;
	5F83  :   11111000;
	[5F84..5F89]  :   11101110;
	5F8A  :   11100101;
	5F8B  :   11000111;
	5F8C  :   10111111;
	[5F8D..5F8F]  :   11000111;
	5F90  :   11010100;
	[5F91..5F9A]  :   11101101;
	[5F9B..5F9C]  :   11110101;
	5F9D  :   11111100;
	[5F9E..5FB5]  :   11111111;
	5FB6  :   11010001;
	5FB7  :   01110001;
	[5FB8..5FBC]  :   01101010;
	5FBD  :   01101011;
	5FBE  :   10110101;
	[5FBF..5FC0]  :   11111111;
	5FC1  :   11010010;
	5FC2  :   10000100;
	5FC3  :   10000000;
	[5FC4..5FC8]  :   01111100;
	5FC9  :   01111111;
	5FCA  :   10000011;
	[5FCB..6022]  :   10000101;
	6023  :   10000100;
	6024  :   10000001;
	[6025..6028]  :   10000011;
	6029  :   10001010;
	602A  :   10010001;
	602B  :   10100000;
	602C  :   10110100;
	602D  :   11000011;
	602E  :   11010001;
	602F  :   11011000;
	6030  :   11011011;
	6031  :   11011110;
	6032  :   11100001;
	[6033..6034]  :   11100011;
	[6035..6036]  :   11100010;
	[6037..6041]  :   11100001;
	6042  :   11100010;
	6043  :   11100011;
	[6044..604C]  :   11111111;
	604D  :   11111110;
	604E  :   11110011;
	604F  :   11111001;
	[6050..6055]  :   11101101;
	6056  :   11100111;
	6057  :   11001000;
	6058  :   11000000;
	[6059..605C]  :   11000010;
	605D  :   11100001;
	[605E..6066]  :   11101101;
	[6067..6068]  :   11110110;
	6069  :   11111101;
	[606A..6081]  :   11111111;
	6082  :   10010110;
	6083  :   01101101;
	6084  :   01101010;
	[6085..6088]  :   01101011;
	6089  :   10100111;
	608A  :   11111100;
	[608B..608D]  :   11111111;
	608E  :   11001010;
	608F  :   01111111;
	6090  :   10000000;
	[6091..6095]  :   01111100;
	6096  :   01111101;
	6097  :   10000010;
	[6098..60C8]  :   10000101;
	[60C9..60CD]  :   10000110;
	[60CE..60F1]  :   10000101;
	60F2  :   10000100;
	[60F3..60F7]  :   10000010;
	60F8  :   10000100;
	60F9  :   10000101;
	60FA  :   10000111;
	60FB  :   10010001;
	60FC  :   10011111;
	60FD  :   10101101;
	60FE  :   10110111;
	60FF  :   11000000;
	6100  :   11000111;
	6101  :   11001011;
	6102  :   11010000;
	6103  :   11010100;
	6104  :   11010111;
	6105  :   11011000;
	6106  :   11011011;
	6107  :   11011100;
	6108  :   11011110;
	[6109..610A]  :   11011111;
	[610B..610C]  :   11100000;
	[610D..610E]  :   11100011;
	610F  :   11101111;
	[6110..6119]  :   11111111;
	611A  :   11110100;
	611B  :   11111010;
	[611C..6121]  :   11101101;
	6122  :   11100111;
	6123  :   11001000;
	6124  :   10111111;
	6125  :   11000001;
	6126  :   10111111;
	[6127..6128]  :   11000001;
	6129  :   11001110;
	612A  :   11101100;
	[612B..6132]  :   11101101;
	[6133..6134]  :   11110111;
	6135  :   11111101;
	[6136..614C]  :   11111111;
	614D  :   11011101;
	614E  :   01111010;
	[614F..6153]  :   01101101;
	6154  :   10101001;
	6155  :   11111011;
	[6156..615A]  :   11111111;
	615B  :   11000101;
	615C  :   10000001;
	615D  :   01111111;
	[615E..6163]  :   01111100;
	6164  :   01111111;
	6165  :   10000100;
	[6166..6192]  :   10000101;
	6193  :   01111111;
	6194  :   01111010;
	6195  :   01110110;
	6196  :   01110101;
	[6197..6199]  :   01110110;
	619A  :   01110111;
	619B  :   01111110;
	[619C..61C1]  :   10000101;
	[61C2..61C3]  :   10000100;
	[61C4..61C5]  :   10000011;
	61C6  :   10000010;
	61C7  :   10000001;
	61C8  :   10000000;
	[61C9..61CB]  :   10000001;
	61CC  :   10000010;
	61CD  :   10001001;
	61CE  :   10010001;
	61CF  :   10010111;
	61D0  :   10011010;
	61D1  :   10011110;
	61D2  :   10100001;
	61D3  :   10100100;
	61D4  :   10100111;
	[61D5..61D6]  :   10101000;
	[61D7..61D8]  :   10101001;
	61D9  :   10101100;
	61DA  :   10111010;
	61DB  :   11111100;
	[61DC..61E5]  :   11111111;
	61E6  :   11110100;
	61E7  :   11111011;
	[61E8..61ED]  :   11101101;
	61EE  :   11101010;
	61EF  :   11001010;
	[61F0..61F5]  :   11000001;
	61F6  :   11011111;
	[61F7..61FE]  :   11101101;
	[61FF..6200]  :   11111000;
	6201  :   11111110;
	[6202..6218]  :   11111111;
	6219  :   11100111;
	621A  :   10000000;
	[621B..621E]  :   10000001;
	621F  :   11000110;
	6220  :   11111011;
	[6221..6227]  :   11111111;
	6228  :   11001010;
	6229  :   10000101;
	622A  :   10000001;
	[622B..6230]  :   01111100;
	6231  :   01111101;
	6232  :   10000001;
	6233  :   10000100;
	[6234..625B]  :   10000101;
	625C  :   10000010;
	625D  :   01111001;
	625E  :   01110000;
	625F  :   01101011;
	6260  :   01100111;
	[6261..6265]  :   01100101;
	6266  :   01100110;
	6267  :   01101010;
	6268  :   01110001;
	6269  :   01111110;
	[626A..6295]  :   10000101;
	6296  :   10000100;
	6297  :   10000011;
	[6298..6299]  :   10000010;
	629A  :   10000001;
	[629B..629D]  :   10000000;
	[629E..62A4]  :   01111111;
	62A5  :   10000011;
	62A6  :   10111000;
	[62A7..62B1]  :   11111111;
	62B2  :   11110101;
	62B3  :   11111011;
	[62B4..62B9]  :   11101101;
	62BA  :   11101100;
	62BB  :   11001100;
	[62BC..62BF]  :   11000011;
	[62C0..62C1]  :   11000100;
	62C2  :   11001101;
	62C3  :   11101100;
	[62C4..62CA]  :   11101101;
	[62CB..62CC]  :   11111001;
	62CD  :   11111110;
	[62CE..62E5]  :   11111111;
	62E6  :   11101010;
	[62E7..62EA]  :   11110001;
	[62EB..62F4]  :   11111111;
	62F5  :   11010111;
	62F6  :   10001101;
	62F7  :   10000011;
	62F8  :   01111101;
	[62F9..62FE]  :   01111100;
	62FF  :   01111101;
	6300  :   10000000;
	6301  :   10000100;
	[6302..6325]  :   10000101;
	6326  :   10000010;
	6327  :   01111000;
	6328  :   01101100;
	6329  :   01101000;
	632A  :   01100111;
	[632B..6330]  :   01101000;
	6331  :   01100111;
	[6332..6334]  :   01101000;
	6335  :   01101010;
	6336  :   01111010;
	[6337..636F]  :   10000101;
	6370  :   10000110;
	6371  :   10000111;
	6372  :   11011101;
	[6373..637D]  :   11111111;
	637E  :   11110110;
	637F  :   11111100;
	[6380..6386]  :   11101101;
	6387  :   11001110;
	[6388..6389]  :   11001000;
	[638A..638C]  :   11000010;
	638D  :   11001000;
	638E  :   11001010;
	638F  :   11011111;
	[6390..6396]  :   11101101;
	[6397..6398]  :   11111011;
	[6399..63C1]  :   11111111;
	63C2  :   11100101;
	63C3  :   10011110;
	63C4  :   10000010;
	63C5  :   01111110;
	[63C6..63CC]  :   01111100;
	63CD  :   01111101;
	63CE  :   10000000;
	63CF  :   10000011;
	[63D0..63F0]  :   10000101;
	63F1  :   01111100;
	63F2  :   01101110;
	63F3  :   01100111;
	[63F4..6402]  :   01101000;
	6403  :   01110111;
	[6404..643B]  :   10000101;
	643C  :   10001001;
	643D  :   10011011;
	643E  :   11110001;
	[643F..6449]  :   11111111;
	644A  :   11110110;
	644B  :   11111110;
	[644C..6452]  :   11101101;
	6453  :   11010010;
	[6454..6455]  :   11001000;
	[6456..6458]  :   11000011;
	6459  :   11001000;
	[645A..645B]  :   11001111;
	[645C..6462]  :   11101101;
	[6463..6464]  :   11111011;
	[6465..648E]  :   11111111;
	648F  :   11110110;
	6490  :   10110111;
	6491  :   10000101;
	6492  :   10000010;
	6493  :   01111101;
	[6494..649B]  :   01111100;
	649C  :   01111111;
	649D  :   10000001;
	649E  :   10000100;
	[649F..64BA]  :   10000101;
	64BB  :   10000010;
	64BC  :   01110101;
	[64BD..64CB]  :   01101000;
	64CC  :   01100111;
	[64CD..64CF]  :   01101000;
	64D0  :   01110100;
	64D1  :   10000100;
	[64D2..6507]  :   10000101;
	6508  :   10001110;
	6509  :   10111110;
	[650A..6515]  :   11111111;
	6516  :   11110111;
	6517  :   11111011;
	6518  :   11101110;
	[6519..651E]  :   11101101;
	651F  :   11010111;
	6520  :   11000100;
	6521  :   11010000;
	[6522..6525]  :   11000100;
	[6526..6527]  :   11010000;
	6528  :   11100010;
	[6529..652E]  :   11101101;
	[652F..6530]  :   11111101;
	[6531..655B]  :   11111111;
	655C  :   11111101;
	655D  :   11010111;
	655E  :   10010111;
	[655F..6560]  :   10000000;
	[6561..6569]  :   01111100;
	656A  :   01111110;
	656B  :   10000000;
	656C  :   10000010;
	656D  :   10000100;
	[656E..6585]  :   10000101;
	6586  :   01111111;
	6587  :   01110000;
	6588  :   01100111;
	[6589..6598]  :   01101000;
	6599  :   01100111;
	[659A..659C]  :   01101000;
	659D  :   01110011;
	[659E..65D2]  :   10000101;
	65D3  :   10001000;
	65D4  :   10001011;
	65D5  :   11011101;
	[65D6..65E1]  :   11111111;
	65E2  :   11111001;
	65E3  :   11110011;
	65E4  :   11101111;
	[65E5..65EA]  :   11101101;
	65EB  :   11011101;
	65EC  :   11000010;
	65ED  :   11011101;
	[65EE..65F1]  :   11000010;
	[65F2..65F4]  :   11010101;
	[65F5..65FA]  :   11101101;
	[65FB..65FC]  :   11111101;
	[65FD..6629]  :   11111111;
	662A  :   11110101;
	662B  :   10111110;
	662C  :   10001001;
	[662D..662E]  :   10000000;
	[662F..6638]  :   01111100;
	6639  :   01111101;
	663A  :   10000000;
	663B  :   10000010;
	[663C..663D]  :   10000100;
	[663E..6650]  :   10000101;
	6651  :   01111011;
	6652  :   01101011;
	6653  :   01100111;
	[6654..6665]  :   01101000;
	6666  :   01100111;
	[6667..6669]  :   01101000;
	666A  :   01110110;
	[666B..669E]  :   10000101;
	669F  :   10001101;
	66A0  :   10101000;
	66A1  :   11111010;
	[66A2..66AD]  :   11111111;
	66AE  :   11111001;
	66AF  :   11101101;
	66B0  :   11110001;
	[66B1..66B6]  :   11101101;
	66B7  :   11100100;
	66B8  :   11000100;
	66B9  :   11011101;
	66BA  :   11001111;
	66BB  :   11000100;
	[66BC..66BD]  :   11001000;
	[66BE..66C0]  :   11001111;
	66C1  :   11101000;
	[66C2..66C5]  :   11101101;
	66C6  :   11101110;
	[66C7..66C8]  :   11111000;
	[66C9..66F7]  :   11111111;
	66F8  :   11101011;
	66F9  :   10110001;
	66FA  :   10000111;
	66FB  :   10000011;
	66FC  :   01111111;
	[66FD..6707]  :   01111100;
	6708  :   01111101;
	6709  :   01111110;
	670A  :   10000000;
	670B  :   10000010;
	670C  :   10000011;
	670D  :   10000100;
	[670E..671B]  :   10000101;
	671C  :   01111000;
	671D  :   01101001;
	[671E..6736]  :   01101000;
	6737  :   01111010;
	[6738..6769]  :   10000101;
	[676A..676B]  :   10000111;
	676C  :   11001011;
	[676D..6779]  :   11111111;
	677A  :   11111001;
	677B  :   11101110;
	677C  :   11110010;
	[677D..6782]  :   11101101;
	6783  :   11101011;
	6784  :   11000111;
	[6785..6786]  :   11011101;
	[6787..6788]  :   11000111;
	6789  :   11000100;
	678A  :   11011101;
	[678B..678D]  :   11011111;
	[678E..6791]  :   11101101;
	[6792..6793]  :   11110000;
	6794  :   11111001;
	[6795..67C5]  :   11111111;
	67C6  :   11100011;
	67C7  :   10110101;
	67C8  :   10001010;
	67C9  :   10000010;
	67CA  :   01111111;
	67CB  :   01111101;
	[67CC..67D7]  :   01111100;
	67D8  :   01111101;
	67D9  :   01111110;
	67DA  :   01111111;
	67DB  :   10000000;
	[67DC..67DD]  :   10000010;
	67DE  :   10000011;
	[67DF..67E6]  :   10000101;
	67E7  :   01110111;
	[67E8..6802]  :   01101000;
	6803  :   01101010;
	6804  :   01111111;
	[6805..6835]  :   10000101;
	6836  :   10001011;
	6837  :   10011010;
	6838  :   11110101;
	[6839..6845]  :   11111111;
	6846  :   11111011;
	6847  :   11101111;
	6848  :   11110011;
	[6849..684F]  :   11101101;
	6850  :   11001111;
	[6851..6852]  :   11011101;
	[6853..6855]  :   11010110;
	6856  :   11010011;
	[6857..6859]  :   11010110;
	685A  :   11101100;
	[685B..685D]  :   11101101;
	[685E..685F]  :   11110010;
	6860  :   11111001;
	[6861..6892]  :   11111111;
	6893  :   11111110;
	6894  :   11101000;
	6895  :   11000000;
	6896  :   10010001;
	[6897..6898]  :   10000000;
	[6899..689A]  :   01111101;
	[689B..68A3]  :   01111100;
	68A4  :   01111011;
	[68A5..68A8]  :   01111100;
	[68A9..68AA]  :   01111101;
	68AB  :   01111110;
	68AC  :   01111111;
	[68AD..68AE]  :   10000000;
	[68AF..68B1]  :   10000010;
	68B2  :   01110110;
	[68B3..68CF]  :   01101000;
	68D0  :   01110001;
	68D1  :   10000100;
	[68D2..6900]  :   10000101;
	6901  :   10000110;
	6902  :   10000111;
	6903  :   11000110;
	[6904..6911]  :   11111111;
	6912  :   11111011;
	6913  :   11101111;
	6914  :   11110100;
	[6915..691B]  :   11101101;
	691C  :   11011101;
	[691D..6921]  :   11100001;
	6922  :   11001011;
	[6923..6925]  :   11101001;
	6926  :   11101010;
	[6927..6928]  :   11101101;
	6929  :   11101110;
	[692A..692B]  :   11110011;
	692C  :   11111011;
	[692D..6960]  :   11111111;
	6961  :   11111110;
	6962  :   11110101;
	6963  :   11010101;
	6964  :   10101000;
	6965  :   10001010;
	6966  :   10000001;
	6967  :   10000011;
	[6968..6969]  :   01111110;
	[696A..6974]  :   01111100;
	6975  :   01111011;
	[6976..697C]  :   01111100;
	697D  :   01110011;
	[697E..699C]  :   01101000;
	699D  :   01111010;
	[699E..69CC]  :   10000101;
	69CD  :   10001001;
	69CE  :   10010111;
	69CF  :   11110011;
	[69D0..69DD]  :   11111111;
	69DE  :   11111100;
	69DF  :   11110000;
	69E0  :   11110110;
	[69E1..69E7]  :   11101101;
	69E8  :   11101000;
	69E9  :   11100110;
	[69EA..69EB]  :   11101000;
	[69EC..69ED]  :   11100110;
	69EE  :   11100100;
	[69EF..69F2]  :   11101000;
	[69F3..69F4]  :   11101101;
	69F5  :   11101110;
	[69F6..69F7]  :   11110100;
	69F8  :   11111011;
	[69F9..6A30]  :   11111111;
	6A31  :   11101111;
	6A32  :   11001000;
	6A33  :   10101001;
	6A34  :   10010000;
	6A35  :   10000010;
	6A36  :   10000100;
	6A37  :   10000000;
	6A38  :   01111111;
	[6A39..6A47]  :   01111100;
	6A48  :   01110010;
	6A49  :   01100111;
	[6A4A..6A68]  :   01101000;
	6A69  :   01101110;
	6A6A  :   10000010;
	[6A6B..6A98]  :   10000101;
	6A99  :   10001001;
	6A9A  :   11001010;
	[6A9B..6AA9]  :   11111111;
	6AAA  :   11111101;
	6AAB  :   11110010;
	6AAC  :   11111000;
	[6AAD..6ABA]  :   11101101;
	6ABB  :   11101100;
	[6ABC..6AC1]  :   11101101;
	[6AC2..6AC3]  :   11110110;
	6AC4  :   11111100;
	[6AC5..6AFE]  :   11111111;
	6AFF  :   11111110;
	6B00  :   11101011;
	6B01  :   11010011;
	6B02  :   10111100;
	6B03  :   10100011;
	6B04  :   10001001;
	6B05  :   10000000;
	6B06  :   10000010;
	6B07  :   10000000;
	6B08  :   01111111;
	6B09  :   01111110;
	[6B0A..6B0B]  :   01111101;
	[6B0C..6B12]  :   01111100;
	6B13  :   01110101;
	6B14  :   01101001;
	[6B15..6B35]  :   01101000;
	6B36  :   01111010;
	[6B37..6B63]  :   10000101;
	6B64  :   10001011;
	6B65  :   10100010;
	6B66  :   11110011;
	[6B67..6B76]  :   11111111;
	6B77  :   11110010;
	6B78  :   11111010;
	[6B79..6B8D]  :   11101101;
	[6B8E..6B8F]  :   11111000;
	6B90  :   11111101;
	[6B91..6BCE]  :   11111111;
	6BCF  :   11110111;
	6BD0  :   11101001;
	6BD1  :   11011000;
	6BD2  :   10111100;
	6BD3  :   10100011;
	6BD4  :   10010000;
	6BD5  :   10000001;
	6BD6  :   01111101;
	[6BD7..6BDB]  :   10000000;
	6BDC  :   01111111;
	6BDD  :   01111110;
	6BDE  :   01110111;
	6BDF  :   01101001;
	[6BE0..6C01]  :   01101000;
	6C02  :   01110001;
	6C03  :   10000011;
	[6C04..6C2E]  :   10000101;
	6C2F  :   10001000;
	6C30  :   10001001;
	6C31  :   11010101;
	[6C32..6C42]  :   11111111;
	6C43  :   11110011;
	6C44  :   11111011;
	[6C45..6C59]  :   11101101;
	[6C5A..6C5B]  :   11111010;
	6C5C  :   11111110;
	[6C5D..6C9D]  :   11111111;
	6C9E  :   11111110;
	6C9F  :   11111001;
	6CA0  :   11110110;
	6CA1  :   11101101;
	6CA2  :   11010101;
	6CA3  :   10111101;
	6CA4  :   10101000;
	6CA5  :   10011010;
	6CA6  :   10010000;
	6CA7  :   10001001;
	6CA8  :   10000111;
	6CA9  :   01111111;
	6CAA  :   01101101;
	[6CAB..6CCD]  :   01101000;
	6CCE  :   01101001;
	6CCF  :   10000000;
	[6CD0..6CFA]  :   10000101;
	6CFB  :   10001100;
	6CFC  :   10110000;
	6CFD  :   11111110;
	[6CFE..6D0E]  :   11111111;
	6D0F  :   11110011;
	6D10  :   11111011;
	[6D11..6D25]  :   11101101;
	[6D26..6D27]  :   11111011;
	[6D28..6D71]  :   11111111;
	6D72  :   11111011;
	6D73  :   11101110;
	6D74  :   11011001;
	6D75  :   10001101;
	6D76  :   01101010;
	[6D77..6D8E]  :   01101000;
	6D8F  :   01100111;
	[6D90..6D9A]  :   01101000;
	6D9B  :   01111010;
	[6D9C..6DC5]  :   10000101;
	6DC6  :   10001010;
	6DC7  :   10010011;
	6DC8  :   11101000;
	[6DC9..6DDA]  :   11111111;
	[6DDB..6DDC]  :   11110101;
	6DDD  :   11101111;
	[6DDE..6DF1]  :   11101101;
	[6DF2..6DF3]  :   11111011;
	[6DF4..6E3F]  :   11111111;
	6E40  :   11001111;
	6E41  :   01101101;
	6E42  :   01101010;
	[6E43..6E66]  :   01101000;
	6E67  :   01110100;
	[6E68..6E90]  :   10000101;
	6E91  :   10000111;
	6E92  :   10001000;
	6E93  :   11001110;
	[6E94..6EA6]  :   11111111;
	6EA7  :   11110110;
	6EA8  :   11101111;
	6EA9  :   11110000;
	[6EAA..6EBC]  :   11101101;
	6EBD  :   11101111;
	[6EBE..6EBF]  :   11110101;
	[6EC0..6F0A]  :   11111111;
	6F0B  :   11101011;
	6F0C  :   10000101;
	6F0D  :   01101101;
	[6F0E..6F25]  :   01101000;
	6F26  :   01100110;
	[6F27..6F32]  :   01101000;
	6F33  :   01110000;
	6F34  :   10000100;
	[6F35..6F5B]  :   10000101;
	6F5C  :   10000110;
	6F5D  :   10001011;
	6F5E  :   10110010;
	6F5F  :   11111100;
	[6F60..6F72]  :   11111111;
	6F73  :   11111001;
	6F74  :   11101110;
	6F75  :   11110001;
	[6F76..6F88]  :   11101101;
	[6F89..6F8A]  :   11110000;
	6F8B  :   11110110;
	[6F8C..6FD5]  :   11111111;
	6FD6  :   11111101;
	6FD7  :   10101010;
	6FD8  :   01101101;
	[6FD9..6FF1]  :   01101000;
	6FF2  :   01100101;
	[6FF3..6FFE]  :   01101000;
	6FFF  :   01101110;
	7000  :   10000100;
	[7001..7027]  :   10000101;
	7028  :   10001011;
	7029  :   10100001;
	702A  :   11110010;
	[702B..703E]  :   11111111;
	703F  :   11111010;
	7040  :   11101110;
	7041  :   11110011;
	[7042..7054]  :   11101101;
	[7055..7056]  :   11110010;
	7057  :   11111000;
	[7058..70A1]  :   11111111;
	70A2  :   11011010;
	70A3  :   01101111;
	70A4  :   01101010;
	[70A5..70BC]  :   01101000;
	70BD  :   01100111;
	[70BE..70CA]  :   01101000;
	70CB  :   01101110;
	70CC  :   10000100;
	[70CD..70F2]  :   10000101;
	70F3  :   10001011;
	70F4  :   10010101;
	70F5  :   11100100;
	[70F6..710A]  :   11111111;
	710B  :   11111011;
	710C  :   11101110;
	710D  :   11110011;
	[710E..7120]  :   11101101;
	[7121..7122]  :   11110011;
	7123  :   11111010;
	[7124..716C]  :   11111111;
	716D  :   11111011;
	716E  :   10010011;
	716F  :   01101011;
	[7170..7188]  :   01101000;
	7189  :   01100100;
	[718A..7196]  :   01101000;
	7197  :   01101110;
	7198  :   10000100;
	[7199..71BD]  :   10000101;
	71BE  :   10001001;
	71BF  :   10001100;
	71C0  :   11010110;
	[71C1..71D6]  :   11111111;
	71D7  :   11111101;
	71D8  :   11110000;
	71D9  :   11110101;
	[71DA..71EC]  :   11101101;
	[71ED..71EE]  :   11110100;
	71EF  :   11111011;
	[71F0..7238]  :   11111111;
	7239  :   11001000;
	723A  :   01101111;
	723B  :   01101010;
	[723C..7253]  :   01101000;
	7254  :   01100110;
	[7255..7258]  :   01100111;
	[7259..7262]  :   01101000;
	7263  :   01110010;
	7264  :   10000100;
	[7265..7288]  :   10000101;
	[7289..728A]  :   10001001;
	728B  :   11001011;
	[728C..72A3]  :   11111111;
	72A4  :   11101111;
	72A5  :   11110110;
	[72A6..72B8]  :   11101101;
	[72B9..72BA]  :   11110110;
	72BB  :   11111100;
	[72BC..7303]  :   11111111;
	7304  :   11110110;
	7305  :   10001100;
	7306  :   01101101;
	[7307..731F]  :   01101000;
	7320  :   01100011;
	[7321..732E]  :   01101000;
	732F  :   01110111;
	[7330..7353]  :   10000101;
	[7354..7355]  :   10001000;
	7356  :   11000001;
	7357  :   11111110;
	[7358..736F]  :   11111111;
	7370  :   11110010;
	7371  :   11110100;
	7372  :   11101110;
	[7373..7384]  :   11101101;
	[7385..7386]  :   11110110;
	[7387..73BC]  :   11111111;
	73BD  :   11111011;
	[73BE..73C1]  :   11111100;
	[73C2..73CF]  :   11111111;
	73D0  :   11000100;
	[73D1..73D2]  :   01101010;
	[73D3..73EA]  :   01101000;
	73EB  :   01100100;
	[73EC..73EF]  :   01100110;
	[73F0..73FA]  :   01101000;
	73FB  :   01111101;
	[73FC..741E]  :   10000101;
	741F  :   10001000;
	7420  :   10001010;
	7421  :   10111111;
	7422  :   11111101;
	[7423..743B]  :   11111111;
	743C  :   11110011;
	743D  :   11110010;
	743E  :   11101110;
	[743F..744F]  :   11101101;
	7450  :   11101110;
	[7451..7452]  :   11110100;
	[7453..7487]  :   11111111;
	7488  :   11101100;
	7489  :   11010001;
	[748A..748D]  :   11010100;
	748E  :   11110010;
	[748F..749A]  :   11111111;
	749B  :   11110110;
	749C  :   10010110;
	749D  :   01101110;
	[749E..74B5]  :   01101000;
	74B6  :   01100111;
	74B7  :   01100010;
	[74B8..74BA]  :   01100111;
	[74BB..74C5]  :   01101000;
	74C6  :   01101101;
	74C7  :   10000001;
	[74C8..74E9]  :   10000101;
	[74EA..74EB]  :   10001001;
	74EC  :   11000001;
	74ED  :   11111011;
	[74EE..7507]  :   11111111;
	7508  :   11110110;
	7509  :   11110000;
	750A  :   11101111;
	[750B..751B]  :   11101101;
	751C  :   11101111;
	751D  :   11110001;
	751E  :   11110011;
	[751F..7552]  :   11111111;
	7553  :   11101010;
	7554  :   11001000;
	7555  :   11001010;
	7556  :   11001000;
	[7557..7558]  :   11001010;
	7559  :   11001011;
	755A  :   11010000;
	755B  :   11111010;
	[755C..7566]  :   11111111;
	7567  :   11010011;
	7568  :   01101000;
	7569  :   01101001;
	[756A..7581]  :   01101000;
	7582  :   01100001;
	[7583..7586]  :   01100111;
	[7587..7591]  :   01101000;
	7592  :   01111000;
	[7593..75B4]  :   10000101;
	[75B5..75B6]  :   10001010;
	75B7  :   11001001;
	75B8  :   11111101;
	[75B9..75D3]  :   11111111;
	75D4  :   11111001;
	75D5  :   11101101;
	75D6  :   11110000;
	[75D7..75E7]  :   11101101;
	[75E8..75E9]  :   11101111;
	75EA  :   11110111;
	[75EB..761D]  :   11111111;
	761E  :   11111001;
	761F  :   11001101;
	7620  :   11000111;
	7621  :   11000001;
	[7622..7625]  :   11000011;
	7626  :   11000100;
	7627  :   11101010;
	[7628..7631]  :   11111111;
	7632  :   11111010;
	7633  :   10011011;
	7634  :   01101100;
	[7635..764C]  :   01101000;
	764D  :   01100101;
	764E  :   01100100;
	[764F..7651]  :   01100101;
	[7652..765C]  :   01101000;
	765D  :   01101101;
	765E  :   10000001;
	[765F..767E]  :   10000101;
	767F  :   10000110;
	7680  :   10001100;
	7681  :   10010010;
	7682  :   11010011;
	[7683..769F]  :   11111111;
	76A0  :   11111011;
	76A1  :   11101111;
	76A2  :   11110000;
	[76A3..76B3]  :   11101101;
	[76B4..76B5]  :   11110000;
	76B6  :   11111001;
	[76B7..76E9]  :   11111111;
	76EA  :   11100110;
	76EB  :   11000100;
	76EC  :   11000011;
	[76ED..76F1]  :   11000001;
	76F2  :   11001010;
	76F3  :   11100010;
	[76F4..76FD]  :   11111111;
	76FE  :   11011110;
	76FF  :   01101110;
	7700  :   01101010;
	[7701..7717]  :   01101000;
	7718  :   01100111;
	7719  :   01011111;
	[771A..771C]  :   01100111;
	[771D..7724]  :   01101000;
	7725  :   01100111;
	[7726..7728]  :   01101000;
	7729  :   01111000;
	[772A..7749]  :   10000101;
	774A  :   10000111;
	774B  :   10001100;
	774C  :   10011100;
	774D  :   11100010;
	[774E..776B]  :   11111111;
	776C  :   11111101;
	776D  :   11101110;
	776E  :   11110001;
	[776F..777F]  :   11101101;
	[7780..7781]  :   11110001;
	7782  :   11111011;
	[7783..77B5]  :   11111111;
	77B6  :   11010111;
	77B7  :   11000101;
	77B8  :   11000010;
	[77B9..77BD]  :   11000001;
	77BE  :   11001001;
	77BF  :   11011111;
	[77C0..77C9]  :   11111111;
	77CA  :   10100011;
	77CB  :   01101010;
	[77CC..77E3]  :   01101000;
	77E4  :   01011110;
	[77E5..77E8]  :   01100111;
	[77E9..77F3]  :   01101000;
	77F4  :   01101111;
	77F5  :   10000011;
	[77F6..7814]  :   10000101;
	[7815..7816]  :   10001000;
	7817  :   10110001;
	7818  :   11101110;
	[7819..7837]  :   11111111;
	7838  :   11111101;
	7839  :   11110000;
	783A  :   11110011;
	[783B..784B]  :   11101101;
	[784C..784D]  :   11110010;
	784E  :   11111101;
	[784F..7870]  :   11111111;
	7871  :   11110011;
	7872  :   11101111;
	[7873..7875]  :   11110011;
	7876  :   11111010;
	7877  :   11111100;
	7878  :   11111101;
	[7879..787A]  :   11111110;
	[787B..7881]  :   11111111;
	7882  :   11010010;
	7883  :   11001000;
	[7884..7889]  :   11000001;
	788A  :   11001010;
	788B  :   11100011;
	[788C..7894]  :   11111111;
	7895  :   11110001;
	7896  :   01111110;
	7897  :   01101100;
	[7898..78AE]  :   01101000;
	78AF  :   01100000;
	[78B0..78B3]  :   01100011;
	[78B4..78BE]  :   01101000;
	78BF  :   01101001;
	78C0  :   01111110;
	[78C1..78DE]  :   10000101;
	78DF  :   10001000;
	78E0  :   10001011;
	78E1  :   10001110;
	78E2  :   11001001;
	78E3  :   11111011;
	[78E4..7904]  :   11111111;
	7905  :   11110011;
	7906  :   11110100;
	[7907..7917]  :   11101101;
	[7918..7919]  :   11110011;
	791A  :   11111110;
	[791B..793C]  :   11111111;
	793D  :   11100000;
	793E  :   11001000;
	793F  :   11000101;
	[7940..7942]  :   11001000;
	7943  :   11001011;
	7944  :   11010010;
	7945  :   11011000;
	7946  :   11011111;
	7947  :   11100101;
	7948  :   11101010;
	7949  :   11110000;
	794A  :   11110100;
	794B  :   11110111;
	[794C..794D]  :   11111000;
	794E  :   11010011;
	794F  :   11000111;
	[7950..7954]  :   11000001;
	7955  :   11000100;
	7956  :   11000101;
	7957  :   11101101;
	[7958..7960]  :   11111111;
	7961  :   11000101;
	7962  :   01101100;
	7963  :   01101010;
	[7964..7979]  :   01101000;
	797A  :   01100011;
	797B  :   01011110;
	[797C..797E]  :   01100011;
	[797F..7980]  :   01100111;
	[7981..798A]  :   01101000;
	798B  :   01110101;
	[798C..79A9]  :   10000101;
	[79AA..79AB]  :   10001011;
	79AC  :   10101001;
	79AD  :   11100111;
	[79AE..79D0]  :   11111111;
	[79D1..79D2]  :   11110101;
	[79D3..79E3]  :   11101101;
	[79E4..79E5]  :   11110100;
	79E6  :   11111110;
	[79E7..7A07]  :   11111111;
	7A08  :   11111101;
	7A09  :   11010111;
	7A0A  :   11001010;
	7A0B  :   11000100;
	[7A0C..7A10]  :   11001010;
	[7A11..7A12]  :   11001001;
	7A13  :   11000111;
	[7A14..7A17]  :   11001001;
	[7A18..7A19]  :   11001111;
	7A1A  :   11001110;
	7A1B  :   11000011;
	7A1C  :   11000010;
	7A1D  :   11000001;
	[7A1E..7A20]  :   11000010;
	7A21  :   11001001;
	7A22  :   11010011;
	7A23  :   11111101;
	[7A24..7A2C]  :   11111111;
	7A2D  :   10011101;
	7A2E  :   01101110;
	[7A2F..7A44]  :   01101000;
	7A45  :   01100100;
	7A46  :   01011011;
	[7A47..7A49]  :   01100100;
	[7A4A..7A4B]  :   01100110;
	7A4C  :   01100101;
	[7A4D..7A55]  :   01101000;
	7A56  :   01101101;
	7A57  :   10000001;
	[7A58..7A73]  :   10000101;
	7A74  :   10001000;
	7A75  :   10001100;
	7A76  :   10011010;
	7A77  :   11001101;
	7A78  :   11111011;
	[7A79..7A9C]  :   11111111;
	7A9D  :   11111001;
	7A9E  :   11111000;
	[7A9F..7AAE]  :   11101101;
	7AAF  :   11101110;
	[7AB0..7AB1]  :   11110110;
	[7AB2..7AD3]  :   11111111;
	7AD4  :   11110101;
	7AD5  :   11001001;
	[7AD6..7ADA]  :   11011110;
	7ADB  :   11011100;
	7ADC  :   11010111;
	7ADD  :   11010001;
	7ADE  :   11001100;
	7ADF  :   11000110;
	[7AE0..7AE3]  :   11001000;
	[7AE4..7AE5]  :   11001001;
	7AE6  :   11001000;
	[7AE7..7AEB]  :   11000100;
	[7AEC..7AED]  :   11000111;
	7AEE  :   11101111;
	[7AEF..7AF7]  :   11111111;
	7AF8  :   11100011;
	7AF9  :   01111110;
	7AFA  :   01101100;
	[7AFB..7B0F]  :   01101000;
	7B10  :   01100101;
	7B11  :   01011010;
	[7B12..7B15]  :   01100100;
	[7B16..7B17]  :   01100101;
	[7B18..7B1B]  :   01100110;
	[7B1C..7B21]  :   01101000;
	7B22  :   01111100;
	[7B23..7B3C]  :   10000101;
	7B3D  :   10000110;
	7B3E  :   10001000;
	7B3F  :   10001011;
	7B40  :   10001101;
	7B41  :   10111111;
	7B42  :   11101111;
	[7B43..7B68]  :   11111111;
	7B69  :   11111011;
	7B6A  :   11110010;
	7B6B  :   11101111;
	[7B6C..7B7A]  :   11101101;
	7B7B  :   11101110;
	7B7C  :   11110111;
	7B7D  :   11111001;
	[7B7E..7B9F]  :   11111111;
	7BA0  :   11101101;
	7BA1  :   11000110;
	[7BA2..7BA4]  :   11101101;
	7BA5  :   11110101;
	[7BA6..7BA7]  :   11111111;
	7BA8  :   11111101;
	7BA9  :   11111011;
	7BAA  :   11111000;
	7BAB  :   11110101;
	7BAC  :   11110011;
	7BAD  :   11101111;
	7BAE  :   11101000;
	7BAF  :   11100010;
	7BB0  :   11011100;
	7BB1  :   11010101;
	7BB2  :   11001111;
	7BB3  :   11001001;
	7BB4  :   11000100;
	[7BB5..7BB7]  :   11001001;
	7BB8  :   11001110;
	7BB9  :   11101110;
	[7BBA..7BC3]  :   11111111;
	7BC4  :   11000011;
	7BC5  :   01101100;
	[7BC6..7BDA]  :   01101000;
	7BDB  :   01100110;
	7BDC  :   01011010;
	[7BDD..7BE0]  :   01100000;
	[7BE1..7BE2]  :   01101000;
	7BE3  :   01100000;
	[7BE4..7BEC]  :   01101000;
	7BED  :   01110100;
	[7BEE..7C06]  :   10000101;
	7C07  :   10000110;
	[7C08..7C09]  :   10001011;
	7C0A  :   10001101;
	7C0B  :   10111001;
	7C0C  :   11101010;
	7C0D  :   11111110;
	[7C0E..7C34]  :   11111111;
	7C35  :   11111011;
	7C36  :   11101111;
	7C37  :   11110011;
	[7C38..7C46]  :   11101101;
	[7C47..7C48]  :   11110000;
	7C49  :   11111011;
	[7C4A..7C6B]  :   11111111;
	7C6C  :   11100000;
	7C6D  :   11001101;
	[7C6E..7C70]  :   11100000;
	7C71  :   11111010;
	[7C72..7C7C]  :   11111111;
	7C7D  :   11111110;
	[7C7E..7C7F]  :   11111101;
	7C80  :   11110110;
	[7C81..7C84]  :   11111100;
	[7C85..7C8E]  :   11111111;
	7C8F  :   11111110;
	7C90  :   10100100;
	7C91  :   01101111;
	[7C92..7CA5]  :   01101000;
	7CA6  :   01100110;
	[7CA7..7CAB]  :   01011100;
	[7CAC..7CAD]  :   01100111;
	7CAE  :   01100010;
	[7CAF..7CB2]  :   01100100;
	[7CB3..7CB7]  :   01101000;
	7CB8  :   01101110;
	7CB9  :   10000011;
	[7CBA..7CD1]  :   10000101;
	[7CD2..7CD3]  :   10001011;
	7CD4  :   10010110;
	7CD5  :   10111011;
	7CD6  :   11101010;
	[7CD7..7D00]  :   11111111;
	7D01  :   11111110;
	7D02  :   11110010;
	7D03  :   11110110;
	[7D04..7D12]  :   11101101;
	[7D13..7D14]  :   11110100;
	7D15  :   11111100;
	[7D16..7D36]  :   11111111;
	7D37  :   11111100;
	7D38  :   11010001;
	[7D39..7D3C]  :   11011011;
	7D3D  :   11111110;
	[7D3E..7D5A]  :   11111111;
	7D5B  :   11101100;
	7D5C  :   10000010;
	7D5D  :   01101011;
	[7D5E..7D70]  :   01101000;
	7D71  :   01100110;
	7D72  :   01011100;
	7D73  :   01011010;
	[7D74..7D76]  :   01011100;
	7D77  :   01100101;
	[7D78..7D79]  :   01100110;
	7D7A  :   01011101;
	[7D7B..7D7D]  :   01100110;
	[7D7E..7D82]  :   01101000;
	7D83  :   01101001;
	7D84  :   01111101;
	[7D85..7D9C]  :   10000101;
	7D9D  :   10001100;
	7D9E  :   10011010;
	7D9F  :   11000011;
	7DA0  :   11101111;
	[7DA1..7DCC]  :   11111111;
	7DCD  :   11111110;
	7DCE  :   11110100;
	7DCF  :   11111011;
	[7DD0..7DDE]  :   11101101;
	[7DDF..7DE0]  :   11111001;
	7DE1  :   11111110;
	[7DE2..7E02]  :   11111111;
	7E03  :   11110101;
	7E04  :   11001001;
	[7E05..7E08]  :   11101000;
	[7E09..7E26]  :   11111111;
	7E27  :   11011101;
	7E28  :   01101000;
	7E29  :   01101001;
	[7E2A..7E3B]  :   01101000;
	7E3C  :   01100110;
	7E3D  :   01011100;
	7E3E  :   01010111;
	[7E3F..7E41]  :   01011100;
	7E42  :   01100011;
	[7E43..7E44]  :   01101000;
	7E45  :   01011110;
	[7E46..7E49]  :   01100011;
	[7E4A..7E4B]  :   01100111;
	[7E4C..7E4E]  :   01101000;
	7E4F  :   01110111;
	[7E50..7E66]  :   10000101;
	7E67  :   10001000;
	7E68  :   10001011;
	7E69  :   10100100;
	7E6A  :   11101010;
	[7E6B..7E99]  :   11111111;
	7E9A  :   11110110;
	7E9B  :   11111011;
	7E9C  :   11101110;
	[7E9D..7EAA]  :   11101101;
	[7EAB..7EAC]  :   11111101;
	[7EAD..7ECE]  :   11111111;
	7ECF  :   11101000;
	7ED0  :   11000101;
	[7ED1..7ED3]  :   11101000;
	7ED4  :   11110001;
	[7ED5..7EF2]  :   11111111;
	7EF3  :   11000011;
	7EF4  :   01101101;
	[7EF5..7F06]  :   01101000;
	7F07  :   01100110;
	7F08  :   01011100;
	7F09  :   01010111;
	[7F0A..7F0C]  :   01011100;
	7F0D  :   01100001;
	[7F0E..7F0F]  :   01101000;
	7F10  :   01100010;
	7F11  :   01011011;
	[7F12..7F14]  :   01100010;
	[7F15..7F19]  :   01101000;
	7F1A  :   01110011;
	[7F1B..7F31]  :   10000101;
	[7F32..7F33]  :   10001001;
	7F34  :   10110001;
	7F35  :   11110100;
	[7F36..7F65]  :   11111111;
	7F66  :   11111010;
	7F67  :   11101110;
	7F68  :   11110001;
	[7F69..7F75]  :   11101101;
	7F76  :   11101111;
	7F77  :   11110010;
	7F78  :   11111000;
	[7F79..7F9A]  :   11111111;
	7F9B  :   11010111;
	7F9C  :   11010000;
	[7F9D..7F9F]  :   11010111;
	7FA0  :   11111001;
	[7FA1..7FBD]  :   11111111;
	7FBE  :   11111101;
	7FBF  :   10100111;
	7FC0  :   01101011;
	[7FC1..7FD1]  :   01101000;
	7FD2  :   01100110;
	7FD3  :   01011011;
	7FD4  :   01010110;
	[7FD5..7FD7]  :   01011011;
	7FD8  :   01011110;
	[7FD9..7FDA]  :   01101000;
	7FDB  :   01100101;
	7FDC  :   01011010;
	[7FDD..7FE0]  :   01100011;
	[7FE1..7FE4]  :   01101000;
	7FE5  :   01101110;
	7FE6  :   10000010;
	[7FE7..7FFC]  :   10000101;
	7FFD  :   10001100;
	7FFE  :   10010000;
	7FFF  :   11000111;
	8000  :   11111100;
	[8001..8031]  :   11111111;
	8032  :   11111100;
	8033  :   11110001;
	8034  :   11110110;
	[8035..8041]  :   11101101;
	[8042..8043]  :   11110011;
	8044  :   11111011;
	[8045..8065]  :   11111111;
	8066  :   11111101;
	8067  :   11001110;
	[8068..806B]  :   11011100;
	[806C..8089]  :   11111111;
	808A  :   11111001;
	808B  :   10010010;
	808C  :   01101011;
	[808D..809C]  :   01101000;
	809D  :   01100101;
	809E  :   01011011;
	809F  :   01010111;
	[80A0..80A2]  :   01011011;
	80A3  :   01011101;
	[80A4..80A6]  :   01100111;
	80A7  :   01011100;
	[80A8..80AB]  :   01011101;
	[80AC..80AD]  :   01100111;
	[80AE..80AF]  :   01101000;
	80B0  :   01101011;
	80B1  :   01111111;
	[80B2..80C6]  :   10000101;
	80C7  :   10000111;
	80C8  :   10001100;
	80C9  :   10011000;
	80CA  :   11011101;
	[80CB..80FE]  :   11111111;
	80FF  :   11110011;
	8100  :   11111011;
	[8101..810D]  :   11101101;
	[810E..810F]  :   11111001;
	8110  :   11111101;
	[8111..8131]  :   11111111;
	8132  :   11110010;
	8133  :   11001000;
	[8134..8137]  :   11100101;
	[8138..8143]  :   11111111;
	8144  :   11110010;
	8145  :   11110000;
	[8146..8148]  :   11110010;
	8149  :   11111110;
	[814A..8155]  :   11111111;
	8156  :   11110101;
	8157  :   10000000;
	8158  :   01101010;
	[8159..8167]  :   01101000;
	8168  :   01100100;
	8169  :   01011010;
	816A  :   01010110;
	[816B..816D]  :   01011010;
	816E  :   01011011;
	816F  :   01100110;
	[8170..8171]  :   01101000;
	8172  :   01011110;
	8173  :   01011000;
	[8174..8176]  :   01011110;
	8177  :   01100100;
	8178  :   01100111;
	8179  :   01101000;
	[817A..817B]  :   01101001;
	817C  :   01111100;
	[817D..8191]  :   10000101;
	[8192..8193]  :   10001001;
	8194  :   10110011;
	8195  :   11101111;
	[8196..81CA]  :   11111111;
	81CB  :   11110101;
	81CC  :   11110011;
	81CD  :   11101111;
	[81CE..81D8]  :   11101101;
	81D9  :   11101110;
	[81DA..81DB]  :   11111001;
	[81DC..81FD]  :   11111111;
	81FE  :   11100011;
	81FF  :   11000110;
	[8200..8202]  :   11100011;
	8203  :   11101111;
	[8204..820D]  :   11111111;
	820E  :   11111110;
	820F  :   11100001;
	8210  :   11000110;
	8211  :   11000101;
	[8212..8214]  :   11000110;
	8215  :   11100001;
	[8216..8221]  :   11111111;
	8222  :   11110011;
	8223  :   01110101;
	8224  :   01101010;
	[8225..8232]  :   01101000;
	8233  :   01100011;
	8234  :   01011001;
	8235  :   01010111;
	[8236..8238]  :   01011001;
	8239  :   01011011;
	823A  :   01100110;
	[823B..823C]  :   01101000;
	823D  :   01100010;
	823E  :   01010111;
	[823F..8242]  :   01100000;
	8243  :   01100111;
	[8244..8246]  :   01101000;
	8247  :   01111010;
	[8248..825B]  :   10000101;
	825C  :   10001000;
	825D  :   10001011;
	825E  :   10010011;
	825F  :   11010010;
	8260  :   11111100;
	[8261..8296]  :   11111111;
	8297  :   11111001;
	8298  :   11101111;
	8299  :   11110010;
	[829A..82A4]  :   11101101;
	[82A5..82A6]  :   11110001;
	82A7  :   11111000;
	[82A8..82C9]  :   11111111;
	82CA  :   11010100;
	82CB  :   11001111;
	[82CC..82CE]  :   11010100;
	82CF  :   11111011;
	[82D0..82D9]  :   11111111;
	82DA  :   11100101;
	82DB  :   11000100;
	82DC  :   11000111;
	82DD  :   11000100;
	[82DE..82DF]  :   11000111;
	[82E0..82E1]  :   11001000;
	82E2  :   11101111;
	[82E3..82ED]  :   11111111;
	82EE  :   11110010;
	82EF  :   01101111;
	82F0  :   01101010;
	[82F1..82FD]  :   01101000;
	82FE  :   01100001;
	82FF  :   01011000;
	8300  :   01010111;
	[8301..8303]  :   01011000;
	8304  :   01011100;
	8305  :   01100110;
	[8306..8307]  :   01101000;
	8308  :   01100010;
	8309  :   01011000;
	[830A..830D]  :   01011011;
	830E  :   01100111;
	[830F..8311]  :   01101000;
	8312  :   01111000;
	[8313..8326]  :   10000101;
	[8327..8328]  :   10001011;
	8329  :   10101101;
	832A  :   11101011;
	[832B..8362]  :   11111111;
	8363  :   11111101;
	8364  :   11101111;
	8365  :   11110101;
	[8366..8370]  :   11101101;
	[8371..8372]  :   11110100;
	8373  :   11111011;
	[8374..8394]  :   11111111;
	8395  :   11110110;
	8396  :   11001100;
	[8397..839A]  :   11011000;
	[839B..83A4]  :   11111111;
	83A5  :   11110111;
	83A6  :   11001100;
	83A7  :   11001000;
	83A8  :   11000001;
	[83A9..83AC]  :   11000010;
	83AD  :   11000111;
	83AE  :   11011110;
	[83AF..83B9]  :   11111111;
	83BA  :   11110010;
	83BB  :   01110011;
	83BC  :   01101010;
	[83BD..83C7]  :   01101000;
	83C8  :   01100111;
	83C9  :   01011110;
	[83CA..83CE]  :   01010111;
	83CF  :   01011101;
	83D0  :   01100110;
	[83D1..83D2]  :   01101000;
	83D3  :   01100100;
	[83D4..83D8]  :   01011000;
	83D9  :   01100011;
	[83DA..83DB]  :   01101000;
	83DC  :   01101001;
	83DD  :   01111000;
	[83DE..83F0]  :   10000101;
	83F1  :   10000111;
	83F2  :   10001100;
	83F3  :   10011011;
	83F4  :   11010000;
	83F5  :   11111100;
	[83F6..842F]  :   11111111;
	[8430..8431]  :   11110011;
	8432  :   11101110;
	[8433..843B]  :   11101101;
	843C  :   11101110;
	[843D..843E]  :   11110100;
	[843F..8460]  :   11111111;
	8461  :   11101011;
	8462  :   11000010;
	[8463..8466]  :   11100100;
	[8467..8470]  :   11111111;
	8471  :   11100110;
	8472  :   11000010;
	8473  :   11000011;
	[8474..8478]  :   11000001;
	8479  :   11001010;
	847A  :   11011001;
	[847B..8485]  :   11111111;
	8486  :   11110101;
	8487  :   10000000;
	8488  :   01101010;
	[8489..8492]  :   01101000;
	8493  :   01100100;
	8494  :   01011011;
	8495  :   01010110;
	[8496..8499]  :   01011000;
	849A  :   01100000;
	[849B..849D]  :   01101000;
	849E  :   01100100;
	849F  :   01011010;
	84A0  :   01010111;
	[84A1..84A3]  :   01011010;
	84A4  :   01011110;
	[84A5..84A6]  :   01101000;
	84A7  :   01101001;
	84A8  :   01111001;
	[84A9..84BA]  :   10000101;
	84BB  :   10000111;
	[84BC..84BD]  :   10001010;
	84BE  :   10110110;
	84BF  :   11101101;
	[84C0..84FB]  :   11111111;
	84FC  :   11111001;
	84FD  :   11110000;
	84FE  :   11101111;
	[84FF..8507]  :   11101101;
	8508  :   11101111;
	8509  :   11110000;
	850A  :   11111000;
	[850B..852C]  :   11111111;
	852D  :   11011111;
	852E  :   11001101;
	[852F..8531]  :   11011111;
	8532  :   11110101;
	[8533..853C]  :   11111111;
	853D  :   11011100;
	853E  :   11001010;
	[853F..8544]  :   11000001;
	8545  :   11001010;
	8546  :   11010111;
	[8547..8551]  :   11111111;
	8552  :   11111100;
	8553  :   10011101;
	8554  :   01101100;
	[8555..855C]  :   01101000;
	[855D..855E]  :   01101011;
	855F  :   01100000;
	8560  :   01011000;
	[8561..8564]  :   01011100;
	8565  :   01100100;
	[8566..8568]  :   01101000;
	8569  :   01100011;
	856A  :   01011001;
	856B  :   01010111;
	[856C..856E]  :   01011001;
	856F  :   01011010;
	8570  :   01100101;
	8571  :   01100111;
	8572  :   01101100;
	8573  :   01111011;
	[8574..8585]  :   10000101;
	[8586..8587]  :   10001010;
	8588  :   10011111;
	8589  :   11011100;
	858A  :   11111110;
	[858B..85C7]  :   11111111;
	85C8  :   11111101;
	85C9  :   11101111;
	85CA  :   11110010;
	[85CB..85D3]  :   11101101;
	[85D4..85D5]  :   11110001;
	85D6  :   11111100;
	[85D7..85F7]  :   11111111;
	85F8  :   11111000;
	85F9  :   11001111;
	85FA  :   11001010;
	[85FB..85FD]  :   11001111;
	85FE  :   11101101;
	85FF  :   11110010;
	8600  :   11110101;
	8601  :   11111000;
	8602  :   11111011;
	8603  :   11111110;
	[8604..8608]  :   11111111;
	8609  :   11011010;
	860A  :   11001010;
	[860B..860F]  :   11000001;
	8610  :   11000010;
	8611  :   11000110;
	8612  :   11011110;
	[8613..861E]  :   11111111;
	861F  :   11001011;
	8620  :   01101011;
	8621  :   01101010;
	[8622..8626]  :   01101000;
	8627  :   01101010;
	[8628..8629]  :   01101110;
	[862A..862B]  :   10000111;
	862C  :   01100100;
	[862D..8631]  :   01101000;
	8632  :   01100111;
	8633  :   01101000;
	8634  :   01100111;
	8635  :   01100110;
	8636  :   01010101;
	[8637..863A]  :   01010110;
	863B  :   01100000;
	863C  :   01101001;
	863D  :   01110001;
	863E  :   10000000;
	[863F..864F]  :   10000101;
	8650  :   10001000;
	8651  :   10001100;
	8652  :   10010010;
	8653  :   11000101;
	8654  :   11111000;
	[8655..8693]  :   11111111;
	8694  :   11111110;
	8695  :   11110110;
	8696  :   11111001;
	[8697..869F]  :   11101101;
	[86A0..86A1]  :   11110110;
	86A2  :   11111110;
	[86A3..86C3]  :   11111111;
	86C4  :   11101110;
	86C5  :   11001000;
	[86C6..86C9]  :   11000101;
	[86CA..86CB]  :   11000111;
	86CC  :   11001000;
	86CD  :   11001101;
	86CE  :   11010010;
	86CF  :   11010111;
	86D0  :   11011100;
	86D1  :   11100010;
	86D2  :   11100111;
	[86D3..86D4]  :   11101100;
	86D5  :   11011100;
	86D6  :   11001000;
	[86D7..86DB]  :   11000001;
	86DC  :   11000101;
	86DD  :   11001000;
	86DE  :   11101110;
	[86DF..86EA]  :   11111111;
	86EB  :   11111001;
	86EC  :   10101000;
	86ED  :   01101110;
	86EE  :   01101111;
	[86EF..86F1]  :   01101110;
	86F2  :   01101111;
	86F3  :   01110100;
	86F4  :   10011010;
	[86F5..86F6]  :   11001101;
	86F7  :   11000101;
	86F8  :   01101101;
	86F9  :   01101010;
	[86FA..86FC]  :   01101000;
	86FD  :   01100111;
	[86FE..8700]  :   01101000;
	[8701..8702]  :   01101100;
	8703  :   01100100;
	[8704..8706]  :   01101100;
	8707  :   01110010;
	8708  :   01111100;
	8709  :   10000100;
	[870A..8719]  :   10000101;
	871A  :   10000110;
	[871B..871C]  :   10001011;
	871D  :   10110011;
	871E  :   11101001;
	[871F..8760]  :   11111111;
	8761  :   11111010;
	8762  :   11101110;
	8763  :   11110000;
	[8764..876A]  :   11101101;
	876B  :   11101111;
	876C  :   11110010;
	876D  :   11111000;
	[876E..878F]  :   11111111;
	8790  :   11110001;
	8791  :   11001100;
	8792  :   11001000;
	8793  :   11001010;
	8794  :   11000111;
	8795  :   11000101;
	[8796..8799]  :   11000111;
	[879A..879C]  :   11001001;
	879D  :   11000101;
	[879E..879F]  :   11001001;
	[87A0..87A1]  :   11000101;
	87A2  :   11000011;
	87A3  :   11000001;
	[87A4..87A7]  :   11000011;
	87A8  :   11001000;
	87A9  :   11010110;
	87AA  :   11111110;
	[87AB..87B7]  :   11111111;
	87B8  :   11110110;
	87B9  :   11001101;
	87BA  :   10110001;
	[87BB..87BE]  :   11000100;
	87BF  :   11100000;
	87C0  :   11111100;
	[87C1..87C2]  :   11111111;
	87C3  :   11110100;
	87C4  :   10010101;
	87C5  :   01101010;
	[87C6..87CA]  :   01100111;
	87CB  :   01101101;
	87CC  :   01111010;
	[87CD..87CE]  :   10000101;
	87CF  :   10000000;
	87D0  :   10000110;
	[87D1..87E3]  :   10000101;
	87E4  :   10000111;
	[87E5..87E6]  :   10001001;
	87E7  :   10101001;
	87E8  :   11011110;
	87E9  :   11111100;
	[87EA..882C]  :   11111111;
	882D  :   11111110;
	882E  :   11110101;
	882F  :   11111011;
	[8830..8836]  :   11101101;
	[8837..8838]  :   11111000;
	8839  :   11111101;
	[883A..885B]  :   11111111;
	885C  :   11111101;
	885D  :   11111010;
	[885E..885F]  :   11111000;
	8860  :   11110111;
	8861  :   11110101;
	8862  :   11110000;
	8863  :   11101001;
	8864  :   11100011;
	8865  :   11011100;
	8866  :   11010110;
	8867  :   11010000;
	8868  :   11001010;
	8869  :   11000110;
	886A  :   11000011;
	[886B..8870]  :   11000101;
	8871  :   11000111;
	[8872..8873]  :   11001001;
	8874  :   11001100;
	8875  :   11110101;
	[8876..888F]  :   11111111;
	8890  :   11110010;
	8891  :   10011001;
	8892  :   01110011;
	[8893..8896]  :   01111001;
	8897  :   10000001;
	[8898..88AD]  :   10000101;
	88AE  :   10000110;
	[88AF..88B0]  :   10001011;
	88B1  :   10011011;
	88B2  :   11010100;
	88B3  :   11111010;
	[88B4..88F9]  :   11111111;
	88FA  :   11111001;
	[88FB..88FC]  :   11110011;
	[88FD..8901]  :   11101101;
	[8902..8903]  :   11110010;
	8904  :   11111000;
	[8905..8933]  :   11111111;
	8934  :   11111101;
	8935  :   11111001;
	8936  :   11110011;
	8937  :   11101101;
	8938  :   11100111;
	8939  :   11100001;
	893A  :   11011010;
	893B  :   11010011;
	[893C..893E]  :   11011010;
	893F  :   11011100;
	8940  :   11110111;
	[8941..895B]  :   11111111;
	895C  :   11101111;
	895D  :   10011011;
	895E  :   10001010;
	[895F..8960]  :   10000110;
	[8961..8978]  :   10000101;
	8979  :   10001001;
	897A  :   10001011;
	897B  :   10010111;
	897C  :   11000111;
	897D  :   11110111;
	[897E..89C6]  :   11111111;
	89C7  :   11110101;
	89C8  :   11111001;
	89C9  :   11101111;
	89CA  :   11101110;
	[89CB..89CD]  :   11101111;
	[89CE..89CF]  :   11111010;
	89D0  :   11111110;
	[89D1..8A27]  :   11111111;
	8A28  :   10111101;
	8A29  :   10001100;
	8A2A  :   10000110;
	[8A2B..8A42]  :   10000101;
	8A43  :   10000111;
	8A44  :   10001100;
	8A45  :   10001111;
	8A46  :   10111101;
	8A47  :   11101101;
	[8A48..8A92]  :   11111111;
	8A93  :   11111100;
	8A94  :   11110100;
	8A95  :   11111011;
	8A96  :   11110100;
	8A97  :   11111011;
	8A98  :   11110100;
	[8A99..8A9B]  :   11111011;
	[8A9C..8AF2]  :   11111111;
	8AF3  :   11100101;
	8AF4  :   10010000;
	8AF5  :   10001001;
	[8AF6..8B0C]  :   10000101;
	8B0D  :   10001000;
	[8B0E..8B0F]  :   10001001;
	8B10  :   10110001;
	8B11  :   11100101;
	8B12  :   11111101;
	[8B13..8B5F]  :   11111111;
	8B60  :   11111100;
	8B61  :   11110100;
	8B62  :   11110011;
	[8B63..8B65]  :   11110100;
	8B66  :   11111011;
	[8B67..8BBD]  :   11111111;
	8BBE  :   11111011;
	8BBF  :   10110100;
	8BC0  :   10001100;
	[8BC1..8BD6]  :   10000101;
	8BD7  :   10001001;
	[8BD8..8BD9]  :   10001011;
	8BDA  :   10101011;
	8BDB  :   11100000;
	8BDC  :   11111100;
	[8BDD..8C2C]  :   11111111;
	[8C2D..8C31]  :   11111110;
	[8C32..8C89]  :   11111111;
	8C8A  :   11100011;
	8C8B  :   10001001;
	8C8C  :   10000111;
	[8C8D..8CA0]  :   10000101;
	8CA1  :   10000111;
	[8CA2..8CA3]  :   10001110;
	8CA4  :   10101010;
	8CA5  :   11011110;
	8CA6  :   11111110;
	[8CA7..8D55]  :   11111111;
	8D56  :   10101110;
	8D57  :   10001001;
	[8D58..8D6A]  :   10000101;
	8D6B  :   10000111;
	8D6C  :   10001011;
	8D6D  :   10001101;
	8D6E  :   10101010;
	8D6F  :   11011001;
	[8D70..8E20]  :   11111111;
	8E21  :   11100000;
	8E22  :   10010000;
	8E23  :   10001001;
	[8E24..8E34]  :   10000101;
	8E35  :   10000110;
	[8E36..8E37]  :   10001001;
	8E38  :   10101000;
	8E39  :   11011011;
	8E3A  :   11111010;
	[8E3B..8EEC]  :   11111111;
	8EED  :   10110100;
	8EEE  :   10001011;
	[8EEF..8EFE]  :   10000101;
	8EFF  :   10001000;
	[8F00..8F01]  :   10001011;
	8F02  :   10100101;
	8F03  :   11011001;
	8F04  :   11111001;
	[8F05..8FB7]  :   11111111;
	8FB8  :   11101001;
	8FB9  :   10011000;
	8FBA  :   10001011;
	[8FBB..8FC8]  :   10000101;
	8FC9  :   10001000;
	8FCA  :   10001110;
	8FCB  :   10010001;
	8FCC  :   10101100;
	8FCD  :   11011100;
	8FCE  :   11111101;
	[8FCF..9083]  :   11111111;
	9084  :   11001011;
	9085  :   10001010;
	9086  :   10000110;
	[9087..9091]  :   10000101;
	9092  :   10000110;
	9093  :   10001000;
	9094  :   10001100;
	9095  :   10001111;
	9096  :   10110111;
	9097  :   11100001;
	9098  :   11111110;
	[9099..914E]  :   11111111;
	914F  :   11111100;
	9150  :   10110010;
	9151  :   10001110;
	[9152..915B]  :   10000101;
	915C  :   10001000;
	[915D..915E]  :   10001010;
	915F  :   10010000;
	9160  :   10111110;
	9161  :   11100111;
	9162  :   11111101;
	[9163..921A]  :   11111111;
	921B  :   11101111;
	921C  :   10011010;
	921D  :   10001001;
	[921E..9225]  :   10000101;
	9226  :   10001000;
	[9227..9228]  :   10001100;
	9229  :   10011001;
	922A  :   11000100;
	922B  :   11101111;
	[922C..92E6]  :   11111111;
	92E7  :   11100111;
	92E8  :   10001101;
	92E9  :   10001000;
	[92EA..92EE]  :   10000101;
	92EF  :   10000110;
	92F0  :   10001100;
	92F1  :   10001101;
	92F2  :   10001110;
	92F3  :   10101010;
	92F4  :   11010011;
	92F5  :   11110111;
	[92F6..93B2]  :   11111111;
	93B3  :   11101010;
	93B4  :   10010101;
	93B5  :   10001100;
	[93B6..93B9]  :   10001001;
	[93BA..93BB]  :   10001011;
	93BC  :   10011110;
	93BD  :   11000000;
	93BE  :   11100011;
	93BF  :   11111011;
	[93C0..947F]  :   11111111;
	9480  :   11001001;
	9481  :   10001111;
	[9482..9485]  :   10100011;
	9486  :   11000001;
	9487  :   11011110;
	9488  :   11110011;
	[9489..954B]  :   11111111;
	954C  :   11111100;
	954D  :   11110100;
	[954E..9551]  :   11111001;
	9552  :   11111110;
	[9553..A1C3]  :   11111111;
	[A1C4..A28F]  :   00000000;
END;
