Timing Analyzer report for top
Sat Nov 29 12:49:48 2025
Quartus Prime Version 20.1.1 Build 720 11/11/2020 SJ Lite Edition


---------------------
; Table of Contents ;
---------------------
  1. Legal Notice
  2. Timing Analyzer Summary
  3. Parallel Compilation
  4. Clocks
  5. Slow 1200mV 85C Model Fmax Summary
  6. Timing Closure Recommendations
  7. Slow 1200mV 85C Model Setup Summary
  8. Slow 1200mV 85C Model Hold Summary
  9. Slow 1200mV 85C Model Recovery Summary
 10. Slow 1200mV 85C Model Removal Summary
 11. Slow 1200mV 85C Model Minimum Pulse Width Summary
 12. Slow 1200mV 85C Model Setup: 'altera_reserved_tck'
 13. Slow 1200mV 85C Model Hold: 'altera_reserved_tck'
 14. Slow 1200mV 85C Model Recovery: 'altera_reserved_tck'
 15. Slow 1200mV 85C Model Removal: 'altera_reserved_tck'
 16. Slow 1200mV 85C Model Metastability Summary
 17. Slow 1200mV 0C Model Fmax Summary
 18. Slow 1200mV 0C Model Setup Summary
 19. Slow 1200mV 0C Model Hold Summary
 20. Slow 1200mV 0C Model Recovery Summary
 21. Slow 1200mV 0C Model Removal Summary
 22. Slow 1200mV 0C Model Minimum Pulse Width Summary
 23. Slow 1200mV 0C Model Setup: 'altera_reserved_tck'
 24. Slow 1200mV 0C Model Hold: 'altera_reserved_tck'
 25. Slow 1200mV 0C Model Recovery: 'altera_reserved_tck'
 26. Slow 1200mV 0C Model Removal: 'altera_reserved_tck'
 27. Slow 1200mV 0C Model Metastability Summary
 28. Fast 1200mV 0C Model Setup Summary
 29. Fast 1200mV 0C Model Hold Summary
 30. Fast 1200mV 0C Model Recovery Summary
 31. Fast 1200mV 0C Model Removal Summary
 32. Fast 1200mV 0C Model Minimum Pulse Width Summary
 33. Fast 1200mV 0C Model Setup: 'altera_reserved_tck'
 34. Fast 1200mV 0C Model Hold: 'altera_reserved_tck'
 35. Fast 1200mV 0C Model Recovery: 'altera_reserved_tck'
 36. Fast 1200mV 0C Model Removal: 'altera_reserved_tck'
 37. Fast 1200mV 0C Model Metastability Summary
 38. Multicorner Timing Analysis Summary
 39. Board Trace Model Assignments
 40. Input Transition Times
 41. Signal Integrity Metrics (Slow 1200mv 0c Model)
 42. Signal Integrity Metrics (Slow 1200mv 85c Model)
 43. Signal Integrity Metrics (Fast 1200mv 0c Model)
 44. Setup Transfers
 45. Hold Transfers
 46. Recovery Transfers
 47. Removal Transfers
 48. Report TCCS
 49. Report RSKM
 50. Unconstrained Paths Summary
 51. Clock Status Summary
 52. Unconstrained Input Ports
 53. Unconstrained Output Ports
 54. Unconstrained Input Ports
 55. Unconstrained Output Ports
 56. Timing Analyzer Messages



----------------
; Legal Notice ;
----------------
Copyright (C) 2020  Intel Corporation. All rights reserved.
Your use of Intel Corporation's design tools, logic functions 
and other software and tools, and any partner logic 
functions, and any output files from any of the foregoing 
(including device programming or simulation files), and any 
associated documentation or information are expressly subject 
to the terms and conditions of the Intel Program License 
Subscription Agreement, the Intel Quartus Prime License Agreement,
the Intel FPGA IP License Agreement, or other applicable license
agreement, including, without limitation, that your use is for
the sole purpose of programming logic devices manufactured by
Intel and sold by Intel or its authorized distributors.  Please
refer to the applicable agreement for further details, at
https://fpgasoftware.intel.com/eula.



+-----------------------------------------------------------------------------+
; Timing Analyzer Summary                                                     ;
+-----------------------+-----------------------------------------------------+
; Quartus Prime Version ; Version 20.1.1 Build 720 11/11/2020 SJ Lite Edition ;
; Timing Analyzer       ; Legacy Timing Analyzer                              ;
; Revision Name         ; top                                                 ;
; Device Family         ; Cyclone IV E                                        ;
; Device Name           ; EP4CE115F29C7                                       ;
; Timing Models         ; Final                                               ;
; Delay Model           ; Combined                                            ;
; Rise/Fall Delays      ; Enabled                                             ;
+-----------------------+-----------------------------------------------------+


+------------------------------------------+
; Parallel Compilation                     ;
+----------------------------+-------------+
; Processors                 ; Number      ;
+----------------------------+-------------+
; Number detected on machine ; 4           ;
; Maximum allowed            ; 2           ;
;                            ;             ;
; Average used               ; 1.05        ;
; Maximum used               ; 2           ;
;                            ;             ;
; Usage by Processor         ; % Time Used ;
;     Processor 1            ; 100.0%      ;
;     Processor 2            ;   4.6%      ;
+----------------------------+-------------+


+-----------------------------------------------------------------------------------------------------------------------------------------------------------------------------------------------------------+
; Clocks                                                                                                                                                                                                    ;
+---------------------+------+---------+-----------+-------+--------+------------+-----------+-------------+-------+--------+-----------+------------+----------+--------+--------+-------------------------+
; Clock Name          ; Type ; Period  ; Frequency ; Rise  ; Fall   ; Duty Cycle ; Divide by ; Multiply by ; Phase ; Offset ; Edge List ; Edge Shift ; Inverted ; Master ; Source ; Targets                 ;
+---------------------+------+---------+-----------+-------+--------+------------+-----------+-------------+-------+--------+-----------+------------+----------+--------+--------+-------------------------+
; altera_reserved_tck ; Base ; 100.000 ; 10.0 MHz  ; 0.000 ; 50.000 ;            ;           ;             ;       ;        ;           ;            ;          ;        ;        ; { altera_reserved_tck } ;
+---------------------+------+---------+-----------+-------+--------+------------+-----------+-------------+-------+--------+-----------+------------+----------+--------+--------+-------------------------+


+-----------------------------------------------------------+
; Slow 1200mV 85C Model Fmax Summary                        ;
+------------+-----------------+---------------------+------+
; Fmax       ; Restricted Fmax ; Clock Name          ; Note ;
+------------+-----------------+---------------------+------+
; 105.82 MHz ; 105.82 MHz      ; altera_reserved_tck ;      ;
+------------+-----------------+---------------------+------+
This panel reports FMAX for every clock in the design, regardless of the user-specified clock periods.  FMAX is only computed for paths where the source and destination registers or ports are driven by the same clock.  Paths of different clocks, including generated clocks, are ignored.  For paths between a clock and its inversion, FMAX is computed as if the rising and falling edges are scaled along with FMAX, such that the duty cycle (in terms of a percentage) is maintained. Altera recommends that you always use clock constraints and other slack reports for sign-off analysis.


----------------------------------
; Timing Closure Recommendations ;
----------------------------------
HTML report is unavailable in plain text report export.


+----------------------------------------------+
; Slow 1200mV 85C Model Setup Summary          ;
+---------------------+--------+---------------+
; Clock               ; Slack  ; End Point TNS ;
+---------------------+--------+---------------+
; altera_reserved_tck ; 45.275 ; 0.000         ;
+---------------------+--------+---------------+


+---------------------------------------------+
; Slow 1200mV 85C Model Hold Summary          ;
+---------------------+-------+---------------+
; Clock               ; Slack ; End Point TNS ;
+---------------------+-------+---------------+
; altera_reserved_tck ; 0.402 ; 0.000         ;
+---------------------+-------+---------------+


+----------------------------------------------+
; Slow 1200mV 85C Model Recovery Summary       ;
+---------------------+--------+---------------+
; Clock               ; Slack  ; End Point TNS ;
+---------------------+--------+---------------+
; altera_reserved_tck ; 97.507 ; 0.000         ;
+---------------------+--------+---------------+


+---------------------------------------------+
; Slow 1200mV 85C Model Removal Summary       ;
+---------------------+-------+---------------+
; Clock               ; Slack ; End Point TNS ;
+---------------------+-------+---------------+
; altera_reserved_tck ; 1.063 ; 0.000         ;
+---------------------+-------+---------------+


+---------------------------------------------------+
; Slow 1200mV 85C Model Minimum Pulse Width Summary ;
+---------------------+--------+--------------------+
; Clock               ; Slack  ; End Point TNS      ;
+---------------------+--------+--------------------+
; altera_reserved_tck ; 49.568 ; 0.000              ;
+---------------------+--------+--------------------+


+--------------------------------------------------------------------------------------------------------------------------------------------------------------------------------------------------------------------------------------------------------------------------------------------------------------------------------------------------------------------------------------------------------------------------------------------------------------------------------------------------------------------------------------------------------------------------------------------------------------------------------------------------------------------------------------------------------------------------------------------------------------------------+
; Slow 1200mV 85C Model Setup: 'altera_reserved_tck'                                                                                                                                                                                                                                                                                                                                                                                                                                                                                                                                                                                                                                                                                                                       ;
+--------+-----------------------------------------------------------------------------------------------------------------------------------------------------------------------------------------------------------------------------------------------------------------------------------------------------------------------------------------------------+----------------------------------------------------------------------------------------------------------------------------------------------------------------------------------------------------------------------------------------------------------------------------------------------------------------------+---------------------+---------------------+--------------+------------+------------+
; Slack  ; From Node                                                                                                                                                                                                                                                                                                                                           ; To Node                                                                                                                                                                                                                                                                                                              ; Launch Clock        ; Latch Clock         ; Relationship ; Clock Skew ; Data Delay ;
+--------+-----------------------------------------------------------------------------------------------------------------------------------------------------------------------------------------------------------------------------------------------------------------------------------------------------------------------------------------------------+----------------------------------------------------------------------------------------------------------------------------------------------------------------------------------------------------------------------------------------------------------------------------------------------------------------------+---------------------+---------------------+--------------+------------+------------+
; 45.275 ; RAM_IMG:RAM_INST|altsyncram:altsyncram_component|altsyncram_0kh1:auto_generated|sld_mod_ram_rom:mgl_prim2|ram_rom_data_reg[0]                                                                                                                                                                                                                       ; sld_hub:auto_hub|alt_sld_fab_with_jtag_input:\instrumentation_fabric_with_node_gen:fabric_gen_new_way:with_jtag_input_gen:instrumentation_fabric|alt_sld_fab:instrumentation_fabric|alt_sld_fab_alt_sld_fab:alt_sld_fab|alt_sld_fab_alt_sld_fab_sldfabric:sldfabric|sld_jtag_hub:\jtag_hub_gen:real_sld_jtag_hub|tdo ; altera_reserved_tck ; altera_reserved_tck ; 50.000       ; 0.037      ; 4.780      ;
; 45.675 ; sld_hub:auto_hub|alt_sld_fab_with_jtag_input:\instrumentation_fabric_with_node_gen:fabric_gen_new_way:with_jtag_input_gen:instrumentation_fabric|alt_sld_fab:instrumentation_fabric|alt_sld_fab_alt_sld_fab:alt_sld_fab|alt_sld_fab_alt_sld_fab_sldfabric:sldfabric|sld_jtag_hub:\jtag_hub_gen:real_sld_jtag_hub|irsr_reg[2]                        ; sld_hub:auto_hub|alt_sld_fab_with_jtag_input:\instrumentation_fabric_with_node_gen:fabric_gen_new_way:with_jtag_input_gen:instrumentation_fabric|alt_sld_fab:instrumentation_fabric|alt_sld_fab_alt_sld_fab:alt_sld_fab|alt_sld_fab_alt_sld_fab_sldfabric:sldfabric|sld_jtag_hub:\jtag_hub_gen:real_sld_jtag_hub|tdo ; altera_reserved_tck ; altera_reserved_tck ; 50.000       ; 0.047      ; 4.390      ;
; 46.137 ; sld_hub:auto_hub|alt_sld_fab_with_jtag_input:\instrumentation_fabric_with_node_gen:fabric_gen_new_way:with_jtag_input_gen:instrumentation_fabric|alt_sld_fab:instrumentation_fabric|alt_sld_fab_alt_sld_fab:alt_sld_fab|alt_sld_fab_alt_sld_fab_sldfabric:sldfabric|sld_jtag_hub:\jtag_hub_gen:real_sld_jtag_hub|irsr_reg[0]                        ; sld_hub:auto_hub|alt_sld_fab_with_jtag_input:\instrumentation_fabric_with_node_gen:fabric_gen_new_way:with_jtag_input_gen:instrumentation_fabric|alt_sld_fab:instrumentation_fabric|alt_sld_fab_alt_sld_fab:alt_sld_fab|alt_sld_fab_alt_sld_fab_sldfabric:sldfabric|sld_jtag_hub:\jtag_hub_gen:real_sld_jtag_hub|tdo ; altera_reserved_tck ; altera_reserved_tck ; 50.000       ; 0.047      ; 3.928      ;
; 46.138 ; sld_hub:auto_hub|alt_sld_fab_with_jtag_input:\instrumentation_fabric_with_node_gen:fabric_gen_new_way:with_jtag_input_gen:instrumentation_fabric|alt_sld_fab:instrumentation_fabric|alt_sld_fab_alt_sld_fab:alt_sld_fab|alt_sld_fab_alt_sld_fab_sldfabric:sldfabric|sld_jtag_hub:\jtag_hub_gen:real_sld_jtag_hub|irf_reg[1][2]                      ; sld_hub:auto_hub|alt_sld_fab_with_jtag_input:\instrumentation_fabric_with_node_gen:fabric_gen_new_way:with_jtag_input_gen:instrumentation_fabric|alt_sld_fab:instrumentation_fabric|alt_sld_fab_alt_sld_fab:alt_sld_fab|alt_sld_fab_alt_sld_fab_sldfabric:sldfabric|sld_jtag_hub:\jtag_hub_gen:real_sld_jtag_hub|tdo ; altera_reserved_tck ; altera_reserved_tck ; 50.000       ; 0.089      ; 3.969      ;
; 46.329 ; sld_hub:auto_hub|alt_sld_fab_with_jtag_input:\instrumentation_fabric_with_node_gen:fabric_gen_new_way:with_jtag_input_gen:instrumentation_fabric|alt_sld_fab:instrumentation_fabric|alt_sld_fab_alt_sld_fab:alt_sld_fab|alt_sld_fab_alt_sld_fab_sldfabric:sldfabric|sld_jtag_hub:\jtag_hub_gen:real_sld_jtag_hub|virtual_ir_scan_reg                ; sld_hub:auto_hub|alt_sld_fab_with_jtag_input:\instrumentation_fabric_with_node_gen:fabric_gen_new_way:with_jtag_input_gen:instrumentation_fabric|alt_sld_fab:instrumentation_fabric|alt_sld_fab_alt_sld_fab:alt_sld_fab|alt_sld_fab_alt_sld_fab_sldfabric:sldfabric|sld_jtag_hub:\jtag_hub_gen:real_sld_jtag_hub|tdo ; altera_reserved_tck ; altera_reserved_tck ; 50.000       ; 0.090      ; 3.779      ;
; 46.351 ; sld_hub:auto_hub|alt_sld_fab_with_jtag_input:\instrumentation_fabric_with_node_gen:fabric_gen_new_way:with_jtag_input_gen:instrumentation_fabric|alt_sld_fab:instrumentation_fabric|alt_sld_fab_alt_sld_fab:alt_sld_fab|alt_sld_fab_alt_sld_fab_sldfabric:sldfabric|sld_jtag_hub:\jtag_hub_gen:real_sld_jtag_hub|irf_reg[1][1]                      ; sld_hub:auto_hub|alt_sld_fab_with_jtag_input:\instrumentation_fabric_with_node_gen:fabric_gen_new_way:with_jtag_input_gen:instrumentation_fabric|alt_sld_fab:instrumentation_fabric|alt_sld_fab_alt_sld_fab:alt_sld_fab|alt_sld_fab_alt_sld_fab_sldfabric:sldfabric|sld_jtag_hub:\jtag_hub_gen:real_sld_jtag_hub|tdo ; altera_reserved_tck ; altera_reserved_tck ; 50.000       ; 0.089      ; 3.756      ;
; 46.361 ; sld_hub:auto_hub|alt_sld_fab_with_jtag_input:\instrumentation_fabric_with_node_gen:fabric_gen_new_way:with_jtag_input_gen:instrumentation_fabric|alt_sld_fab:instrumentation_fabric|alt_sld_fab_alt_sld_fab:alt_sld_fab|alt_sld_fab_alt_sld_fab_sldfabric:sldfabric|sld_jtag_hub:\jtag_hub_gen:real_sld_jtag_hub|sld_shadow_jsm:shadow_jsm|state[3] ; sld_hub:auto_hub|alt_sld_fab_with_jtag_input:\instrumentation_fabric_with_node_gen:fabric_gen_new_way:with_jtag_input_gen:instrumentation_fabric|alt_sld_fab:instrumentation_fabric|alt_sld_fab_alt_sld_fab:alt_sld_fab|alt_sld_fab_alt_sld_fab_sldfabric:sldfabric|sld_jtag_hub:\jtag_hub_gen:real_sld_jtag_hub|tdo ; altera_reserved_tck ; altera_reserved_tck ; 50.000       ; 0.088      ; 3.745      ;
; 46.526 ; sld_hub:auto_hub|alt_sld_fab_with_jtag_input:\instrumentation_fabric_with_node_gen:fabric_gen_new_way:with_jtag_input_gen:instrumentation_fabric|alt_sld_fab:instrumentation_fabric|alt_sld_fab_alt_sld_fab:alt_sld_fab|alt_sld_fab_alt_sld_fab_sldfabric:sldfabric|sld_jtag_hub:\jtag_hub_gen:real_sld_jtag_hub|design_hash_reg[0]                 ; sld_hub:auto_hub|alt_sld_fab_with_jtag_input:\instrumentation_fabric_with_node_gen:fabric_gen_new_way:with_jtag_input_gen:instrumentation_fabric|alt_sld_fab:instrumentation_fabric|alt_sld_fab_alt_sld_fab:alt_sld_fab|alt_sld_fab_alt_sld_fab_sldfabric:sldfabric|sld_jtag_hub:\jtag_hub_gen:real_sld_jtag_hub|tdo ; altera_reserved_tck ; altera_reserved_tck ; 50.000       ; 0.088      ; 3.580      ;
; 46.660 ; sld_hub:auto_hub|alt_sld_fab_with_jtag_input:\instrumentation_fabric_with_node_gen:fabric_gen_new_way:with_jtag_input_gen:instrumentation_fabric|alt_sld_fab:instrumentation_fabric|alt_sld_fab_alt_sld_fab:alt_sld_fab|alt_sld_fab_alt_sld_fab_sldfabric:sldfabric|sld_jtag_hub:\jtag_hub_gen:real_sld_jtag_hub|irf_reg[1][0]                      ; sld_hub:auto_hub|alt_sld_fab_with_jtag_input:\instrumentation_fabric_with_node_gen:fabric_gen_new_way:with_jtag_input_gen:instrumentation_fabric|alt_sld_fab:instrumentation_fabric|alt_sld_fab_alt_sld_fab:alt_sld_fab|alt_sld_fab_alt_sld_fab_sldfabric:sldfabric|sld_jtag_hub:\jtag_hub_gen:real_sld_jtag_hub|tdo ; altera_reserved_tck ; altera_reserved_tck ; 50.000       ; 0.047      ; 3.405      ;
; 46.743 ; sld_hub:auto_hub|alt_sld_fab_with_jtag_input:\instrumentation_fabric_with_node_gen:fabric_gen_new_way:with_jtag_input_gen:instrumentation_fabric|alt_sld_fab:instrumentation_fabric|alt_sld_fab_alt_sld_fab:alt_sld_fab|alt_sld_fab_alt_sld_fab_sldfabric:sldfabric|sld_jtag_hub:\jtag_hub_gen:real_sld_jtag_hub|sld_shadow_jsm:shadow_jsm|state[4] ; sld_hub:auto_hub|alt_sld_fab_with_jtag_input:\instrumentation_fabric_with_node_gen:fabric_gen_new_way:with_jtag_input_gen:instrumentation_fabric|alt_sld_fab:instrumentation_fabric|alt_sld_fab_alt_sld_fab:alt_sld_fab|alt_sld_fab_alt_sld_fab_sldfabric:sldfabric|sld_jtag_hub:\jtag_hub_gen:real_sld_jtag_hub|tdo ; altera_reserved_tck ; altera_reserved_tck ; 50.000       ; 0.086      ; 3.361      ;
; 46.793 ; sld_hub:auto_hub|alt_sld_fab_with_jtag_input:\instrumentation_fabric_with_node_gen:fabric_gen_new_way:with_jtag_input_gen:instrumentation_fabric|alt_sld_fab:instrumentation_fabric|alt_sld_fab_alt_sld_fab:alt_sld_fab|alt_sld_fab_alt_sld_fab_sldfabric:sldfabric|sld_jtag_hub:\jtag_hub_gen:real_sld_jtag_hub|hub_minor_ver_reg[0]               ; sld_hub:auto_hub|alt_sld_fab_with_jtag_input:\instrumentation_fabric_with_node_gen:fabric_gen_new_way:with_jtag_input_gen:instrumentation_fabric|alt_sld_fab:instrumentation_fabric|alt_sld_fab_alt_sld_fab:alt_sld_fab|alt_sld_fab_alt_sld_fab_sldfabric:sldfabric|sld_jtag_hub:\jtag_hub_gen:real_sld_jtag_hub|tdo ; altera_reserved_tck ; altera_reserved_tck ; 50.000       ; 0.086      ; 3.311      ;
; 46.876 ; sld_hub:auto_hub|alt_sld_fab_with_jtag_input:\instrumentation_fabric_with_node_gen:fabric_gen_new_way:with_jtag_input_gen:instrumentation_fabric|alt_sld_fab:instrumentation_fabric|alt_sld_fab_alt_sld_fab:alt_sld_fab|alt_sld_fab_alt_sld_fab_sldfabric:sldfabric|sld_jtag_hub:\jtag_hub_gen:real_sld_jtag_hub|irf_reg[1][5]                      ; sld_hub:auto_hub|alt_sld_fab_with_jtag_input:\instrumentation_fabric_with_node_gen:fabric_gen_new_way:with_jtag_input_gen:instrumentation_fabric|alt_sld_fab:instrumentation_fabric|alt_sld_fab_alt_sld_fab:alt_sld_fab|alt_sld_fab_alt_sld_fab_sldfabric:sldfabric|sld_jtag_hub:\jtag_hub_gen:real_sld_jtag_hub|tdo ; altera_reserved_tck ; altera_reserved_tck ; 50.000       ; 0.089      ; 3.231      ;
; 46.928 ; sld_hub:auto_hub|alt_sld_fab_with_jtag_input:\instrumentation_fabric_with_node_gen:fabric_gen_new_way:with_jtag_input_gen:instrumentation_fabric|alt_sld_fab:instrumentation_fabric|alt_sld_fab_alt_sld_fab:alt_sld_fab|alt_sld_fab_alt_sld_fab_sldfabric:sldfabric|sld_jtag_hub:\jtag_hub_gen:real_sld_jtag_hub|irsr_reg[1]                        ; sld_hub:auto_hub|alt_sld_fab_with_jtag_input:\instrumentation_fabric_with_node_gen:fabric_gen_new_way:with_jtag_input_gen:instrumentation_fabric|alt_sld_fab:instrumentation_fabric|alt_sld_fab_alt_sld_fab:alt_sld_fab|alt_sld_fab_alt_sld_fab_sldfabric:sldfabric|sld_jtag_hub:\jtag_hub_gen:real_sld_jtag_hub|tdo ; altera_reserved_tck ; altera_reserved_tck ; 50.000       ; 0.047      ; 3.137      ;
; 47.048 ; RAM_IMG:RAM_INST|altsyncram:altsyncram_component|altsyncram_0kh1:auto_generated|sld_mod_ram_rom:mgl_prim2|sld_rom_sr:\ram_rom_logic_gen:no_name_gen:info_rom_sr|WORD_SR[0]                                                                                                                                                                          ; sld_hub:auto_hub|alt_sld_fab_with_jtag_input:\instrumentation_fabric_with_node_gen:fabric_gen_new_way:with_jtag_input_gen:instrumentation_fabric|alt_sld_fab:instrumentation_fabric|alt_sld_fab_alt_sld_fab:alt_sld_fab|alt_sld_fab_alt_sld_fab_sldfabric:sldfabric|sld_jtag_hub:\jtag_hub_gen:real_sld_jtag_hub|tdo ; altera_reserved_tck ; altera_reserved_tck ; 50.000       ; 0.086      ; 3.056      ;
; 47.192 ; RAM_IMG:RAM_INST|altsyncram:altsyncram_component|altsyncram_0kh1:auto_generated|sld_mod_ram_rom:mgl_prim2|bypass_reg_out                                                                                                                                                                                                                            ; sld_hub:auto_hub|alt_sld_fab_with_jtag_input:\instrumentation_fabric_with_node_gen:fabric_gen_new_way:with_jtag_input_gen:instrumentation_fabric|alt_sld_fab:instrumentation_fabric|alt_sld_fab_alt_sld_fab:alt_sld_fab|alt_sld_fab_alt_sld_fab_sldfabric:sldfabric|sld_jtag_hub:\jtag_hub_gen:real_sld_jtag_hub|tdo ; altera_reserved_tck ; altera_reserved_tck ; 50.000       ; 0.089      ; 2.915      ;
; 47.324 ; sld_hub:auto_hub|alt_sld_fab_with_jtag_input:\instrumentation_fabric_with_node_gen:fabric_gen_new_way:with_jtag_input_gen:instrumentation_fabric|alt_sld_fab:instrumentation_fabric|alt_sld_fab_alt_sld_fab:alt_sld_fab|alt_sld_fab_alt_sld_fab_sldfabric:sldfabric|sld_jtag_hub:\jtag_hub_gen:real_sld_jtag_hub|irsr_reg[8]                        ; sld_hub:auto_hub|alt_sld_fab_with_jtag_input:\instrumentation_fabric_with_node_gen:fabric_gen_new_way:with_jtag_input_gen:instrumentation_fabric|alt_sld_fab:instrumentation_fabric|alt_sld_fab_alt_sld_fab:alt_sld_fab|alt_sld_fab_alt_sld_fab_sldfabric:sldfabric|sld_jtag_hub:\jtag_hub_gen:real_sld_jtag_hub|tdo ; altera_reserved_tck ; altera_reserved_tck ; 50.000       ; 0.088      ; 2.782      ;
; 47.390 ; sld_hub:auto_hub|alt_sld_fab_with_jtag_input:\instrumentation_fabric_with_node_gen:fabric_gen_new_way:with_jtag_input_gen:instrumentation_fabric|alt_sld_fab:instrumentation_fabric|alt_sld_fab_alt_sld_fab:alt_sld_fab|alt_sld_fab_alt_sld_fab_sldfabric:sldfabric|sld_jtag_hub:\jtag_hub_gen:real_sld_jtag_hub|sld_rom_sr:hub_info_reg|WORD_SR[0] ; sld_hub:auto_hub|alt_sld_fab_with_jtag_input:\instrumentation_fabric_with_node_gen:fabric_gen_new_way:with_jtag_input_gen:instrumentation_fabric|alt_sld_fab:instrumentation_fabric|alt_sld_fab_alt_sld_fab:alt_sld_fab|alt_sld_fab_alt_sld_fab_sldfabric:sldfabric|sld_jtag_hub:\jtag_hub_gen:real_sld_jtag_hub|tdo ; altera_reserved_tck ; altera_reserved_tck ; 50.000       ; 0.087      ; 2.715      ;
; 47.567 ; sld_hub:auto_hub|alt_sld_fab_with_jtag_input:\instrumentation_fabric_with_node_gen:fabric_gen_new_way:with_jtag_input_gen:instrumentation_fabric|alt_sld_fab:instrumentation_fabric|alt_sld_fab_alt_sld_fab:alt_sld_fab|alt_sld_fab_alt_sld_fab_sldfabric:sldfabric|sld_jtag_hub:\jtag_hub_gen:real_sld_jtag_hub|tdo_bypass_reg                     ; sld_hub:auto_hub|alt_sld_fab_with_jtag_input:\instrumentation_fabric_with_node_gen:fabric_gen_new_way:with_jtag_input_gen:instrumentation_fabric|alt_sld_fab:instrumentation_fabric|alt_sld_fab_alt_sld_fab:alt_sld_fab|alt_sld_fab_alt_sld_fab_sldfabric:sldfabric|sld_jtag_hub:\jtag_hub_gen:real_sld_jtag_hub|tdo ; altera_reserved_tck ; altera_reserved_tck ; 50.000       ; 0.086      ; 2.537      ;
; 47.717 ; sld_hub:auto_hub|alt_sld_fab_with_jtag_input:\instrumentation_fabric_with_node_gen:fabric_gen_new_way:with_jtag_input_gen:instrumentation_fabric|alt_sld_fab:instrumentation_fabric|alt_sld_fab_alt_sld_fab:alt_sld_fab|alt_sld_fab_alt_sld_fab_sldfabric:sldfabric|sld_jtag_hub:\jtag_hub_gen:real_sld_jtag_hub|sld_shadow_jsm:shadow_jsm|state[8] ; sld_hub:auto_hub|alt_sld_fab_with_jtag_input:\instrumentation_fabric_with_node_gen:fabric_gen_new_way:with_jtag_input_gen:instrumentation_fabric|alt_sld_fab:instrumentation_fabric|alt_sld_fab_alt_sld_fab:alt_sld_fab|alt_sld_fab_alt_sld_fab_sldfabric:sldfabric|sld_jtag_hub:\jtag_hub_gen:real_sld_jtag_hub|tdo ; altera_reserved_tck ; altera_reserved_tck ; 50.000       ; 0.086      ; 2.387      ;
; 92.101 ; RAM_IMG:RAM_INST|altsyncram:altsyncram_component|altsyncram_0kh1:auto_generated|altsyncram_2u72:altsyncram1|ram_block3a16~portb_we_reg                                                                                                                                                                                                              ; RAM_IMG:RAM_INST|altsyncram:altsyncram_component|altsyncram_0kh1:auto_generated|sld_mod_ram_rom:mgl_prim2|ram_rom_data_reg[0]                                                                                                                                                                                        ; altera_reserved_tck ; altera_reserved_tck ; 100.000      ; -0.357     ; 7.560      ;
; 92.654 ; RAM_IMG:RAM_INST|altsyncram:altsyncram_component|altsyncram_0kh1:auto_generated|altsyncram_2u72:altsyncram1|ram_block3a11~portb_we_reg                                                                                                                                                                                                              ; RAM_IMG:RAM_INST|altsyncram:altsyncram_component|altsyncram_0kh1:auto_generated|sld_mod_ram_rom:mgl_prim2|ram_rom_data_reg[3]                                                                                                                                                                                        ; altera_reserved_tck ; altera_reserved_tck ; 100.000      ; -0.369     ; 6.995      ;
; 92.747 ; RAM_IMG:RAM_INST|altsyncram:altsyncram_component|altsyncram_0kh1:auto_generated|altsyncram_2u72:altsyncram1|ram_block3a0~portb_we_reg                                                                                                                                                                                                               ; RAM_IMG:RAM_INST|altsyncram:altsyncram_component|altsyncram_0kh1:auto_generated|sld_mod_ram_rom:mgl_prim2|ram_rom_data_reg[0]                                                                                                                                                                                        ; altera_reserved_tck ; altera_reserved_tck ; 100.000      ; -0.366     ; 6.905      ;
; 92.753 ; RAM_IMG:RAM_INST|altsyncram:altsyncram_component|altsyncram_0kh1:auto_generated|altsyncram_2u72:altsyncram1|ram_block3a3~portb_we_reg                                                                                                                                                                                                               ; RAM_IMG:RAM_INST|altsyncram:altsyncram_component|altsyncram_0kh1:auto_generated|sld_mod_ram_rom:mgl_prim2|ram_rom_data_reg[3]                                                                                                                                                                                        ; altera_reserved_tck ; altera_reserved_tck ; 100.000      ; -0.337     ; 6.928      ;
; 92.851 ; RAM_IMG:RAM_INST|altsyncram:altsyncram_component|altsyncram_0kh1:auto_generated|altsyncram_2u72:altsyncram1|ram_block3a18~portb_we_reg                                                                                                                                                                                                              ; RAM_IMG:RAM_INST|altsyncram:altsyncram_component|altsyncram_0kh1:auto_generated|sld_mod_ram_rom:mgl_prim2|ram_rom_data_reg[2]                                                                                                                                                                                        ; altera_reserved_tck ; altera_reserved_tck ; 100.000      ; -0.375     ; 6.792      ;
; 92.868 ; sld_hub:auto_hub|alt_sld_fab_with_jtag_input:\instrumentation_fabric_with_node_gen:fabric_gen_new_way:with_jtag_input_gen:instrumentation_fabric|alt_sld_fab:instrumentation_fabric|alt_sld_fab_alt_sld_fab:alt_sld_fab|alt_sld_fab_alt_sld_fab_sldfabric:sldfabric|sld_jtag_hub:\jtag_hub_gen:real_sld_jtag_hub|virtual_ir_scan_reg                ; RAM_IMG:RAM_INST|altsyncram:altsyncram_component|altsyncram_0kh1:auto_generated|altsyncram_2u72:altsyncram1|ram_block3a13~portb_we_reg                                                                                                                                                                               ; altera_reserved_tck ; altera_reserved_tck ; 100.000      ; 0.238      ; 7.428      ;
; 92.920 ; RAM_IMG:RAM_INST|altsyncram:altsyncram_component|altsyncram_0kh1:auto_generated|altsyncram_2u72:altsyncram1|ram_block3a5~portb_we_reg                                                                                                                                                                                                               ; RAM_IMG:RAM_INST|altsyncram:altsyncram_component|altsyncram_0kh1:auto_generated|sld_mod_ram_rom:mgl_prim2|ram_rom_data_reg[5]                                                                                                                                                                                        ; altera_reserved_tck ; altera_reserved_tck ; 100.000      ; -0.354     ; 6.744      ;
; 92.972 ; RAM_IMG:RAM_INST|altsyncram:altsyncram_component|altsyncram_0kh1:auto_generated|altsyncram_2u72:altsyncram1|ram_block3a2~portb_we_reg                                                                                                                                                                                                               ; RAM_IMG:RAM_INST|altsyncram:altsyncram_component|altsyncram_0kh1:auto_generated|sld_mod_ram_rom:mgl_prim2|ram_rom_data_reg[2]                                                                                                                                                                                        ; altera_reserved_tck ; altera_reserved_tck ; 100.000      ; -0.366     ; 6.680      ;
; 92.979 ; RAM_IMG:RAM_INST|altsyncram:altsyncram_component|altsyncram_0kh1:auto_generated|altsyncram_2u72:altsyncram1|ram_block3a24~portb_we_reg                                                                                                                                                                                                              ; RAM_IMG:RAM_INST|altsyncram:altsyncram_component|altsyncram_0kh1:auto_generated|sld_mod_ram_rom:mgl_prim2|ram_rom_data_reg[0]                                                                                                                                                                                        ; altera_reserved_tck ; altera_reserved_tck ; 100.000      ; -0.379     ; 6.660      ;
; 93.034 ; sld_hub:auto_hub|alt_sld_fab_with_jtag_input:\instrumentation_fabric_with_node_gen:fabric_gen_new_way:with_jtag_input_gen:instrumentation_fabric|alt_sld_fab:instrumentation_fabric|alt_sld_fab_alt_sld_fab:alt_sld_fab|splitter_nodes_receive_0[3]                                                                                                 ; RAM_IMG:RAM_INST|altsyncram:altsyncram_component|altsyncram_0kh1:auto_generated|altsyncram_2u72:altsyncram1|ram_block3a13~portb_we_reg                                                                                                                                                                               ; altera_reserved_tck ; altera_reserved_tck ; 100.000      ; 0.236      ; 7.260      ;
; 93.057 ; RAM_IMG:RAM_INST|altsyncram:altsyncram_component|altsyncram_0kh1:auto_generated|altsyncram_2u72:altsyncram1|ram_block3a22~portb_we_reg                                                                                                                                                                                                              ; RAM_IMG:RAM_INST|altsyncram:altsyncram_component|altsyncram_0kh1:auto_generated|sld_mod_ram_rom:mgl_prim2|ram_rom_data_reg[6]                                                                                                                                                                                        ; altera_reserved_tck ; altera_reserved_tck ; 100.000      ; -0.355     ; 6.606      ;
; 93.070 ; sld_hub:auto_hub|alt_sld_fab_with_jtag_input:\instrumentation_fabric_with_node_gen:fabric_gen_new_way:with_jtag_input_gen:instrumentation_fabric|alt_sld_fab:instrumentation_fabric|alt_sld_fab_alt_sld_fab:alt_sld_fab|alt_sld_fab_alt_sld_fab_sldfabric:sldfabric|sld_jtag_hub:\jtag_hub_gen:real_sld_jtag_hub|sld_shadow_jsm:shadow_jsm|state[5] ; RAM_IMG:RAM_INST|altsyncram:altsyncram_component|altsyncram_0kh1:auto_generated|altsyncram_2u72:altsyncram1|ram_block3a13~portb_we_reg                                                                                                                                                                               ; altera_reserved_tck ; altera_reserved_tck ; 100.000      ; 0.238      ; 7.226      ;
; 93.077 ; RAM_IMG:RAM_INST|altsyncram:altsyncram_component|altsyncram_0kh1:auto_generated|altsyncram_2u72:altsyncram1|ram_block3a4~portb_we_reg                                                                                                                                                                                                               ; RAM_IMG:RAM_INST|altsyncram:altsyncram_component|altsyncram_0kh1:auto_generated|sld_mod_ram_rom:mgl_prim2|ram_rom_data_reg[4]                                                                                                                                                                                        ; altera_reserved_tck ; altera_reserved_tck ; 100.000      ; -0.360     ; 6.581      ;
; 93.089 ; RAM_IMG:RAM_INST|altsyncram:altsyncram_component|altsyncram_0kh1:auto_generated|altsyncram_2u72:altsyncram1|ram_block3a20~portb_we_reg                                                                                                                                                                                                              ; RAM_IMG:RAM_INST|altsyncram:altsyncram_component|altsyncram_0kh1:auto_generated|sld_mod_ram_rom:mgl_prim2|ram_rom_data_reg[4]                                                                                                                                                                                        ; altera_reserved_tck ; altera_reserved_tck ; 100.000      ; -0.373     ; 6.556      ;
; 93.103 ; RAM_IMG:RAM_INST|altsyncram:altsyncram_component|altsyncram_0kh1:auto_generated|altsyncram_2u72:altsyncram1|ram_block3a30~portb_we_reg                                                                                                                                                                                                              ; RAM_IMG:RAM_INST|altsyncram:altsyncram_component|altsyncram_0kh1:auto_generated|sld_mod_ram_rom:mgl_prim2|ram_rom_data_reg[6]                                                                                                                                                                                        ; altera_reserved_tck ; altera_reserved_tck ; 100.000      ; -0.379     ; 6.536      ;
; 93.127 ; RAM_IMG:RAM_INST|altsyncram:altsyncram_component|altsyncram_0kh1:auto_generated|altsyncram_2u72:altsyncram1|ram_block3a6~portb_we_reg                                                                                                                                                                                                               ; RAM_IMG:RAM_INST|altsyncram:altsyncram_component|altsyncram_0kh1:auto_generated|sld_mod_ram_rom:mgl_prim2|ram_rom_data_reg[6]                                                                                                                                                                                        ; altera_reserved_tck ; altera_reserved_tck ; 100.000      ; -0.380     ; 6.511      ;
; 93.261 ; sld_hub:auto_hub|alt_sld_fab_with_jtag_input:\instrumentation_fabric_with_node_gen:fabric_gen_new_way:with_jtag_input_gen:instrumentation_fabric|alt_sld_fab:instrumentation_fabric|alt_sld_fab_alt_sld_fab:alt_sld_fab|alt_sld_fab_alt_sld_fab_sldfabric:sldfabric|sld_jtag_hub:\jtag_hub_gen:real_sld_jtag_hub|virtual_ir_scan_reg                ; RAM_IMG:RAM_INST|altsyncram:altsyncram_component|altsyncram_0kh1:auto_generated|altsyncram_2u72:altsyncram1|ram_block3a12~portb_we_reg                                                                                                                                                                               ; altera_reserved_tck ; altera_reserved_tck ; 100.000      ; 0.226      ; 7.023      ;
; 93.331 ; RAM_IMG:RAM_INST|altsyncram:altsyncram_component|altsyncram_0kh1:auto_generated|altsyncram_2u72:altsyncram1|ram_block3a29~portb_we_reg                                                                                                                                                                                                              ; RAM_IMG:RAM_INST|altsyncram:altsyncram_component|altsyncram_0kh1:auto_generated|sld_mod_ram_rom:mgl_prim2|ram_rom_data_reg[5]                                                                                                                                                                                        ; altera_reserved_tck ; altera_reserved_tck ; 100.000      ; -0.349     ; 6.338      ;
; 93.392 ; RAM_IMG:RAM_INST|altsyncram:altsyncram_component|altsyncram_0kh1:auto_generated|altsyncram_2u72:altsyncram1|ram_block3a8~portb_we_reg                                                                                                                                                                                                               ; RAM_IMG:RAM_INST|altsyncram:altsyncram_component|altsyncram_0kh1:auto_generated|sld_mod_ram_rom:mgl_prim2|ram_rom_data_reg[0]                                                                                                                                                                                        ; altera_reserved_tck ; altera_reserved_tck ; 100.000      ; -0.367     ; 6.259      ;
; 93.414 ; RAM_IMG:RAM_INST|altsyncram:altsyncram_component|altsyncram_0kh1:auto_generated|altsyncram_2u72:altsyncram1|ram_block3a27~portb_we_reg                                                                                                                                                                                                              ; RAM_IMG:RAM_INST|altsyncram:altsyncram_component|altsyncram_0kh1:auto_generated|sld_mod_ram_rom:mgl_prim2|ram_rom_data_reg[3]                                                                                                                                                                                        ; altera_reserved_tck ; altera_reserved_tck ; 100.000      ; -0.332     ; 6.272      ;
; 93.427 ; sld_hub:auto_hub|alt_sld_fab_with_jtag_input:\instrumentation_fabric_with_node_gen:fabric_gen_new_way:with_jtag_input_gen:instrumentation_fabric|alt_sld_fab:instrumentation_fabric|alt_sld_fab_alt_sld_fab:alt_sld_fab|splitter_nodes_receive_0[3]                                                                                                 ; RAM_IMG:RAM_INST|altsyncram:altsyncram_component|altsyncram_0kh1:auto_generated|altsyncram_2u72:altsyncram1|ram_block3a12~portb_we_reg                                                                                                                                                                               ; altera_reserved_tck ; altera_reserved_tck ; 100.000      ; 0.224      ; 6.855      ;
; 93.463 ; sld_hub:auto_hub|alt_sld_fab_with_jtag_input:\instrumentation_fabric_with_node_gen:fabric_gen_new_way:with_jtag_input_gen:instrumentation_fabric|alt_sld_fab:instrumentation_fabric|alt_sld_fab_alt_sld_fab:alt_sld_fab|alt_sld_fab_alt_sld_fab_sldfabric:sldfabric|sld_jtag_hub:\jtag_hub_gen:real_sld_jtag_hub|sld_shadow_jsm:shadow_jsm|state[5] ; RAM_IMG:RAM_INST|altsyncram:altsyncram_component|altsyncram_0kh1:auto_generated|altsyncram_2u72:altsyncram1|ram_block3a12~portb_we_reg                                                                                                                                                                               ; altera_reserved_tck ; altera_reserved_tck ; 100.000      ; 0.226      ; 6.821      ;
; 93.498 ; RAM_IMG:RAM_INST|altsyncram:altsyncram_component|altsyncram_0kh1:auto_generated|altsyncram_2u72:altsyncram1|ram_block3a13~portb_we_reg                                                                                                                                                                                                              ; RAM_IMG:RAM_INST|altsyncram:altsyncram_component|altsyncram_0kh1:auto_generated|sld_mod_ram_rom:mgl_prim2|ram_rom_data_reg[5]                                                                                                                                                                                        ; altera_reserved_tck ; altera_reserved_tck ; 100.000      ; -0.389     ; 6.131      ;
; 93.549 ; RAM_IMG:RAM_INST|altsyncram:altsyncram_component|altsyncram_0kh1:auto_generated|altsyncram_2u72:altsyncram1|ram_block3a10~portb_we_reg                                                                                                                                                                                                              ; RAM_IMG:RAM_INST|altsyncram:altsyncram_component|altsyncram_0kh1:auto_generated|sld_mod_ram_rom:mgl_prim2|ram_rom_data_reg[2]                                                                                                                                                                                        ; altera_reserved_tck ; altera_reserved_tck ; 100.000      ; -0.359     ; 6.110      ;
; 93.552 ; RAM_IMG:RAM_INST|altsyncram:altsyncram_component|altsyncram_0kh1:auto_generated|altsyncram_2u72:altsyncram1|ram_block3a9~portb_we_reg                                                                                                                                                                                                               ; RAM_IMG:RAM_INST|altsyncram:altsyncram_component|altsyncram_0kh1:auto_generated|sld_mod_ram_rom:mgl_prim2|ram_rom_data_reg[1]                                                                                                                                                                                        ; altera_reserved_tck ; altera_reserved_tck ; 100.000      ; -0.361     ; 6.105      ;
; 93.556 ; sld_hub:auto_hub|alt_sld_fab_with_jtag_input:\instrumentation_fabric_with_node_gen:fabric_gen_new_way:with_jtag_input_gen:instrumentation_fabric|alt_sld_fab:instrumentation_fabric|alt_sld_fab_alt_sld_fab:alt_sld_fab|alt_sld_fab_alt_sld_fab_sldfabric:sldfabric|sld_jtag_hub:\jtag_hub_gen:real_sld_jtag_hub|virtual_ir_scan_reg                ; RAM_IMG:RAM_INST|altsyncram:altsyncram_component|altsyncram_0kh1:auto_generated|altsyncram_2u72:altsyncram1|ram_block3a28~portb_we_reg                                                                                                                                                                               ; altera_reserved_tck ; altera_reserved_tck ; 100.000      ; 0.205      ; 6.707      ;
; 93.573 ; RAM_IMG:RAM_INST|altsyncram:altsyncram_component|altsyncram_0kh1:auto_generated|altsyncram_2u72:altsyncram1|ram_block3a37~portb_we_reg                                                                                                                                                                                                              ; RAM_IMG:RAM_INST|altsyncram:altsyncram_component|altsyncram_0kh1:auto_generated|sld_mod_ram_rom:mgl_prim2|ram_rom_data_reg[5]                                                                                                                                                                                        ; altera_reserved_tck ; altera_reserved_tck ; 100.000      ; -0.364     ; 6.081      ;
; 93.588 ; sld_hub:auto_hub|alt_sld_fab_with_jtag_input:\instrumentation_fabric_with_node_gen:fabric_gen_new_way:with_jtag_input_gen:instrumentation_fabric|alt_sld_fab:instrumentation_fabric|alt_sld_fab_alt_sld_fab:alt_sld_fab|alt_sld_fab_alt_sld_fab_sldfabric:sldfabric|sld_jtag_hub:\jtag_hub_gen:real_sld_jtag_hub|virtual_ir_scan_reg                ; RAM_IMG:RAM_INST|altsyncram:altsyncram_component|altsyncram_0kh1:auto_generated|altsyncram_2u72:altsyncram1|ram_block3a21~portb_we_reg                                                                                                                                                                               ; altera_reserved_tck ; altera_reserved_tck ; 100.000      ; 0.238      ; 6.708      ;
; 93.605 ; RAM_IMG:RAM_INST|altsyncram:altsyncram_component|altsyncram_0kh1:auto_generated|altsyncram_2u72:altsyncram1|ram_block3a1~portb_we_reg                                                                                                                                                                                                               ; RAM_IMG:RAM_INST|altsyncram:altsyncram_component|altsyncram_0kh1:auto_generated|sld_mod_ram_rom:mgl_prim2|ram_rom_data_reg[1]                                                                                                                                                                                        ; altera_reserved_tck ; altera_reserved_tck ; 100.000      ; -0.363     ; 6.050      ;
; 93.607 ; RAM_IMG:RAM_INST|altsyncram:altsyncram_component|altsyncram_0kh1:auto_generated|altsyncram_2u72:altsyncram1|ram_block3a35~portb_we_reg                                                                                                                                                                                                              ; RAM_IMG:RAM_INST|altsyncram:altsyncram_component|altsyncram_0kh1:auto_generated|sld_mod_ram_rom:mgl_prim2|ram_rom_data_reg[3]                                                                                                                                                                                        ; altera_reserved_tck ; altera_reserved_tck ; 100.000      ; -0.346     ; 6.065      ;
; 93.626 ; RAM_IMG:RAM_INST|altsyncram:altsyncram_component|altsyncram_0kh1:auto_generated|altsyncram_2u72:altsyncram1|ram_block3a36~portb_we_reg                                                                                                                                                                                                              ; RAM_IMG:RAM_INST|altsyncram:altsyncram_component|altsyncram_0kh1:auto_generated|sld_mod_ram_rom:mgl_prim2|ram_rom_data_reg[4]                                                                                                                                                                                        ; altera_reserved_tck ; altera_reserved_tck ; 100.000      ; -0.363     ; 6.029      ;
; 93.629 ; sld_hub:auto_hub|alt_sld_fab_with_jtag_input:\instrumentation_fabric_with_node_gen:fabric_gen_new_way:with_jtag_input_gen:instrumentation_fabric|alt_sld_fab:instrumentation_fabric|alt_sld_fab_alt_sld_fab:alt_sld_fab|alt_sld_fab_alt_sld_fab_sldfabric:sldfabric|sld_jtag_hub:\jtag_hub_gen:real_sld_jtag_hub|irf_reg[1][2]                      ; RAM_IMG:RAM_INST|altsyncram:altsyncram_component|altsyncram_0kh1:auto_generated|altsyncram_2u72:altsyncram1|ram_block3a13~portb_we_reg                                                                                                                                                                               ; altera_reserved_tck ; altera_reserved_tck ; 100.000      ; 0.237      ; 6.666      ;
; 93.661 ; RAM_IMG:RAM_INST|altsyncram:altsyncram_component|altsyncram_0kh1:auto_generated|altsyncram_2u72:altsyncram1|ram_block3a40~portb_we_reg                                                                                                                                                                                                              ; RAM_IMG:RAM_INST|altsyncram:altsyncram_component|altsyncram_0kh1:auto_generated|sld_mod_ram_rom:mgl_prim2|ram_rom_data_reg[6]                                                                                                                                                                                        ; altera_reserved_tck ; altera_reserved_tck ; 100.000      ; -0.380     ; 5.977      ;
; 93.676 ; RAM_IMG:RAM_INST|altsyncram:altsyncram_component|altsyncram_0kh1:auto_generated|altsyncram_2u72:altsyncram1|ram_block3a15~portb_we_reg                                                                                                                                                                                                              ; RAM_IMG:RAM_INST|altsyncram:altsyncram_component|altsyncram_0kh1:auto_generated|sld_mod_ram_rom:mgl_prim2|ram_rom_data_reg[7]                                                                                                                                                                                        ; altera_reserved_tck ; altera_reserved_tck ; 100.000      ; -0.372     ; 5.970      ;
; 93.687 ; RAM_IMG:RAM_INST|altsyncram:altsyncram_component|altsyncram_0kh1:auto_generated|altsyncram_2u72:altsyncram1|ram_block3a7~portb_we_reg                                                                                                                                                                                                               ; RAM_IMG:RAM_INST|altsyncram:altsyncram_component|altsyncram_0kh1:auto_generated|sld_mod_ram_rom:mgl_prim2|ram_rom_data_reg[7]                                                                                                                                                                                        ; altera_reserved_tck ; altera_reserved_tck ; 100.000      ; -0.340     ; 5.991      ;
; 93.703 ; RAM_IMG:RAM_INST|altsyncram:altsyncram_component|altsyncram_0kh1:auto_generated|altsyncram_2u72:altsyncram1|ram_block3a40~portb_we_reg                                                                                                                                                                                                              ; RAM_IMG:RAM_INST|altsyncram:altsyncram_component|altsyncram_0kh1:auto_generated|sld_mod_ram_rom:mgl_prim2|ram_rom_data_reg[5]                                                                                                                                                                                        ; altera_reserved_tck ; altera_reserved_tck ; 100.000      ; -0.380     ; 5.935      ;
; 93.706 ; RAM_IMG:RAM_INST|altsyncram:altsyncram_component|altsyncram_0kh1:auto_generated|altsyncram_2u72:altsyncram1|ram_block3a14~portb_we_reg                                                                                                                                                                                                              ; RAM_IMG:RAM_INST|altsyncram:altsyncram_component|altsyncram_0kh1:auto_generated|sld_mod_ram_rom:mgl_prim2|ram_rom_data_reg[6]                                                                                                                                                                                        ; altera_reserved_tck ; altera_reserved_tck ; 100.000      ; -0.353     ; 5.959      ;
; 93.722 ; sld_hub:auto_hub|alt_sld_fab_with_jtag_input:\instrumentation_fabric_with_node_gen:fabric_gen_new_way:with_jtag_input_gen:instrumentation_fabric|alt_sld_fab:instrumentation_fabric|alt_sld_fab_alt_sld_fab:alt_sld_fab|splitter_nodes_receive_0[3]                                                                                                 ; RAM_IMG:RAM_INST|altsyncram:altsyncram_component|altsyncram_0kh1:auto_generated|altsyncram_2u72:altsyncram1|ram_block3a28~portb_we_reg                                                                                                                                                                               ; altera_reserved_tck ; altera_reserved_tck ; 100.000      ; 0.203      ; 6.539      ;
; 93.752 ; RAM_IMG:RAM_INST|altsyncram:altsyncram_component|altsyncram_0kh1:auto_generated|altsyncram_2u72:altsyncram1|ram_block3a32~portb_we_reg                                                                                                                                                                                                              ; RAM_IMG:RAM_INST|altsyncram:altsyncram_component|altsyncram_0kh1:auto_generated|sld_mod_ram_rom:mgl_prim2|ram_rom_data_reg[0]                                                                                                                                                                                        ; altera_reserved_tck ; altera_reserved_tck ; 100.000      ; -0.350     ; 5.916      ;
; 93.754 ; sld_hub:auto_hub|alt_sld_fab_with_jtag_input:\instrumentation_fabric_with_node_gen:fabric_gen_new_way:with_jtag_input_gen:instrumentation_fabric|alt_sld_fab:instrumentation_fabric|alt_sld_fab_alt_sld_fab:alt_sld_fab|splitter_nodes_receive_0[3]                                                                                                 ; RAM_IMG:RAM_INST|altsyncram:altsyncram_component|altsyncram_0kh1:auto_generated|altsyncram_2u72:altsyncram1|ram_block3a21~portb_we_reg                                                                                                                                                                               ; altera_reserved_tck ; altera_reserved_tck ; 100.000      ; 0.236      ; 6.540      ;
; 93.758 ; sld_hub:auto_hub|alt_sld_fab_with_jtag_input:\instrumentation_fabric_with_node_gen:fabric_gen_new_way:with_jtag_input_gen:instrumentation_fabric|alt_sld_fab:instrumentation_fabric|alt_sld_fab_alt_sld_fab:alt_sld_fab|alt_sld_fab_alt_sld_fab_sldfabric:sldfabric|sld_jtag_hub:\jtag_hub_gen:real_sld_jtag_hub|sld_shadow_jsm:shadow_jsm|state[5] ; RAM_IMG:RAM_INST|altsyncram:altsyncram_component|altsyncram_0kh1:auto_generated|altsyncram_2u72:altsyncram1|ram_block3a28~portb_we_reg                                                                                                                                                                               ; altera_reserved_tck ; altera_reserved_tck ; 100.000      ; 0.205      ; 6.505      ;
; 93.786 ; RAM_IMG:RAM_INST|altsyncram:altsyncram_component|altsyncram_0kh1:auto_generated|altsyncram_2u72:altsyncram1|ram_block3a19~portb_we_reg                                                                                                                                                                                                              ; RAM_IMG:RAM_INST|altsyncram:altsyncram_component|altsyncram_0kh1:auto_generated|sld_mod_ram_rom:mgl_prim2|ram_rom_data_reg[3]                                                                                                                                                                                        ; altera_reserved_tck ; altera_reserved_tck ; 100.000      ; -0.371     ; 5.861      ;
; 93.790 ; sld_hub:auto_hub|alt_sld_fab_with_jtag_input:\instrumentation_fabric_with_node_gen:fabric_gen_new_way:with_jtag_input_gen:instrumentation_fabric|alt_sld_fab:instrumentation_fabric|alt_sld_fab_alt_sld_fab:alt_sld_fab|alt_sld_fab_alt_sld_fab_sldfabric:sldfabric|sld_jtag_hub:\jtag_hub_gen:real_sld_jtag_hub|sld_shadow_jsm:shadow_jsm|state[5] ; RAM_IMG:RAM_INST|altsyncram:altsyncram_component|altsyncram_0kh1:auto_generated|altsyncram_2u72:altsyncram1|ram_block3a21~portb_we_reg                                                                                                                                                                               ; altera_reserved_tck ; altera_reserved_tck ; 100.000      ; 0.238      ; 6.506      ;
; 93.803 ; RAM_IMG:RAM_INST|altsyncram:altsyncram_component|altsyncram_0kh1:auto_generated|altsyncram_2u72:altsyncram1|ram_block3a31~portb_we_reg                                                                                                                                                                                                              ; RAM_IMG:RAM_INST|altsyncram:altsyncram_component|altsyncram_0kh1:auto_generated|sld_mod_ram_rom:mgl_prim2|ram_rom_data_reg[7]                                                                                                                                                                                        ; altera_reserved_tck ; altera_reserved_tck ; 100.000      ; -0.344     ; 5.871      ;
; 93.809 ; sld_hub:auto_hub|alt_sld_fab_with_jtag_input:\instrumentation_fabric_with_node_gen:fabric_gen_new_way:with_jtag_input_gen:instrumentation_fabric|alt_sld_fab:instrumentation_fabric|alt_sld_fab_alt_sld_fab:alt_sld_fab|alt_sld_fab_alt_sld_fab_sldfabric:sldfabric|sld_jtag_hub:\jtag_hub_gen:real_sld_jtag_hub|virtual_ir_scan_reg                ; RAM_IMG:RAM_INST|altsyncram:altsyncram_component|altsyncram_0kh1:auto_generated|altsyncram_2u72:altsyncram1|ram_block3a6~portb_we_reg                                                                                                                                                                                ; altera_reserved_tck ; altera_reserved_tck ; 100.000      ; 0.227      ; 6.476      ;
; 93.818 ; sld_hub:auto_hub|alt_sld_fab_with_jtag_input:\instrumentation_fabric_with_node_gen:fabric_gen_new_way:with_jtag_input_gen:instrumentation_fabric|alt_sld_fab:instrumentation_fabric|alt_sld_fab_alt_sld_fab:alt_sld_fab|alt_sld_fab_alt_sld_fab_sldfabric:sldfabric|sld_jtag_hub:\jtag_hub_gen:real_sld_jtag_hub|virtual_ir_scan_reg                ; RAM_IMG:RAM_INST|altsyncram:altsyncram_component|altsyncram_0kh1:auto_generated|altsyncram_2u72:altsyncram1|ram_block3a0~portb_we_reg                                                                                                                                                                                ; altera_reserved_tck ; altera_reserved_tck ; 100.000      ; 0.215      ; 6.455      ;
; 93.832 ; sld_hub:auto_hub|alt_sld_fab_with_jtag_input:\instrumentation_fabric_with_node_gen:fabric_gen_new_way:with_jtag_input_gen:instrumentation_fabric|alt_sld_fab:instrumentation_fabric|alt_sld_fab_alt_sld_fab:alt_sld_fab|alt_sld_fab_alt_sld_fab_sldfabric:sldfabric|sld_jtag_hub:\jtag_hub_gen:real_sld_jtag_hub|virtual_ir_scan_reg                ; RAM_IMG:RAM_INST|altsyncram:altsyncram_component|altsyncram_0kh1:auto_generated|altsyncram_2u72:altsyncram1|ram_block3a11~portb_we_reg                                                                                                                                                                               ; altera_reserved_tck ; altera_reserved_tck ; 100.000      ; 0.218      ; 6.444      ;
; 93.841 ; sld_hub:auto_hub|alt_sld_fab_with_jtag_input:\instrumentation_fabric_with_node_gen:fabric_gen_new_way:with_jtag_input_gen:instrumentation_fabric|alt_sld_fab:instrumentation_fabric|alt_sld_fab_alt_sld_fab:alt_sld_fab|alt_sld_fab_alt_sld_fab_sldfabric:sldfabric|sld_jtag_hub:\jtag_hub_gen:real_sld_jtag_hub|virtual_ir_scan_reg                ; RAM_IMG:RAM_INST|altsyncram:altsyncram_component|altsyncram_0kh1:auto_generated|altsyncram_2u72:altsyncram1|ram_block3a38~portb_we_reg                                                                                                                                                                               ; altera_reserved_tck ; altera_reserved_tck ; 100.000      ; 0.214      ; 6.431      ;
; 93.850 ; RAM_IMG:RAM_INST|altsyncram:altsyncram_component|altsyncram_0kh1:auto_generated|altsyncram_2u72:altsyncram1|ram_block3a40~portb_we_reg                                                                                                                                                                                                              ; RAM_IMG:RAM_INST|altsyncram:altsyncram_component|altsyncram_0kh1:auto_generated|sld_mod_ram_rom:mgl_prim2|ram_rom_data_reg[4]                                                                                                                                                                                        ; altera_reserved_tck ; altera_reserved_tck ; 100.000      ; -0.380     ; 5.788      ;
; 93.875 ; RAM_IMG:RAM_INST|altsyncram:altsyncram_component|altsyncram_0kh1:auto_generated|altsyncram_2u72:altsyncram1|ram_block3a12~portb_we_reg                                                                                                                                                                                                              ; RAM_IMG:RAM_INST|altsyncram:altsyncram_component|altsyncram_0kh1:auto_generated|sld_mod_ram_rom:mgl_prim2|ram_rom_data_reg[4]                                                                                                                                                                                        ; altera_reserved_tck ; altera_reserved_tck ; 100.000      ; -0.377     ; 5.766      ;
; 93.896 ; sld_hub:auto_hub|alt_sld_fab_with_jtag_input:\instrumentation_fabric_with_node_gen:fabric_gen_new_way:with_jtag_input_gen:instrumentation_fabric|alt_sld_fab:instrumentation_fabric|alt_sld_fab_alt_sld_fab:alt_sld_fab|alt_sld_fab_alt_sld_fab_sldfabric:sldfabric|sld_jtag_hub:\jtag_hub_gen:real_sld_jtag_hub|virtual_ir_scan_reg                ; RAM_IMG:RAM_INST|altsyncram:altsyncram_component|altsyncram_0kh1:auto_generated|altsyncram_2u72:altsyncram1|ram_block3a24~portb_we_reg                                                                                                                                                                               ; altera_reserved_tck ; altera_reserved_tck ; 100.000      ; 0.227      ; 6.389      ;
; 93.909 ; sld_hub:auto_hub|alt_sld_fab_with_jtag_input:\instrumentation_fabric_with_node_gen:fabric_gen_new_way:with_jtag_input_gen:instrumentation_fabric|alt_sld_fab:instrumentation_fabric|alt_sld_fab_alt_sld_fab:alt_sld_fab|alt_sld_fab_alt_sld_fab_sldfabric:sldfabric|sld_jtag_hub:\jtag_hub_gen:real_sld_jtag_hub|virtual_ir_scan_reg                ; RAM_IMG:RAM_INST|altsyncram:altsyncram_component|altsyncram_0kh1:auto_generated|altsyncram_2u72:altsyncram1|ram_block3a17~portb_we_reg                                                                                                                                                                               ; altera_reserved_tck ; altera_reserved_tck ; 100.000      ; 0.237      ; 6.386      ;
; 93.920 ; sld_hub:auto_hub|alt_sld_fab_with_jtag_input:\instrumentation_fabric_with_node_gen:fabric_gen_new_way:with_jtag_input_gen:instrumentation_fabric|alt_sld_fab:instrumentation_fabric|alt_sld_fab_alt_sld_fab:alt_sld_fab|alt_sld_fab_alt_sld_fab_sldfabric:sldfabric|sld_jtag_hub:\jtag_hub_gen:real_sld_jtag_hub|virtual_ir_scan_reg                ; RAM_IMG:RAM_INST|altsyncram:altsyncram_component|altsyncram_0kh1:auto_generated|altsyncram_2u72:altsyncram1|ram_block3a20~portb_we_reg                                                                                                                                                                               ; altera_reserved_tck ; altera_reserved_tck ; 100.000      ; 0.222      ; 6.360      ;
; 93.923 ; sld_hub:auto_hub|alt_sld_fab_with_jtag_input:\instrumentation_fabric_with_node_gen:fabric_gen_new_way:with_jtag_input_gen:instrumentation_fabric|alt_sld_fab:instrumentation_fabric|alt_sld_fab_alt_sld_fab:alt_sld_fab|alt_sld_fab_alt_sld_fab_sldfabric:sldfabric|sld_jtag_hub:\jtag_hub_gen:real_sld_jtag_hub|virtual_ir_scan_reg                ; RAM_IMG:RAM_INST|altsyncram:altsyncram_component|altsyncram_0kh1:auto_generated|altsyncram_2u72:altsyncram1|ram_block3a18~portb_we_reg                                                                                                                                                                               ; altera_reserved_tck ; altera_reserved_tck ; 100.000      ; 0.224      ; 6.359      ;
; 93.949 ; RAM_IMG:RAM_INST|altsyncram:altsyncram_component|altsyncram_0kh1:auto_generated|altsyncram_2u72:altsyncram1|ram_block3a25~portb_we_reg                                                                                                                                                                                                              ; RAM_IMG:RAM_INST|altsyncram:altsyncram_component|altsyncram_0kh1:auto_generated|sld_mod_ram_rom:mgl_prim2|ram_rom_data_reg[1]                                                                                                                                                                                        ; altera_reserved_tck ; altera_reserved_tck ; 100.000      ; -0.363     ; 5.706      ;
; 93.975 ; sld_hub:auto_hub|alt_sld_fab_with_jtag_input:\instrumentation_fabric_with_node_gen:fabric_gen_new_way:with_jtag_input_gen:instrumentation_fabric|alt_sld_fab:instrumentation_fabric|alt_sld_fab_alt_sld_fab:alt_sld_fab|splitter_nodes_receive_0[3]                                                                                                 ; RAM_IMG:RAM_INST|altsyncram:altsyncram_component|altsyncram_0kh1:auto_generated|altsyncram_2u72:altsyncram1|ram_block3a6~portb_we_reg                                                                                                                                                                                ; altera_reserved_tck ; altera_reserved_tck ; 100.000      ; 0.225      ; 6.308      ;
; 93.983 ; RAM_IMG:RAM_INST|altsyncram:altsyncram_component|altsyncram_0kh1:auto_generated|altsyncram_2u72:altsyncram1|ram_block3a39~portb_we_reg                                                                                                                                                                                                              ; RAM_IMG:RAM_INST|altsyncram:altsyncram_component|altsyncram_0kh1:auto_generated|sld_mod_ram_rom:mgl_prim2|ram_rom_data_reg[7]                                                                                                                                                                                        ; altera_reserved_tck ; altera_reserved_tck ; 100.000      ; -0.348     ; 5.687      ;
; 93.983 ; RAM_IMG:RAM_INST|altsyncram:altsyncram_component|altsyncram_0kh1:auto_generated|altsyncram_2u72:altsyncram1|ram_block3a26~portb_we_reg                                                                                                                                                                                                              ; RAM_IMG:RAM_INST|altsyncram:altsyncram_component|altsyncram_0kh1:auto_generated|sld_mod_ram_rom:mgl_prim2|ram_rom_data_reg[2]                                                                                                                                                                                        ; altera_reserved_tck ; altera_reserved_tck ; 100.000      ; -0.350     ; 5.685      ;
; 93.984 ; sld_hub:auto_hub|alt_sld_fab_with_jtag_input:\instrumentation_fabric_with_node_gen:fabric_gen_new_way:with_jtag_input_gen:instrumentation_fabric|alt_sld_fab:instrumentation_fabric|alt_sld_fab_alt_sld_fab:alt_sld_fab|splitter_nodes_receive_0[3]                                                                                                 ; RAM_IMG:RAM_INST|altsyncram:altsyncram_component|altsyncram_0kh1:auto_generated|altsyncram_2u72:altsyncram1|ram_block3a0~portb_we_reg                                                                                                                                                                                ; altera_reserved_tck ; altera_reserved_tck ; 100.000      ; 0.213      ; 6.287      ;
; 93.998 ; RAM_IMG:RAM_INST|altsyncram:altsyncram_component|altsyncram_0kh1:auto_generated|altsyncram_2u72:altsyncram1|ram_block3a23~portb_we_reg                                                                                                                                                                                                              ; RAM_IMG:RAM_INST|altsyncram:altsyncram_component|altsyncram_0kh1:auto_generated|sld_mod_ram_rom:mgl_prim2|ram_rom_data_reg[7]                                                                                                                                                                                        ; altera_reserved_tck ; altera_reserved_tck ; 100.000      ; -0.373     ; 5.647      ;
; 93.998 ; sld_hub:auto_hub|alt_sld_fab_with_jtag_input:\instrumentation_fabric_with_node_gen:fabric_gen_new_way:with_jtag_input_gen:instrumentation_fabric|alt_sld_fab:instrumentation_fabric|alt_sld_fab_alt_sld_fab:alt_sld_fab|splitter_nodes_receive_0[3]                                                                                                 ; RAM_IMG:RAM_INST|altsyncram:altsyncram_component|altsyncram_0kh1:auto_generated|altsyncram_2u72:altsyncram1|ram_block3a11~portb_we_reg                                                                                                                                                                               ; altera_reserved_tck ; altera_reserved_tck ; 100.000      ; 0.216      ; 6.276      ;
; 94.007 ; sld_hub:auto_hub|alt_sld_fab_with_jtag_input:\instrumentation_fabric_with_node_gen:fabric_gen_new_way:with_jtag_input_gen:instrumentation_fabric|alt_sld_fab:instrumentation_fabric|alt_sld_fab_alt_sld_fab:alt_sld_fab|splitter_nodes_receive_0[3]                                                                                                 ; RAM_IMG:RAM_INST|altsyncram:altsyncram_component|altsyncram_0kh1:auto_generated|altsyncram_2u72:altsyncram1|ram_block3a38~portb_we_reg                                                                                                                                                                               ; altera_reserved_tck ; altera_reserved_tck ; 100.000      ; 0.212      ; 6.263      ;
; 94.011 ; sld_hub:auto_hub|alt_sld_fab_with_jtag_input:\instrumentation_fabric_with_node_gen:fabric_gen_new_way:with_jtag_input_gen:instrumentation_fabric|alt_sld_fab:instrumentation_fabric|alt_sld_fab_alt_sld_fab:alt_sld_fab|alt_sld_fab_alt_sld_fab_sldfabric:sldfabric|sld_jtag_hub:\jtag_hub_gen:real_sld_jtag_hub|sld_shadow_jsm:shadow_jsm|state[5] ; RAM_IMG:RAM_INST|altsyncram:altsyncram_component|altsyncram_0kh1:auto_generated|altsyncram_2u72:altsyncram1|ram_block3a6~portb_we_reg                                                                                                                                                                                ; altera_reserved_tck ; altera_reserved_tck ; 100.000      ; 0.227      ; 6.274      ;
; 94.020 ; sld_hub:auto_hub|alt_sld_fab_with_jtag_input:\instrumentation_fabric_with_node_gen:fabric_gen_new_way:with_jtag_input_gen:instrumentation_fabric|alt_sld_fab:instrumentation_fabric|alt_sld_fab_alt_sld_fab:alt_sld_fab|alt_sld_fab_alt_sld_fab_sldfabric:sldfabric|sld_jtag_hub:\jtag_hub_gen:real_sld_jtag_hub|sld_shadow_jsm:shadow_jsm|state[5] ; RAM_IMG:RAM_INST|altsyncram:altsyncram_component|altsyncram_0kh1:auto_generated|altsyncram_2u72:altsyncram1|ram_block3a0~portb_we_reg                                                                                                                                                                                ; altera_reserved_tck ; altera_reserved_tck ; 100.000      ; 0.215      ; 6.253      ;
; 94.022 ; sld_hub:auto_hub|alt_sld_fab_with_jtag_input:\instrumentation_fabric_with_node_gen:fabric_gen_new_way:with_jtag_input_gen:instrumentation_fabric|alt_sld_fab:instrumentation_fabric|alt_sld_fab_alt_sld_fab:alt_sld_fab|alt_sld_fab_alt_sld_fab_sldfabric:sldfabric|sld_jtag_hub:\jtag_hub_gen:real_sld_jtag_hub|irf_reg[1][2]                      ; RAM_IMG:RAM_INST|altsyncram:altsyncram_component|altsyncram_0kh1:auto_generated|altsyncram_2u72:altsyncram1|ram_block3a12~portb_we_reg                                                                                                                                                                               ; altera_reserved_tck ; altera_reserved_tck ; 100.000      ; 0.225      ; 6.261      ;
; 94.029 ; RAM_IMG:RAM_INST|altsyncram:altsyncram_component|altsyncram_0kh1:auto_generated|altsyncram_2u72:altsyncram1|ram_block3a40~portb_we_reg                                                                                                                                                                                                              ; RAM_IMG:RAM_INST|altsyncram:altsyncram_component|altsyncram_0kh1:auto_generated|sld_mod_ram_rom:mgl_prim2|ram_rom_data_reg[0]                                                                                                                                                                                        ; altera_reserved_tck ; altera_reserved_tck ; 100.000      ; -0.380     ; 5.609      ;
; 94.034 ; sld_hub:auto_hub|alt_sld_fab_with_jtag_input:\instrumentation_fabric_with_node_gen:fabric_gen_new_way:with_jtag_input_gen:instrumentation_fabric|alt_sld_fab:instrumentation_fabric|alt_sld_fab_alt_sld_fab:alt_sld_fab|alt_sld_fab_alt_sld_fab_sldfabric:sldfabric|sld_jtag_hub:\jtag_hub_gen:real_sld_jtag_hub|sld_shadow_jsm:shadow_jsm|state[5] ; RAM_IMG:RAM_INST|altsyncram:altsyncram_component|altsyncram_0kh1:auto_generated|altsyncram_2u72:altsyncram1|ram_block3a11~portb_we_reg                                                                                                                                                                               ; altera_reserved_tck ; altera_reserved_tck ; 100.000      ; 0.218      ; 6.242      ;
; 94.043 ; sld_hub:auto_hub|alt_sld_fab_with_jtag_input:\instrumentation_fabric_with_node_gen:fabric_gen_new_way:with_jtag_input_gen:instrumentation_fabric|alt_sld_fab:instrumentation_fabric|alt_sld_fab_alt_sld_fab:alt_sld_fab|alt_sld_fab_alt_sld_fab_sldfabric:sldfabric|sld_jtag_hub:\jtag_hub_gen:real_sld_jtag_hub|sld_shadow_jsm:shadow_jsm|state[5] ; RAM_IMG:RAM_INST|altsyncram:altsyncram_component|altsyncram_0kh1:auto_generated|altsyncram_2u72:altsyncram1|ram_block3a38~portb_we_reg                                                                                                                                                                               ; altera_reserved_tck ; altera_reserved_tck ; 100.000      ; 0.214      ; 6.229      ;
; 94.062 ; sld_hub:auto_hub|alt_sld_fab_with_jtag_input:\instrumentation_fabric_with_node_gen:fabric_gen_new_way:with_jtag_input_gen:instrumentation_fabric|alt_sld_fab:instrumentation_fabric|alt_sld_fab_alt_sld_fab:alt_sld_fab|splitter_nodes_receive_0[3]                                                                                                 ; RAM_IMG:RAM_INST|altsyncram:altsyncram_component|altsyncram_0kh1:auto_generated|altsyncram_2u72:altsyncram1|ram_block3a24~portb_we_reg                                                                                                                                                                               ; altera_reserved_tck ; altera_reserved_tck ; 100.000      ; 0.225      ; 6.221      ;
; 94.068 ; RAM_IMG:RAM_INST|altsyncram:altsyncram_component|altsyncram_0kh1:auto_generated|altsyncram_2u72:altsyncram1|ram_block3a33~portb_we_reg                                                                                                                                                                                                              ; RAM_IMG:RAM_INST|altsyncram:altsyncram_component|altsyncram_0kh1:auto_generated|sld_mod_ram_rom:mgl_prim2|ram_rom_data_reg[1]                                                                                                                                                                                        ; altera_reserved_tck ; altera_reserved_tck ; 100.000      ; -0.373     ; 5.577      ;
; 94.075 ; sld_hub:auto_hub|alt_sld_fab_with_jtag_input:\instrumentation_fabric_with_node_gen:fabric_gen_new_way:with_jtag_input_gen:instrumentation_fabric|alt_sld_fab:instrumentation_fabric|alt_sld_fab_alt_sld_fab:alt_sld_fab|splitter_nodes_receive_0[3]                                                                                                 ; RAM_IMG:RAM_INST|altsyncram:altsyncram_component|altsyncram_0kh1:auto_generated|altsyncram_2u72:altsyncram1|ram_block3a17~portb_we_reg                                                                                                                                                                               ; altera_reserved_tck ; altera_reserved_tck ; 100.000      ; 0.235      ; 6.218      ;
; 94.076 ; RAM_IMG:RAM_INST|altsyncram:altsyncram_component|altsyncram_0kh1:auto_generated|altsyncram_2u72:altsyncram1|ram_block3a28~portb_we_reg                                                                                                                                                                                                              ; RAM_IMG:RAM_INST|altsyncram:altsyncram_component|altsyncram_0kh1:auto_generated|sld_mod_ram_rom:mgl_prim2|ram_rom_data_reg[4]                                                                                                                                                                                        ; altera_reserved_tck ; altera_reserved_tck ; 100.000      ; -0.357     ; 5.585      ;
; 94.086 ; sld_hub:auto_hub|alt_sld_fab_with_jtag_input:\instrumentation_fabric_with_node_gen:fabric_gen_new_way:with_jtag_input_gen:instrumentation_fabric|alt_sld_fab:instrumentation_fabric|alt_sld_fab_alt_sld_fab:alt_sld_fab|splitter_nodes_receive_0[3]                                                                                                 ; RAM_IMG:RAM_INST|altsyncram:altsyncram_component|altsyncram_0kh1:auto_generated|altsyncram_2u72:altsyncram1|ram_block3a20~portb_we_reg                                                                                                                                                                               ; altera_reserved_tck ; altera_reserved_tck ; 100.000      ; 0.220      ; 6.192      ;
; 94.089 ; sld_hub:auto_hub|alt_sld_fab_with_jtag_input:\instrumentation_fabric_with_node_gen:fabric_gen_new_way:with_jtag_input_gen:instrumentation_fabric|alt_sld_fab:instrumentation_fabric|alt_sld_fab_alt_sld_fab:alt_sld_fab|splitter_nodes_receive_0[3]                                                                                                 ; RAM_IMG:RAM_INST|altsyncram:altsyncram_component|altsyncram_0kh1:auto_generated|altsyncram_2u72:altsyncram1|ram_block3a18~portb_we_reg                                                                                                                                                                               ; altera_reserved_tck ; altera_reserved_tck ; 100.000      ; 0.222      ; 6.191      ;
; 94.098 ; sld_hub:auto_hub|alt_sld_fab_with_jtag_input:\instrumentation_fabric_with_node_gen:fabric_gen_new_way:with_jtag_input_gen:instrumentation_fabric|alt_sld_fab:instrumentation_fabric|alt_sld_fab_alt_sld_fab:alt_sld_fab|alt_sld_fab_alt_sld_fab_sldfabric:sldfabric|sld_jtag_hub:\jtag_hub_gen:real_sld_jtag_hub|sld_shadow_jsm:shadow_jsm|state[5] ; RAM_IMG:RAM_INST|altsyncram:altsyncram_component|altsyncram_0kh1:auto_generated|altsyncram_2u72:altsyncram1|ram_block3a24~portb_we_reg                                                                                                                                                                               ; altera_reserved_tck ; altera_reserved_tck ; 100.000      ; 0.227      ; 6.187      ;
; 94.111 ; sld_hub:auto_hub|alt_sld_fab_with_jtag_input:\instrumentation_fabric_with_node_gen:fabric_gen_new_way:with_jtag_input_gen:instrumentation_fabric|alt_sld_fab:instrumentation_fabric|alt_sld_fab_alt_sld_fab:alt_sld_fab|alt_sld_fab_alt_sld_fab_sldfabric:sldfabric|sld_jtag_hub:\jtag_hub_gen:real_sld_jtag_hub|sld_shadow_jsm:shadow_jsm|state[5] ; RAM_IMG:RAM_INST|altsyncram:altsyncram_component|altsyncram_0kh1:auto_generated|altsyncram_2u72:altsyncram1|ram_block3a17~portb_we_reg                                                                                                                                                                               ; altera_reserved_tck ; altera_reserved_tck ; 100.000      ; 0.237      ; 6.184      ;
; 94.122 ; sld_hub:auto_hub|alt_sld_fab_with_jtag_input:\instrumentation_fabric_with_node_gen:fabric_gen_new_way:with_jtag_input_gen:instrumentation_fabric|alt_sld_fab:instrumentation_fabric|alt_sld_fab_alt_sld_fab:alt_sld_fab|alt_sld_fab_alt_sld_fab_sldfabric:sldfabric|sld_jtag_hub:\jtag_hub_gen:real_sld_jtag_hub|virtual_ir_scan_reg                ; RAM_IMG:RAM_INST|altsyncram:altsyncram_component|altsyncram_0kh1:auto_generated|altsyncram_2u72:altsyncram1|ram_block3a29~portb_we_reg                                                                                                                                                                               ; altera_reserved_tck ; altera_reserved_tck ; 100.000      ; 0.198      ; 6.134      ;
; 94.122 ; sld_hub:auto_hub|alt_sld_fab_with_jtag_input:\instrumentation_fabric_with_node_gen:fabric_gen_new_way:with_jtag_input_gen:instrumentation_fabric|alt_sld_fab:instrumentation_fabric|alt_sld_fab_alt_sld_fab:alt_sld_fab|alt_sld_fab_alt_sld_fab_sldfabric:sldfabric|sld_jtag_hub:\jtag_hub_gen:real_sld_jtag_hub|sld_shadow_jsm:shadow_jsm|state[5] ; RAM_IMG:RAM_INST|altsyncram:altsyncram_component|altsyncram_0kh1:auto_generated|altsyncram_2u72:altsyncram1|ram_block3a20~portb_we_reg                                                                                                                                                                               ; altera_reserved_tck ; altera_reserved_tck ; 100.000      ; 0.222      ; 6.158      ;
; 94.125 ; sld_hub:auto_hub|alt_sld_fab_with_jtag_input:\instrumentation_fabric_with_node_gen:fabric_gen_new_way:with_jtag_input_gen:instrumentation_fabric|alt_sld_fab:instrumentation_fabric|alt_sld_fab_alt_sld_fab:alt_sld_fab|alt_sld_fab_alt_sld_fab_sldfabric:sldfabric|sld_jtag_hub:\jtag_hub_gen:real_sld_jtag_hub|sld_shadow_jsm:shadow_jsm|state[5] ; RAM_IMG:RAM_INST|altsyncram:altsyncram_component|altsyncram_0kh1:auto_generated|altsyncram_2u72:altsyncram1|ram_block3a18~portb_we_reg                                                                                                                                                                               ; altera_reserved_tck ; altera_reserved_tck ; 100.000      ; 0.224      ; 6.157      ;
; 94.129 ; RAM_IMG:RAM_INST|altsyncram:altsyncram_component|altsyncram_0kh1:auto_generated|altsyncram_2u72:altsyncram1|ram_block3a38~portb_we_reg                                                                                                                                                                                                              ; RAM_IMG:RAM_INST|altsyncram:altsyncram_component|altsyncram_0kh1:auto_generated|sld_mod_ram_rom:mgl_prim2|ram_rom_data_reg[6]                                                                                                                                                                                        ; altera_reserved_tck ; altera_reserved_tck ; 100.000      ; -0.366     ; 5.523      ;
; 94.137 ; RAM_IMG:RAM_INST|altsyncram:altsyncram_component|altsyncram_0kh1:auto_generated|altsyncram_2u72:altsyncram1|ram_block3a21~portb_we_reg                                                                                                                                                                                                              ; RAM_IMG:RAM_INST|altsyncram:altsyncram_component|altsyncram_0kh1:auto_generated|sld_mod_ram_rom:mgl_prim2|ram_rom_data_reg[5]                                                                                                                                                                                        ; altera_reserved_tck ; altera_reserved_tck ; 100.000      ; -0.390     ; 5.491      ;
+--------+-----------------------------------------------------------------------------------------------------------------------------------------------------------------------------------------------------------------------------------------------------------------------------------------------------------------------------------------------------+----------------------------------------------------------------------------------------------------------------------------------------------------------------------------------------------------------------------------------------------------------------------------------------------------------------------+---------------------+---------------------+--------------+------------+------------+


+------------------------------------------------------------------------------------------------------------------------------------------------------------------------------------------------------------------------------------------------------------------------------------------------------------------------------------------------------------------------------------------------------------------------------------------------------------------------------------------------------------------------------------------------------------------------------------------------------------------------------------------------------------------------------------------------------------------------------------------------------------------------------------------------------------+
; Slow 1200mV 85C Model Hold: 'altera_reserved_tck'                                                                                                                                                                                                                                                                                                                                                                                                                                                                                                                                                                                                                                                                                                                                                          ;
+-------+-------------------------------------------------------------------------------------------------------------------------------------------------------------------------------------------------------------------------------------------------------------------------------------------------------------------------------------------------------+-------------------------------------------------------------------------------------------------------------------------------------------------------------------------------------------------------------------------------------------------------------------------------------------------------------------------------------------------------+---------------------+---------------------+--------------+------------+------------+
; Slack ; From Node                                                                                                                                                                                                                                                                                                                                             ; To Node                                                                                                                                                                                                                                                                                                                                               ; Launch Clock        ; Latch Clock         ; Relationship ; Clock Skew ; Data Delay ;
+-------+-------------------------------------------------------------------------------------------------------------------------------------------------------------------------------------------------------------------------------------------------------------------------------------------------------------------------------------------------------+-------------------------------------------------------------------------------------------------------------------------------------------------------------------------------------------------------------------------------------------------------------------------------------------------------------------------------------------------------+---------------------+---------------------+--------------+------------+------------+
; 0.402 ; sld_hub:auto_hub|alt_sld_fab_with_jtag_input:\instrumentation_fabric_with_node_gen:fabric_gen_new_way:with_jtag_input_gen:instrumentation_fabric|alt_sld_fab:instrumentation_fabric|alt_sld_fab_alt_sld_fab:alt_sld_fab|alt_sld_fab_alt_sld_fab_sldfabric:sldfabric|sld_jtag_hub:\jtag_hub_gen:real_sld_jtag_hub|sld_shadow_jsm:shadow_jsm|tms_cnt[2] ; sld_hub:auto_hub|alt_sld_fab_with_jtag_input:\instrumentation_fabric_with_node_gen:fabric_gen_new_way:with_jtag_input_gen:instrumentation_fabric|alt_sld_fab:instrumentation_fabric|alt_sld_fab_alt_sld_fab:alt_sld_fab|alt_sld_fab_alt_sld_fab_sldfabric:sldfabric|sld_jtag_hub:\jtag_hub_gen:real_sld_jtag_hub|sld_shadow_jsm:shadow_jsm|tms_cnt[2] ; altera_reserved_tck ; altera_reserved_tck ; 0.000        ; 0.081      ; 0.669      ;
; 0.402 ; sld_hub:auto_hub|alt_sld_fab_with_jtag_input:\instrumentation_fabric_with_node_gen:fabric_gen_new_way:with_jtag_input_gen:instrumentation_fabric|alt_sld_fab:instrumentation_fabric|alt_sld_fab_alt_sld_fab:alt_sld_fab|alt_sld_fab_alt_sld_fab_sldfabric:sldfabric|sld_jtag_hub:\jtag_hub_gen:real_sld_jtag_hub|sld_shadow_jsm:shadow_jsm|tms_cnt[1] ; sld_hub:auto_hub|alt_sld_fab_with_jtag_input:\instrumentation_fabric_with_node_gen:fabric_gen_new_way:with_jtag_input_gen:instrumentation_fabric|alt_sld_fab:instrumentation_fabric|alt_sld_fab_alt_sld_fab:alt_sld_fab|alt_sld_fab_alt_sld_fab_sldfabric:sldfabric|sld_jtag_hub:\jtag_hub_gen:real_sld_jtag_hub|sld_shadow_jsm:shadow_jsm|tms_cnt[1] ; altera_reserved_tck ; altera_reserved_tck ; 0.000        ; 0.081      ; 0.669      ;
; 0.403 ; sld_hub:auto_hub|alt_sld_fab_with_jtag_input:\instrumentation_fabric_with_node_gen:fabric_gen_new_way:with_jtag_input_gen:instrumentation_fabric|alt_sld_fab:instrumentation_fabric|alt_sld_fab_alt_sld_fab:alt_sld_fab|alt_sld_fab_alt_sld_fab_sldfabric:sldfabric|sld_jtag_hub:\jtag_hub_gen:real_sld_jtag_hub|irsr_reg[8]                          ; sld_hub:auto_hub|alt_sld_fab_with_jtag_input:\instrumentation_fabric_with_node_gen:fabric_gen_new_way:with_jtag_input_gen:instrumentation_fabric|alt_sld_fab:instrumentation_fabric|alt_sld_fab_alt_sld_fab:alt_sld_fab|alt_sld_fab_alt_sld_fab_sldfabric:sldfabric|sld_jtag_hub:\jtag_hub_gen:real_sld_jtag_hub|irsr_reg[8]                          ; altera_reserved_tck ; altera_reserved_tck ; 0.000        ; 0.080      ; 0.669      ;
; 0.403 ; sld_hub:auto_hub|alt_sld_fab_with_jtag_input:\instrumentation_fabric_with_node_gen:fabric_gen_new_way:with_jtag_input_gen:instrumentation_fabric|alt_sld_fab:instrumentation_fabric|alt_sld_fab_alt_sld_fab:alt_sld_fab|alt_sld_fab_alt_sld_fab_sldfabric:sldfabric|sld_jtag_hub:\jtag_hub_gen:real_sld_jtag_hub|irsr_reg[3]                          ; sld_hub:auto_hub|alt_sld_fab_with_jtag_input:\instrumentation_fabric_with_node_gen:fabric_gen_new_way:with_jtag_input_gen:instrumentation_fabric|alt_sld_fab:instrumentation_fabric|alt_sld_fab_alt_sld_fab:alt_sld_fab|alt_sld_fab_alt_sld_fab_sldfabric:sldfabric|sld_jtag_hub:\jtag_hub_gen:real_sld_jtag_hub|irsr_reg[3]                          ; altera_reserved_tck ; altera_reserved_tck ; 0.000        ; 0.080      ; 0.669      ;
; 0.403 ; sld_hub:auto_hub|alt_sld_fab_with_jtag_input:\instrumentation_fabric_with_node_gen:fabric_gen_new_way:with_jtag_input_gen:instrumentation_fabric|alt_sld_fab:instrumentation_fabric|alt_sld_fab_alt_sld_fab:alt_sld_fab|alt_sld_fab_alt_sld_fab_sldfabric:sldfabric|sld_jtag_hub:\jtag_hub_gen:real_sld_jtag_hub|hub_mode_reg[0]                      ; sld_hub:auto_hub|alt_sld_fab_with_jtag_input:\instrumentation_fabric_with_node_gen:fabric_gen_new_way:with_jtag_input_gen:instrumentation_fabric|alt_sld_fab:instrumentation_fabric|alt_sld_fab_alt_sld_fab:alt_sld_fab|alt_sld_fab_alt_sld_fab_sldfabric:sldfabric|sld_jtag_hub:\jtag_hub_gen:real_sld_jtag_hub|hub_mode_reg[0]                      ; altera_reserved_tck ; altera_reserved_tck ; 0.000        ; 0.080      ; 0.669      ;
; 0.403 ; sld_hub:auto_hub|alt_sld_fab_with_jtag_input:\instrumentation_fabric_with_node_gen:fabric_gen_new_way:with_jtag_input_gen:instrumentation_fabric|alt_sld_fab:instrumentation_fabric|alt_sld_fab_alt_sld_fab:alt_sld_fab|alt_sld_fab_alt_sld_fab_sldfabric:sldfabric|sld_jtag_hub:\jtag_hub_gen:real_sld_jtag_hub|hub_mode_reg[2]                      ; sld_hub:auto_hub|alt_sld_fab_with_jtag_input:\instrumentation_fabric_with_node_gen:fabric_gen_new_way:with_jtag_input_gen:instrumentation_fabric|alt_sld_fab:instrumentation_fabric|alt_sld_fab_alt_sld_fab:alt_sld_fab|alt_sld_fab_alt_sld_fab_sldfabric:sldfabric|sld_jtag_hub:\jtag_hub_gen:real_sld_jtag_hub|hub_mode_reg[2]                      ; altera_reserved_tck ; altera_reserved_tck ; 0.000        ; 0.080      ; 0.669      ;
; 0.403 ; sld_hub:auto_hub|alt_sld_fab_with_jtag_input:\instrumentation_fabric_with_node_gen:fabric_gen_new_way:with_jtag_input_gen:instrumentation_fabric|alt_sld_fab:instrumentation_fabric|alt_sld_fab_alt_sld_fab:alt_sld_fab|alt_sld_fab_alt_sld_fab_sldfabric:sldfabric|sld_jtag_hub:\jtag_hub_gen:real_sld_jtag_hub|hub_mode_reg[1]                      ; sld_hub:auto_hub|alt_sld_fab_with_jtag_input:\instrumentation_fabric_with_node_gen:fabric_gen_new_way:with_jtag_input_gen:instrumentation_fabric|alt_sld_fab:instrumentation_fabric|alt_sld_fab_alt_sld_fab:alt_sld_fab|alt_sld_fab_alt_sld_fab_sldfabric:sldfabric|sld_jtag_hub:\jtag_hub_gen:real_sld_jtag_hub|hub_mode_reg[1]                      ; altera_reserved_tck ; altera_reserved_tck ; 0.000        ; 0.080      ; 0.669      ;
; 0.403 ; sld_hub:auto_hub|alt_sld_fab_with_jtag_input:\instrumentation_fabric_with_node_gen:fabric_gen_new_way:with_jtag_input_gen:instrumentation_fabric|alt_sld_fab:instrumentation_fabric|alt_sld_fab_alt_sld_fab:alt_sld_fab|splitter_nodes_receive_0[3]                                                                                                   ; sld_hub:auto_hub|alt_sld_fab_with_jtag_input:\instrumentation_fabric_with_node_gen:fabric_gen_new_way:with_jtag_input_gen:instrumentation_fabric|alt_sld_fab:instrumentation_fabric|alt_sld_fab_alt_sld_fab:alt_sld_fab|splitter_nodes_receive_0[3]                                                                                                   ; altera_reserved_tck ; altera_reserved_tck ; 0.000        ; 0.080      ; 0.669      ;
; 0.403 ; RAM_IMG:RAM_INST|altsyncram:altsyncram_component|altsyncram_0kh1:auto_generated|sld_mod_ram_rom:mgl_prim2|sld_rom_sr:\ram_rom_logic_gen:no_name_gen:info_rom_sr|WORD_SR[2]                                                                                                                                                                            ; RAM_IMG:RAM_INST|altsyncram:altsyncram_component|altsyncram_0kh1:auto_generated|sld_mod_ram_rom:mgl_prim2|sld_rom_sr:\ram_rom_logic_gen:no_name_gen:info_rom_sr|WORD_SR[2]                                                                                                                                                                            ; altera_reserved_tck ; altera_reserved_tck ; 0.000        ; 0.080      ; 0.669      ;
; 0.403 ; RAM_IMG:RAM_INST|altsyncram:altsyncram_component|altsyncram_0kh1:auto_generated|sld_mod_ram_rom:mgl_prim2|sld_rom_sr:\ram_rom_logic_gen:no_name_gen:info_rom_sr|word_counter[1]                                                                                                                                                                       ; RAM_IMG:RAM_INST|altsyncram:altsyncram_component|altsyncram_0kh1:auto_generated|sld_mod_ram_rom:mgl_prim2|sld_rom_sr:\ram_rom_logic_gen:no_name_gen:info_rom_sr|word_counter[1]                                                                                                                                                                       ; altera_reserved_tck ; altera_reserved_tck ; 0.000        ; 0.080      ; 0.669      ;
; 0.403 ; RAM_IMG:RAM_INST|altsyncram:altsyncram_component|altsyncram_0kh1:auto_generated|sld_mod_ram_rom:mgl_prim2|sld_rom_sr:\ram_rom_logic_gen:no_name_gen:info_rom_sr|word_counter[3]                                                                                                                                                                       ; RAM_IMG:RAM_INST|altsyncram:altsyncram_component|altsyncram_0kh1:auto_generated|sld_mod_ram_rom:mgl_prim2|sld_rom_sr:\ram_rom_logic_gen:no_name_gen:info_rom_sr|word_counter[3]                                                                                                                                                                       ; altera_reserved_tck ; altera_reserved_tck ; 0.000        ; 0.080      ; 0.669      ;
; 0.403 ; RAM_IMG:RAM_INST|altsyncram:altsyncram_component|altsyncram_0kh1:auto_generated|sld_mod_ram_rom:mgl_prim2|sld_rom_sr:\ram_rom_logic_gen:no_name_gen:info_rom_sr|word_counter[2]                                                                                                                                                                       ; RAM_IMG:RAM_INST|altsyncram:altsyncram_component|altsyncram_0kh1:auto_generated|sld_mod_ram_rom:mgl_prim2|sld_rom_sr:\ram_rom_logic_gen:no_name_gen:info_rom_sr|word_counter[2]                                                                                                                                                                       ; altera_reserved_tck ; altera_reserved_tck ; 0.000        ; 0.080      ; 0.669      ;
; 0.403 ; sld_hub:auto_hub|alt_sld_fab_with_jtag_input:\instrumentation_fabric_with_node_gen:fabric_gen_new_way:with_jtag_input_gen:instrumentation_fabric|alt_sld_fab:instrumentation_fabric|alt_sld_fab_alt_sld_fab:alt_sld_fab|alt_sld_fab_alt_sld_fab_sldfabric:sldfabric|sld_jtag_hub:\jtag_hub_gen:real_sld_jtag_hub|tdo_bypass_reg                       ; sld_hub:auto_hub|alt_sld_fab_with_jtag_input:\instrumentation_fabric_with_node_gen:fabric_gen_new_way:with_jtag_input_gen:instrumentation_fabric|alt_sld_fab:instrumentation_fabric|alt_sld_fab_alt_sld_fab:alt_sld_fab|alt_sld_fab_alt_sld_fab_sldfabric:sldfabric|sld_jtag_hub:\jtag_hub_gen:real_sld_jtag_hub|tdo_bypass_reg                       ; altera_reserved_tck ; altera_reserved_tck ; 0.000        ; 0.080      ; 0.669      ;
; 0.403 ; RAM_IMG:RAM_INST|altsyncram:altsyncram_component|altsyncram_0kh1:auto_generated|sld_mod_ram_rom:mgl_prim2|bypass_reg_out                                                                                                                                                                                                                              ; RAM_IMG:RAM_INST|altsyncram:altsyncram_component|altsyncram_0kh1:auto_generated|sld_mod_ram_rom:mgl_prim2|bypass_reg_out                                                                                                                                                                                                                              ; altera_reserved_tck ; altera_reserved_tck ; 0.000        ; 0.080      ; 0.669      ;
; 0.403 ; sld_hub:auto_hub|alt_sld_fab_with_jtag_input:\instrumentation_fabric_with_node_gen:fabric_gen_new_way:with_jtag_input_gen:instrumentation_fabric|alt_sld_fab:instrumentation_fabric|alt_sld_fab_alt_sld_fab:alt_sld_fab|alt_sld_fab_alt_sld_fab_sldfabric:sldfabric|sld_jtag_hub:\jtag_hub_gen:real_sld_jtag_hub|sld_shadow_jsm:shadow_jsm|state[11]  ; sld_hub:auto_hub|alt_sld_fab_with_jtag_input:\instrumentation_fabric_with_node_gen:fabric_gen_new_way:with_jtag_input_gen:instrumentation_fabric|alt_sld_fab:instrumentation_fabric|alt_sld_fab_alt_sld_fab:alt_sld_fab|alt_sld_fab_alt_sld_fab_sldfabric:sldfabric|sld_jtag_hub:\jtag_hub_gen:real_sld_jtag_hub|sld_shadow_jsm:shadow_jsm|state[11]  ; altera_reserved_tck ; altera_reserved_tck ; 0.000        ; 0.080      ; 0.669      ;
; 0.403 ; sld_hub:auto_hub|alt_sld_fab_with_jtag_input:\instrumentation_fabric_with_node_gen:fabric_gen_new_way:with_jtag_input_gen:instrumentation_fabric|alt_sld_fab:instrumentation_fabric|alt_sld_fab_alt_sld_fab:alt_sld_fab|alt_sld_fab_alt_sld_fab_sldfabric:sldfabric|sld_jtag_hub:\jtag_hub_gen:real_sld_jtag_hub|sld_shadow_jsm:shadow_jsm|state[13]  ; sld_hub:auto_hub|alt_sld_fab_with_jtag_input:\instrumentation_fabric_with_node_gen:fabric_gen_new_way:with_jtag_input_gen:instrumentation_fabric|alt_sld_fab:instrumentation_fabric|alt_sld_fab_alt_sld_fab:alt_sld_fab|alt_sld_fab_alt_sld_fab_sldfabric:sldfabric|sld_jtag_hub:\jtag_hub_gen:real_sld_jtag_hub|sld_shadow_jsm:shadow_jsm|state[13]  ; altera_reserved_tck ; altera_reserved_tck ; 0.000        ; 0.080      ; 0.669      ;
; 0.403 ; sld_hub:auto_hub|alt_sld_fab_with_jtag_input:\instrumentation_fabric_with_node_gen:fabric_gen_new_way:with_jtag_input_gen:instrumentation_fabric|alt_sld_fab:instrumentation_fabric|alt_sld_fab_alt_sld_fab:alt_sld_fab|alt_sld_fab_alt_sld_fab_sldfabric:sldfabric|sld_jtag_hub:\jtag_hub_gen:real_sld_jtag_hub|sld_shadow_jsm:shadow_jsm|state[4]   ; sld_hub:auto_hub|alt_sld_fab_with_jtag_input:\instrumentation_fabric_with_node_gen:fabric_gen_new_way:with_jtag_input_gen:instrumentation_fabric|alt_sld_fab:instrumentation_fabric|alt_sld_fab_alt_sld_fab:alt_sld_fab|alt_sld_fab_alt_sld_fab_sldfabric:sldfabric|sld_jtag_hub:\jtag_hub_gen:real_sld_jtag_hub|sld_shadow_jsm:shadow_jsm|state[4]   ; altera_reserved_tck ; altera_reserved_tck ; 0.000        ; 0.080      ; 0.669      ;
; 0.403 ; sld_hub:auto_hub|alt_sld_fab_with_jtag_input:\instrumentation_fabric_with_node_gen:fabric_gen_new_way:with_jtag_input_gen:instrumentation_fabric|alt_sld_fab:instrumentation_fabric|alt_sld_fab_alt_sld_fab:alt_sld_fab|alt_sld_fab_alt_sld_fab_sldfabric:sldfabric|sld_jtag_hub:\jtag_hub_gen:real_sld_jtag_hub|sld_shadow_jsm:shadow_jsm|state[1]   ; sld_hub:auto_hub|alt_sld_fab_with_jtag_input:\instrumentation_fabric_with_node_gen:fabric_gen_new_way:with_jtag_input_gen:instrumentation_fabric|alt_sld_fab:instrumentation_fabric|alt_sld_fab_alt_sld_fab:alt_sld_fab|alt_sld_fab_alt_sld_fab_sldfabric:sldfabric|sld_jtag_hub:\jtag_hub_gen:real_sld_jtag_hub|sld_shadow_jsm:shadow_jsm|state[1]   ; altera_reserved_tck ; altera_reserved_tck ; 0.000        ; 0.080      ; 0.669      ;
; 0.403 ; sld_hub:auto_hub|alt_sld_fab_with_jtag_input:\instrumentation_fabric_with_node_gen:fabric_gen_new_way:with_jtag_input_gen:instrumentation_fabric|alt_sld_fab:instrumentation_fabric|alt_sld_fab_alt_sld_fab:alt_sld_fab|alt_sld_fab_alt_sld_fab_sldfabric:sldfabric|sld_jtag_hub:\jtag_hub_gen:real_sld_jtag_hub|sld_shadow_jsm:shadow_jsm|state[6]   ; sld_hub:auto_hub|alt_sld_fab_with_jtag_input:\instrumentation_fabric_with_node_gen:fabric_gen_new_way:with_jtag_input_gen:instrumentation_fabric|alt_sld_fab:instrumentation_fabric|alt_sld_fab_alt_sld_fab:alt_sld_fab|alt_sld_fab_alt_sld_fab_sldfabric:sldfabric|sld_jtag_hub:\jtag_hub_gen:real_sld_jtag_hub|sld_shadow_jsm:shadow_jsm|state[6]   ; altera_reserved_tck ; altera_reserved_tck ; 0.000        ; 0.080      ; 0.669      ;
; 0.403 ; sld_hub:auto_hub|alt_sld_fab_with_jtag_input:\instrumentation_fabric_with_node_gen:fabric_gen_new_way:with_jtag_input_gen:instrumentation_fabric|alt_sld_fab:instrumentation_fabric|alt_sld_fab_alt_sld_fab:alt_sld_fab|alt_sld_fab_alt_sld_fab_sldfabric:sldfabric|sld_jtag_hub:\jtag_hub_gen:real_sld_jtag_hub|sld_shadow_jsm:shadow_jsm|state[0]   ; sld_hub:auto_hub|alt_sld_fab_with_jtag_input:\instrumentation_fabric_with_node_gen:fabric_gen_new_way:with_jtag_input_gen:instrumentation_fabric|alt_sld_fab:instrumentation_fabric|alt_sld_fab_alt_sld_fab:alt_sld_fab|alt_sld_fab_alt_sld_fab_sldfabric:sldfabric|sld_jtag_hub:\jtag_hub_gen:real_sld_jtag_hub|sld_shadow_jsm:shadow_jsm|state[0]   ; altera_reserved_tck ; altera_reserved_tck ; 0.000        ; 0.080      ; 0.669      ;
; 0.403 ; RAM_IMG:RAM_INST|altsyncram:altsyncram_component|altsyncram_0kh1:auto_generated|sld_mod_ram_rom:mgl_prim2|is_in_use_reg                                                                                                                                                                                                                               ; RAM_IMG:RAM_INST|altsyncram:altsyncram_component|altsyncram_0kh1:auto_generated|sld_mod_ram_rom:mgl_prim2|is_in_use_reg                                                                                                                                                                                                                               ; altera_reserved_tck ; altera_reserved_tck ; 0.000        ; 0.080      ; 0.669      ;
; 0.403 ; RAM_IMG:RAM_INST|altsyncram:altsyncram_component|altsyncram_0kh1:auto_generated|sld_mod_ram_rom:mgl_prim2|ram_rom_data_shift_cntr_reg[2]                                                                                                                                                                                                              ; RAM_IMG:RAM_INST|altsyncram:altsyncram_component|altsyncram_0kh1:auto_generated|sld_mod_ram_rom:mgl_prim2|ram_rom_data_shift_cntr_reg[2]                                                                                                                                                                                                              ; altera_reserved_tck ; altera_reserved_tck ; 0.000        ; 0.080      ; 0.669      ;
; 0.403 ; RAM_IMG:RAM_INST|altsyncram:altsyncram_component|altsyncram_0kh1:auto_generated|sld_mod_ram_rom:mgl_prim2|ram_rom_data_shift_cntr_reg[0]                                                                                                                                                                                                              ; RAM_IMG:RAM_INST|altsyncram:altsyncram_component|altsyncram_0kh1:auto_generated|sld_mod_ram_rom:mgl_prim2|ram_rom_data_shift_cntr_reg[0]                                                                                                                                                                                                              ; altera_reserved_tck ; altera_reserved_tck ; 0.000        ; 0.080      ; 0.669      ;
; 0.403 ; RAM_IMG:RAM_INST|altsyncram:altsyncram_component|altsyncram_0kh1:auto_generated|sld_mod_ram_rom:mgl_prim2|ram_rom_data_shift_cntr_reg[1]                                                                                                                                                                                                              ; RAM_IMG:RAM_INST|altsyncram:altsyncram_component|altsyncram_0kh1:auto_generated|sld_mod_ram_rom:mgl_prim2|ram_rom_data_shift_cntr_reg[1]                                                                                                                                                                                                              ; altera_reserved_tck ; altera_reserved_tck ; 0.000        ; 0.080      ; 0.669      ;
; 0.407 ; sld_hub:auto_hub|alt_sld_fab_with_jtag_input:\instrumentation_fabric_with_node_gen:fabric_gen_new_way:with_jtag_input_gen:instrumentation_fabric|alt_sld_fab:instrumentation_fabric|alt_sld_fab_alt_sld_fab:alt_sld_fab|alt_sld_fab_alt_sld_fab_sldfabric:sldfabric|sld_jtag_hub:\jtag_hub_gen:real_sld_jtag_hub|sld_shadow_jsm:shadow_jsm|tms_cnt[0] ; sld_hub:auto_hub|alt_sld_fab_with_jtag_input:\instrumentation_fabric_with_node_gen:fabric_gen_new_way:with_jtag_input_gen:instrumentation_fabric|alt_sld_fab:instrumentation_fabric|alt_sld_fab_alt_sld_fab:alt_sld_fab|alt_sld_fab_alt_sld_fab_sldfabric:sldfabric|sld_jtag_hub:\jtag_hub_gen:real_sld_jtag_hub|sld_shadow_jsm:shadow_jsm|tms_cnt[0] ; altera_reserved_tck ; altera_reserved_tck ; 0.000        ; 0.081      ; 0.674      ;
; 0.408 ; RAM_IMG:RAM_INST|altsyncram:altsyncram_component|altsyncram_0kh1:auto_generated|sld_mod_ram_rom:mgl_prim2|sld_rom_sr:\ram_rom_logic_gen:no_name_gen:info_rom_sr|word_counter[0]                                                                                                                                                                       ; RAM_IMG:RAM_INST|altsyncram:altsyncram_component|altsyncram_0kh1:auto_generated|sld_mod_ram_rom:mgl_prim2|sld_rom_sr:\ram_rom_logic_gen:no_name_gen:info_rom_sr|word_counter[0]                                                                                                                                                                       ; altera_reserved_tck ; altera_reserved_tck ; 0.000        ; 0.080      ; 0.674      ;
; 0.427 ; sld_hub:auto_hub|alt_sld_fab_with_jtag_input:\instrumentation_fabric_with_node_gen:fabric_gen_new_way:with_jtag_input_gen:instrumentation_fabric|alt_sld_fab:instrumentation_fabric|alt_sld_fab_alt_sld_fab:alt_sld_fab|alt_sld_fab_alt_sld_fab_sldfabric:sldfabric|sld_jtag_hub:\jtag_hub_gen:real_sld_jtag_hub|sld_shadow_jsm:shadow_jsm|tms_cnt[0] ; sld_hub:auto_hub|alt_sld_fab_with_jtag_input:\instrumentation_fabric_with_node_gen:fabric_gen_new_way:with_jtag_input_gen:instrumentation_fabric|alt_sld_fab:instrumentation_fabric|alt_sld_fab_alt_sld_fab:alt_sld_fab|alt_sld_fab_alt_sld_fab_sldfabric:sldfabric|sld_jtag_hub:\jtag_hub_gen:real_sld_jtag_hub|sld_shadow_jsm:shadow_jsm|tms_cnt[2] ; altera_reserved_tck ; altera_reserved_tck ; 0.000        ; 0.081      ; 0.694      ;
; 0.427 ; sld_hub:auto_hub|alt_sld_fab_with_jtag_input:\instrumentation_fabric_with_node_gen:fabric_gen_new_way:with_jtag_input_gen:instrumentation_fabric|alt_sld_fab:instrumentation_fabric|alt_sld_fab_alt_sld_fab:alt_sld_fab|alt_sld_fab_alt_sld_fab_sldfabric:sldfabric|sld_jtag_hub:\jtag_hub_gen:real_sld_jtag_hub|sld_shadow_jsm:shadow_jsm|tms_cnt[0] ; sld_hub:auto_hub|alt_sld_fab_with_jtag_input:\instrumentation_fabric_with_node_gen:fabric_gen_new_way:with_jtag_input_gen:instrumentation_fabric|alt_sld_fab:instrumentation_fabric|alt_sld_fab_alt_sld_fab:alt_sld_fab|alt_sld_fab_alt_sld_fab_sldfabric:sldfabric|sld_jtag_hub:\jtag_hub_gen:real_sld_jtag_hub|sld_shadow_jsm:shadow_jsm|tms_cnt[1] ; altera_reserved_tck ; altera_reserved_tck ; 0.000        ; 0.081      ; 0.694      ;
; 0.429 ; sld_hub:auto_hub|alt_sld_fab_with_jtag_input:\instrumentation_fabric_with_node_gen:fabric_gen_new_way:with_jtag_input_gen:instrumentation_fabric|alt_sld_fab:instrumentation_fabric|alt_sld_fab_alt_sld_fab:alt_sld_fab|alt_sld_fab_alt_sld_fab_sldfabric:sldfabric|sld_jtag_hub:\jtag_hub_gen:real_sld_jtag_hub|hub_minor_ver_reg[2]                 ; sld_hub:auto_hub|alt_sld_fab_with_jtag_input:\instrumentation_fabric_with_node_gen:fabric_gen_new_way:with_jtag_input_gen:instrumentation_fabric|alt_sld_fab:instrumentation_fabric|alt_sld_fab_alt_sld_fab:alt_sld_fab|alt_sld_fab_alt_sld_fab_sldfabric:sldfabric|sld_jtag_hub:\jtag_hub_gen:real_sld_jtag_hub|hub_minor_ver_reg[1]                 ; altera_reserved_tck ; altera_reserved_tck ; 0.000        ; 0.080      ; 0.695      ;
; 0.430 ; sld_hub:auto_hub|alt_sld_fab_with_jtag_input:\instrumentation_fabric_with_node_gen:fabric_gen_new_way:with_jtag_input_gen:instrumentation_fabric|alt_sld_fab:instrumentation_fabric|alt_sld_fab_alt_sld_fab:alt_sld_fab|sldfabric_ident_writedata[3]                                                                                                  ; sld_hub:auto_hub|alt_sld_fab_with_jtag_input:\instrumentation_fabric_with_node_gen:fabric_gen_new_way:with_jtag_input_gen:instrumentation_fabric|alt_sld_fab:instrumentation_fabric|alt_sld_fab_alt_sld_fab:alt_sld_fab|alt_sld_fab_alt_sld_fab_sldfabric:sldfabric|sld_jtag_hub:\jtag_hub_gen:real_sld_jtag_hub|design_hash_reg[3]                   ; altera_reserved_tck ; altera_reserved_tck ; 0.000        ; 0.080      ; 0.696      ;
; 0.430 ; sld_hub:auto_hub|alt_sld_fab_with_jtag_input:\instrumentation_fabric_with_node_gen:fabric_gen_new_way:with_jtag_input_gen:instrumentation_fabric|alt_sld_fab:instrumentation_fabric|alt_sld_fab_alt_sld_fab:alt_sld_fab|alt_sld_fab_alt_sld_fab_sldfabric:sldfabric|sld_jtag_hub:\jtag_hub_gen:real_sld_jtag_hub|hub_mode_reg[2]                      ; sld_hub:auto_hub|alt_sld_fab_with_jtag_input:\instrumentation_fabric_with_node_gen:fabric_gen_new_way:with_jtag_input_gen:instrumentation_fabric|alt_sld_fab:instrumentation_fabric|alt_sld_fab_alt_sld_fab:alt_sld_fab|alt_sld_fab_alt_sld_fab_sldfabric:sldfabric|sld_jtag_hub:\jtag_hub_gen:real_sld_jtag_hub|clr_reg                              ; altera_reserved_tck ; altera_reserved_tck ; 0.000        ; 0.080      ; 0.696      ;
; 0.430 ; sld_hub:auto_hub|alt_sld_fab_with_jtag_input:\instrumentation_fabric_with_node_gen:fabric_gen_new_way:with_jtag_input_gen:instrumentation_fabric|alt_sld_fab:instrumentation_fabric|alt_sld_fab_alt_sld_fab:alt_sld_fab|alt_sld_fab_alt_sld_fab_sldfabric:sldfabric|sld_jtag_hub:\jtag_hub_gen:real_sld_jtag_hub|jtag_ir_reg[9]                       ; sld_hub:auto_hub|alt_sld_fab_with_jtag_input:\instrumentation_fabric_with_node_gen:fabric_gen_new_way:with_jtag_input_gen:instrumentation_fabric|alt_sld_fab:instrumentation_fabric|alt_sld_fab_alt_sld_fab:alt_sld_fab|alt_sld_fab_alt_sld_fab_sldfabric:sldfabric|sld_jtag_hub:\jtag_hub_gen:real_sld_jtag_hub|jtag_ir_reg[8]                       ; altera_reserved_tck ; altera_reserved_tck ; 0.000        ; 0.080      ; 0.696      ;
; 0.431 ; sld_hub:auto_hub|alt_sld_fab_with_jtag_input:\instrumentation_fabric_with_node_gen:fabric_gen_new_way:with_jtag_input_gen:instrumentation_fabric|alt_sld_fab:instrumentation_fabric|alt_sld_fab_alt_sld_fab:alt_sld_fab|sldfabric_ident_writedata[0]                                                                                                  ; sld_hub:auto_hub|alt_sld_fab_with_jtag_input:\instrumentation_fabric_with_node_gen:fabric_gen_new_way:with_jtag_input_gen:instrumentation_fabric|alt_sld_fab:instrumentation_fabric|alt_sld_fab_alt_sld_fab:alt_sld_fab|alt_sld_fab_alt_sld_fab_sldfabric:sldfabric|sld_jtag_hub:\jtag_hub_gen:real_sld_jtag_hub|design_hash_reg[0]                   ; altera_reserved_tck ; altera_reserved_tck ; 0.000        ; 0.080      ; 0.697      ;
; 0.431 ; sld_hub:auto_hub|alt_sld_fab_with_jtag_input:\instrumentation_fabric_with_node_gen:fabric_gen_new_way:with_jtag_input_gen:instrumentation_fabric|alt_sld_fab:instrumentation_fabric|alt_sld_fab_alt_sld_fab:alt_sld_fab|sldfabric_ident_writedata[1]                                                                                                  ; sld_hub:auto_hub|alt_sld_fab_with_jtag_input:\instrumentation_fabric_with_node_gen:fabric_gen_new_way:with_jtag_input_gen:instrumentation_fabric|alt_sld_fab:instrumentation_fabric|alt_sld_fab_alt_sld_fab:alt_sld_fab|alt_sld_fab_alt_sld_fab_sldfabric:sldfabric|sld_jtag_hub:\jtag_hub_gen:real_sld_jtag_hub|design_hash_reg[1]                   ; altera_reserved_tck ; altera_reserved_tck ; 0.000        ; 0.080      ; 0.697      ;
; 0.431 ; sld_hub:auto_hub|alt_sld_fab_with_jtag_input:\instrumentation_fabric_with_node_gen:fabric_gen_new_way:with_jtag_input_gen:instrumentation_fabric|alt_sld_fab:instrumentation_fabric|alt_sld_fab_alt_sld_fab:alt_sld_fab|sldfabric_ident_writedata[2]                                                                                                  ; sld_hub:auto_hub|alt_sld_fab_with_jtag_input:\instrumentation_fabric_with_node_gen:fabric_gen_new_way:with_jtag_input_gen:instrumentation_fabric|alt_sld_fab:instrumentation_fabric|alt_sld_fab_alt_sld_fab:alt_sld_fab|alt_sld_fab_alt_sld_fab_sldfabric:sldfabric|sld_jtag_hub:\jtag_hub_gen:real_sld_jtag_hub|design_hash_reg[2]                   ; altera_reserved_tck ; altera_reserved_tck ; 0.000        ; 0.080      ; 0.697      ;
; 0.431 ; sld_hub:auto_hub|alt_sld_fab_with_jtag_input:\instrumentation_fabric_with_node_gen:fabric_gen_new_way:with_jtag_input_gen:instrumentation_fabric|alt_sld_fab:instrumentation_fabric|alt_sld_fab_alt_sld_fab:alt_sld_fab|alt_sld_fab_alt_sld_fab_sldfabric:sldfabric|sld_jtag_hub:\jtag_hub_gen:real_sld_jtag_hub|jtag_ir_reg[5]                       ; sld_hub:auto_hub|alt_sld_fab_with_jtag_input:\instrumentation_fabric_with_node_gen:fabric_gen_new_way:with_jtag_input_gen:instrumentation_fabric|alt_sld_fab:instrumentation_fabric|alt_sld_fab_alt_sld_fab:alt_sld_fab|alt_sld_fab_alt_sld_fab_sldfabric:sldfabric|sld_jtag_hub:\jtag_hub_gen:real_sld_jtag_hub|jtag_ir_reg[4]                       ; altera_reserved_tck ; altera_reserved_tck ; 0.000        ; 0.080      ; 0.697      ;
; 0.432 ; sld_hub:auto_hub|alt_sld_fab_with_jtag_input:\instrumentation_fabric_with_node_gen:fabric_gen_new_way:with_jtag_input_gen:instrumentation_fabric|alt_sld_fab:instrumentation_fabric|alt_sld_fab_alt_sld_fab:alt_sld_fab|alt_sld_fab_alt_sld_fab_sldfabric:sldfabric|sld_jtag_hub:\jtag_hub_gen:real_sld_jtag_hub|hub_minor_ver_reg[3]                 ; sld_hub:auto_hub|alt_sld_fab_with_jtag_input:\instrumentation_fabric_with_node_gen:fabric_gen_new_way:with_jtag_input_gen:instrumentation_fabric|alt_sld_fab:instrumentation_fabric|alt_sld_fab_alt_sld_fab:alt_sld_fab|alt_sld_fab_alt_sld_fab_sldfabric:sldfabric|sld_jtag_hub:\jtag_hub_gen:real_sld_jtag_hub|hub_minor_ver_reg[2]                 ; altera_reserved_tck ; altera_reserved_tck ; 0.000        ; 0.080      ; 0.698      ;
; 0.433 ; RAM_IMG:RAM_INST|altsyncram:altsyncram_component|altsyncram_0kh1:auto_generated|sld_mod_ram_rom:mgl_prim2|ram_rom_addr_reg[2]                                                                                                                                                                                                                         ; RAM_IMG:RAM_INST|altsyncram:altsyncram_component|altsyncram_0kh1:auto_generated|altsyncram_2u72:altsyncram1|ram_block3a25~portb_address_reg0                                                                                                                                                                                                          ; altera_reserved_tck ; altera_reserved_tck ; 0.000        ; 0.383      ; 1.038      ;
; 0.434 ; RAM_IMG:RAM_INST|altsyncram:altsyncram_component|altsyncram_0kh1:auto_generated|sld_mod_ram_rom:mgl_prim2|ram_rom_addr_reg[3]                                                                                                                                                                                                                         ; RAM_IMG:RAM_INST|altsyncram:altsyncram_component|altsyncram_0kh1:auto_generated|altsyncram_2u72:altsyncram1|ram_block3a25~portb_address_reg0                                                                                                                                                                                                          ; altera_reserved_tck ; altera_reserved_tck ; 0.000        ; 0.383      ; 1.039      ;
; 0.435 ; sld_hub:auto_hub|alt_sld_fab_with_jtag_input:\instrumentation_fabric_with_node_gen:fabric_gen_new_way:with_jtag_input_gen:instrumentation_fabric|alt_sld_fab:instrumentation_fabric|alt_sld_fab_alt_sld_fab:alt_sld_fab|alt_sld_fab_alt_sld_fab_sldfabric:sldfabric|sld_jtag_hub:\jtag_hub_gen:real_sld_jtag_hub|jtag_ir_reg[7]                       ; sld_hub:auto_hub|alt_sld_fab_with_jtag_input:\instrumentation_fabric_with_node_gen:fabric_gen_new_way:with_jtag_input_gen:instrumentation_fabric|alt_sld_fab:instrumentation_fabric|alt_sld_fab_alt_sld_fab:alt_sld_fab|alt_sld_fab_alt_sld_fab_sldfabric:sldfabric|sld_jtag_hub:\jtag_hub_gen:real_sld_jtag_hub|jtag_ir_reg[6]                       ; altera_reserved_tck ; altera_reserved_tck ; 0.000        ; 0.080      ; 0.701      ;
; 0.437 ; sld_hub:auto_hub|alt_sld_fab_with_jtag_input:\instrumentation_fabric_with_node_gen:fabric_gen_new_way:with_jtag_input_gen:instrumentation_fabric|alt_sld_fab:instrumentation_fabric|alt_sld_fab_alt_sld_fab:alt_sld_fab|alt_sld_fab_alt_sld_fab_sldfabric:sldfabric|sld_jtag_hub:\jtag_hub_gen:real_sld_jtag_hub|sld_shadow_jsm:shadow_jsm|state[12]  ; sld_hub:auto_hub|alt_sld_fab_with_jtag_input:\instrumentation_fabric_with_node_gen:fabric_gen_new_way:with_jtag_input_gen:instrumentation_fabric|alt_sld_fab:instrumentation_fabric|alt_sld_fab_alt_sld_fab:alt_sld_fab|alt_sld_fab_alt_sld_fab_sldfabric:sldfabric|sld_jtag_hub:\jtag_hub_gen:real_sld_jtag_hub|sld_shadow_jsm:shadow_jsm|state[13]  ; altera_reserved_tck ; altera_reserved_tck ; 0.000        ; 0.080      ; 0.703      ;
; 0.437 ; sld_hub:auto_hub|alt_sld_fab_with_jtag_input:\instrumentation_fabric_with_node_gen:fabric_gen_new_way:with_jtag_input_gen:instrumentation_fabric|alt_sld_fab:instrumentation_fabric|alt_sld_fab_alt_sld_fab:alt_sld_fab|alt_sld_fab_alt_sld_fab_sldfabric:sldfabric|sld_jtag_hub:\jtag_hub_gen:real_sld_jtag_hub|irsr_reg[6]                          ; sld_hub:auto_hub|alt_sld_fab_with_jtag_input:\instrumentation_fabric_with_node_gen:fabric_gen_new_way:with_jtag_input_gen:instrumentation_fabric|alt_sld_fab:instrumentation_fabric|alt_sld_fab_alt_sld_fab:alt_sld_fab|alt_sld_fab_alt_sld_fab_sldfabric:sldfabric|sld_jtag_hub:\jtag_hub_gen:real_sld_jtag_hub|irf_reg[1][6]                        ; altera_reserved_tck ; altera_reserved_tck ; 0.000        ; 0.081      ; 0.704      ;
; 0.437 ; sld_hub:auto_hub|alt_sld_fab_with_jtag_input:\instrumentation_fabric_with_node_gen:fabric_gen_new_way:with_jtag_input_gen:instrumentation_fabric|alt_sld_fab:instrumentation_fabric|alt_sld_fab_alt_sld_fab:alt_sld_fab|alt_sld_fab_alt_sld_fab_sldfabric:sldfabric|sld_jtag_hub:\jtag_hub_gen:real_sld_jtag_hub|irsr_reg[7]                          ; sld_hub:auto_hub|alt_sld_fab_with_jtag_input:\instrumentation_fabric_with_node_gen:fabric_gen_new_way:with_jtag_input_gen:instrumentation_fabric|alt_sld_fab:instrumentation_fabric|alt_sld_fab_alt_sld_fab:alt_sld_fab|alt_sld_fab_alt_sld_fab_sldfabric:sldfabric|sld_jtag_hub:\jtag_hub_gen:real_sld_jtag_hub|irf_reg[1][7]                        ; altera_reserved_tck ; altera_reserved_tck ; 0.000        ; 0.081      ; 0.704      ;
; 0.438 ; sld_hub:auto_hub|alt_sld_fab_with_jtag_input:\instrumentation_fabric_with_node_gen:fabric_gen_new_way:with_jtag_input_gen:instrumentation_fabric|alt_sld_fab:instrumentation_fabric|alt_sld_fab_alt_sld_fab:alt_sld_fab|alt_sld_fab_alt_sld_fab_sldfabric:sldfabric|sld_jtag_hub:\jtag_hub_gen:real_sld_jtag_hub|jtag_ir_reg[4]                       ; sld_hub:auto_hub|alt_sld_fab_with_jtag_input:\instrumentation_fabric_with_node_gen:fabric_gen_new_way:with_jtag_input_gen:instrumentation_fabric|alt_sld_fab:instrumentation_fabric|alt_sld_fab_alt_sld_fab:alt_sld_fab|alt_sld_fab_alt_sld_fab_sldfabric:sldfabric|sld_jtag_hub:\jtag_hub_gen:real_sld_jtag_hub|jtag_ir_reg[3]                       ; altera_reserved_tck ; altera_reserved_tck ; 0.000        ; 0.080      ; 0.704      ;
; 0.439 ; sld_hub:auto_hub|alt_sld_fab_with_jtag_input:\instrumentation_fabric_with_node_gen:fabric_gen_new_way:with_jtag_input_gen:instrumentation_fabric|alt_sld_fab:instrumentation_fabric|alt_sld_fab_alt_sld_fab:alt_sld_fab|alt_sld_fab_alt_sld_fab_sldfabric:sldfabric|sld_jtag_hub:\jtag_hub_gen:real_sld_jtag_hub|sld_shadow_jsm:shadow_jsm|state[9]   ; sld_hub:auto_hub|alt_sld_fab_with_jtag_input:\instrumentation_fabric_with_node_gen:fabric_gen_new_way:with_jtag_input_gen:instrumentation_fabric|alt_sld_fab:instrumentation_fabric|alt_sld_fab_alt_sld_fab:alt_sld_fab|alt_sld_fab_alt_sld_fab_sldfabric:sldfabric|sld_jtag_hub:\jtag_hub_gen:real_sld_jtag_hub|sld_shadow_jsm:shadow_jsm|state[10]  ; altera_reserved_tck ; altera_reserved_tck ; 0.000        ; 0.080      ; 0.705      ;
; 0.439 ; sld_hub:auto_hub|alt_sld_fab_with_jtag_input:\instrumentation_fabric_with_node_gen:fabric_gen_new_way:with_jtag_input_gen:instrumentation_fabric|alt_sld_fab:instrumentation_fabric|alt_sld_fab_alt_sld_fab:alt_sld_fab|alt_sld_fab_alt_sld_fab_sldfabric:sldfabric|sld_jtag_hub:\jtag_hub_gen:real_sld_jtag_hub|sld_shadow_jsm:shadow_jsm|state[10]  ; sld_hub:auto_hub|alt_sld_fab_with_jtag_input:\instrumentation_fabric_with_node_gen:fabric_gen_new_way:with_jtag_input_gen:instrumentation_fabric|alt_sld_fab:instrumentation_fabric|alt_sld_fab_alt_sld_fab:alt_sld_fab|alt_sld_fab_alt_sld_fab_sldfabric:sldfabric|sld_jtag_hub:\jtag_hub_gen:real_sld_jtag_hub|sld_shadow_jsm:shadow_jsm|state[11]  ; altera_reserved_tck ; altera_reserved_tck ; 0.000        ; 0.080      ; 0.705      ;
; 0.441 ; sld_hub:auto_hub|alt_sld_fab_with_jtag_input:\instrumentation_fabric_with_node_gen:fabric_gen_new_way:with_jtag_input_gen:instrumentation_fabric|alt_sld_fab:instrumentation_fabric|alt_sld_fab_alt_sld_fab:alt_sld_fab|alt_sld_fab_alt_sld_fab_sldfabric:sldfabric|sld_jtag_hub:\jtag_hub_gen:real_sld_jtag_hub|jtag_ir_reg[1]                       ; sld_hub:auto_hub|alt_sld_fab_with_jtag_input:\instrumentation_fabric_with_node_gen:fabric_gen_new_way:with_jtag_input_gen:instrumentation_fabric|alt_sld_fab:instrumentation_fabric|alt_sld_fab_alt_sld_fab:alt_sld_fab|alt_sld_fab_alt_sld_fab_sldfabric:sldfabric|sld_jtag_hub:\jtag_hub_gen:real_sld_jtag_hub|jtag_ir_reg[0]                       ; altera_reserved_tck ; altera_reserved_tck ; 0.000        ; 0.080      ; 0.707      ;
; 0.442 ; RAM_IMG:RAM_INST|altsyncram:altsyncram_component|altsyncram_0kh1:auto_generated|sld_mod_ram_rom:mgl_prim2|ram_rom_addr_reg[7]                                                                                                                                                                                                                         ; RAM_IMG:RAM_INST|altsyncram:altsyncram_component|altsyncram_0kh1:auto_generated|altsyncram_2u72:altsyncram1|ram_block3a25~portb_address_reg0                                                                                                                                                                                                          ; altera_reserved_tck ; altera_reserved_tck ; 0.000        ; 0.383      ; 1.047      ;
; 0.444 ; RAM_IMG:RAM_INST|altsyncram:altsyncram_component|altsyncram_0kh1:auto_generated|sld_mod_ram_rom:mgl_prim2|ram_rom_data_shift_cntr_reg[1]                                                                                                                                                                                                              ; RAM_IMG:RAM_INST|altsyncram:altsyncram_component|altsyncram_0kh1:auto_generated|sld_mod_ram_rom:mgl_prim2|ram_rom_data_shift_cntr_reg[0]                                                                                                                                                                                                              ; altera_reserved_tck ; altera_reserved_tck ; 0.000        ; 0.080      ; 0.710      ;
; 0.444 ; RAM_IMG:RAM_INST|altsyncram:altsyncram_component|altsyncram_0kh1:auto_generated|sld_mod_ram_rom:mgl_prim2|ram_rom_data_shift_cntr_reg[2]                                                                                                                                                                                                              ; RAM_IMG:RAM_INST|altsyncram:altsyncram_component|altsyncram_0kh1:auto_generated|sld_mod_ram_rom:mgl_prim2|ram_rom_data_shift_cntr_reg[1]                                                                                                                                                                                                              ; altera_reserved_tck ; altera_reserved_tck ; 0.000        ; 0.080      ; 0.710      ;
; 0.445 ; RAM_IMG:RAM_INST|altsyncram:altsyncram_component|altsyncram_0kh1:auto_generated|sld_mod_ram_rom:mgl_prim2|ram_rom_data_shift_cntr_reg[1]                                                                                                                                                                                                              ; RAM_IMG:RAM_INST|altsyncram:altsyncram_component|altsyncram_0kh1:auto_generated|sld_mod_ram_rom:mgl_prim2|ram_rom_data_shift_cntr_reg[2]                                                                                                                                                                                                              ; altera_reserved_tck ; altera_reserved_tck ; 0.000        ; 0.080      ; 0.711      ;
; 0.450 ; sld_hub:auto_hub|alt_sld_fab_with_jtag_input:\instrumentation_fabric_with_node_gen:fabric_gen_new_way:with_jtag_input_gen:instrumentation_fabric|alt_sld_fab:instrumentation_fabric|alt_sld_fab_alt_sld_fab:alt_sld_fab|alt_sld_fab_alt_sld_fab_sldfabric:sldfabric|sld_jtag_hub:\jtag_hub_gen:real_sld_jtag_hub|sld_shadow_jsm:shadow_jsm|state[1]   ; sld_hub:auto_hub|alt_sld_fab_with_jtag_input:\instrumentation_fabric_with_node_gen:fabric_gen_new_way:with_jtag_input_gen:instrumentation_fabric|alt_sld_fab:instrumentation_fabric|alt_sld_fab_alt_sld_fab:alt_sld_fab|alt_sld_fab_alt_sld_fab_sldfabric:sldfabric|sld_jtag_hub:\jtag_hub_gen:real_sld_jtag_hub|sld_shadow_jsm:shadow_jsm|state[2]   ; altera_reserved_tck ; altera_reserved_tck ; 0.000        ; 0.080      ; 0.716      ;
; 0.451 ; sld_hub:auto_hub|alt_sld_fab_with_jtag_input:\instrumentation_fabric_with_node_gen:fabric_gen_new_way:with_jtag_input_gen:instrumentation_fabric|alt_sld_fab:instrumentation_fabric|alt_sld_fab_alt_sld_fab:alt_sld_fab|alt_sld_fab_alt_sld_fab_sldfabric:sldfabric|sld_jtag_hub:\jtag_hub_gen:real_sld_jtag_hub|identity_contrib_shift_reg[1]        ; sld_hub:auto_hub|alt_sld_fab_with_jtag_input:\instrumentation_fabric_with_node_gen:fabric_gen_new_way:with_jtag_input_gen:instrumentation_fabric|alt_sld_fab:instrumentation_fabric|alt_sld_fab_alt_sld_fab:alt_sld_fab|alt_sld_fab_alt_sld_fab_sldfabric:sldfabric|sld_jtag_hub:\jtag_hub_gen:real_sld_jtag_hub|identity_contrib_shift_reg[0]        ; altera_reserved_tck ; altera_reserved_tck ; 0.000        ; 0.080      ; 0.717      ;
; 0.451 ; sld_hub:auto_hub|alt_sld_fab_with_jtag_input:\instrumentation_fabric_with_node_gen:fabric_gen_new_way:with_jtag_input_gen:instrumentation_fabric|alt_sld_fab:instrumentation_fabric|alt_sld_fab_alt_sld_fab:alt_sld_fab|alt_sld_fab_alt_sld_fab_sldfabric:sldfabric|sld_jtag_hub:\jtag_hub_gen:real_sld_jtag_hub|sld_shadow_jsm:shadow_jsm|state[11]  ; sld_hub:auto_hub|alt_sld_fab_with_jtag_input:\instrumentation_fabric_with_node_gen:fabric_gen_new_way:with_jtag_input_gen:instrumentation_fabric|alt_sld_fab:instrumentation_fabric|alt_sld_fab_alt_sld_fab:alt_sld_fab|alt_sld_fab_alt_sld_fab_sldfabric:sldfabric|sld_jtag_hub:\jtag_hub_gen:real_sld_jtag_hub|sld_shadow_jsm:shadow_jsm|state[12]  ; altera_reserved_tck ; altera_reserved_tck ; 0.000        ; 0.080      ; 0.717      ;
; 0.452 ; sld_hub:auto_hub|alt_sld_fab_with_jtag_input:\instrumentation_fabric_with_node_gen:fabric_gen_new_way:with_jtag_input_gen:instrumentation_fabric|alt_sld_fab:instrumentation_fabric|alt_sld_fab_alt_sld_fab:alt_sld_fab|alt_sld_fab_alt_sld_fab_sldfabric:sldfabric|sld_jtag_hub:\jtag_hub_gen:real_sld_jtag_hub|identity_contrib_shift_reg[3]        ; sld_hub:auto_hub|alt_sld_fab_with_jtag_input:\instrumentation_fabric_with_node_gen:fabric_gen_new_way:with_jtag_input_gen:instrumentation_fabric|alt_sld_fab:instrumentation_fabric|alt_sld_fab_alt_sld_fab:alt_sld_fab|alt_sld_fab_alt_sld_fab_sldfabric:sldfabric|sld_jtag_hub:\jtag_hub_gen:real_sld_jtag_hub|identity_contrib_shift_reg[2]        ; altera_reserved_tck ; altera_reserved_tck ; 0.000        ; 0.080      ; 0.718      ;
; 0.452 ; sld_hub:auto_hub|alt_sld_fab_with_jtag_input:\instrumentation_fabric_with_node_gen:fabric_gen_new_way:with_jtag_input_gen:instrumentation_fabric|alt_sld_fab:instrumentation_fabric|alt_sld_fab_alt_sld_fab:alt_sld_fab|alt_sld_fab_alt_sld_fab_sldfabric:sldfabric|sld_jtag_hub:\jtag_hub_gen:real_sld_jtag_hub|sld_shadow_jsm:shadow_jsm|state[5]   ; sld_hub:auto_hub|alt_sld_fab_with_jtag_input:\instrumentation_fabric_with_node_gen:fabric_gen_new_way:with_jtag_input_gen:instrumentation_fabric|alt_sld_fab:instrumentation_fabric|alt_sld_fab_alt_sld_fab:alt_sld_fab|alt_sld_fab_alt_sld_fab_sldfabric:sldfabric|sld_jtag_hub:\jtag_hub_gen:real_sld_jtag_hub|sld_shadow_jsm:shadow_jsm|state[6]   ; altera_reserved_tck ; altera_reserved_tck ; 0.000        ; 0.080      ; 0.718      ;
; 0.452 ; sld_hub:auto_hub|alt_sld_fab_with_jtag_input:\instrumentation_fabric_with_node_gen:fabric_gen_new_way:with_jtag_input_gen:instrumentation_fabric|alt_sld_fab:instrumentation_fabric|alt_sld_fab_alt_sld_fab:alt_sld_fab|alt_sld_fab_alt_sld_fab_sldfabric:sldfabric|sld_jtag_hub:\jtag_hub_gen:real_sld_jtag_hub|irsr_reg[0]                          ; sld_hub:auto_hub|alt_sld_fab_with_jtag_input:\instrumentation_fabric_with_node_gen:fabric_gen_new_way:with_jtag_input_gen:instrumentation_fabric|alt_sld_fab:instrumentation_fabric|alt_sld_fab_alt_sld_fab:alt_sld_fab|alt_sld_fab_alt_sld_fab_sldfabric:sldfabric|sld_jtag_hub:\jtag_hub_gen:real_sld_jtag_hub|irf_reg[1][0]                        ; altera_reserved_tck ; altera_reserved_tck ; 0.000        ; 0.081      ; 0.719      ;
; 0.453 ; sld_hub:auto_hub|alt_sld_fab_with_jtag_input:\instrumentation_fabric_with_node_gen:fabric_gen_new_way:with_jtag_input_gen:instrumentation_fabric|alt_sld_fab:instrumentation_fabric|alt_sld_fab_alt_sld_fab:alt_sld_fab|alt_sld_fab_alt_sld_fab_sldfabric:sldfabric|sld_jtag_hub:\jtag_hub_gen:real_sld_jtag_hub|identity_contrib_shift_reg[2]        ; sld_hub:auto_hub|alt_sld_fab_with_jtag_input:\instrumentation_fabric_with_node_gen:fabric_gen_new_way:with_jtag_input_gen:instrumentation_fabric|alt_sld_fab:instrumentation_fabric|alt_sld_fab_alt_sld_fab:alt_sld_fab|alt_sld_fab_alt_sld_fab_sldfabric:sldfabric|sld_jtag_hub:\jtag_hub_gen:real_sld_jtag_hub|identity_contrib_shift_reg[1]        ; altera_reserved_tck ; altera_reserved_tck ; 0.000        ; 0.080      ; 0.719      ;
; 0.453 ; sld_hub:auto_hub|alt_sld_fab_with_jtag_input:\instrumentation_fabric_with_node_gen:fabric_gen_new_way:with_jtag_input_gen:instrumentation_fabric|alt_sld_fab:instrumentation_fabric|alt_sld_fab_alt_sld_fab:alt_sld_fab|alt_sld_fab_alt_sld_fab_sldfabric:sldfabric|sld_jtag_hub:\jtag_hub_gen:real_sld_jtag_hub|irsr_reg[5]                          ; sld_hub:auto_hub|alt_sld_fab_with_jtag_input:\instrumentation_fabric_with_node_gen:fabric_gen_new_way:with_jtag_input_gen:instrumentation_fabric|alt_sld_fab:instrumentation_fabric|alt_sld_fab_alt_sld_fab:alt_sld_fab|alt_sld_fab_alt_sld_fab_sldfabric:sldfabric|sld_jtag_hub:\jtag_hub_gen:real_sld_jtag_hub|irsr_reg[4]                          ; altera_reserved_tck ; altera_reserved_tck ; 0.000        ; 0.081      ; 0.720      ;
; 0.454 ; RAM_IMG:RAM_INST|altsyncram:altsyncram_component|altsyncram_0kh1:auto_generated|sld_mod_ram_rom:mgl_prim2|ram_rom_addr_reg[12]                                                                                                                                                                                                                        ; RAM_IMG:RAM_INST|altsyncram:altsyncram_component|altsyncram_0kh1:auto_generated|altsyncram_2u72:altsyncram1|ram_block3a25~portb_address_reg0                                                                                                                                                                                                          ; altera_reserved_tck ; altera_reserved_tck ; 0.000        ; 0.383      ; 1.059      ;
; 0.457 ; sld_hub:auto_hub|alt_sld_fab_with_jtag_input:\instrumentation_fabric_with_node_gen:fabric_gen_new_way:with_jtag_input_gen:instrumentation_fabric|alt_sld_fab:instrumentation_fabric|alt_sld_fab_alt_sld_fab:alt_sld_fab|alt_sld_fab_alt_sld_fab_sldfabric:sldfabric|sld_jtag_hub:\jtag_hub_gen:real_sld_jtag_hub|sld_shadow_jsm:shadow_jsm|state[0]   ; sld_hub:auto_hub|alt_sld_fab_with_jtag_input:\instrumentation_fabric_with_node_gen:fabric_gen_new_way:with_jtag_input_gen:instrumentation_fabric|alt_sld_fab:instrumentation_fabric|alt_sld_fab_alt_sld_fab:alt_sld_fab|alt_sld_fab_alt_sld_fab_sldfabric:sldfabric|sld_jtag_hub:\jtag_hub_gen:real_sld_jtag_hub|sld_shadow_jsm:shadow_jsm|state[1]   ; altera_reserved_tck ; altera_reserved_tck ; 0.000        ; 0.080      ; 0.723      ;
; 0.471 ; RAM_IMG:RAM_INST|altsyncram:altsyncram_component|altsyncram_0kh1:auto_generated|altsyncram_2u72:altsyncram1|address_reg_b[2]                                                                                                                                                                                                                          ; RAM_IMG:RAM_INST|altsyncram:altsyncram_component|altsyncram_0kh1:auto_generated|sld_mod_ram_rom:mgl_prim2|ram_rom_data_reg[3]                                                                                                                                                                                                                         ; altera_reserved_tck ; altera_reserved_tck ; 0.000        ; 0.081      ; 0.738      ;
; 0.481 ; sld_hub:auto_hub|alt_sld_fab_with_jtag_input:\instrumentation_fabric_with_node_gen:fabric_gen_new_way:with_jtag_input_gen:instrumentation_fabric|alt_sld_fab:instrumentation_fabric|alt_sld_fab_alt_sld_fab:alt_sld_fab|alt_sld_fab_alt_sld_fab_sldfabric:sldfabric|sld_jtag_hub:\jtag_hub_gen:real_sld_jtag_hub|mixer_addr_reg_internal[4]           ; sld_hub:auto_hub|alt_sld_fab_with_jtag_input:\instrumentation_fabric_with_node_gen:fabric_gen_new_way:with_jtag_input_gen:instrumentation_fabric|alt_sld_fab:instrumentation_fabric|alt_sld_fab_alt_sld_fab:alt_sld_fab|alt_sld_fab_alt_sld_fab_sldfabric:sldfabric|sld_jtag_hub:\jtag_hub_gen:real_sld_jtag_hub|mixer_addr_reg_internal[4]           ; altera_reserved_tck ; altera_reserved_tck ; 0.000        ; 0.080      ; 0.747      ;
; 0.483 ; RAM_IMG:RAM_INST|altsyncram:altsyncram_component|altsyncram_0kh1:auto_generated|sld_mod_ram_rom:mgl_prim2|ram_rom_addr_reg[0]                                                                                                                                                                                                                         ; RAM_IMG:RAM_INST|altsyncram:altsyncram_component|altsyncram_0kh1:auto_generated|altsyncram_2u72:altsyncram1|ram_block3a25~portb_address_reg0                                                                                                                                                                                                          ; altera_reserved_tck ; altera_reserved_tck ; 0.000        ; 0.383      ; 1.088      ;
; 0.551 ; sld_hub:auto_hub|alt_sld_fab_with_jtag_input:\instrumentation_fabric_with_node_gen:fabric_gen_new_way:with_jtag_input_gen:instrumentation_fabric|alt_sld_fab:instrumentation_fabric|alt_sld_fab_alt_sld_fab:alt_sld_fab|alt_sld_fab_alt_sld_fab_sldfabric:sldfabric|sld_jtag_hub:\jtag_hub_gen:real_sld_jtag_hub|jtag_ir_reg[3]                       ; sld_hub:auto_hub|alt_sld_fab_with_jtag_input:\instrumentation_fabric_with_node_gen:fabric_gen_new_way:with_jtag_input_gen:instrumentation_fabric|alt_sld_fab:instrumentation_fabric|alt_sld_fab_alt_sld_fab:alt_sld_fab|alt_sld_fab_alt_sld_fab_sldfabric:sldfabric|sld_jtag_hub:\jtag_hub_gen:real_sld_jtag_hub|jtag_ir_reg[2]                       ; altera_reserved_tck ; altera_reserved_tck ; 0.000        ; 0.080      ; 0.817      ;
; 0.595 ; RAM_IMG:RAM_INST|altsyncram:altsyncram_component|altsyncram_0kh1:auto_generated|sld_mod_ram_rom:mgl_prim2|ir_loaded_address_reg[6]                                                                                                                                                                                                                    ; sld_hub:auto_hub|alt_sld_fab_with_jtag_input:\instrumentation_fabric_with_node_gen:fabric_gen_new_way:with_jtag_input_gen:instrumentation_fabric|alt_sld_fab:instrumentation_fabric|alt_sld_fab_alt_sld_fab:alt_sld_fab|alt_sld_fab_alt_sld_fab_sldfabric:sldfabric|sld_jtag_hub:\jtag_hub_gen:real_sld_jtag_hub|irsr_reg[7]                          ; altera_reserved_tck ; altera_reserved_tck ; 0.000        ; 0.082      ; 0.863      ;
; 0.600 ; sld_hub:auto_hub|alt_sld_fab_with_jtag_input:\instrumentation_fabric_with_node_gen:fabric_gen_new_way:with_jtag_input_gen:instrumentation_fabric|alt_sld_fab:instrumentation_fabric|alt_sld_fab_alt_sld_fab:alt_sld_fab|alt_sld_fab_alt_sld_fab_sldfabric:sldfabric|sld_jtag_hub:\jtag_hub_gen:real_sld_jtag_hub|design_hash_reg[1]                   ; sld_hub:auto_hub|alt_sld_fab_with_jtag_input:\instrumentation_fabric_with_node_gen:fabric_gen_new_way:with_jtag_input_gen:instrumentation_fabric|alt_sld_fab:instrumentation_fabric|alt_sld_fab_alt_sld_fab:alt_sld_fab|alt_sld_fab_alt_sld_fab_sldfabric:sldfabric|sld_jtag_hub:\jtag_hub_gen:real_sld_jtag_hub|design_hash_reg[0]                   ; altera_reserved_tck ; altera_reserved_tck ; 0.000        ; 0.080      ; 0.866      ;
; 0.600 ; sld_hub:auto_hub|alt_sld_fab_with_jtag_input:\instrumentation_fabric_with_node_gen:fabric_gen_new_way:with_jtag_input_gen:instrumentation_fabric|alt_sld_fab:instrumentation_fabric|alt_sld_fab_alt_sld_fab:alt_sld_fab|alt_sld_fab_alt_sld_fab_sldfabric:sldfabric|sld_jtag_hub:\jtag_hub_gen:real_sld_jtag_hub|design_hash_reg[2]                   ; sld_hub:auto_hub|alt_sld_fab_with_jtag_input:\instrumentation_fabric_with_node_gen:fabric_gen_new_way:with_jtag_input_gen:instrumentation_fabric|alt_sld_fab:instrumentation_fabric|alt_sld_fab_alt_sld_fab:alt_sld_fab|alt_sld_fab_alt_sld_fab_sldfabric:sldfabric|sld_jtag_hub:\jtag_hub_gen:real_sld_jtag_hub|design_hash_reg[1]                   ; altera_reserved_tck ; altera_reserved_tck ; 0.000        ; 0.080      ; 0.866      ;
; 0.601 ; sld_hub:auto_hub|alt_sld_fab_with_jtag_input:\instrumentation_fabric_with_node_gen:fabric_gen_new_way:with_jtag_input_gen:instrumentation_fabric|alt_sld_fab:instrumentation_fabric|alt_sld_fab_alt_sld_fab:alt_sld_fab|alt_sld_fab_alt_sld_fab_sldfabric:sldfabric|sld_jtag_hub:\jtag_hub_gen:real_sld_jtag_hub|design_hash_reg[3]                   ; sld_hub:auto_hub|alt_sld_fab_with_jtag_input:\instrumentation_fabric_with_node_gen:fabric_gen_new_way:with_jtag_input_gen:instrumentation_fabric|alt_sld_fab:instrumentation_fabric|alt_sld_fab_alt_sld_fab:alt_sld_fab|alt_sld_fab_alt_sld_fab_sldfabric:sldfabric|sld_jtag_hub:\jtag_hub_gen:real_sld_jtag_hub|design_hash_reg[2]                   ; altera_reserved_tck ; altera_reserved_tck ; 0.000        ; 0.080      ; 0.867      ;
; 0.603 ; RAM_IMG:RAM_INST|altsyncram:altsyncram_component|altsyncram_0kh1:auto_generated|sld_mod_ram_rom:mgl_prim2|ram_rom_data_reg[0]                                                                                                                                                                                                                         ; RAM_IMG:RAM_INST|altsyncram:altsyncram_component|altsyncram_0kh1:auto_generated|altsyncram_2u72:altsyncram1|ram_block3a40~portb_datain_reg0                                                                                                                                                                                                           ; altera_reserved_tck ; altera_reserved_tck ; 0.000        ; 0.387      ; 1.212      ;
; 0.605 ; RAM_IMG:RAM_INST|altsyncram:altsyncram_component|altsyncram_0kh1:auto_generated|sld_mod_ram_rom:mgl_prim2|ram_rom_data_reg[7]                                                                                                                                                                                                                         ; RAM_IMG:RAM_INST|altsyncram:altsyncram_component|altsyncram_0kh1:auto_generated|altsyncram_2u72:altsyncram1|ram_block3a40~portb_datain_reg0                                                                                                                                                                                                           ; altera_reserved_tck ; altera_reserved_tck ; 0.000        ; 0.387      ; 1.214      ;
; 0.609 ; sld_hub:auto_hub|alt_sld_fab_with_jtag_input:\instrumentation_fabric_with_node_gen:fabric_gen_new_way:with_jtag_input_gen:instrumentation_fabric|alt_sld_fab:instrumentation_fabric|alt_sld_fab_alt_sld_fab:alt_sld_fab|alt_sld_fab_alt_sld_fab_sldfabric:sldfabric|sld_jtag_hub:\jtag_hub_gen:real_sld_jtag_hub|jtag_ir_reg[6]                       ; sld_hub:auto_hub|alt_sld_fab_with_jtag_input:\instrumentation_fabric_with_node_gen:fabric_gen_new_way:with_jtag_input_gen:instrumentation_fabric|alt_sld_fab:instrumentation_fabric|alt_sld_fab_alt_sld_fab:alt_sld_fab|alt_sld_fab_alt_sld_fab_sldfabric:sldfabric|sld_jtag_hub:\jtag_hub_gen:real_sld_jtag_hub|jtag_ir_reg[5]                       ; altera_reserved_tck ; altera_reserved_tck ; 0.000        ; 0.080      ; 0.875      ;
; 0.609 ; sld_hub:auto_hub|alt_sld_fab_with_jtag_input:\instrumentation_fabric_with_node_gen:fabric_gen_new_way:with_jtag_input_gen:instrumentation_fabric|alt_sld_fab:instrumentation_fabric|alt_sld_fab_alt_sld_fab:alt_sld_fab|alt_sld_fab_alt_sld_fab_sldfabric:sldfabric|sld_jtag_hub:\jtag_hub_gen:real_sld_jtag_hub|irsr_reg[4]                          ; sld_hub:auto_hub|alt_sld_fab_with_jtag_input:\instrumentation_fabric_with_node_gen:fabric_gen_new_way:with_jtag_input_gen:instrumentation_fabric|alt_sld_fab:instrumentation_fabric|alt_sld_fab_alt_sld_fab:alt_sld_fab|alt_sld_fab_alt_sld_fab_sldfabric:sldfabric|sld_jtag_hub:\jtag_hub_gen:real_sld_jtag_hub|irf_reg[1][4]                        ; altera_reserved_tck ; altera_reserved_tck ; 0.000        ; 0.081      ; 0.876      ;
; 0.610 ; sld_hub:auto_hub|alt_sld_fab_with_jtag_input:\instrumentation_fabric_with_node_gen:fabric_gen_new_way:with_jtag_input_gen:instrumentation_fabric|alt_sld_fab:instrumentation_fabric|alt_sld_fab_alt_sld_fab:alt_sld_fab|alt_sld_fab_alt_sld_fab_sldfabric:sldfabric|sld_jtag_hub:\jtag_hub_gen:real_sld_jtag_hub|jtag_ir_reg[2]                       ; sld_hub:auto_hub|alt_sld_fab_with_jtag_input:\instrumentation_fabric_with_node_gen:fabric_gen_new_way:with_jtag_input_gen:instrumentation_fabric|alt_sld_fab:instrumentation_fabric|alt_sld_fab_alt_sld_fab:alt_sld_fab|alt_sld_fab_alt_sld_fab_sldfabric:sldfabric|sld_jtag_hub:\jtag_hub_gen:real_sld_jtag_hub|jtag_ir_reg[1]                       ; altera_reserved_tck ; altera_reserved_tck ; 0.000        ; 0.080      ; 0.876      ;
; 0.611 ; sld_hub:auto_hub|alt_sld_fab_with_jtag_input:\instrumentation_fabric_with_node_gen:fabric_gen_new_way:with_jtag_input_gen:instrumentation_fabric|alt_sld_fab:instrumentation_fabric|alt_sld_fab_alt_sld_fab:alt_sld_fab|alt_sld_fab_alt_sld_fab_sldfabric:sldfabric|sld_jtag_hub:\jtag_hub_gen:real_sld_jtag_hub|irf_reg[1][4]                        ; RAM_IMG:RAM_INST|altsyncram:altsyncram_component|altsyncram_0kh1:auto_generated|sld_mod_ram_rom:mgl_prim2|is_in_use_reg                                                                                                                                                                                                                               ; altera_reserved_tck ; altera_reserved_tck ; 0.000        ; 0.079      ; 0.876      ;
; 0.615 ; sld_hub:auto_hub|alt_sld_fab_with_jtag_input:\instrumentation_fabric_with_node_gen:fabric_gen_new_way:with_jtag_input_gen:instrumentation_fabric|alt_sld_fab:instrumentation_fabric|alt_sld_fab_alt_sld_fab:alt_sld_fab|alt_sld_fab_alt_sld_fab_sldfabric:sldfabric|sld_jtag_hub:\jtag_hub_gen:real_sld_jtag_hub|jtag_ir_reg[1]                       ; sld_hub:auto_hub|alt_sld_fab_with_jtag_input:\instrumentation_fabric_with_node_gen:fabric_gen_new_way:with_jtag_input_gen:instrumentation_fabric|alt_sld_fab:instrumentation_fabric|alt_sld_fab_alt_sld_fab:alt_sld_fab|alt_sld_fab_alt_sld_fab_sldfabric:sldfabric|sld_jtag_hub:\jtag_hub_gen:real_sld_jtag_hub|virtual_ir_scan_reg                  ; altera_reserved_tck ; altera_reserved_tck ; 0.000        ; 0.080      ; 0.881      ;
; 0.618 ; sld_hub:auto_hub|alt_sld_fab_with_jtag_input:\instrumentation_fabric_with_node_gen:fabric_gen_new_way:with_jtag_input_gen:instrumentation_fabric|alt_sld_fab:instrumentation_fabric|alt_sld_fab_alt_sld_fab:alt_sld_fab|alt_sld_fab_alt_sld_fab_sldfabric:sldfabric|sld_jtag_hub:\jtag_hub_gen:real_sld_jtag_hub|identity_contrib_shift_reg[1]        ; sld_hub:auto_hub|alt_sld_fab_with_jtag_input:\instrumentation_fabric_with_node_gen:fabric_gen_new_way:with_jtag_input_gen:instrumentation_fabric|alt_sld_fab:instrumentation_fabric|alt_sld_fab_alt_sld_fab:alt_sld_fab|sldfabric_ident_writedata[1]                                                                                                  ; altera_reserved_tck ; altera_reserved_tck ; 0.000        ; 0.082      ; 0.886      ;
; 0.618 ; sld_hub:auto_hub|alt_sld_fab_with_jtag_input:\instrumentation_fabric_with_node_gen:fabric_gen_new_way:with_jtag_input_gen:instrumentation_fabric|alt_sld_fab:instrumentation_fabric|alt_sld_fab_alt_sld_fab:alt_sld_fab|alt_sld_fab_alt_sld_fab_sldfabric:sldfabric|sld_jtag_hub:\jtag_hub_gen:real_sld_jtag_hub|sld_shadow_jsm:shadow_jsm|state[6]   ; sld_hub:auto_hub|alt_sld_fab_with_jtag_input:\instrumentation_fabric_with_node_gen:fabric_gen_new_way:with_jtag_input_gen:instrumentation_fabric|alt_sld_fab:instrumentation_fabric|alt_sld_fab_alt_sld_fab:alt_sld_fab|alt_sld_fab_alt_sld_fab_sldfabric:sldfabric|sld_jtag_hub:\jtag_hub_gen:real_sld_jtag_hub|sld_shadow_jsm:shadow_jsm|state[7]   ; altera_reserved_tck ; altera_reserved_tck ; 0.000        ; 0.082      ; 0.886      ;
; 0.618 ; RAM_IMG:RAM_INST|altsyncram:altsyncram_component|altsyncram_0kh1:auto_generated|sld_mod_ram_rom:mgl_prim2|is_in_use_reg                                                                                                                                                                                                                               ; sld_hub:auto_hub|alt_sld_fab_with_jtag_input:\instrumentation_fabric_with_node_gen:fabric_gen_new_way:with_jtag_input_gen:instrumentation_fabric|alt_sld_fab:instrumentation_fabric|alt_sld_fab_alt_sld_fab:alt_sld_fab|alt_sld_fab_alt_sld_fab_sldfabric:sldfabric|sld_jtag_hub:\jtag_hub_gen:real_sld_jtag_hub|irsr_reg[0]                          ; altera_reserved_tck ; altera_reserved_tck ; 0.000        ; 0.082      ; 0.886      ;
; 0.619 ; RAM_IMG:RAM_INST|altsyncram:altsyncram_component|altsyncram_0kh1:auto_generated|sld_mod_ram_rom:mgl_prim2|ir_loaded_address_reg[0]                                                                                                                                                                                                                    ; sld_hub:auto_hub|alt_sld_fab_with_jtag_input:\instrumentation_fabric_with_node_gen:fabric_gen_new_way:with_jtag_input_gen:instrumentation_fabric|alt_sld_fab:instrumentation_fabric|alt_sld_fab_alt_sld_fab:alt_sld_fab|alt_sld_fab_alt_sld_fab_sldfabric:sldfabric|sld_jtag_hub:\jtag_hub_gen:real_sld_jtag_hub|irsr_reg[1]                          ; altera_reserved_tck ; altera_reserved_tck ; 0.000        ; 0.082      ; 0.887      ;
; 0.621 ; sld_hub:auto_hub|alt_sld_fab_with_jtag_input:\instrumentation_fabric_with_node_gen:fabric_gen_new_way:with_jtag_input_gen:instrumentation_fabric|alt_sld_fab:instrumentation_fabric|alt_sld_fab_alt_sld_fab:alt_sld_fab|alt_sld_fab_alt_sld_fab_sldfabric:sldfabric|sld_jtag_hub:\jtag_hub_gen:real_sld_jtag_hub|identity_contrib_shift_reg[0]        ; sld_hub:auto_hub|alt_sld_fab_with_jtag_input:\instrumentation_fabric_with_node_gen:fabric_gen_new_way:with_jtag_input_gen:instrumentation_fabric|alt_sld_fab:instrumentation_fabric|alt_sld_fab_alt_sld_fab:alt_sld_fab|sldfabric_ident_writedata[0]                                                                                                  ; altera_reserved_tck ; altera_reserved_tck ; 0.000        ; 0.082      ; 0.889      ;
; 0.622 ; sld_hub:auto_hub|alt_sld_fab_with_jtag_input:\instrumentation_fabric_with_node_gen:fabric_gen_new_way:with_jtag_input_gen:instrumentation_fabric|alt_sld_fab:instrumentation_fabric|alt_sld_fab_alt_sld_fab:alt_sld_fab|alt_sld_fab_alt_sld_fab_sldfabric:sldfabric|sld_jtag_hub:\jtag_hub_gen:real_sld_jtag_hub|jtag_ir_reg[1]                       ; sld_hub:auto_hub|alt_sld_fab_with_jtag_input:\instrumentation_fabric_with_node_gen:fabric_gen_new_way:with_jtag_input_gen:instrumentation_fabric|alt_sld_fab:instrumentation_fabric|alt_sld_fab_alt_sld_fab:alt_sld_fab|alt_sld_fab_alt_sld_fab_sldfabric:sldfabric|sld_jtag_hub:\jtag_hub_gen:real_sld_jtag_hub|virtual_dr_scan_reg                  ; altera_reserved_tck ; altera_reserved_tck ; 0.000        ; 0.080      ; 0.888      ;
; 0.622 ; sld_hub:auto_hub|alt_sld_fab_with_jtag_input:\instrumentation_fabric_with_node_gen:fabric_gen_new_way:with_jtag_input_gen:instrumentation_fabric|alt_sld_fab:instrumentation_fabric|alt_sld_fab_alt_sld_fab:alt_sld_fab|alt_sld_fab_alt_sld_fab_sldfabric:sldfabric|sld_jtag_hub:\jtag_hub_gen:real_sld_jtag_hub|jtag_ir_reg[8]                       ; sld_hub:auto_hub|alt_sld_fab_with_jtag_input:\instrumentation_fabric_with_node_gen:fabric_gen_new_way:with_jtag_input_gen:instrumentation_fabric|alt_sld_fab:instrumentation_fabric|alt_sld_fab_alt_sld_fab:alt_sld_fab|alt_sld_fab_alt_sld_fab_sldfabric:sldfabric|sld_jtag_hub:\jtag_hub_gen:real_sld_jtag_hub|jtag_ir_reg[7]                       ; altera_reserved_tck ; altera_reserved_tck ; 0.000        ; 0.080      ; 0.888      ;
; 0.622 ; RAM_IMG:RAM_INST|altsyncram:altsyncram_component|altsyncram_0kh1:auto_generated|sld_mod_ram_rom:mgl_prim2|ram_rom_data_reg[1]                                                                                                                                                                                                                         ; RAM_IMG:RAM_INST|altsyncram:altsyncram_component|altsyncram_0kh1:auto_generated|sld_mod_ram_rom:mgl_prim2|ram_rom_data_reg[0]                                                                                                                                                                                                                         ; altera_reserved_tck ; altera_reserved_tck ; 0.000        ; 0.081      ; 0.889      ;
; 0.622 ; RAM_IMG:RAM_INST|altsyncram:altsyncram_component|altsyncram_0kh1:auto_generated|sld_mod_ram_rom:mgl_prim2|ram_rom_data_reg[2]                                                                                                                                                                                                                         ; RAM_IMG:RAM_INST|altsyncram:altsyncram_component|altsyncram_0kh1:auto_generated|sld_mod_ram_rom:mgl_prim2|ram_rom_data_reg[1]                                                                                                                                                                                                                         ; altera_reserved_tck ; altera_reserved_tck ; 0.000        ; 0.081      ; 0.889      ;
; 0.624 ; RAM_IMG:RAM_INST|altsyncram:altsyncram_component|altsyncram_0kh1:auto_generated|sld_mod_ram_rom:mgl_prim2|ram_rom_data_reg[4]                                                                                                                                                                                                                         ; RAM_IMG:RAM_INST|altsyncram:altsyncram_component|altsyncram_0kh1:auto_generated|sld_mod_ram_rom:mgl_prim2|ram_rom_data_reg[3]                                                                                                                                                                                                                         ; altera_reserved_tck ; altera_reserved_tck ; 0.000        ; 0.081      ; 0.891      ;
; 0.629 ; RAM_IMG:RAM_INST|altsyncram:altsyncram_component|altsyncram_0kh1:auto_generated|sld_mod_ram_rom:mgl_prim2|ram_rom_addr_reg[2]                                                                                                                                                                                                                         ; RAM_IMG:RAM_INST|altsyncram:altsyncram_component|altsyncram_0kh1:auto_generated|sld_mod_ram_rom:mgl_prim2|ram_rom_addr_reg[1]                                                                                                                                                                                                                         ; altera_reserved_tck ; altera_reserved_tck ; 0.000        ; 0.080      ; 0.895      ;
; 0.629 ; RAM_IMG:RAM_INST|altsyncram:altsyncram_component|altsyncram_0kh1:auto_generated|sld_mod_ram_rom:mgl_prim2|ram_rom_addr_reg[4]                                                                                                                                                                                                                         ; RAM_IMG:RAM_INST|altsyncram:altsyncram_component|altsyncram_0kh1:auto_generated|sld_mod_ram_rom:mgl_prim2|ram_rom_addr_reg[3]                                                                                                                                                                                                                         ; altera_reserved_tck ; altera_reserved_tck ; 0.000        ; 0.080      ; 0.895      ;
; 0.629 ; RAM_IMG:RAM_INST|altsyncram:altsyncram_component|altsyncram_0kh1:auto_generated|sld_mod_ram_rom:mgl_prim2|ram_rom_addr_reg[13]                                                                                                                                                                                                                        ; RAM_IMG:RAM_INST|altsyncram:altsyncram_component|altsyncram_0kh1:auto_generated|sld_mod_ram_rom:mgl_prim2|ram_rom_addr_reg[12]                                                                                                                                                                                                                        ; altera_reserved_tck ; altera_reserved_tck ; 0.000        ; 0.080      ; 0.895      ;
; 0.629 ; RAM_IMG:RAM_INST|altsyncram:altsyncram_component|altsyncram_0kh1:auto_generated|sld_mod_ram_rom:mgl_prim2|ram_rom_addr_reg[15]                                                                                                                                                                                                                        ; RAM_IMG:RAM_INST|altsyncram:altsyncram_component|altsyncram_0kh1:auto_generated|sld_mod_ram_rom:mgl_prim2|ram_rom_addr_reg[14]                                                                                                                                                                                                                        ; altera_reserved_tck ; altera_reserved_tck ; 0.000        ; 0.080      ; 0.895      ;
; 0.630 ; RAM_IMG:RAM_INST|altsyncram:altsyncram_component|altsyncram_0kh1:auto_generated|sld_mod_ram_rom:mgl_prim2|ram_rom_addr_reg[7]                                                                                                                                                                                                                         ; RAM_IMG:RAM_INST|altsyncram:altsyncram_component|altsyncram_0kh1:auto_generated|sld_mod_ram_rom:mgl_prim2|ram_rom_addr_reg[6]                                                                                                                                                                                                                         ; altera_reserved_tck ; altera_reserved_tck ; 0.000        ; 0.080      ; 0.896      ;
; 0.630 ; RAM_IMG:RAM_INST|altsyncram:altsyncram_component|altsyncram_0kh1:auto_generated|sld_mod_ram_rom:mgl_prim2|ram_rom_addr_reg[11]                                                                                                                                                                                                                        ; RAM_IMG:RAM_INST|altsyncram:altsyncram_component|altsyncram_0kh1:auto_generated|sld_mod_ram_rom:mgl_prim2|ram_rom_addr_reg[10]                                                                                                                                                                                                                        ; altera_reserved_tck ; altera_reserved_tck ; 0.000        ; 0.080      ; 0.896      ;
; 0.636 ; sld_hub:auto_hub|alt_sld_fab_with_jtag_input:\instrumentation_fabric_with_node_gen:fabric_gen_new_way:with_jtag_input_gen:instrumentation_fabric|alt_sld_fab:instrumentation_fabric|alt_sld_fab_alt_sld_fab:alt_sld_fab|alt_sld_fab_alt_sld_fab_sldfabric:sldfabric|sld_jtag_hub:\jtag_hub_gen:real_sld_jtag_hub|sld_rom_sr:hub_info_reg|WORD_SR[3]   ; sld_hub:auto_hub|alt_sld_fab_with_jtag_input:\instrumentation_fabric_with_node_gen:fabric_gen_new_way:with_jtag_input_gen:instrumentation_fabric|alt_sld_fab:instrumentation_fabric|alt_sld_fab_alt_sld_fab:alt_sld_fab|alt_sld_fab_alt_sld_fab_sldfabric:sldfabric|sld_jtag_hub:\jtag_hub_gen:real_sld_jtag_hub|sld_rom_sr:hub_info_reg|WORD_SR[2]   ; altera_reserved_tck ; altera_reserved_tck ; 0.000        ; 0.080      ; 0.902      ;
; 0.637 ; sld_hub:auto_hub|alt_sld_fab_with_jtag_input:\instrumentation_fabric_with_node_gen:fabric_gen_new_way:with_jtag_input_gen:instrumentation_fabric|alt_sld_fab:instrumentation_fabric|alt_sld_fab_alt_sld_fab:alt_sld_fab|alt_sld_fab_alt_sld_fab_sldfabric:sldfabric|sld_jtag_hub:\jtag_hub_gen:real_sld_jtag_hub|sld_shadow_jsm:shadow_jsm|state[7]   ; sld_hub:auto_hub|alt_sld_fab_with_jtag_input:\instrumentation_fabric_with_node_gen:fabric_gen_new_way:with_jtag_input_gen:instrumentation_fabric|alt_sld_fab:instrumentation_fabric|alt_sld_fab_alt_sld_fab:alt_sld_fab|alt_sld_fab_alt_sld_fab_sldfabric:sldfabric|sld_jtag_hub:\jtag_hub_gen:real_sld_jtag_hub|sld_shadow_jsm:shadow_jsm|state[8]   ; altera_reserved_tck ; altera_reserved_tck ; 0.000        ; 0.082      ; 0.905      ;
; 0.637 ; sld_hub:auto_hub|alt_sld_fab_with_jtag_input:\instrumentation_fabric_with_node_gen:fabric_gen_new_way:with_jtag_input_gen:instrumentation_fabric|alt_sld_fab:instrumentation_fabric|alt_sld_fab_alt_sld_fab:alt_sld_fab|alt_sld_fab_alt_sld_fab_sldfabric:sldfabric|sld_jtag_hub:\jtag_hub_gen:real_sld_jtag_hub|sld_shadow_jsm:shadow_jsm|tms_cnt[1] ; sld_hub:auto_hub|alt_sld_fab_with_jtag_input:\instrumentation_fabric_with_node_gen:fabric_gen_new_way:with_jtag_input_gen:instrumentation_fabric|alt_sld_fab:instrumentation_fabric|alt_sld_fab_alt_sld_fab:alt_sld_fab|alt_sld_fab_alt_sld_fab_sldfabric:sldfabric|sld_jtag_hub:\jtag_hub_gen:real_sld_jtag_hub|sld_shadow_jsm:shadow_jsm|tms_cnt[2] ; altera_reserved_tck ; altera_reserved_tck ; 0.000        ; 0.081      ; 0.904      ;
; 0.638 ; sld_hub:auto_hub|alt_sld_fab_with_jtag_input:\instrumentation_fabric_with_node_gen:fabric_gen_new_way:with_jtag_input_gen:instrumentation_fabric|alt_sld_fab:instrumentation_fabric|alt_sld_fab_alt_sld_fab:alt_sld_fab|alt_sld_fab_alt_sld_fab_sldfabric:sldfabric|sld_jtag_hub:\jtag_hub_gen:real_sld_jtag_hub|sld_rom_sr:hub_info_reg|WORD_SR[2]   ; sld_hub:auto_hub|alt_sld_fab_with_jtag_input:\instrumentation_fabric_with_node_gen:fabric_gen_new_way:with_jtag_input_gen:instrumentation_fabric|alt_sld_fab:instrumentation_fabric|alt_sld_fab_alt_sld_fab:alt_sld_fab|alt_sld_fab_alt_sld_fab_sldfabric:sldfabric|sld_jtag_hub:\jtag_hub_gen:real_sld_jtag_hub|sld_rom_sr:hub_info_reg|WORD_SR[1]   ; altera_reserved_tck ; altera_reserved_tck ; 0.000        ; 0.080      ; 0.904      ;
; 0.638 ; sld_hub:auto_hub|alt_sld_fab_with_jtag_input:\instrumentation_fabric_with_node_gen:fabric_gen_new_way:with_jtag_input_gen:instrumentation_fabric|alt_sld_fab:instrumentation_fabric|alt_sld_fab_alt_sld_fab:alt_sld_fab|alt_sld_fab_alt_sld_fab_sldfabric:sldfabric|sld_jtag_hub:\jtag_hub_gen:real_sld_jtag_hub|sld_shadow_jsm:shadow_jsm|state[7]   ; sld_hub:auto_hub|alt_sld_fab_with_jtag_input:\instrumentation_fabric_with_node_gen:fabric_gen_new_way:with_jtag_input_gen:instrumentation_fabric|alt_sld_fab:instrumentation_fabric|alt_sld_fab_alt_sld_fab:alt_sld_fab|alt_sld_fab_alt_sld_fab_sldfabric:sldfabric|sld_jtag_hub:\jtag_hub_gen:real_sld_jtag_hub|sld_shadow_jsm:shadow_jsm|state[4]   ; altera_reserved_tck ; altera_reserved_tck ; 0.000        ; 0.082      ; 0.906      ;
; 0.639 ; sld_hub:auto_hub|alt_sld_fab_with_jtag_input:\instrumentation_fabric_with_node_gen:fabric_gen_new_way:with_jtag_input_gen:instrumentation_fabric|alt_sld_fab:instrumentation_fabric|alt_sld_fab_alt_sld_fab:alt_sld_fab|alt_sld_fab_alt_sld_fab_sldfabric:sldfabric|sld_jtag_hub:\jtag_hub_gen:real_sld_jtag_hub|sld_shadow_jsm:shadow_jsm|state[13]  ; sld_hub:auto_hub|alt_sld_fab_with_jtag_input:\instrumentation_fabric_with_node_gen:fabric_gen_new_way:with_jtag_input_gen:instrumentation_fabric|alt_sld_fab:instrumentation_fabric|alt_sld_fab_alt_sld_fab:alt_sld_fab|alt_sld_fab_alt_sld_fab_sldfabric:sldfabric|sld_jtag_hub:\jtag_hub_gen:real_sld_jtag_hub|sld_shadow_jsm:shadow_jsm|state[14]  ; altera_reserved_tck ; altera_reserved_tck ; 0.000        ; 0.080      ; 0.905      ;
; 0.641 ; sld_hub:auto_hub|alt_sld_fab_with_jtag_input:\instrumentation_fabric_with_node_gen:fabric_gen_new_way:with_jtag_input_gen:instrumentation_fabric|alt_sld_fab:instrumentation_fabric|alt_sld_fab_alt_sld_fab:alt_sld_fab|alt_sld_fab_alt_sld_fab_sldfabric:sldfabric|sld_jtag_hub:\jtag_hub_gen:real_sld_jtag_hub|identity_contrib_shift_reg[2]        ; sld_hub:auto_hub|alt_sld_fab_with_jtag_input:\instrumentation_fabric_with_node_gen:fabric_gen_new_way:with_jtag_input_gen:instrumentation_fabric|alt_sld_fab:instrumentation_fabric|alt_sld_fab_alt_sld_fab:alt_sld_fab|sldfabric_ident_writedata[2]                                                                                                  ; altera_reserved_tck ; altera_reserved_tck ; 0.000        ; 0.082      ; 0.909      ;
; 0.642 ; sld_hub:auto_hub|alt_sld_fab_with_jtag_input:\instrumentation_fabric_with_node_gen:fabric_gen_new_way:with_jtag_input_gen:instrumentation_fabric|alt_sld_fab:instrumentation_fabric|alt_sld_fab_alt_sld_fab:alt_sld_fab|alt_sld_fab_alt_sld_fab_sldfabric:sldfabric|sld_jtag_hub:\jtag_hub_gen:real_sld_jtag_hub|identity_contrib_shift_reg[3]        ; sld_hub:auto_hub|alt_sld_fab_with_jtag_input:\instrumentation_fabric_with_node_gen:fabric_gen_new_way:with_jtag_input_gen:instrumentation_fabric|alt_sld_fab:instrumentation_fabric|alt_sld_fab_alt_sld_fab:alt_sld_fab|sldfabric_ident_writedata[3]                                                                                                  ; altera_reserved_tck ; altera_reserved_tck ; 0.000        ; 0.082      ; 0.910      ;
+-------+-------------------------------------------------------------------------------------------------------------------------------------------------------------------------------------------------------------------------------------------------------------------------------------------------------------------------------------------------------+-------------------------------------------------------------------------------------------------------------------------------------------------------------------------------------------------------------------------------------------------------------------------------------------------------------------------------------------------------+---------------------+---------------------+--------------+------------+------------+


+------------------------------------------------------------------------------------------------------------------------------------------------------------------------------------------------------------------------------------------------------------------------------------------------------------------------------------------------------------------------------------------------------------------------------------------------------------------------------------------------------------------------------------------------------------------------------------------------------------------------------------------------------------------------------------------------------------------------------------------------------------------------------------------+
; Slow 1200mV 85C Model Recovery: 'altera_reserved_tck'                                                                                                                                                                                                                                                                                                                                                                                                                                                                                                                                                                                                                                                                                                                                    ;
+--------+-----------------------------------------------------------------------------------------------------------------------------------------------------------------------------------------------------------------------------------------------------------------------------------------------------------------------------------------------------+--------------------------------------------------------------------------------------------------------------------------------------------------------------------------------------------------------------------------------------------------------------------------------------------------------------------------------------+---------------------+---------------------+--------------+------------+------------+
; Slack  ; From Node                                                                                                                                                                                                                                                                                                                                           ; To Node                                                                                                                                                                                                                                                                                                                              ; Launch Clock        ; Latch Clock         ; Relationship ; Clock Skew ; Data Delay ;
+--------+-----------------------------------------------------------------------------------------------------------------------------------------------------------------------------------------------------------------------------------------------------------------------------------------------------------------------------------------------------+--------------------------------------------------------------------------------------------------------------------------------------------------------------------------------------------------------------------------------------------------------------------------------------------------------------------------------------+---------------------+---------------------+--------------+------------+------------+
; 97.507 ; sld_hub:auto_hub|alt_sld_fab_with_jtag_input:\instrumentation_fabric_with_node_gen:fabric_gen_new_way:with_jtag_input_gen:instrumentation_fabric|alt_sld_fab:instrumentation_fabric|alt_sld_fab_alt_sld_fab:alt_sld_fab|alt_sld_fab_alt_sld_fab_sldfabric:sldfabric|sld_jtag_hub:\jtag_hub_gen:real_sld_jtag_hub|irf_reg[1][3]                      ; RAM_IMG:RAM_INST|altsyncram:altsyncram_component|altsyncram_0kh1:auto_generated|sld_mod_ram_rom:mgl_prim2|ram_rom_data_shift_cntr_reg[1]                                                                                                                                                                                             ; altera_reserved_tck ; altera_reserved_tck ; 100.000      ; -0.101     ; 2.410      ;
; 97.507 ; sld_hub:auto_hub|alt_sld_fab_with_jtag_input:\instrumentation_fabric_with_node_gen:fabric_gen_new_way:with_jtag_input_gen:instrumentation_fabric|alt_sld_fab:instrumentation_fabric|alt_sld_fab_alt_sld_fab:alt_sld_fab|alt_sld_fab_alt_sld_fab_sldfabric:sldfabric|sld_jtag_hub:\jtag_hub_gen:real_sld_jtag_hub|irf_reg[1][3]                      ; RAM_IMG:RAM_INST|altsyncram:altsyncram_component|altsyncram_0kh1:auto_generated|sld_mod_ram_rom:mgl_prim2|ram_rom_data_shift_cntr_reg[0]                                                                                                                                                                                             ; altera_reserved_tck ; altera_reserved_tck ; 100.000      ; -0.101     ; 2.410      ;
; 97.507 ; sld_hub:auto_hub|alt_sld_fab_with_jtag_input:\instrumentation_fabric_with_node_gen:fabric_gen_new_way:with_jtag_input_gen:instrumentation_fabric|alt_sld_fab:instrumentation_fabric|alt_sld_fab_alt_sld_fab:alt_sld_fab|alt_sld_fab_alt_sld_fab_sldfabric:sldfabric|sld_jtag_hub:\jtag_hub_gen:real_sld_jtag_hub|irf_reg[1][3]                      ; RAM_IMG:RAM_INST|altsyncram:altsyncram_component|altsyncram_0kh1:auto_generated|sld_mod_ram_rom:mgl_prim2|ram_rom_data_shift_cntr_reg[2]                                                                                                                                                                                             ; altera_reserved_tck ; altera_reserved_tck ; 100.000      ; -0.101     ; 2.410      ;
; 97.635 ; sld_hub:auto_hub|alt_sld_fab_with_jtag_input:\instrumentation_fabric_with_node_gen:fabric_gen_new_way:with_jtag_input_gen:instrumentation_fabric|alt_sld_fab:instrumentation_fabric|alt_sld_fab_alt_sld_fab:alt_sld_fab|alt_sld_fab_alt_sld_fab_sldfabric:sldfabric|sld_jtag_hub:\jtag_hub_gen:real_sld_jtag_hub|irf_reg[1][0]                      ; RAM_IMG:RAM_INST|altsyncram:altsyncram_component|altsyncram_0kh1:auto_generated|sld_mod_ram_rom:mgl_prim2|ram_rom_addr_reg[1]                                                                                                                                                                                                        ; altera_reserved_tck ; altera_reserved_tck ; 100.000      ; -0.091     ; 2.292      ;
; 97.635 ; sld_hub:auto_hub|alt_sld_fab_with_jtag_input:\instrumentation_fabric_with_node_gen:fabric_gen_new_way:with_jtag_input_gen:instrumentation_fabric|alt_sld_fab:instrumentation_fabric|alt_sld_fab_alt_sld_fab:alt_sld_fab|alt_sld_fab_alt_sld_fab_sldfabric:sldfabric|sld_jtag_hub:\jtag_hub_gen:real_sld_jtag_hub|irf_reg[1][0]                      ; RAM_IMG:RAM_INST|altsyncram:altsyncram_component|altsyncram_0kh1:auto_generated|sld_mod_ram_rom:mgl_prim2|ram_rom_addr_reg[2]                                                                                                                                                                                                        ; altera_reserved_tck ; altera_reserved_tck ; 100.000      ; -0.091     ; 2.292      ;
; 97.635 ; sld_hub:auto_hub|alt_sld_fab_with_jtag_input:\instrumentation_fabric_with_node_gen:fabric_gen_new_way:with_jtag_input_gen:instrumentation_fabric|alt_sld_fab:instrumentation_fabric|alt_sld_fab_alt_sld_fab:alt_sld_fab|alt_sld_fab_alt_sld_fab_sldfabric:sldfabric|sld_jtag_hub:\jtag_hub_gen:real_sld_jtag_hub|irf_reg[1][0]                      ; RAM_IMG:RAM_INST|altsyncram:altsyncram_component|altsyncram_0kh1:auto_generated|sld_mod_ram_rom:mgl_prim2|ram_rom_addr_reg[3]                                                                                                                                                                                                        ; altera_reserved_tck ; altera_reserved_tck ; 100.000      ; -0.091     ; 2.292      ;
; 97.635 ; sld_hub:auto_hub|alt_sld_fab_with_jtag_input:\instrumentation_fabric_with_node_gen:fabric_gen_new_way:with_jtag_input_gen:instrumentation_fabric|alt_sld_fab:instrumentation_fabric|alt_sld_fab_alt_sld_fab:alt_sld_fab|alt_sld_fab_alt_sld_fab_sldfabric:sldfabric|sld_jtag_hub:\jtag_hub_gen:real_sld_jtag_hub|irf_reg[1][0]                      ; RAM_IMG:RAM_INST|altsyncram:altsyncram_component|altsyncram_0kh1:auto_generated|sld_mod_ram_rom:mgl_prim2|ram_rom_addr_reg[4]                                                                                                                                                                                                        ; altera_reserved_tck ; altera_reserved_tck ; 100.000      ; -0.091     ; 2.292      ;
; 97.635 ; sld_hub:auto_hub|alt_sld_fab_with_jtag_input:\instrumentation_fabric_with_node_gen:fabric_gen_new_way:with_jtag_input_gen:instrumentation_fabric|alt_sld_fab:instrumentation_fabric|alt_sld_fab_alt_sld_fab:alt_sld_fab|alt_sld_fab_alt_sld_fab_sldfabric:sldfabric|sld_jtag_hub:\jtag_hub_gen:real_sld_jtag_hub|irf_reg[1][0]                      ; RAM_IMG:RAM_INST|altsyncram:altsyncram_component|altsyncram_0kh1:auto_generated|sld_mod_ram_rom:mgl_prim2|ram_rom_addr_reg[5]                                                                                                                                                                                                        ; altera_reserved_tck ; altera_reserved_tck ; 100.000      ; -0.091     ; 2.292      ;
; 97.635 ; sld_hub:auto_hub|alt_sld_fab_with_jtag_input:\instrumentation_fabric_with_node_gen:fabric_gen_new_way:with_jtag_input_gen:instrumentation_fabric|alt_sld_fab:instrumentation_fabric|alt_sld_fab_alt_sld_fab:alt_sld_fab|alt_sld_fab_alt_sld_fab_sldfabric:sldfabric|sld_jtag_hub:\jtag_hub_gen:real_sld_jtag_hub|irf_reg[1][0]                      ; RAM_IMG:RAM_INST|altsyncram:altsyncram_component|altsyncram_0kh1:auto_generated|sld_mod_ram_rom:mgl_prim2|ram_rom_addr_reg[6]                                                                                                                                                                                                        ; altera_reserved_tck ; altera_reserved_tck ; 100.000      ; -0.091     ; 2.292      ;
; 97.635 ; sld_hub:auto_hub|alt_sld_fab_with_jtag_input:\instrumentation_fabric_with_node_gen:fabric_gen_new_way:with_jtag_input_gen:instrumentation_fabric|alt_sld_fab:instrumentation_fabric|alt_sld_fab_alt_sld_fab:alt_sld_fab|alt_sld_fab_alt_sld_fab_sldfabric:sldfabric|sld_jtag_hub:\jtag_hub_gen:real_sld_jtag_hub|irf_reg[1][0]                      ; RAM_IMG:RAM_INST|altsyncram:altsyncram_component|altsyncram_0kh1:auto_generated|sld_mod_ram_rom:mgl_prim2|ram_rom_addr_reg[7]                                                                                                                                                                                                        ; altera_reserved_tck ; altera_reserved_tck ; 100.000      ; -0.091     ; 2.292      ;
; 97.635 ; sld_hub:auto_hub|alt_sld_fab_with_jtag_input:\instrumentation_fabric_with_node_gen:fabric_gen_new_way:with_jtag_input_gen:instrumentation_fabric|alt_sld_fab:instrumentation_fabric|alt_sld_fab_alt_sld_fab:alt_sld_fab|alt_sld_fab_alt_sld_fab_sldfabric:sldfabric|sld_jtag_hub:\jtag_hub_gen:real_sld_jtag_hub|irf_reg[1][0]                      ; RAM_IMG:RAM_INST|altsyncram:altsyncram_component|altsyncram_0kh1:auto_generated|sld_mod_ram_rom:mgl_prim2|ram_rom_addr_reg[8]                                                                                                                                                                                                        ; altera_reserved_tck ; altera_reserved_tck ; 100.000      ; -0.091     ; 2.292      ;
; 97.635 ; sld_hub:auto_hub|alt_sld_fab_with_jtag_input:\instrumentation_fabric_with_node_gen:fabric_gen_new_way:with_jtag_input_gen:instrumentation_fabric|alt_sld_fab:instrumentation_fabric|alt_sld_fab_alt_sld_fab:alt_sld_fab|alt_sld_fab_alt_sld_fab_sldfabric:sldfabric|sld_jtag_hub:\jtag_hub_gen:real_sld_jtag_hub|irf_reg[1][0]                      ; RAM_IMG:RAM_INST|altsyncram:altsyncram_component|altsyncram_0kh1:auto_generated|sld_mod_ram_rom:mgl_prim2|ram_rom_addr_reg[9]                                                                                                                                                                                                        ; altera_reserved_tck ; altera_reserved_tck ; 100.000      ; -0.091     ; 2.292      ;
; 97.635 ; sld_hub:auto_hub|alt_sld_fab_with_jtag_input:\instrumentation_fabric_with_node_gen:fabric_gen_new_way:with_jtag_input_gen:instrumentation_fabric|alt_sld_fab:instrumentation_fabric|alt_sld_fab_alt_sld_fab:alt_sld_fab|alt_sld_fab_alt_sld_fab_sldfabric:sldfabric|sld_jtag_hub:\jtag_hub_gen:real_sld_jtag_hub|irf_reg[1][0]                      ; RAM_IMG:RAM_INST|altsyncram:altsyncram_component|altsyncram_0kh1:auto_generated|sld_mod_ram_rom:mgl_prim2|ram_rom_addr_reg[10]                                                                                                                                                                                                       ; altera_reserved_tck ; altera_reserved_tck ; 100.000      ; -0.091     ; 2.292      ;
; 97.635 ; sld_hub:auto_hub|alt_sld_fab_with_jtag_input:\instrumentation_fabric_with_node_gen:fabric_gen_new_way:with_jtag_input_gen:instrumentation_fabric|alt_sld_fab:instrumentation_fabric|alt_sld_fab_alt_sld_fab:alt_sld_fab|alt_sld_fab_alt_sld_fab_sldfabric:sldfabric|sld_jtag_hub:\jtag_hub_gen:real_sld_jtag_hub|irf_reg[1][0]                      ; RAM_IMG:RAM_INST|altsyncram:altsyncram_component|altsyncram_0kh1:auto_generated|sld_mod_ram_rom:mgl_prim2|ram_rom_addr_reg[11]                                                                                                                                                                                                       ; altera_reserved_tck ; altera_reserved_tck ; 100.000      ; -0.091     ; 2.292      ;
; 97.635 ; sld_hub:auto_hub|alt_sld_fab_with_jtag_input:\instrumentation_fabric_with_node_gen:fabric_gen_new_way:with_jtag_input_gen:instrumentation_fabric|alt_sld_fab:instrumentation_fabric|alt_sld_fab_alt_sld_fab:alt_sld_fab|alt_sld_fab_alt_sld_fab_sldfabric:sldfabric|sld_jtag_hub:\jtag_hub_gen:real_sld_jtag_hub|irf_reg[1][0]                      ; RAM_IMG:RAM_INST|altsyncram:altsyncram_component|altsyncram_0kh1:auto_generated|sld_mod_ram_rom:mgl_prim2|ram_rom_addr_reg[12]                                                                                                                                                                                                       ; altera_reserved_tck ; altera_reserved_tck ; 100.000      ; -0.091     ; 2.292      ;
; 97.635 ; sld_hub:auto_hub|alt_sld_fab_with_jtag_input:\instrumentation_fabric_with_node_gen:fabric_gen_new_way:with_jtag_input_gen:instrumentation_fabric|alt_sld_fab:instrumentation_fabric|alt_sld_fab_alt_sld_fab:alt_sld_fab|alt_sld_fab_alt_sld_fab_sldfabric:sldfabric|sld_jtag_hub:\jtag_hub_gen:real_sld_jtag_hub|irf_reg[1][0]                      ; RAM_IMG:RAM_INST|altsyncram:altsyncram_component|altsyncram_0kh1:auto_generated|sld_mod_ram_rom:mgl_prim2|ram_rom_addr_reg[13]                                                                                                                                                                                                       ; altera_reserved_tck ; altera_reserved_tck ; 100.000      ; -0.091     ; 2.292      ;
; 97.635 ; sld_hub:auto_hub|alt_sld_fab_with_jtag_input:\instrumentation_fabric_with_node_gen:fabric_gen_new_way:with_jtag_input_gen:instrumentation_fabric|alt_sld_fab:instrumentation_fabric|alt_sld_fab_alt_sld_fab:alt_sld_fab|alt_sld_fab_alt_sld_fab_sldfabric:sldfabric|sld_jtag_hub:\jtag_hub_gen:real_sld_jtag_hub|irf_reg[1][0]                      ; RAM_IMG:RAM_INST|altsyncram:altsyncram_component|altsyncram_0kh1:auto_generated|sld_mod_ram_rom:mgl_prim2|ram_rom_addr_reg[14]                                                                                                                                                                                                       ; altera_reserved_tck ; altera_reserved_tck ; 100.000      ; -0.091     ; 2.292      ;
; 97.635 ; sld_hub:auto_hub|alt_sld_fab_with_jtag_input:\instrumentation_fabric_with_node_gen:fabric_gen_new_way:with_jtag_input_gen:instrumentation_fabric|alt_sld_fab:instrumentation_fabric|alt_sld_fab_alt_sld_fab:alt_sld_fab|alt_sld_fab_alt_sld_fab_sldfabric:sldfabric|sld_jtag_hub:\jtag_hub_gen:real_sld_jtag_hub|irf_reg[1][0]                      ; RAM_IMG:RAM_INST|altsyncram:altsyncram_component|altsyncram_0kh1:auto_generated|sld_mod_ram_rom:mgl_prim2|ram_rom_addr_reg[15]                                                                                                                                                                                                       ; altera_reserved_tck ; altera_reserved_tck ; 100.000      ; -0.091     ; 2.292      ;
; 97.635 ; sld_hub:auto_hub|alt_sld_fab_with_jtag_input:\instrumentation_fabric_with_node_gen:fabric_gen_new_way:with_jtag_input_gen:instrumentation_fabric|alt_sld_fab:instrumentation_fabric|alt_sld_fab_alt_sld_fab:alt_sld_fab|alt_sld_fab_alt_sld_fab_sldfabric:sldfabric|sld_jtag_hub:\jtag_hub_gen:real_sld_jtag_hub|irf_reg[1][0]                      ; RAM_IMG:RAM_INST|altsyncram:altsyncram_component|altsyncram_0kh1:auto_generated|sld_mod_ram_rom:mgl_prim2|ram_rom_addr_reg[0]                                                                                                                                                                                                        ; altera_reserved_tck ; altera_reserved_tck ; 100.000      ; -0.091     ; 2.292      ;
; 97.714 ; sld_hub:auto_hub|alt_sld_fab_with_jtag_input:\instrumentation_fabric_with_node_gen:fabric_gen_new_way:with_jtag_input_gen:instrumentation_fabric|alt_sld_fab:instrumentation_fabric|alt_sld_fab_alt_sld_fab:alt_sld_fab|alt_sld_fab_alt_sld_fab_sldfabric:sldfabric|sld_jtag_hub:\jtag_hub_gen:real_sld_jtag_hub|irf_reg[1][0]                      ; RAM_IMG:RAM_INST|altsyncram:altsyncram_component|altsyncram_0kh1:auto_generated|sld_mod_ram_rom:mgl_prim2|ir_loaded_address_reg[1]                                                                                                                                                                                                   ; altera_reserved_tck ; altera_reserved_tck ; 100.000      ; -0.082     ; 2.222      ;
; 97.714 ; sld_hub:auto_hub|alt_sld_fab_with_jtag_input:\instrumentation_fabric_with_node_gen:fabric_gen_new_way:with_jtag_input_gen:instrumentation_fabric|alt_sld_fab:instrumentation_fabric|alt_sld_fab_alt_sld_fab:alt_sld_fab|alt_sld_fab_alt_sld_fab_sldfabric:sldfabric|sld_jtag_hub:\jtag_hub_gen:real_sld_jtag_hub|irf_reg[1][0]                      ; RAM_IMG:RAM_INST|altsyncram:altsyncram_component|altsyncram_0kh1:auto_generated|sld_mod_ram_rom:mgl_prim2|ir_loaded_address_reg[4]                                                                                                                                                                                                   ; altera_reserved_tck ; altera_reserved_tck ; 100.000      ; -0.082     ; 2.222      ;
; 97.714 ; sld_hub:auto_hub|alt_sld_fab_with_jtag_input:\instrumentation_fabric_with_node_gen:fabric_gen_new_way:with_jtag_input_gen:instrumentation_fabric|alt_sld_fab:instrumentation_fabric|alt_sld_fab_alt_sld_fab:alt_sld_fab|alt_sld_fab_alt_sld_fab_sldfabric:sldfabric|sld_jtag_hub:\jtag_hub_gen:real_sld_jtag_hub|irf_reg[1][0]                      ; RAM_IMG:RAM_INST|altsyncram:altsyncram_component|altsyncram_0kh1:auto_generated|sld_mod_ram_rom:mgl_prim2|ir_loaded_address_reg[6]                                                                                                                                                                                                   ; altera_reserved_tck ; altera_reserved_tck ; 100.000      ; -0.082     ; 2.222      ;
; 97.714 ; sld_hub:auto_hub|alt_sld_fab_with_jtag_input:\instrumentation_fabric_with_node_gen:fabric_gen_new_way:with_jtag_input_gen:instrumentation_fabric|alt_sld_fab:instrumentation_fabric|alt_sld_fab_alt_sld_fab:alt_sld_fab|alt_sld_fab_alt_sld_fab_sldfabric:sldfabric|sld_jtag_hub:\jtag_hub_gen:real_sld_jtag_hub|irf_reg[1][0]                      ; RAM_IMG:RAM_INST|altsyncram:altsyncram_component|altsyncram_0kh1:auto_generated|sld_mod_ram_rom:mgl_prim2|ir_loaded_address_reg[5]                                                                                                                                                                                                   ; altera_reserved_tck ; altera_reserved_tck ; 100.000      ; -0.082     ; 2.222      ;
; 97.714 ; sld_hub:auto_hub|alt_sld_fab_with_jtag_input:\instrumentation_fabric_with_node_gen:fabric_gen_new_way:with_jtag_input_gen:instrumentation_fabric|alt_sld_fab:instrumentation_fabric|alt_sld_fab_alt_sld_fab:alt_sld_fab|alt_sld_fab_alt_sld_fab_sldfabric:sldfabric|sld_jtag_hub:\jtag_hub_gen:real_sld_jtag_hub|irf_reg[1][0]                      ; RAM_IMG:RAM_INST|altsyncram:altsyncram_component|altsyncram_0kh1:auto_generated|sld_mod_ram_rom:mgl_prim2|ir_loaded_address_reg[3]                                                                                                                                                                                                   ; altera_reserved_tck ; altera_reserved_tck ; 100.000      ; -0.082     ; 2.222      ;
; 97.714 ; sld_hub:auto_hub|alt_sld_fab_with_jtag_input:\instrumentation_fabric_with_node_gen:fabric_gen_new_way:with_jtag_input_gen:instrumentation_fabric|alt_sld_fab:instrumentation_fabric|alt_sld_fab_alt_sld_fab:alt_sld_fab|alt_sld_fab_alt_sld_fab_sldfabric:sldfabric|sld_jtag_hub:\jtag_hub_gen:real_sld_jtag_hub|irf_reg[1][0]                      ; RAM_IMG:RAM_INST|altsyncram:altsyncram_component|altsyncram_0kh1:auto_generated|sld_mod_ram_rom:mgl_prim2|ir_loaded_address_reg[2]                                                                                                                                                                                                   ; altera_reserved_tck ; altera_reserved_tck ; 100.000      ; -0.082     ; 2.222      ;
; 97.714 ; sld_hub:auto_hub|alt_sld_fab_with_jtag_input:\instrumentation_fabric_with_node_gen:fabric_gen_new_way:with_jtag_input_gen:instrumentation_fabric|alt_sld_fab:instrumentation_fabric|alt_sld_fab_alt_sld_fab:alt_sld_fab|alt_sld_fab_alt_sld_fab_sldfabric:sldfabric|sld_jtag_hub:\jtag_hub_gen:real_sld_jtag_hub|irf_reg[1][0]                      ; RAM_IMG:RAM_INST|altsyncram:altsyncram_component|altsyncram_0kh1:auto_generated|sld_mod_ram_rom:mgl_prim2|ir_loaded_address_reg[0]                                                                                                                                                                                                   ; altera_reserved_tck ; altera_reserved_tck ; 100.000      ; -0.082     ; 2.222      ;
; 97.846 ; sld_hub:auto_hub|alt_sld_fab_with_jtag_input:\instrumentation_fabric_with_node_gen:fabric_gen_new_way:with_jtag_input_gen:instrumentation_fabric|alt_sld_fab:instrumentation_fabric|alt_sld_fab_alt_sld_fab:alt_sld_fab|alt_sld_fab_alt_sld_fab_sldfabric:sldfabric|sld_jtag_hub:\jtag_hub_gen:real_sld_jtag_hub|clr_reg                            ; sld_hub:auto_hub|alt_sld_fab_with_jtag_input:\instrumentation_fabric_with_node_gen:fabric_gen_new_way:with_jtag_input_gen:instrumentation_fabric|alt_sld_fab:instrumentation_fabric|alt_sld_fab_alt_sld_fab:alt_sld_fab|alt_sld_fab_alt_sld_fab_sldfabric:sldfabric|sld_jtag_hub:\jtag_hub_gen:real_sld_jtag_hub|irsr_reg[1]         ; altera_reserved_tck ; altera_reserved_tck ; 100.000      ; -0.084     ; 2.088      ;
; 97.846 ; sld_hub:auto_hub|alt_sld_fab_with_jtag_input:\instrumentation_fabric_with_node_gen:fabric_gen_new_way:with_jtag_input_gen:instrumentation_fabric|alt_sld_fab:instrumentation_fabric|alt_sld_fab_alt_sld_fab:alt_sld_fab|alt_sld_fab_alt_sld_fab_sldfabric:sldfabric|sld_jtag_hub:\jtag_hub_gen:real_sld_jtag_hub|clr_reg                            ; sld_hub:auto_hub|alt_sld_fab_with_jtag_input:\instrumentation_fabric_with_node_gen:fabric_gen_new_way:with_jtag_input_gen:instrumentation_fabric|alt_sld_fab:instrumentation_fabric|alt_sld_fab_alt_sld_fab:alt_sld_fab|alt_sld_fab_alt_sld_fab_sldfabric:sldfabric|sld_jtag_hub:\jtag_hub_gen:real_sld_jtag_hub|irsr_reg[0]         ; altera_reserved_tck ; altera_reserved_tck ; 100.000      ; -0.084     ; 2.088      ;
; 97.846 ; sld_hub:auto_hub|alt_sld_fab_with_jtag_input:\instrumentation_fabric_with_node_gen:fabric_gen_new_way:with_jtag_input_gen:instrumentation_fabric|alt_sld_fab:instrumentation_fabric|alt_sld_fab_alt_sld_fab:alt_sld_fab|alt_sld_fab_alt_sld_fab_sldfabric:sldfabric|sld_jtag_hub:\jtag_hub_gen:real_sld_jtag_hub|clr_reg                            ; sld_hub:auto_hub|alt_sld_fab_with_jtag_input:\instrumentation_fabric_with_node_gen:fabric_gen_new_way:with_jtag_input_gen:instrumentation_fabric|alt_sld_fab:instrumentation_fabric|alt_sld_fab_alt_sld_fab:alt_sld_fab|alt_sld_fab_alt_sld_fab_sldfabric:sldfabric|sld_jtag_hub:\jtag_hub_gen:real_sld_jtag_hub|irsr_reg[2]         ; altera_reserved_tck ; altera_reserved_tck ; 100.000      ; -0.084     ; 2.088      ;
; 97.846 ; sld_hub:auto_hub|alt_sld_fab_with_jtag_input:\instrumentation_fabric_with_node_gen:fabric_gen_new_way:with_jtag_input_gen:instrumentation_fabric|alt_sld_fab:instrumentation_fabric|alt_sld_fab_alt_sld_fab:alt_sld_fab|alt_sld_fab_alt_sld_fab_sldfabric:sldfabric|sld_jtag_hub:\jtag_hub_gen:real_sld_jtag_hub|clr_reg                            ; sld_hub:auto_hub|alt_sld_fab_with_jtag_input:\instrumentation_fabric_with_node_gen:fabric_gen_new_way:with_jtag_input_gen:instrumentation_fabric|alt_sld_fab:instrumentation_fabric|alt_sld_fab_alt_sld_fab:alt_sld_fab|alt_sld_fab_alt_sld_fab_sldfabric:sldfabric|sld_jtag_hub:\jtag_hub_gen:real_sld_jtag_hub|irsr_reg[4]         ; altera_reserved_tck ; altera_reserved_tck ; 100.000      ; -0.084     ; 2.088      ;
; 97.846 ; sld_hub:auto_hub|alt_sld_fab_with_jtag_input:\instrumentation_fabric_with_node_gen:fabric_gen_new_way:with_jtag_input_gen:instrumentation_fabric|alt_sld_fab:instrumentation_fabric|alt_sld_fab_alt_sld_fab:alt_sld_fab|alt_sld_fab_alt_sld_fab_sldfabric:sldfabric|sld_jtag_hub:\jtag_hub_gen:real_sld_jtag_hub|clr_reg                            ; sld_hub:auto_hub|alt_sld_fab_with_jtag_input:\instrumentation_fabric_with_node_gen:fabric_gen_new_way:with_jtag_input_gen:instrumentation_fabric|alt_sld_fab:instrumentation_fabric|alt_sld_fab_alt_sld_fab:alt_sld_fab|alt_sld_fab_alt_sld_fab_sldfabric:sldfabric|sld_jtag_hub:\jtag_hub_gen:real_sld_jtag_hub|irsr_reg[5]         ; altera_reserved_tck ; altera_reserved_tck ; 100.000      ; -0.084     ; 2.088      ;
; 97.846 ; sld_hub:auto_hub|alt_sld_fab_with_jtag_input:\instrumentation_fabric_with_node_gen:fabric_gen_new_way:with_jtag_input_gen:instrumentation_fabric|alt_sld_fab:instrumentation_fabric|alt_sld_fab_alt_sld_fab:alt_sld_fab|alt_sld_fab_alt_sld_fab_sldfabric:sldfabric|sld_jtag_hub:\jtag_hub_gen:real_sld_jtag_hub|clr_reg                            ; sld_hub:auto_hub|alt_sld_fab_with_jtag_input:\instrumentation_fabric_with_node_gen:fabric_gen_new_way:with_jtag_input_gen:instrumentation_fabric|alt_sld_fab:instrumentation_fabric|alt_sld_fab_alt_sld_fab:alt_sld_fab|alt_sld_fab_alt_sld_fab_sldfabric:sldfabric|sld_jtag_hub:\jtag_hub_gen:real_sld_jtag_hub|irsr_reg[6]         ; altera_reserved_tck ; altera_reserved_tck ; 100.000      ; -0.084     ; 2.088      ;
; 97.846 ; sld_hub:auto_hub|alt_sld_fab_with_jtag_input:\instrumentation_fabric_with_node_gen:fabric_gen_new_way:with_jtag_input_gen:instrumentation_fabric|alt_sld_fab:instrumentation_fabric|alt_sld_fab_alt_sld_fab:alt_sld_fab|alt_sld_fab_alt_sld_fab_sldfabric:sldfabric|sld_jtag_hub:\jtag_hub_gen:real_sld_jtag_hub|clr_reg                            ; sld_hub:auto_hub|alt_sld_fab_with_jtag_input:\instrumentation_fabric_with_node_gen:fabric_gen_new_way:with_jtag_input_gen:instrumentation_fabric|alt_sld_fab:instrumentation_fabric|alt_sld_fab_alt_sld_fab:alt_sld_fab|alt_sld_fab_alt_sld_fab_sldfabric:sldfabric|sld_jtag_hub:\jtag_hub_gen:real_sld_jtag_hub|irsr_reg[7]         ; altera_reserved_tck ; altera_reserved_tck ; 100.000      ; -0.084     ; 2.088      ;
; 97.846 ; sld_hub:auto_hub|alt_sld_fab_with_jtag_input:\instrumentation_fabric_with_node_gen:fabric_gen_new_way:with_jtag_input_gen:instrumentation_fabric|alt_sld_fab:instrumentation_fabric|alt_sld_fab_alt_sld_fab:alt_sld_fab|alt_sld_fab_alt_sld_fab_sldfabric:sldfabric|sld_jtag_hub:\jtag_hub_gen:real_sld_jtag_hub|clr_reg                            ; sld_hub:auto_hub|alt_sld_fab_with_jtag_input:\instrumentation_fabric_with_node_gen:fabric_gen_new_way:with_jtag_input_gen:instrumentation_fabric|alt_sld_fab:instrumentation_fabric|alt_sld_fab_alt_sld_fab:alt_sld_fab|alt_sld_fab_alt_sld_fab_sldfabric:sldfabric|sld_jtag_hub:\jtag_hub_gen:real_sld_jtag_hub|irf_reg[1][0]       ; altera_reserved_tck ; altera_reserved_tck ; 100.000      ; -0.084     ; 2.088      ;
; 97.846 ; sld_hub:auto_hub|alt_sld_fab_with_jtag_input:\instrumentation_fabric_with_node_gen:fabric_gen_new_way:with_jtag_input_gen:instrumentation_fabric|alt_sld_fab:instrumentation_fabric|alt_sld_fab_alt_sld_fab:alt_sld_fab|alt_sld_fab_alt_sld_fab_sldfabric:sldfabric|sld_jtag_hub:\jtag_hub_gen:real_sld_jtag_hub|clr_reg                            ; sld_hub:auto_hub|alt_sld_fab_with_jtag_input:\instrumentation_fabric_with_node_gen:fabric_gen_new_way:with_jtag_input_gen:instrumentation_fabric|alt_sld_fab:instrumentation_fabric|alt_sld_fab_alt_sld_fab:alt_sld_fab|alt_sld_fab_alt_sld_fab_sldfabric:sldfabric|sld_jtag_hub:\jtag_hub_gen:real_sld_jtag_hub|irf_reg[1][4]       ; altera_reserved_tck ; altera_reserved_tck ; 100.000      ; -0.084     ; 2.088      ;
; 97.846 ; sld_hub:auto_hub|alt_sld_fab_with_jtag_input:\instrumentation_fabric_with_node_gen:fabric_gen_new_way:with_jtag_input_gen:instrumentation_fabric|alt_sld_fab:instrumentation_fabric|alt_sld_fab_alt_sld_fab:alt_sld_fab|alt_sld_fab_alt_sld_fab_sldfabric:sldfabric|sld_jtag_hub:\jtag_hub_gen:real_sld_jtag_hub|clr_reg                            ; sld_hub:auto_hub|alt_sld_fab_with_jtag_input:\instrumentation_fabric_with_node_gen:fabric_gen_new_way:with_jtag_input_gen:instrumentation_fabric|alt_sld_fab:instrumentation_fabric|alt_sld_fab_alt_sld_fab:alt_sld_fab|alt_sld_fab_alt_sld_fab_sldfabric:sldfabric|sld_jtag_hub:\jtag_hub_gen:real_sld_jtag_hub|irf_reg[1][6]       ; altera_reserved_tck ; altera_reserved_tck ; 100.000      ; -0.084     ; 2.088      ;
; 97.846 ; sld_hub:auto_hub|alt_sld_fab_with_jtag_input:\instrumentation_fabric_with_node_gen:fabric_gen_new_way:with_jtag_input_gen:instrumentation_fabric|alt_sld_fab:instrumentation_fabric|alt_sld_fab_alt_sld_fab:alt_sld_fab|alt_sld_fab_alt_sld_fab_sldfabric:sldfabric|sld_jtag_hub:\jtag_hub_gen:real_sld_jtag_hub|clr_reg                            ; sld_hub:auto_hub|alt_sld_fab_with_jtag_input:\instrumentation_fabric_with_node_gen:fabric_gen_new_way:with_jtag_input_gen:instrumentation_fabric|alt_sld_fab:instrumentation_fabric|alt_sld_fab_alt_sld_fab:alt_sld_fab|alt_sld_fab_alt_sld_fab_sldfabric:sldfabric|sld_jtag_hub:\jtag_hub_gen:real_sld_jtag_hub|irf_reg[1][7]       ; altera_reserved_tck ; altera_reserved_tck ; 100.000      ; -0.084     ; 2.088      ;
; 97.973 ; sld_hub:auto_hub|alt_sld_fab_with_jtag_input:\instrumentation_fabric_with_node_gen:fabric_gen_new_way:with_jtag_input_gen:instrumentation_fabric|alt_sld_fab:instrumentation_fabric|alt_sld_fab_alt_sld_fab:alt_sld_fab|alt_sld_fab_alt_sld_fab_sldfabric:sldfabric|sld_jtag_hub:\jtag_hub_gen:real_sld_jtag_hub|clr_reg                            ; RAM_IMG:RAM_INST|altsyncram:altsyncram_component|altsyncram_0kh1:auto_generated|sld_mod_ram_rom:mgl_prim2|bypass_reg_out                                                                                                                                                                                                             ; altera_reserved_tck ; altera_reserved_tck ; 100.000      ; -0.077     ; 1.968      ;
; 97.979 ; sld_hub:auto_hub|alt_sld_fab_with_jtag_input:\instrumentation_fabric_with_node_gen:fabric_gen_new_way:with_jtag_input_gen:instrumentation_fabric|alt_sld_fab:instrumentation_fabric|alt_sld_fab_alt_sld_fab:alt_sld_fab|alt_sld_fab_alt_sld_fab_sldfabric:sldfabric|sld_jtag_hub:\jtag_hub_gen:real_sld_jtag_hub|sld_shadow_jsm:shadow_jsm|state[0] ; sld_hub:auto_hub|alt_sld_fab_with_jtag_input:\instrumentation_fabric_with_node_gen:fabric_gen_new_way:with_jtag_input_gen:instrumentation_fabric|alt_sld_fab:instrumentation_fabric|alt_sld_fab_alt_sld_fab:alt_sld_fab|alt_sld_fab_alt_sld_fab_sldfabric:sldfabric|sld_jtag_hub:\jtag_hub_gen:real_sld_jtag_hub|jtag_ir_reg[0]      ; altera_reserved_tck ; altera_reserved_tck ; 100.000      ; -0.080     ; 1.959      ;
; 97.979 ; sld_hub:auto_hub|alt_sld_fab_with_jtag_input:\instrumentation_fabric_with_node_gen:fabric_gen_new_way:with_jtag_input_gen:instrumentation_fabric|alt_sld_fab:instrumentation_fabric|alt_sld_fab_alt_sld_fab:alt_sld_fab|alt_sld_fab_alt_sld_fab_sldfabric:sldfabric|sld_jtag_hub:\jtag_hub_gen:real_sld_jtag_hub|sld_shadow_jsm:shadow_jsm|state[0] ; sld_hub:auto_hub|alt_sld_fab_with_jtag_input:\instrumentation_fabric_with_node_gen:fabric_gen_new_way:with_jtag_input_gen:instrumentation_fabric|alt_sld_fab:instrumentation_fabric|alt_sld_fab_alt_sld_fab:alt_sld_fab|alt_sld_fab_alt_sld_fab_sldfabric:sldfabric|sld_jtag_hub:\jtag_hub_gen:real_sld_jtag_hub|jtag_ir_reg[1]      ; altera_reserved_tck ; altera_reserved_tck ; 100.000      ; -0.080     ; 1.959      ;
; 97.979 ; sld_hub:auto_hub|alt_sld_fab_with_jtag_input:\instrumentation_fabric_with_node_gen:fabric_gen_new_way:with_jtag_input_gen:instrumentation_fabric|alt_sld_fab:instrumentation_fabric|alt_sld_fab_alt_sld_fab:alt_sld_fab|alt_sld_fab_alt_sld_fab_sldfabric:sldfabric|sld_jtag_hub:\jtag_hub_gen:real_sld_jtag_hub|sld_shadow_jsm:shadow_jsm|state[0] ; sld_hub:auto_hub|alt_sld_fab_with_jtag_input:\instrumentation_fabric_with_node_gen:fabric_gen_new_way:with_jtag_input_gen:instrumentation_fabric|alt_sld_fab:instrumentation_fabric|alt_sld_fab_alt_sld_fab:alt_sld_fab|alt_sld_fab_alt_sld_fab_sldfabric:sldfabric|sld_jtag_hub:\jtag_hub_gen:real_sld_jtag_hub|jtag_ir_reg[2]      ; altera_reserved_tck ; altera_reserved_tck ; 100.000      ; -0.080     ; 1.959      ;
; 97.979 ; sld_hub:auto_hub|alt_sld_fab_with_jtag_input:\instrumentation_fabric_with_node_gen:fabric_gen_new_way:with_jtag_input_gen:instrumentation_fabric|alt_sld_fab:instrumentation_fabric|alt_sld_fab_alt_sld_fab:alt_sld_fab|alt_sld_fab_alt_sld_fab_sldfabric:sldfabric|sld_jtag_hub:\jtag_hub_gen:real_sld_jtag_hub|sld_shadow_jsm:shadow_jsm|state[0] ; sld_hub:auto_hub|alt_sld_fab_with_jtag_input:\instrumentation_fabric_with_node_gen:fabric_gen_new_way:with_jtag_input_gen:instrumentation_fabric|alt_sld_fab:instrumentation_fabric|alt_sld_fab_alt_sld_fab:alt_sld_fab|alt_sld_fab_alt_sld_fab_sldfabric:sldfabric|sld_jtag_hub:\jtag_hub_gen:real_sld_jtag_hub|jtag_ir_reg[3]      ; altera_reserved_tck ; altera_reserved_tck ; 100.000      ; -0.080     ; 1.959      ;
; 97.979 ; sld_hub:auto_hub|alt_sld_fab_with_jtag_input:\instrumentation_fabric_with_node_gen:fabric_gen_new_way:with_jtag_input_gen:instrumentation_fabric|alt_sld_fab:instrumentation_fabric|alt_sld_fab_alt_sld_fab:alt_sld_fab|alt_sld_fab_alt_sld_fab_sldfabric:sldfabric|sld_jtag_hub:\jtag_hub_gen:real_sld_jtag_hub|sld_shadow_jsm:shadow_jsm|state[0] ; sld_hub:auto_hub|alt_sld_fab_with_jtag_input:\instrumentation_fabric_with_node_gen:fabric_gen_new_way:with_jtag_input_gen:instrumentation_fabric|alt_sld_fab:instrumentation_fabric|alt_sld_fab_alt_sld_fab:alt_sld_fab|alt_sld_fab_alt_sld_fab_sldfabric:sldfabric|sld_jtag_hub:\jtag_hub_gen:real_sld_jtag_hub|jtag_ir_reg[4]      ; altera_reserved_tck ; altera_reserved_tck ; 100.000      ; -0.080     ; 1.959      ;
; 97.979 ; sld_hub:auto_hub|alt_sld_fab_with_jtag_input:\instrumentation_fabric_with_node_gen:fabric_gen_new_way:with_jtag_input_gen:instrumentation_fabric|alt_sld_fab:instrumentation_fabric|alt_sld_fab_alt_sld_fab:alt_sld_fab|alt_sld_fab_alt_sld_fab_sldfabric:sldfabric|sld_jtag_hub:\jtag_hub_gen:real_sld_jtag_hub|sld_shadow_jsm:shadow_jsm|state[0] ; sld_hub:auto_hub|alt_sld_fab_with_jtag_input:\instrumentation_fabric_with_node_gen:fabric_gen_new_way:with_jtag_input_gen:instrumentation_fabric|alt_sld_fab:instrumentation_fabric|alt_sld_fab_alt_sld_fab:alt_sld_fab|alt_sld_fab_alt_sld_fab_sldfabric:sldfabric|sld_jtag_hub:\jtag_hub_gen:real_sld_jtag_hub|jtag_ir_reg[5]      ; altera_reserved_tck ; altera_reserved_tck ; 100.000      ; -0.080     ; 1.959      ;
; 97.979 ; sld_hub:auto_hub|alt_sld_fab_with_jtag_input:\instrumentation_fabric_with_node_gen:fabric_gen_new_way:with_jtag_input_gen:instrumentation_fabric|alt_sld_fab:instrumentation_fabric|alt_sld_fab_alt_sld_fab:alt_sld_fab|alt_sld_fab_alt_sld_fab_sldfabric:sldfabric|sld_jtag_hub:\jtag_hub_gen:real_sld_jtag_hub|sld_shadow_jsm:shadow_jsm|state[0] ; sld_hub:auto_hub|alt_sld_fab_with_jtag_input:\instrumentation_fabric_with_node_gen:fabric_gen_new_way:with_jtag_input_gen:instrumentation_fabric|alt_sld_fab:instrumentation_fabric|alt_sld_fab_alt_sld_fab:alt_sld_fab|alt_sld_fab_alt_sld_fab_sldfabric:sldfabric|sld_jtag_hub:\jtag_hub_gen:real_sld_jtag_hub|jtag_ir_reg[6]      ; altera_reserved_tck ; altera_reserved_tck ; 100.000      ; -0.080     ; 1.959      ;
; 97.979 ; sld_hub:auto_hub|alt_sld_fab_with_jtag_input:\instrumentation_fabric_with_node_gen:fabric_gen_new_way:with_jtag_input_gen:instrumentation_fabric|alt_sld_fab:instrumentation_fabric|alt_sld_fab_alt_sld_fab:alt_sld_fab|alt_sld_fab_alt_sld_fab_sldfabric:sldfabric|sld_jtag_hub:\jtag_hub_gen:real_sld_jtag_hub|sld_shadow_jsm:shadow_jsm|state[0] ; sld_hub:auto_hub|alt_sld_fab_with_jtag_input:\instrumentation_fabric_with_node_gen:fabric_gen_new_way:with_jtag_input_gen:instrumentation_fabric|alt_sld_fab:instrumentation_fabric|alt_sld_fab_alt_sld_fab:alt_sld_fab|alt_sld_fab_alt_sld_fab_sldfabric:sldfabric|sld_jtag_hub:\jtag_hub_gen:real_sld_jtag_hub|jtag_ir_reg[7]      ; altera_reserved_tck ; altera_reserved_tck ; 100.000      ; -0.080     ; 1.959      ;
; 97.979 ; sld_hub:auto_hub|alt_sld_fab_with_jtag_input:\instrumentation_fabric_with_node_gen:fabric_gen_new_way:with_jtag_input_gen:instrumentation_fabric|alt_sld_fab:instrumentation_fabric|alt_sld_fab_alt_sld_fab:alt_sld_fab|alt_sld_fab_alt_sld_fab_sldfabric:sldfabric|sld_jtag_hub:\jtag_hub_gen:real_sld_jtag_hub|sld_shadow_jsm:shadow_jsm|state[0] ; sld_hub:auto_hub|alt_sld_fab_with_jtag_input:\instrumentation_fabric_with_node_gen:fabric_gen_new_way:with_jtag_input_gen:instrumentation_fabric|alt_sld_fab:instrumentation_fabric|alt_sld_fab_alt_sld_fab:alt_sld_fab|alt_sld_fab_alt_sld_fab_sldfabric:sldfabric|sld_jtag_hub:\jtag_hub_gen:real_sld_jtag_hub|jtag_ir_reg[8]      ; altera_reserved_tck ; altera_reserved_tck ; 100.000      ; -0.080     ; 1.959      ;
; 97.979 ; sld_hub:auto_hub|alt_sld_fab_with_jtag_input:\instrumentation_fabric_with_node_gen:fabric_gen_new_way:with_jtag_input_gen:instrumentation_fabric|alt_sld_fab:instrumentation_fabric|alt_sld_fab_alt_sld_fab:alt_sld_fab|alt_sld_fab_alt_sld_fab_sldfabric:sldfabric|sld_jtag_hub:\jtag_hub_gen:real_sld_jtag_hub|sld_shadow_jsm:shadow_jsm|state[0] ; sld_hub:auto_hub|alt_sld_fab_with_jtag_input:\instrumentation_fabric_with_node_gen:fabric_gen_new_way:with_jtag_input_gen:instrumentation_fabric|alt_sld_fab:instrumentation_fabric|alt_sld_fab_alt_sld_fab:alt_sld_fab|alt_sld_fab_alt_sld_fab_sldfabric:sldfabric|sld_jtag_hub:\jtag_hub_gen:real_sld_jtag_hub|jtag_ir_reg[9]      ; altera_reserved_tck ; altera_reserved_tck ; 100.000      ; -0.080     ; 1.959      ;
; 97.993 ; sld_hub:auto_hub|alt_sld_fab_with_jtag_input:\instrumentation_fabric_with_node_gen:fabric_gen_new_way:with_jtag_input_gen:instrumentation_fabric|alt_sld_fab:instrumentation_fabric|alt_sld_fab_alt_sld_fab:alt_sld_fab|alt_sld_fab_alt_sld_fab_sldfabric:sldfabric|sld_jtag_hub:\jtag_hub_gen:real_sld_jtag_hub|clr_reg                            ; RAM_IMG:RAM_INST|altsyncram:altsyncram_component|altsyncram_0kh1:auto_generated|sld_mod_ram_rom:mgl_prim2|is_in_use_reg                                                                                                                                                                                                              ; altera_reserved_tck ; altera_reserved_tck ; 100.000      ; -0.085     ; 1.940      ;
; 98.035 ; sld_hub:auto_hub|alt_sld_fab_with_jtag_input:\instrumentation_fabric_with_node_gen:fabric_gen_new_way:with_jtag_input_gen:instrumentation_fabric|alt_sld_fab:instrumentation_fabric|alt_sld_fab_alt_sld_fab:alt_sld_fab|alt_sld_fab_alt_sld_fab_sldfabric:sldfabric|sld_jtag_hub:\jtag_hub_gen:real_sld_jtag_hub|clr_reg                            ; sld_hub:auto_hub|alt_sld_fab_with_jtag_input:\instrumentation_fabric_with_node_gen:fabric_gen_new_way:with_jtag_input_gen:instrumentation_fabric|alt_sld_fab:instrumentation_fabric|alt_sld_fab_alt_sld_fab:alt_sld_fab|alt_sld_fab_alt_sld_fab_sldfabric:sldfabric|sld_jtag_hub:\jtag_hub_gen:real_sld_jtag_hub|irf_reg[1][3]       ; altera_reserved_tck ; altera_reserved_tck ; 100.000      ; -0.077     ; 1.906      ;
; 98.035 ; sld_hub:auto_hub|alt_sld_fab_with_jtag_input:\instrumentation_fabric_with_node_gen:fabric_gen_new_way:with_jtag_input_gen:instrumentation_fabric|alt_sld_fab:instrumentation_fabric|alt_sld_fab_alt_sld_fab:alt_sld_fab|alt_sld_fab_alt_sld_fab_sldfabric:sldfabric|sld_jtag_hub:\jtag_hub_gen:real_sld_jtag_hub|clr_reg                            ; sld_hub:auto_hub|alt_sld_fab_with_jtag_input:\instrumentation_fabric_with_node_gen:fabric_gen_new_way:with_jtag_input_gen:instrumentation_fabric|alt_sld_fab:instrumentation_fabric|alt_sld_fab_alt_sld_fab:alt_sld_fab|alt_sld_fab_alt_sld_fab_sldfabric:sldfabric|sld_jtag_hub:\jtag_hub_gen:real_sld_jtag_hub|irf_reg[1][1]       ; altera_reserved_tck ; altera_reserved_tck ; 100.000      ; -0.077     ; 1.906      ;
; 98.035 ; sld_hub:auto_hub|alt_sld_fab_with_jtag_input:\instrumentation_fabric_with_node_gen:fabric_gen_new_way:with_jtag_input_gen:instrumentation_fabric|alt_sld_fab:instrumentation_fabric|alt_sld_fab_alt_sld_fab:alt_sld_fab|alt_sld_fab_alt_sld_fab_sldfabric:sldfabric|sld_jtag_hub:\jtag_hub_gen:real_sld_jtag_hub|clr_reg                            ; sld_hub:auto_hub|alt_sld_fab_with_jtag_input:\instrumentation_fabric_with_node_gen:fabric_gen_new_way:with_jtag_input_gen:instrumentation_fabric|alt_sld_fab:instrumentation_fabric|alt_sld_fab_alt_sld_fab:alt_sld_fab|alt_sld_fab_alt_sld_fab_sldfabric:sldfabric|sld_jtag_hub:\jtag_hub_gen:real_sld_jtag_hub|irf_reg[1][2]       ; altera_reserved_tck ; altera_reserved_tck ; 100.000      ; -0.077     ; 1.906      ;
; 98.035 ; sld_hub:auto_hub|alt_sld_fab_with_jtag_input:\instrumentation_fabric_with_node_gen:fabric_gen_new_way:with_jtag_input_gen:instrumentation_fabric|alt_sld_fab:instrumentation_fabric|alt_sld_fab_alt_sld_fab:alt_sld_fab|alt_sld_fab_alt_sld_fab_sldfabric:sldfabric|sld_jtag_hub:\jtag_hub_gen:real_sld_jtag_hub|clr_reg                            ; sld_hub:auto_hub|alt_sld_fab_with_jtag_input:\instrumentation_fabric_with_node_gen:fabric_gen_new_way:with_jtag_input_gen:instrumentation_fabric|alt_sld_fab:instrumentation_fabric|alt_sld_fab_alt_sld_fab:alt_sld_fab|alt_sld_fab_alt_sld_fab_sldfabric:sldfabric|sld_jtag_hub:\jtag_hub_gen:real_sld_jtag_hub|irf_reg[1][5]       ; altera_reserved_tck ; altera_reserved_tck ; 100.000      ; -0.077     ; 1.906      ;
; 98.072 ; sld_hub:auto_hub|alt_sld_fab_with_jtag_input:\instrumentation_fabric_with_node_gen:fabric_gen_new_way:with_jtag_input_gen:instrumentation_fabric|alt_sld_fab:instrumentation_fabric|alt_sld_fab_alt_sld_fab:alt_sld_fab|alt_sld_fab_alt_sld_fab_sldfabric:sldfabric|sld_jtag_hub:\jtag_hub_gen:real_sld_jtag_hub|irf_reg[1][4]                      ; RAM_IMG:RAM_INST|altsyncram:altsyncram_component|altsyncram_0kh1:auto_generated|sld_mod_ram_rom:mgl_prim2|ir_loaded_address_reg[1]                                                                                                                                                                                                   ; altera_reserved_tck ; altera_reserved_tck ; 100.000      ; -0.082     ; 1.864      ;
; 98.072 ; sld_hub:auto_hub|alt_sld_fab_with_jtag_input:\instrumentation_fabric_with_node_gen:fabric_gen_new_way:with_jtag_input_gen:instrumentation_fabric|alt_sld_fab:instrumentation_fabric|alt_sld_fab_alt_sld_fab:alt_sld_fab|alt_sld_fab_alt_sld_fab_sldfabric:sldfabric|sld_jtag_hub:\jtag_hub_gen:real_sld_jtag_hub|irf_reg[1][4]                      ; RAM_IMG:RAM_INST|altsyncram:altsyncram_component|altsyncram_0kh1:auto_generated|sld_mod_ram_rom:mgl_prim2|ir_loaded_address_reg[4]                                                                                                                                                                                                   ; altera_reserved_tck ; altera_reserved_tck ; 100.000      ; -0.082     ; 1.864      ;
; 98.072 ; sld_hub:auto_hub|alt_sld_fab_with_jtag_input:\instrumentation_fabric_with_node_gen:fabric_gen_new_way:with_jtag_input_gen:instrumentation_fabric|alt_sld_fab:instrumentation_fabric|alt_sld_fab_alt_sld_fab:alt_sld_fab|alt_sld_fab_alt_sld_fab_sldfabric:sldfabric|sld_jtag_hub:\jtag_hub_gen:real_sld_jtag_hub|irf_reg[1][4]                      ; RAM_IMG:RAM_INST|altsyncram:altsyncram_component|altsyncram_0kh1:auto_generated|sld_mod_ram_rom:mgl_prim2|ir_loaded_address_reg[6]                                                                                                                                                                                                   ; altera_reserved_tck ; altera_reserved_tck ; 100.000      ; -0.082     ; 1.864      ;
; 98.072 ; sld_hub:auto_hub|alt_sld_fab_with_jtag_input:\instrumentation_fabric_with_node_gen:fabric_gen_new_way:with_jtag_input_gen:instrumentation_fabric|alt_sld_fab:instrumentation_fabric|alt_sld_fab_alt_sld_fab:alt_sld_fab|alt_sld_fab_alt_sld_fab_sldfabric:sldfabric|sld_jtag_hub:\jtag_hub_gen:real_sld_jtag_hub|irf_reg[1][4]                      ; RAM_IMG:RAM_INST|altsyncram:altsyncram_component|altsyncram_0kh1:auto_generated|sld_mod_ram_rom:mgl_prim2|ir_loaded_address_reg[5]                                                                                                                                                                                                   ; altera_reserved_tck ; altera_reserved_tck ; 100.000      ; -0.082     ; 1.864      ;
; 98.072 ; sld_hub:auto_hub|alt_sld_fab_with_jtag_input:\instrumentation_fabric_with_node_gen:fabric_gen_new_way:with_jtag_input_gen:instrumentation_fabric|alt_sld_fab:instrumentation_fabric|alt_sld_fab_alt_sld_fab:alt_sld_fab|alt_sld_fab_alt_sld_fab_sldfabric:sldfabric|sld_jtag_hub:\jtag_hub_gen:real_sld_jtag_hub|irf_reg[1][4]                      ; RAM_IMG:RAM_INST|altsyncram:altsyncram_component|altsyncram_0kh1:auto_generated|sld_mod_ram_rom:mgl_prim2|ir_loaded_address_reg[3]                                                                                                                                                                                                   ; altera_reserved_tck ; altera_reserved_tck ; 100.000      ; -0.082     ; 1.864      ;
; 98.072 ; sld_hub:auto_hub|alt_sld_fab_with_jtag_input:\instrumentation_fabric_with_node_gen:fabric_gen_new_way:with_jtag_input_gen:instrumentation_fabric|alt_sld_fab:instrumentation_fabric|alt_sld_fab_alt_sld_fab:alt_sld_fab|alt_sld_fab_alt_sld_fab_sldfabric:sldfabric|sld_jtag_hub:\jtag_hub_gen:real_sld_jtag_hub|irf_reg[1][4]                      ; RAM_IMG:RAM_INST|altsyncram:altsyncram_component|altsyncram_0kh1:auto_generated|sld_mod_ram_rom:mgl_prim2|ir_loaded_address_reg[2]                                                                                                                                                                                                   ; altera_reserved_tck ; altera_reserved_tck ; 100.000      ; -0.082     ; 1.864      ;
; 98.072 ; sld_hub:auto_hub|alt_sld_fab_with_jtag_input:\instrumentation_fabric_with_node_gen:fabric_gen_new_way:with_jtag_input_gen:instrumentation_fabric|alt_sld_fab:instrumentation_fabric|alt_sld_fab_alt_sld_fab:alt_sld_fab|alt_sld_fab_alt_sld_fab_sldfabric:sldfabric|sld_jtag_hub:\jtag_hub_gen:real_sld_jtag_hub|irf_reg[1][4]                      ; RAM_IMG:RAM_INST|altsyncram:altsyncram_component|altsyncram_0kh1:auto_generated|sld_mod_ram_rom:mgl_prim2|ir_loaded_address_reg[0]                                                                                                                                                                                                   ; altera_reserved_tck ; altera_reserved_tck ; 100.000      ; -0.082     ; 1.864      ;
; 98.145 ; sld_hub:auto_hub|alt_sld_fab_with_jtag_input:\instrumentation_fabric_with_node_gen:fabric_gen_new_way:with_jtag_input_gen:instrumentation_fabric|alt_sld_fab:instrumentation_fabric|alt_sld_fab_alt_sld_fab:alt_sld_fab|alt_sld_fab_alt_sld_fab_sldfabric:sldfabric|sld_jtag_hub:\jtag_hub_gen:real_sld_jtag_hub|clr_reg                            ; sld_hub:auto_hub|alt_sld_fab_with_jtag_input:\instrumentation_fabric_with_node_gen:fabric_gen_new_way:with_jtag_input_gen:instrumentation_fabric|alt_sld_fab:instrumentation_fabric|alt_sld_fab_alt_sld_fab:alt_sld_fab|alt_sld_fab_alt_sld_fab_sldfabric:sldfabric|sld_jtag_hub:\jtag_hub_gen:real_sld_jtag_hub|irsr_reg[8]         ; altera_reserved_tck ; altera_reserved_tck ; 100.000      ; -0.076     ; 1.797      ;
; 98.145 ; sld_hub:auto_hub|alt_sld_fab_with_jtag_input:\instrumentation_fabric_with_node_gen:fabric_gen_new_way:with_jtag_input_gen:instrumentation_fabric|alt_sld_fab:instrumentation_fabric|alt_sld_fab_alt_sld_fab:alt_sld_fab|alt_sld_fab_alt_sld_fab_sldfabric:sldfabric|sld_jtag_hub:\jtag_hub_gen:real_sld_jtag_hub|clr_reg                            ; sld_hub:auto_hub|alt_sld_fab_with_jtag_input:\instrumentation_fabric_with_node_gen:fabric_gen_new_way:with_jtag_input_gen:instrumentation_fabric|alt_sld_fab:instrumentation_fabric|alt_sld_fab_alt_sld_fab:alt_sld_fab|alt_sld_fab_alt_sld_fab_sldfabric:sldfabric|sld_jtag_hub:\jtag_hub_gen:real_sld_jtag_hub|irsr_reg[3]         ; altera_reserved_tck ; altera_reserved_tck ; 100.000      ; -0.076     ; 1.797      ;
; 98.145 ; sld_hub:auto_hub|alt_sld_fab_with_jtag_input:\instrumentation_fabric_with_node_gen:fabric_gen_new_way:with_jtag_input_gen:instrumentation_fabric|alt_sld_fab:instrumentation_fabric|alt_sld_fab_alt_sld_fab:alt_sld_fab|alt_sld_fab_alt_sld_fab_sldfabric:sldfabric|sld_jtag_hub:\jtag_hub_gen:real_sld_jtag_hub|clr_reg                            ; sld_hub:auto_hub|alt_sld_fab_with_jtag_input:\instrumentation_fabric_with_node_gen:fabric_gen_new_way:with_jtag_input_gen:instrumentation_fabric|alt_sld_fab:instrumentation_fabric|alt_sld_fab_alt_sld_fab:alt_sld_fab|splitter_nodes_receive_0[3]                                                                                  ; altera_reserved_tck ; altera_reserved_tck ; 100.000      ; -0.076     ; 1.797      ;
; 98.149 ; sld_hub:auto_hub|alt_sld_fab_with_jtag_input:\instrumentation_fabric_with_node_gen:fabric_gen_new_way:with_jtag_input_gen:instrumentation_fabric|alt_sld_fab:instrumentation_fabric|alt_sld_fab_alt_sld_fab:alt_sld_fab|alt_sld_fab_alt_sld_fab_sldfabric:sldfabric|sld_jtag_hub:\jtag_hub_gen:real_sld_jtag_hub|clr_reg                            ; sld_hub:auto_hub|alt_sld_fab_with_jtag_input:\instrumentation_fabric_with_node_gen:fabric_gen_new_way:with_jtag_input_gen:instrumentation_fabric|alt_sld_fab:instrumentation_fabric|alt_sld_fab_alt_sld_fab:alt_sld_fab|alt_sld_fab_alt_sld_fab_sldfabric:sldfabric|sld_jtag_hub:\jtag_hub_gen:real_sld_jtag_hub|hub_mode_reg[0]     ; altera_reserved_tck ; altera_reserved_tck ; 100.000      ; -0.074     ; 1.795      ;
; 98.149 ; sld_hub:auto_hub|alt_sld_fab_with_jtag_input:\instrumentation_fabric_with_node_gen:fabric_gen_new_way:with_jtag_input_gen:instrumentation_fabric|alt_sld_fab:instrumentation_fabric|alt_sld_fab_alt_sld_fab:alt_sld_fab|alt_sld_fab_alt_sld_fab_sldfabric:sldfabric|sld_jtag_hub:\jtag_hub_gen:real_sld_jtag_hub|clr_reg                            ; sld_hub:auto_hub|alt_sld_fab_with_jtag_input:\instrumentation_fabric_with_node_gen:fabric_gen_new_way:with_jtag_input_gen:instrumentation_fabric|alt_sld_fab:instrumentation_fabric|alt_sld_fab_alt_sld_fab:alt_sld_fab|alt_sld_fab_alt_sld_fab_sldfabric:sldfabric|sld_jtag_hub:\jtag_hub_gen:real_sld_jtag_hub|hub_mode_reg[1]     ; altera_reserved_tck ; altera_reserved_tck ; 100.000      ; -0.074     ; 1.795      ;
; 98.333 ; sld_hub:auto_hub|alt_sld_fab_with_jtag_input:\instrumentation_fabric_with_node_gen:fabric_gen_new_way:with_jtag_input_gen:instrumentation_fabric|alt_sld_fab:instrumentation_fabric|alt_sld_fab_alt_sld_fab:alt_sld_fab|alt_sld_fab_alt_sld_fab_sldfabric:sldfabric|sld_jtag_hub:\jtag_hub_gen:real_sld_jtag_hub|virtual_ir_scan_reg                ; sld_hub:auto_hub|alt_sld_fab_with_jtag_input:\instrumentation_fabric_with_node_gen:fabric_gen_new_way:with_jtag_input_gen:instrumentation_fabric|alt_sld_fab:instrumentation_fabric|alt_sld_fab_alt_sld_fab:alt_sld_fab|alt_sld_fab_alt_sld_fab_sldfabric:sldfabric|sld_jtag_hub:\jtag_hub_gen:real_sld_jtag_hub|hub_mode_reg[2]     ; altera_reserved_tck ; altera_reserved_tck ; 100.000      ; -0.082     ; 1.603      ;
; 98.451 ; sld_hub:auto_hub|alt_sld_fab_with_jtag_input:\instrumentation_fabric_with_node_gen:fabric_gen_new_way:with_jtag_input_gen:instrumentation_fabric|alt_sld_fab:instrumentation_fabric|alt_sld_fab_alt_sld_fab:alt_sld_fab|alt_sld_fab_alt_sld_fab_sldfabric:sldfabric|sld_jtag_hub:\jtag_hub_gen:real_sld_jtag_hub|sld_shadow_jsm:shadow_jsm|state[0] ; sld_hub:auto_hub|alt_sld_fab_with_jtag_input:\instrumentation_fabric_with_node_gen:fabric_gen_new_way:with_jtag_input_gen:instrumentation_fabric|alt_sld_fab:instrumentation_fabric|alt_sld_fab_alt_sld_fab:alt_sld_fab|alt_sld_fab_alt_sld_fab_sldfabric:sldfabric|sld_jtag_hub:\jtag_hub_gen:real_sld_jtag_hub|virtual_ir_scan_reg ; altera_reserved_tck ; altera_reserved_tck ; 100.000      ; -0.080     ; 1.487      ;
; 98.451 ; sld_hub:auto_hub|alt_sld_fab_with_jtag_input:\instrumentation_fabric_with_node_gen:fabric_gen_new_way:with_jtag_input_gen:instrumentation_fabric|alt_sld_fab:instrumentation_fabric|alt_sld_fab_alt_sld_fab:alt_sld_fab|alt_sld_fab_alt_sld_fab_sldfabric:sldfabric|sld_jtag_hub:\jtag_hub_gen:real_sld_jtag_hub|sld_shadow_jsm:shadow_jsm|state[0] ; sld_hub:auto_hub|alt_sld_fab_with_jtag_input:\instrumentation_fabric_with_node_gen:fabric_gen_new_way:with_jtag_input_gen:instrumentation_fabric|alt_sld_fab:instrumentation_fabric|alt_sld_fab_alt_sld_fab:alt_sld_fab|alt_sld_fab_alt_sld_fab_sldfabric:sldfabric|sld_jtag_hub:\jtag_hub_gen:real_sld_jtag_hub|virtual_dr_scan_reg ; altera_reserved_tck ; altera_reserved_tck ; 100.000      ; -0.080     ; 1.487      ;
+--------+-----------------------------------------------------------------------------------------------------------------------------------------------------------------------------------------------------------------------------------------------------------------------------------------------------------------------------------------------------+--------------------------------------------------------------------------------------------------------------------------------------------------------------------------------------------------------------------------------------------------------------------------------------------------------------------------------------+---------------------+---------------------+--------------+------------+------------+


+-----------------------------------------------------------------------------------------------------------------------------------------------------------------------------------------------------------------------------------------------------------------------------------------------------------------------------------------------------------------------------------------------------------------------------------------------------------------------------------------------------------------------------------------------------------------------------------------------------------------------------------------------------------------------------------------------------------------------------------------------------------------------------------------+
; Slow 1200mV 85C Model Removal: 'altera_reserved_tck'                                                                                                                                                                                                                                                                                                                                                                                                                                                                                                                                                                                                                                                                                                                                    ;
+-------+-----------------------------------------------------------------------------------------------------------------------------------------------------------------------------------------------------------------------------------------------------------------------------------------------------------------------------------------------------+--------------------------------------------------------------------------------------------------------------------------------------------------------------------------------------------------------------------------------------------------------------------------------------------------------------------------------------+---------------------+---------------------+--------------+------------+------------+
; Slack ; From Node                                                                                                                                                                                                                                                                                                                                           ; To Node                                                                                                                                                                                                                                                                                                                              ; Launch Clock        ; Latch Clock         ; Relationship ; Clock Skew ; Data Delay ;
+-------+-----------------------------------------------------------------------------------------------------------------------------------------------------------------------------------------------------------------------------------------------------------------------------------------------------------------------------------------------------+--------------------------------------------------------------------------------------------------------------------------------------------------------------------------------------------------------------------------------------------------------------------------------------------------------------------------------------+---------------------+---------------------+--------------+------------+------------+
; 1.063 ; sld_hub:auto_hub|alt_sld_fab_with_jtag_input:\instrumentation_fabric_with_node_gen:fabric_gen_new_way:with_jtag_input_gen:instrumentation_fabric|alt_sld_fab:instrumentation_fabric|alt_sld_fab_alt_sld_fab:alt_sld_fab|alt_sld_fab_alt_sld_fab_sldfabric:sldfabric|sld_jtag_hub:\jtag_hub_gen:real_sld_jtag_hub|sld_shadow_jsm:shadow_jsm|state[0] ; sld_hub:auto_hub|alt_sld_fab_with_jtag_input:\instrumentation_fabric_with_node_gen:fabric_gen_new_way:with_jtag_input_gen:instrumentation_fabric|alt_sld_fab:instrumentation_fabric|alt_sld_fab_alt_sld_fab:alt_sld_fab|alt_sld_fab_alt_sld_fab_sldfabric:sldfabric|sld_jtag_hub:\jtag_hub_gen:real_sld_jtag_hub|virtual_ir_scan_reg ; altera_reserved_tck ; altera_reserved_tck ; 0.000        ; 0.080      ; 1.329      ;
; 1.063 ; sld_hub:auto_hub|alt_sld_fab_with_jtag_input:\instrumentation_fabric_with_node_gen:fabric_gen_new_way:with_jtag_input_gen:instrumentation_fabric|alt_sld_fab:instrumentation_fabric|alt_sld_fab_alt_sld_fab:alt_sld_fab|alt_sld_fab_alt_sld_fab_sldfabric:sldfabric|sld_jtag_hub:\jtag_hub_gen:real_sld_jtag_hub|sld_shadow_jsm:shadow_jsm|state[0] ; sld_hub:auto_hub|alt_sld_fab_with_jtag_input:\instrumentation_fabric_with_node_gen:fabric_gen_new_way:with_jtag_input_gen:instrumentation_fabric|alt_sld_fab:instrumentation_fabric|alt_sld_fab_alt_sld_fab:alt_sld_fab|alt_sld_fab_alt_sld_fab_sldfabric:sldfabric|sld_jtag_hub:\jtag_hub_gen:real_sld_jtag_hub|virtual_dr_scan_reg ; altera_reserved_tck ; altera_reserved_tck ; 0.000        ; 0.080      ; 1.329      ;
; 1.203 ; sld_hub:auto_hub|alt_sld_fab_with_jtag_input:\instrumentation_fabric_with_node_gen:fabric_gen_new_way:with_jtag_input_gen:instrumentation_fabric|alt_sld_fab:instrumentation_fabric|alt_sld_fab_alt_sld_fab:alt_sld_fab|alt_sld_fab_alt_sld_fab_sldfabric:sldfabric|sld_jtag_hub:\jtag_hub_gen:real_sld_jtag_hub|virtual_ir_scan_reg                ; sld_hub:auto_hub|alt_sld_fab_with_jtag_input:\instrumentation_fabric_with_node_gen:fabric_gen_new_way:with_jtag_input_gen:instrumentation_fabric|alt_sld_fab:instrumentation_fabric|alt_sld_fab_alt_sld_fab:alt_sld_fab|alt_sld_fab_alt_sld_fab_sldfabric:sldfabric|sld_jtag_hub:\jtag_hub_gen:real_sld_jtag_hub|hub_mode_reg[2]     ; altera_reserved_tck ; altera_reserved_tck ; 0.000        ; 0.078      ; 1.467      ;
; 1.396 ; sld_hub:auto_hub|alt_sld_fab_with_jtag_input:\instrumentation_fabric_with_node_gen:fabric_gen_new_way:with_jtag_input_gen:instrumentation_fabric|alt_sld_fab:instrumentation_fabric|alt_sld_fab_alt_sld_fab:alt_sld_fab|alt_sld_fab_alt_sld_fab_sldfabric:sldfabric|sld_jtag_hub:\jtag_hub_gen:real_sld_jtag_hub|clr_reg                            ; sld_hub:auto_hub|alt_sld_fab_with_jtag_input:\instrumentation_fabric_with_node_gen:fabric_gen_new_way:with_jtag_input_gen:instrumentation_fabric|alt_sld_fab:instrumentation_fabric|alt_sld_fab_alt_sld_fab:alt_sld_fab|alt_sld_fab_alt_sld_fab_sldfabric:sldfabric|sld_jtag_hub:\jtag_hub_gen:real_sld_jtag_hub|hub_mode_reg[0]     ; altera_reserved_tck ; altera_reserved_tck ; 0.000        ; 0.086      ; 1.668      ;
; 1.396 ; sld_hub:auto_hub|alt_sld_fab_with_jtag_input:\instrumentation_fabric_with_node_gen:fabric_gen_new_way:with_jtag_input_gen:instrumentation_fabric|alt_sld_fab:instrumentation_fabric|alt_sld_fab_alt_sld_fab:alt_sld_fab|alt_sld_fab_alt_sld_fab_sldfabric:sldfabric|sld_jtag_hub:\jtag_hub_gen:real_sld_jtag_hub|clr_reg                            ; sld_hub:auto_hub|alt_sld_fab_with_jtag_input:\instrumentation_fabric_with_node_gen:fabric_gen_new_way:with_jtag_input_gen:instrumentation_fabric|alt_sld_fab:instrumentation_fabric|alt_sld_fab_alt_sld_fab:alt_sld_fab|alt_sld_fab_alt_sld_fab_sldfabric:sldfabric|sld_jtag_hub:\jtag_hub_gen:real_sld_jtag_hub|hub_mode_reg[1]     ; altera_reserved_tck ; altera_reserved_tck ; 0.000        ; 0.086      ; 1.668      ;
; 1.398 ; sld_hub:auto_hub|alt_sld_fab_with_jtag_input:\instrumentation_fabric_with_node_gen:fabric_gen_new_way:with_jtag_input_gen:instrumentation_fabric|alt_sld_fab:instrumentation_fabric|alt_sld_fab_alt_sld_fab:alt_sld_fab|alt_sld_fab_alt_sld_fab_sldfabric:sldfabric|sld_jtag_hub:\jtag_hub_gen:real_sld_jtag_hub|clr_reg                            ; sld_hub:auto_hub|alt_sld_fab_with_jtag_input:\instrumentation_fabric_with_node_gen:fabric_gen_new_way:with_jtag_input_gen:instrumentation_fabric|alt_sld_fab:instrumentation_fabric|alt_sld_fab_alt_sld_fab:alt_sld_fab|alt_sld_fab_alt_sld_fab_sldfabric:sldfabric|sld_jtag_hub:\jtag_hub_gen:real_sld_jtag_hub|irsr_reg[8]         ; altera_reserved_tck ; altera_reserved_tck ; 0.000        ; 0.084      ; 1.668      ;
; 1.398 ; sld_hub:auto_hub|alt_sld_fab_with_jtag_input:\instrumentation_fabric_with_node_gen:fabric_gen_new_way:with_jtag_input_gen:instrumentation_fabric|alt_sld_fab:instrumentation_fabric|alt_sld_fab_alt_sld_fab:alt_sld_fab|alt_sld_fab_alt_sld_fab_sldfabric:sldfabric|sld_jtag_hub:\jtag_hub_gen:real_sld_jtag_hub|clr_reg                            ; sld_hub:auto_hub|alt_sld_fab_with_jtag_input:\instrumentation_fabric_with_node_gen:fabric_gen_new_way:with_jtag_input_gen:instrumentation_fabric|alt_sld_fab:instrumentation_fabric|alt_sld_fab_alt_sld_fab:alt_sld_fab|alt_sld_fab_alt_sld_fab_sldfabric:sldfabric|sld_jtag_hub:\jtag_hub_gen:real_sld_jtag_hub|irsr_reg[3]         ; altera_reserved_tck ; altera_reserved_tck ; 0.000        ; 0.084      ; 1.668      ;
; 1.398 ; sld_hub:auto_hub|alt_sld_fab_with_jtag_input:\instrumentation_fabric_with_node_gen:fabric_gen_new_way:with_jtag_input_gen:instrumentation_fabric|alt_sld_fab:instrumentation_fabric|alt_sld_fab_alt_sld_fab:alt_sld_fab|alt_sld_fab_alt_sld_fab_sldfabric:sldfabric|sld_jtag_hub:\jtag_hub_gen:real_sld_jtag_hub|clr_reg                            ; sld_hub:auto_hub|alt_sld_fab_with_jtag_input:\instrumentation_fabric_with_node_gen:fabric_gen_new_way:with_jtag_input_gen:instrumentation_fabric|alt_sld_fab:instrumentation_fabric|alt_sld_fab_alt_sld_fab:alt_sld_fab|splitter_nodes_receive_0[3]                                                                                  ; altera_reserved_tck ; altera_reserved_tck ; 0.000        ; 0.084      ; 1.668      ;
; 1.474 ; sld_hub:auto_hub|alt_sld_fab_with_jtag_input:\instrumentation_fabric_with_node_gen:fabric_gen_new_way:with_jtag_input_gen:instrumentation_fabric|alt_sld_fab:instrumentation_fabric|alt_sld_fab_alt_sld_fab:alt_sld_fab|alt_sld_fab_alt_sld_fab_sldfabric:sldfabric|sld_jtag_hub:\jtag_hub_gen:real_sld_jtag_hub|clr_reg                            ; RAM_IMG:RAM_INST|altsyncram:altsyncram_component|altsyncram_0kh1:auto_generated|sld_mod_ram_rom:mgl_prim2|is_in_use_reg                                                                                                                                                                                                              ; altera_reserved_tck ; altera_reserved_tck ; 0.000        ; 0.123      ; 1.783      ;
; 1.481 ; sld_hub:auto_hub|alt_sld_fab_with_jtag_input:\instrumentation_fabric_with_node_gen:fabric_gen_new_way:with_jtag_input_gen:instrumentation_fabric|alt_sld_fab:instrumentation_fabric|alt_sld_fab_alt_sld_fab:alt_sld_fab|alt_sld_fab_alt_sld_fab_sldfabric:sldfabric|sld_jtag_hub:\jtag_hub_gen:real_sld_jtag_hub|irf_reg[1][4]                      ; RAM_IMG:RAM_INST|altsyncram:altsyncram_component|altsyncram_0kh1:auto_generated|sld_mod_ram_rom:mgl_prim2|ir_loaded_address_reg[1]                                                                                                                                                                                                   ; altera_reserved_tck ; altera_reserved_tck ; 0.000        ; 0.079      ; 1.746      ;
; 1.481 ; sld_hub:auto_hub|alt_sld_fab_with_jtag_input:\instrumentation_fabric_with_node_gen:fabric_gen_new_way:with_jtag_input_gen:instrumentation_fabric|alt_sld_fab:instrumentation_fabric|alt_sld_fab_alt_sld_fab:alt_sld_fab|alt_sld_fab_alt_sld_fab_sldfabric:sldfabric|sld_jtag_hub:\jtag_hub_gen:real_sld_jtag_hub|irf_reg[1][4]                      ; RAM_IMG:RAM_INST|altsyncram:altsyncram_component|altsyncram_0kh1:auto_generated|sld_mod_ram_rom:mgl_prim2|ir_loaded_address_reg[4]                                                                                                                                                                                                   ; altera_reserved_tck ; altera_reserved_tck ; 0.000        ; 0.079      ; 1.746      ;
; 1.481 ; sld_hub:auto_hub|alt_sld_fab_with_jtag_input:\instrumentation_fabric_with_node_gen:fabric_gen_new_way:with_jtag_input_gen:instrumentation_fabric|alt_sld_fab:instrumentation_fabric|alt_sld_fab_alt_sld_fab:alt_sld_fab|alt_sld_fab_alt_sld_fab_sldfabric:sldfabric|sld_jtag_hub:\jtag_hub_gen:real_sld_jtag_hub|irf_reg[1][4]                      ; RAM_IMG:RAM_INST|altsyncram:altsyncram_component|altsyncram_0kh1:auto_generated|sld_mod_ram_rom:mgl_prim2|ir_loaded_address_reg[6]                                                                                                                                                                                                   ; altera_reserved_tck ; altera_reserved_tck ; 0.000        ; 0.079      ; 1.746      ;
; 1.481 ; sld_hub:auto_hub|alt_sld_fab_with_jtag_input:\instrumentation_fabric_with_node_gen:fabric_gen_new_way:with_jtag_input_gen:instrumentation_fabric|alt_sld_fab:instrumentation_fabric|alt_sld_fab_alt_sld_fab:alt_sld_fab|alt_sld_fab_alt_sld_fab_sldfabric:sldfabric|sld_jtag_hub:\jtag_hub_gen:real_sld_jtag_hub|irf_reg[1][4]                      ; RAM_IMG:RAM_INST|altsyncram:altsyncram_component|altsyncram_0kh1:auto_generated|sld_mod_ram_rom:mgl_prim2|ir_loaded_address_reg[5]                                                                                                                                                                                                   ; altera_reserved_tck ; altera_reserved_tck ; 0.000        ; 0.079      ; 1.746      ;
; 1.481 ; sld_hub:auto_hub|alt_sld_fab_with_jtag_input:\instrumentation_fabric_with_node_gen:fabric_gen_new_way:with_jtag_input_gen:instrumentation_fabric|alt_sld_fab:instrumentation_fabric|alt_sld_fab_alt_sld_fab:alt_sld_fab|alt_sld_fab_alt_sld_fab_sldfabric:sldfabric|sld_jtag_hub:\jtag_hub_gen:real_sld_jtag_hub|irf_reg[1][4]                      ; RAM_IMG:RAM_INST|altsyncram:altsyncram_component|altsyncram_0kh1:auto_generated|sld_mod_ram_rom:mgl_prim2|ir_loaded_address_reg[3]                                                                                                                                                                                                   ; altera_reserved_tck ; altera_reserved_tck ; 0.000        ; 0.079      ; 1.746      ;
; 1.481 ; sld_hub:auto_hub|alt_sld_fab_with_jtag_input:\instrumentation_fabric_with_node_gen:fabric_gen_new_way:with_jtag_input_gen:instrumentation_fabric|alt_sld_fab:instrumentation_fabric|alt_sld_fab_alt_sld_fab:alt_sld_fab|alt_sld_fab_alt_sld_fab_sldfabric:sldfabric|sld_jtag_hub:\jtag_hub_gen:real_sld_jtag_hub|irf_reg[1][4]                      ; RAM_IMG:RAM_INST|altsyncram:altsyncram_component|altsyncram_0kh1:auto_generated|sld_mod_ram_rom:mgl_prim2|ir_loaded_address_reg[2]                                                                                                                                                                                                   ; altera_reserved_tck ; altera_reserved_tck ; 0.000        ; 0.079      ; 1.746      ;
; 1.481 ; sld_hub:auto_hub|alt_sld_fab_with_jtag_input:\instrumentation_fabric_with_node_gen:fabric_gen_new_way:with_jtag_input_gen:instrumentation_fabric|alt_sld_fab:instrumentation_fabric|alt_sld_fab_alt_sld_fab:alt_sld_fab|alt_sld_fab_alt_sld_fab_sldfabric:sldfabric|sld_jtag_hub:\jtag_hub_gen:real_sld_jtag_hub|irf_reg[1][4]                      ; RAM_IMG:RAM_INST|altsyncram:altsyncram_component|altsyncram_0kh1:auto_generated|sld_mod_ram_rom:mgl_prim2|ir_loaded_address_reg[0]                                                                                                                                                                                                   ; altera_reserved_tck ; altera_reserved_tck ; 0.000        ; 0.079      ; 1.746      ;
; 1.496 ; sld_hub:auto_hub|alt_sld_fab_with_jtag_input:\instrumentation_fabric_with_node_gen:fabric_gen_new_way:with_jtag_input_gen:instrumentation_fabric|alt_sld_fab:instrumentation_fabric|alt_sld_fab_alt_sld_fab:alt_sld_fab|alt_sld_fab_alt_sld_fab_sldfabric:sldfabric|sld_jtag_hub:\jtag_hub_gen:real_sld_jtag_hub|clr_reg                            ; sld_hub:auto_hub|alt_sld_fab_with_jtag_input:\instrumentation_fabric_with_node_gen:fabric_gen_new_way:with_jtag_input_gen:instrumentation_fabric|alt_sld_fab:instrumentation_fabric|alt_sld_fab_alt_sld_fab:alt_sld_fab|alt_sld_fab_alt_sld_fab_sldfabric:sldfabric|sld_jtag_hub:\jtag_hub_gen:real_sld_jtag_hub|irf_reg[1][3]       ; altera_reserved_tck ; altera_reserved_tck ; 0.000        ; 0.083      ; 1.765      ;
; 1.496 ; sld_hub:auto_hub|alt_sld_fab_with_jtag_input:\instrumentation_fabric_with_node_gen:fabric_gen_new_way:with_jtag_input_gen:instrumentation_fabric|alt_sld_fab:instrumentation_fabric|alt_sld_fab_alt_sld_fab:alt_sld_fab|alt_sld_fab_alt_sld_fab_sldfabric:sldfabric|sld_jtag_hub:\jtag_hub_gen:real_sld_jtag_hub|clr_reg                            ; sld_hub:auto_hub|alt_sld_fab_with_jtag_input:\instrumentation_fabric_with_node_gen:fabric_gen_new_way:with_jtag_input_gen:instrumentation_fabric|alt_sld_fab:instrumentation_fabric|alt_sld_fab_alt_sld_fab:alt_sld_fab|alt_sld_fab_alt_sld_fab_sldfabric:sldfabric|sld_jtag_hub:\jtag_hub_gen:real_sld_jtag_hub|irf_reg[1][1]       ; altera_reserved_tck ; altera_reserved_tck ; 0.000        ; 0.083      ; 1.765      ;
; 1.496 ; sld_hub:auto_hub|alt_sld_fab_with_jtag_input:\instrumentation_fabric_with_node_gen:fabric_gen_new_way:with_jtag_input_gen:instrumentation_fabric|alt_sld_fab:instrumentation_fabric|alt_sld_fab_alt_sld_fab:alt_sld_fab|alt_sld_fab_alt_sld_fab_sldfabric:sldfabric|sld_jtag_hub:\jtag_hub_gen:real_sld_jtag_hub|clr_reg                            ; sld_hub:auto_hub|alt_sld_fab_with_jtag_input:\instrumentation_fabric_with_node_gen:fabric_gen_new_way:with_jtag_input_gen:instrumentation_fabric|alt_sld_fab:instrumentation_fabric|alt_sld_fab_alt_sld_fab:alt_sld_fab|alt_sld_fab_alt_sld_fab_sldfabric:sldfabric|sld_jtag_hub:\jtag_hub_gen:real_sld_jtag_hub|irf_reg[1][2]       ; altera_reserved_tck ; altera_reserved_tck ; 0.000        ; 0.083      ; 1.765      ;
; 1.496 ; sld_hub:auto_hub|alt_sld_fab_with_jtag_input:\instrumentation_fabric_with_node_gen:fabric_gen_new_way:with_jtag_input_gen:instrumentation_fabric|alt_sld_fab:instrumentation_fabric|alt_sld_fab_alt_sld_fab:alt_sld_fab|alt_sld_fab_alt_sld_fab_sldfabric:sldfabric|sld_jtag_hub:\jtag_hub_gen:real_sld_jtag_hub|clr_reg                            ; sld_hub:auto_hub|alt_sld_fab_with_jtag_input:\instrumentation_fabric_with_node_gen:fabric_gen_new_way:with_jtag_input_gen:instrumentation_fabric|alt_sld_fab:instrumentation_fabric|alt_sld_fab_alt_sld_fab:alt_sld_fab|alt_sld_fab_alt_sld_fab_sldfabric:sldfabric|sld_jtag_hub:\jtag_hub_gen:real_sld_jtag_hub|irf_reg[1][5]       ; altera_reserved_tck ; altera_reserved_tck ; 0.000        ; 0.083      ; 1.765      ;
; 1.539 ; sld_hub:auto_hub|alt_sld_fab_with_jtag_input:\instrumentation_fabric_with_node_gen:fabric_gen_new_way:with_jtag_input_gen:instrumentation_fabric|alt_sld_fab:instrumentation_fabric|alt_sld_fab_alt_sld_fab:alt_sld_fab|alt_sld_fab_alt_sld_fab_sldfabric:sldfabric|sld_jtag_hub:\jtag_hub_gen:real_sld_jtag_hub|sld_shadow_jsm:shadow_jsm|state[0] ; sld_hub:auto_hub|alt_sld_fab_with_jtag_input:\instrumentation_fabric_with_node_gen:fabric_gen_new_way:with_jtag_input_gen:instrumentation_fabric|alt_sld_fab:instrumentation_fabric|alt_sld_fab_alt_sld_fab:alt_sld_fab|alt_sld_fab_alt_sld_fab_sldfabric:sldfabric|sld_jtag_hub:\jtag_hub_gen:real_sld_jtag_hub|jtag_ir_reg[0]      ; altera_reserved_tck ; altera_reserved_tck ; 0.000        ; 0.080      ; 1.805      ;
; 1.539 ; sld_hub:auto_hub|alt_sld_fab_with_jtag_input:\instrumentation_fabric_with_node_gen:fabric_gen_new_way:with_jtag_input_gen:instrumentation_fabric|alt_sld_fab:instrumentation_fabric|alt_sld_fab_alt_sld_fab:alt_sld_fab|alt_sld_fab_alt_sld_fab_sldfabric:sldfabric|sld_jtag_hub:\jtag_hub_gen:real_sld_jtag_hub|sld_shadow_jsm:shadow_jsm|state[0] ; sld_hub:auto_hub|alt_sld_fab_with_jtag_input:\instrumentation_fabric_with_node_gen:fabric_gen_new_way:with_jtag_input_gen:instrumentation_fabric|alt_sld_fab:instrumentation_fabric|alt_sld_fab_alt_sld_fab:alt_sld_fab|alt_sld_fab_alt_sld_fab_sldfabric:sldfabric|sld_jtag_hub:\jtag_hub_gen:real_sld_jtag_hub|jtag_ir_reg[1]      ; altera_reserved_tck ; altera_reserved_tck ; 0.000        ; 0.080      ; 1.805      ;
; 1.539 ; sld_hub:auto_hub|alt_sld_fab_with_jtag_input:\instrumentation_fabric_with_node_gen:fabric_gen_new_way:with_jtag_input_gen:instrumentation_fabric|alt_sld_fab:instrumentation_fabric|alt_sld_fab_alt_sld_fab:alt_sld_fab|alt_sld_fab_alt_sld_fab_sldfabric:sldfabric|sld_jtag_hub:\jtag_hub_gen:real_sld_jtag_hub|sld_shadow_jsm:shadow_jsm|state[0] ; sld_hub:auto_hub|alt_sld_fab_with_jtag_input:\instrumentation_fabric_with_node_gen:fabric_gen_new_way:with_jtag_input_gen:instrumentation_fabric|alt_sld_fab:instrumentation_fabric|alt_sld_fab_alt_sld_fab:alt_sld_fab|alt_sld_fab_alt_sld_fab_sldfabric:sldfabric|sld_jtag_hub:\jtag_hub_gen:real_sld_jtag_hub|jtag_ir_reg[2]      ; altera_reserved_tck ; altera_reserved_tck ; 0.000        ; 0.080      ; 1.805      ;
; 1.539 ; sld_hub:auto_hub|alt_sld_fab_with_jtag_input:\instrumentation_fabric_with_node_gen:fabric_gen_new_way:with_jtag_input_gen:instrumentation_fabric|alt_sld_fab:instrumentation_fabric|alt_sld_fab_alt_sld_fab:alt_sld_fab|alt_sld_fab_alt_sld_fab_sldfabric:sldfabric|sld_jtag_hub:\jtag_hub_gen:real_sld_jtag_hub|sld_shadow_jsm:shadow_jsm|state[0] ; sld_hub:auto_hub|alt_sld_fab_with_jtag_input:\instrumentation_fabric_with_node_gen:fabric_gen_new_way:with_jtag_input_gen:instrumentation_fabric|alt_sld_fab:instrumentation_fabric|alt_sld_fab_alt_sld_fab:alt_sld_fab|alt_sld_fab_alt_sld_fab_sldfabric:sldfabric|sld_jtag_hub:\jtag_hub_gen:real_sld_jtag_hub|jtag_ir_reg[3]      ; altera_reserved_tck ; altera_reserved_tck ; 0.000        ; 0.080      ; 1.805      ;
; 1.539 ; sld_hub:auto_hub|alt_sld_fab_with_jtag_input:\instrumentation_fabric_with_node_gen:fabric_gen_new_way:with_jtag_input_gen:instrumentation_fabric|alt_sld_fab:instrumentation_fabric|alt_sld_fab_alt_sld_fab:alt_sld_fab|alt_sld_fab_alt_sld_fab_sldfabric:sldfabric|sld_jtag_hub:\jtag_hub_gen:real_sld_jtag_hub|sld_shadow_jsm:shadow_jsm|state[0] ; sld_hub:auto_hub|alt_sld_fab_with_jtag_input:\instrumentation_fabric_with_node_gen:fabric_gen_new_way:with_jtag_input_gen:instrumentation_fabric|alt_sld_fab:instrumentation_fabric|alt_sld_fab_alt_sld_fab:alt_sld_fab|alt_sld_fab_alt_sld_fab_sldfabric:sldfabric|sld_jtag_hub:\jtag_hub_gen:real_sld_jtag_hub|jtag_ir_reg[4]      ; altera_reserved_tck ; altera_reserved_tck ; 0.000        ; 0.080      ; 1.805      ;
; 1.539 ; sld_hub:auto_hub|alt_sld_fab_with_jtag_input:\instrumentation_fabric_with_node_gen:fabric_gen_new_way:with_jtag_input_gen:instrumentation_fabric|alt_sld_fab:instrumentation_fabric|alt_sld_fab_alt_sld_fab:alt_sld_fab|alt_sld_fab_alt_sld_fab_sldfabric:sldfabric|sld_jtag_hub:\jtag_hub_gen:real_sld_jtag_hub|sld_shadow_jsm:shadow_jsm|state[0] ; sld_hub:auto_hub|alt_sld_fab_with_jtag_input:\instrumentation_fabric_with_node_gen:fabric_gen_new_way:with_jtag_input_gen:instrumentation_fabric|alt_sld_fab:instrumentation_fabric|alt_sld_fab_alt_sld_fab:alt_sld_fab|alt_sld_fab_alt_sld_fab_sldfabric:sldfabric|sld_jtag_hub:\jtag_hub_gen:real_sld_jtag_hub|jtag_ir_reg[5]      ; altera_reserved_tck ; altera_reserved_tck ; 0.000        ; 0.080      ; 1.805      ;
; 1.539 ; sld_hub:auto_hub|alt_sld_fab_with_jtag_input:\instrumentation_fabric_with_node_gen:fabric_gen_new_way:with_jtag_input_gen:instrumentation_fabric|alt_sld_fab:instrumentation_fabric|alt_sld_fab_alt_sld_fab:alt_sld_fab|alt_sld_fab_alt_sld_fab_sldfabric:sldfabric|sld_jtag_hub:\jtag_hub_gen:real_sld_jtag_hub|sld_shadow_jsm:shadow_jsm|state[0] ; sld_hub:auto_hub|alt_sld_fab_with_jtag_input:\instrumentation_fabric_with_node_gen:fabric_gen_new_way:with_jtag_input_gen:instrumentation_fabric|alt_sld_fab:instrumentation_fabric|alt_sld_fab_alt_sld_fab:alt_sld_fab|alt_sld_fab_alt_sld_fab_sldfabric:sldfabric|sld_jtag_hub:\jtag_hub_gen:real_sld_jtag_hub|jtag_ir_reg[6]      ; altera_reserved_tck ; altera_reserved_tck ; 0.000        ; 0.080      ; 1.805      ;
; 1.539 ; sld_hub:auto_hub|alt_sld_fab_with_jtag_input:\instrumentation_fabric_with_node_gen:fabric_gen_new_way:with_jtag_input_gen:instrumentation_fabric|alt_sld_fab:instrumentation_fabric|alt_sld_fab_alt_sld_fab:alt_sld_fab|alt_sld_fab_alt_sld_fab_sldfabric:sldfabric|sld_jtag_hub:\jtag_hub_gen:real_sld_jtag_hub|sld_shadow_jsm:shadow_jsm|state[0] ; sld_hub:auto_hub|alt_sld_fab_with_jtag_input:\instrumentation_fabric_with_node_gen:fabric_gen_new_way:with_jtag_input_gen:instrumentation_fabric|alt_sld_fab:instrumentation_fabric|alt_sld_fab_alt_sld_fab:alt_sld_fab|alt_sld_fab_alt_sld_fab_sldfabric:sldfabric|sld_jtag_hub:\jtag_hub_gen:real_sld_jtag_hub|jtag_ir_reg[7]      ; altera_reserved_tck ; altera_reserved_tck ; 0.000        ; 0.080      ; 1.805      ;
; 1.539 ; sld_hub:auto_hub|alt_sld_fab_with_jtag_input:\instrumentation_fabric_with_node_gen:fabric_gen_new_way:with_jtag_input_gen:instrumentation_fabric|alt_sld_fab:instrumentation_fabric|alt_sld_fab_alt_sld_fab:alt_sld_fab|alt_sld_fab_alt_sld_fab_sldfabric:sldfabric|sld_jtag_hub:\jtag_hub_gen:real_sld_jtag_hub|sld_shadow_jsm:shadow_jsm|state[0] ; sld_hub:auto_hub|alt_sld_fab_with_jtag_input:\instrumentation_fabric_with_node_gen:fabric_gen_new_way:with_jtag_input_gen:instrumentation_fabric|alt_sld_fab:instrumentation_fabric|alt_sld_fab_alt_sld_fab:alt_sld_fab|alt_sld_fab_alt_sld_fab_sldfabric:sldfabric|sld_jtag_hub:\jtag_hub_gen:real_sld_jtag_hub|jtag_ir_reg[8]      ; altera_reserved_tck ; altera_reserved_tck ; 0.000        ; 0.080      ; 1.805      ;
; 1.539 ; sld_hub:auto_hub|alt_sld_fab_with_jtag_input:\instrumentation_fabric_with_node_gen:fabric_gen_new_way:with_jtag_input_gen:instrumentation_fabric|alt_sld_fab:instrumentation_fabric|alt_sld_fab_alt_sld_fab:alt_sld_fab|alt_sld_fab_alt_sld_fab_sldfabric:sldfabric|sld_jtag_hub:\jtag_hub_gen:real_sld_jtag_hub|sld_shadow_jsm:shadow_jsm|state[0] ; sld_hub:auto_hub|alt_sld_fab_with_jtag_input:\instrumentation_fabric_with_node_gen:fabric_gen_new_way:with_jtag_input_gen:instrumentation_fabric|alt_sld_fab:instrumentation_fabric|alt_sld_fab_alt_sld_fab:alt_sld_fab|alt_sld_fab_alt_sld_fab_sldfabric:sldfabric|sld_jtag_hub:\jtag_hub_gen:real_sld_jtag_hub|jtag_ir_reg[9]      ; altera_reserved_tck ; altera_reserved_tck ; 0.000        ; 0.080      ; 1.805      ;
; 1.540 ; sld_hub:auto_hub|alt_sld_fab_with_jtag_input:\instrumentation_fabric_with_node_gen:fabric_gen_new_way:with_jtag_input_gen:instrumentation_fabric|alt_sld_fab:instrumentation_fabric|alt_sld_fab_alt_sld_fab:alt_sld_fab|alt_sld_fab_alt_sld_fab_sldfabric:sldfabric|sld_jtag_hub:\jtag_hub_gen:real_sld_jtag_hub|clr_reg                            ; RAM_IMG:RAM_INST|altsyncram:altsyncram_component|altsyncram_0kh1:auto_generated|sld_mod_ram_rom:mgl_prim2|bypass_reg_out                                                                                                                                                                                                             ; altera_reserved_tck ; altera_reserved_tck ; 0.000        ; 0.083      ; 1.809      ;
; 1.645 ; sld_hub:auto_hub|alt_sld_fab_with_jtag_input:\instrumentation_fabric_with_node_gen:fabric_gen_new_way:with_jtag_input_gen:instrumentation_fabric|alt_sld_fab:instrumentation_fabric|alt_sld_fab_alt_sld_fab:alt_sld_fab|alt_sld_fab_alt_sld_fab_sldfabric:sldfabric|sld_jtag_hub:\jtag_hub_gen:real_sld_jtag_hub|clr_reg                            ; sld_hub:auto_hub|alt_sld_fab_with_jtag_input:\instrumentation_fabric_with_node_gen:fabric_gen_new_way:with_jtag_input_gen:instrumentation_fabric|alt_sld_fab:instrumentation_fabric|alt_sld_fab_alt_sld_fab:alt_sld_fab|alt_sld_fab_alt_sld_fab_sldfabric:sldfabric|sld_jtag_hub:\jtag_hub_gen:real_sld_jtag_hub|irsr_reg[1]         ; altera_reserved_tck ; altera_reserved_tck ; 0.000        ; 0.125      ; 1.956      ;
; 1.645 ; sld_hub:auto_hub|alt_sld_fab_with_jtag_input:\instrumentation_fabric_with_node_gen:fabric_gen_new_way:with_jtag_input_gen:instrumentation_fabric|alt_sld_fab:instrumentation_fabric|alt_sld_fab_alt_sld_fab:alt_sld_fab|alt_sld_fab_alt_sld_fab_sldfabric:sldfabric|sld_jtag_hub:\jtag_hub_gen:real_sld_jtag_hub|clr_reg                            ; sld_hub:auto_hub|alt_sld_fab_with_jtag_input:\instrumentation_fabric_with_node_gen:fabric_gen_new_way:with_jtag_input_gen:instrumentation_fabric|alt_sld_fab:instrumentation_fabric|alt_sld_fab_alt_sld_fab:alt_sld_fab|alt_sld_fab_alt_sld_fab_sldfabric:sldfabric|sld_jtag_hub:\jtag_hub_gen:real_sld_jtag_hub|irsr_reg[0]         ; altera_reserved_tck ; altera_reserved_tck ; 0.000        ; 0.125      ; 1.956      ;
; 1.645 ; sld_hub:auto_hub|alt_sld_fab_with_jtag_input:\instrumentation_fabric_with_node_gen:fabric_gen_new_way:with_jtag_input_gen:instrumentation_fabric|alt_sld_fab:instrumentation_fabric|alt_sld_fab_alt_sld_fab:alt_sld_fab|alt_sld_fab_alt_sld_fab_sldfabric:sldfabric|sld_jtag_hub:\jtag_hub_gen:real_sld_jtag_hub|clr_reg                            ; sld_hub:auto_hub|alt_sld_fab_with_jtag_input:\instrumentation_fabric_with_node_gen:fabric_gen_new_way:with_jtag_input_gen:instrumentation_fabric|alt_sld_fab:instrumentation_fabric|alt_sld_fab_alt_sld_fab:alt_sld_fab|alt_sld_fab_alt_sld_fab_sldfabric:sldfabric|sld_jtag_hub:\jtag_hub_gen:real_sld_jtag_hub|irsr_reg[2]         ; altera_reserved_tck ; altera_reserved_tck ; 0.000        ; 0.125      ; 1.956      ;
; 1.645 ; sld_hub:auto_hub|alt_sld_fab_with_jtag_input:\instrumentation_fabric_with_node_gen:fabric_gen_new_way:with_jtag_input_gen:instrumentation_fabric|alt_sld_fab:instrumentation_fabric|alt_sld_fab_alt_sld_fab:alt_sld_fab|alt_sld_fab_alt_sld_fab_sldfabric:sldfabric|sld_jtag_hub:\jtag_hub_gen:real_sld_jtag_hub|clr_reg                            ; sld_hub:auto_hub|alt_sld_fab_with_jtag_input:\instrumentation_fabric_with_node_gen:fabric_gen_new_way:with_jtag_input_gen:instrumentation_fabric|alt_sld_fab:instrumentation_fabric|alt_sld_fab_alt_sld_fab:alt_sld_fab|alt_sld_fab_alt_sld_fab_sldfabric:sldfabric|sld_jtag_hub:\jtag_hub_gen:real_sld_jtag_hub|irsr_reg[4]         ; altera_reserved_tck ; altera_reserved_tck ; 0.000        ; 0.125      ; 1.956      ;
; 1.645 ; sld_hub:auto_hub|alt_sld_fab_with_jtag_input:\instrumentation_fabric_with_node_gen:fabric_gen_new_way:with_jtag_input_gen:instrumentation_fabric|alt_sld_fab:instrumentation_fabric|alt_sld_fab_alt_sld_fab:alt_sld_fab|alt_sld_fab_alt_sld_fab_sldfabric:sldfabric|sld_jtag_hub:\jtag_hub_gen:real_sld_jtag_hub|clr_reg                            ; sld_hub:auto_hub|alt_sld_fab_with_jtag_input:\instrumentation_fabric_with_node_gen:fabric_gen_new_way:with_jtag_input_gen:instrumentation_fabric|alt_sld_fab:instrumentation_fabric|alt_sld_fab_alt_sld_fab:alt_sld_fab|alt_sld_fab_alt_sld_fab_sldfabric:sldfabric|sld_jtag_hub:\jtag_hub_gen:real_sld_jtag_hub|irsr_reg[5]         ; altera_reserved_tck ; altera_reserved_tck ; 0.000        ; 0.125      ; 1.956      ;
; 1.645 ; sld_hub:auto_hub|alt_sld_fab_with_jtag_input:\instrumentation_fabric_with_node_gen:fabric_gen_new_way:with_jtag_input_gen:instrumentation_fabric|alt_sld_fab:instrumentation_fabric|alt_sld_fab_alt_sld_fab:alt_sld_fab|alt_sld_fab_alt_sld_fab_sldfabric:sldfabric|sld_jtag_hub:\jtag_hub_gen:real_sld_jtag_hub|clr_reg                            ; sld_hub:auto_hub|alt_sld_fab_with_jtag_input:\instrumentation_fabric_with_node_gen:fabric_gen_new_way:with_jtag_input_gen:instrumentation_fabric|alt_sld_fab:instrumentation_fabric|alt_sld_fab_alt_sld_fab:alt_sld_fab|alt_sld_fab_alt_sld_fab_sldfabric:sldfabric|sld_jtag_hub:\jtag_hub_gen:real_sld_jtag_hub|irsr_reg[6]         ; altera_reserved_tck ; altera_reserved_tck ; 0.000        ; 0.125      ; 1.956      ;
; 1.645 ; sld_hub:auto_hub|alt_sld_fab_with_jtag_input:\instrumentation_fabric_with_node_gen:fabric_gen_new_way:with_jtag_input_gen:instrumentation_fabric|alt_sld_fab:instrumentation_fabric|alt_sld_fab_alt_sld_fab:alt_sld_fab|alt_sld_fab_alt_sld_fab_sldfabric:sldfabric|sld_jtag_hub:\jtag_hub_gen:real_sld_jtag_hub|clr_reg                            ; sld_hub:auto_hub|alt_sld_fab_with_jtag_input:\instrumentation_fabric_with_node_gen:fabric_gen_new_way:with_jtag_input_gen:instrumentation_fabric|alt_sld_fab:instrumentation_fabric|alt_sld_fab_alt_sld_fab:alt_sld_fab|alt_sld_fab_alt_sld_fab_sldfabric:sldfabric|sld_jtag_hub:\jtag_hub_gen:real_sld_jtag_hub|irsr_reg[7]         ; altera_reserved_tck ; altera_reserved_tck ; 0.000        ; 0.125      ; 1.956      ;
; 1.645 ; sld_hub:auto_hub|alt_sld_fab_with_jtag_input:\instrumentation_fabric_with_node_gen:fabric_gen_new_way:with_jtag_input_gen:instrumentation_fabric|alt_sld_fab:instrumentation_fabric|alt_sld_fab_alt_sld_fab:alt_sld_fab|alt_sld_fab_alt_sld_fab_sldfabric:sldfabric|sld_jtag_hub:\jtag_hub_gen:real_sld_jtag_hub|clr_reg                            ; sld_hub:auto_hub|alt_sld_fab_with_jtag_input:\instrumentation_fabric_with_node_gen:fabric_gen_new_way:with_jtag_input_gen:instrumentation_fabric|alt_sld_fab:instrumentation_fabric|alt_sld_fab_alt_sld_fab:alt_sld_fab|alt_sld_fab_alt_sld_fab_sldfabric:sldfabric|sld_jtag_hub:\jtag_hub_gen:real_sld_jtag_hub|irf_reg[1][0]       ; altera_reserved_tck ; altera_reserved_tck ; 0.000        ; 0.125      ; 1.956      ;
; 1.645 ; sld_hub:auto_hub|alt_sld_fab_with_jtag_input:\instrumentation_fabric_with_node_gen:fabric_gen_new_way:with_jtag_input_gen:instrumentation_fabric|alt_sld_fab:instrumentation_fabric|alt_sld_fab_alt_sld_fab:alt_sld_fab|alt_sld_fab_alt_sld_fab_sldfabric:sldfabric|sld_jtag_hub:\jtag_hub_gen:real_sld_jtag_hub|clr_reg                            ; sld_hub:auto_hub|alt_sld_fab_with_jtag_input:\instrumentation_fabric_with_node_gen:fabric_gen_new_way:with_jtag_input_gen:instrumentation_fabric|alt_sld_fab:instrumentation_fabric|alt_sld_fab_alt_sld_fab:alt_sld_fab|alt_sld_fab_alt_sld_fab_sldfabric:sldfabric|sld_jtag_hub:\jtag_hub_gen:real_sld_jtag_hub|irf_reg[1][4]       ; altera_reserved_tck ; altera_reserved_tck ; 0.000        ; 0.125      ; 1.956      ;
; 1.645 ; sld_hub:auto_hub|alt_sld_fab_with_jtag_input:\instrumentation_fabric_with_node_gen:fabric_gen_new_way:with_jtag_input_gen:instrumentation_fabric|alt_sld_fab:instrumentation_fabric|alt_sld_fab_alt_sld_fab:alt_sld_fab|alt_sld_fab_alt_sld_fab_sldfabric:sldfabric|sld_jtag_hub:\jtag_hub_gen:real_sld_jtag_hub|clr_reg                            ; sld_hub:auto_hub|alt_sld_fab_with_jtag_input:\instrumentation_fabric_with_node_gen:fabric_gen_new_way:with_jtag_input_gen:instrumentation_fabric|alt_sld_fab:instrumentation_fabric|alt_sld_fab_alt_sld_fab:alt_sld_fab|alt_sld_fab_alt_sld_fab_sldfabric:sldfabric|sld_jtag_hub:\jtag_hub_gen:real_sld_jtag_hub|irf_reg[1][6]       ; altera_reserved_tck ; altera_reserved_tck ; 0.000        ; 0.125      ; 1.956      ;
; 1.645 ; sld_hub:auto_hub|alt_sld_fab_with_jtag_input:\instrumentation_fabric_with_node_gen:fabric_gen_new_way:with_jtag_input_gen:instrumentation_fabric|alt_sld_fab:instrumentation_fabric|alt_sld_fab_alt_sld_fab:alt_sld_fab|alt_sld_fab_alt_sld_fab_sldfabric:sldfabric|sld_jtag_hub:\jtag_hub_gen:real_sld_jtag_hub|clr_reg                            ; sld_hub:auto_hub|alt_sld_fab_with_jtag_input:\instrumentation_fabric_with_node_gen:fabric_gen_new_way:with_jtag_input_gen:instrumentation_fabric|alt_sld_fab:instrumentation_fabric|alt_sld_fab_alt_sld_fab:alt_sld_fab|alt_sld_fab_alt_sld_fab_sldfabric:sldfabric|sld_jtag_hub:\jtag_hub_gen:real_sld_jtag_hub|irf_reg[1][7]       ; altera_reserved_tck ; altera_reserved_tck ; 0.000        ; 0.125      ; 1.956      ;
; 1.733 ; sld_hub:auto_hub|alt_sld_fab_with_jtag_input:\instrumentation_fabric_with_node_gen:fabric_gen_new_way:with_jtag_input_gen:instrumentation_fabric|alt_sld_fab:instrumentation_fabric|alt_sld_fab_alt_sld_fab:alt_sld_fab|alt_sld_fab_alt_sld_fab_sldfabric:sldfabric|sld_jtag_hub:\jtag_hub_gen:real_sld_jtag_hub|irf_reg[1][0]                      ; RAM_IMG:RAM_INST|altsyncram:altsyncram_component|altsyncram_0kh1:auto_generated|sld_mod_ram_rom:mgl_prim2|ir_loaded_address_reg[1]                                                                                                                                                                                                   ; altera_reserved_tck ; altera_reserved_tck ; 0.000        ; 0.079      ; 1.998      ;
; 1.733 ; sld_hub:auto_hub|alt_sld_fab_with_jtag_input:\instrumentation_fabric_with_node_gen:fabric_gen_new_way:with_jtag_input_gen:instrumentation_fabric|alt_sld_fab:instrumentation_fabric|alt_sld_fab_alt_sld_fab:alt_sld_fab|alt_sld_fab_alt_sld_fab_sldfabric:sldfabric|sld_jtag_hub:\jtag_hub_gen:real_sld_jtag_hub|irf_reg[1][0]                      ; RAM_IMG:RAM_INST|altsyncram:altsyncram_component|altsyncram_0kh1:auto_generated|sld_mod_ram_rom:mgl_prim2|ir_loaded_address_reg[4]                                                                                                                                                                                                   ; altera_reserved_tck ; altera_reserved_tck ; 0.000        ; 0.079      ; 1.998      ;
; 1.733 ; sld_hub:auto_hub|alt_sld_fab_with_jtag_input:\instrumentation_fabric_with_node_gen:fabric_gen_new_way:with_jtag_input_gen:instrumentation_fabric|alt_sld_fab:instrumentation_fabric|alt_sld_fab_alt_sld_fab:alt_sld_fab|alt_sld_fab_alt_sld_fab_sldfabric:sldfabric|sld_jtag_hub:\jtag_hub_gen:real_sld_jtag_hub|irf_reg[1][0]                      ; RAM_IMG:RAM_INST|altsyncram:altsyncram_component|altsyncram_0kh1:auto_generated|sld_mod_ram_rom:mgl_prim2|ir_loaded_address_reg[6]                                                                                                                                                                                                   ; altera_reserved_tck ; altera_reserved_tck ; 0.000        ; 0.079      ; 1.998      ;
; 1.733 ; sld_hub:auto_hub|alt_sld_fab_with_jtag_input:\instrumentation_fabric_with_node_gen:fabric_gen_new_way:with_jtag_input_gen:instrumentation_fabric|alt_sld_fab:instrumentation_fabric|alt_sld_fab_alt_sld_fab:alt_sld_fab|alt_sld_fab_alt_sld_fab_sldfabric:sldfabric|sld_jtag_hub:\jtag_hub_gen:real_sld_jtag_hub|irf_reg[1][0]                      ; RAM_IMG:RAM_INST|altsyncram:altsyncram_component|altsyncram_0kh1:auto_generated|sld_mod_ram_rom:mgl_prim2|ir_loaded_address_reg[5]                                                                                                                                                                                                   ; altera_reserved_tck ; altera_reserved_tck ; 0.000        ; 0.079      ; 1.998      ;
; 1.733 ; sld_hub:auto_hub|alt_sld_fab_with_jtag_input:\instrumentation_fabric_with_node_gen:fabric_gen_new_way:with_jtag_input_gen:instrumentation_fabric|alt_sld_fab:instrumentation_fabric|alt_sld_fab_alt_sld_fab:alt_sld_fab|alt_sld_fab_alt_sld_fab_sldfabric:sldfabric|sld_jtag_hub:\jtag_hub_gen:real_sld_jtag_hub|irf_reg[1][0]                      ; RAM_IMG:RAM_INST|altsyncram:altsyncram_component|altsyncram_0kh1:auto_generated|sld_mod_ram_rom:mgl_prim2|ir_loaded_address_reg[3]                                                                                                                                                                                                   ; altera_reserved_tck ; altera_reserved_tck ; 0.000        ; 0.079      ; 1.998      ;
; 1.733 ; sld_hub:auto_hub|alt_sld_fab_with_jtag_input:\instrumentation_fabric_with_node_gen:fabric_gen_new_way:with_jtag_input_gen:instrumentation_fabric|alt_sld_fab:instrumentation_fabric|alt_sld_fab_alt_sld_fab:alt_sld_fab|alt_sld_fab_alt_sld_fab_sldfabric:sldfabric|sld_jtag_hub:\jtag_hub_gen:real_sld_jtag_hub|irf_reg[1][0]                      ; RAM_IMG:RAM_INST|altsyncram:altsyncram_component|altsyncram_0kh1:auto_generated|sld_mod_ram_rom:mgl_prim2|ir_loaded_address_reg[2]                                                                                                                                                                                                   ; altera_reserved_tck ; altera_reserved_tck ; 0.000        ; 0.079      ; 1.998      ;
; 1.733 ; sld_hub:auto_hub|alt_sld_fab_with_jtag_input:\instrumentation_fabric_with_node_gen:fabric_gen_new_way:with_jtag_input_gen:instrumentation_fabric|alt_sld_fab:instrumentation_fabric|alt_sld_fab_alt_sld_fab:alt_sld_fab|alt_sld_fab_alt_sld_fab_sldfabric:sldfabric|sld_jtag_hub:\jtag_hub_gen:real_sld_jtag_hub|irf_reg[1][0]                      ; RAM_IMG:RAM_INST|altsyncram:altsyncram_component|altsyncram_0kh1:auto_generated|sld_mod_ram_rom:mgl_prim2|ir_loaded_address_reg[0]                                                                                                                                                                                                   ; altera_reserved_tck ; altera_reserved_tck ; 0.000        ; 0.079      ; 1.998      ;
; 1.923 ; sld_hub:auto_hub|alt_sld_fab_with_jtag_input:\instrumentation_fabric_with_node_gen:fabric_gen_new_way:with_jtag_input_gen:instrumentation_fabric|alt_sld_fab:instrumentation_fabric|alt_sld_fab_alt_sld_fab:alt_sld_fab|alt_sld_fab_alt_sld_fab_sldfabric:sldfabric|sld_jtag_hub:\jtag_hub_gen:real_sld_jtag_hub|irf_reg[1][0]                      ; RAM_IMG:RAM_INST|altsyncram:altsyncram_component|altsyncram_0kh1:auto_generated|sld_mod_ram_rom:mgl_prim2|ram_rom_addr_reg[1]                                                                                                                                                                                                        ; altera_reserved_tck ; altera_reserved_tck ; 0.000        ; 0.070      ; 2.179      ;
; 1.923 ; sld_hub:auto_hub|alt_sld_fab_with_jtag_input:\instrumentation_fabric_with_node_gen:fabric_gen_new_way:with_jtag_input_gen:instrumentation_fabric|alt_sld_fab:instrumentation_fabric|alt_sld_fab_alt_sld_fab:alt_sld_fab|alt_sld_fab_alt_sld_fab_sldfabric:sldfabric|sld_jtag_hub:\jtag_hub_gen:real_sld_jtag_hub|irf_reg[1][0]                      ; RAM_IMG:RAM_INST|altsyncram:altsyncram_component|altsyncram_0kh1:auto_generated|sld_mod_ram_rom:mgl_prim2|ram_rom_addr_reg[2]                                                                                                                                                                                                        ; altera_reserved_tck ; altera_reserved_tck ; 0.000        ; 0.070      ; 2.179      ;
; 1.923 ; sld_hub:auto_hub|alt_sld_fab_with_jtag_input:\instrumentation_fabric_with_node_gen:fabric_gen_new_way:with_jtag_input_gen:instrumentation_fabric|alt_sld_fab:instrumentation_fabric|alt_sld_fab_alt_sld_fab:alt_sld_fab|alt_sld_fab_alt_sld_fab_sldfabric:sldfabric|sld_jtag_hub:\jtag_hub_gen:real_sld_jtag_hub|irf_reg[1][0]                      ; RAM_IMG:RAM_INST|altsyncram:altsyncram_component|altsyncram_0kh1:auto_generated|sld_mod_ram_rom:mgl_prim2|ram_rom_addr_reg[3]                                                                                                                                                                                                        ; altera_reserved_tck ; altera_reserved_tck ; 0.000        ; 0.070      ; 2.179      ;
; 1.923 ; sld_hub:auto_hub|alt_sld_fab_with_jtag_input:\instrumentation_fabric_with_node_gen:fabric_gen_new_way:with_jtag_input_gen:instrumentation_fabric|alt_sld_fab:instrumentation_fabric|alt_sld_fab_alt_sld_fab:alt_sld_fab|alt_sld_fab_alt_sld_fab_sldfabric:sldfabric|sld_jtag_hub:\jtag_hub_gen:real_sld_jtag_hub|irf_reg[1][0]                      ; RAM_IMG:RAM_INST|altsyncram:altsyncram_component|altsyncram_0kh1:auto_generated|sld_mod_ram_rom:mgl_prim2|ram_rom_addr_reg[4]                                                                                                                                                                                                        ; altera_reserved_tck ; altera_reserved_tck ; 0.000        ; 0.070      ; 2.179      ;
; 1.923 ; sld_hub:auto_hub|alt_sld_fab_with_jtag_input:\instrumentation_fabric_with_node_gen:fabric_gen_new_way:with_jtag_input_gen:instrumentation_fabric|alt_sld_fab:instrumentation_fabric|alt_sld_fab_alt_sld_fab:alt_sld_fab|alt_sld_fab_alt_sld_fab_sldfabric:sldfabric|sld_jtag_hub:\jtag_hub_gen:real_sld_jtag_hub|irf_reg[1][0]                      ; RAM_IMG:RAM_INST|altsyncram:altsyncram_component|altsyncram_0kh1:auto_generated|sld_mod_ram_rom:mgl_prim2|ram_rom_addr_reg[5]                                                                                                                                                                                                        ; altera_reserved_tck ; altera_reserved_tck ; 0.000        ; 0.070      ; 2.179      ;
; 1.923 ; sld_hub:auto_hub|alt_sld_fab_with_jtag_input:\instrumentation_fabric_with_node_gen:fabric_gen_new_way:with_jtag_input_gen:instrumentation_fabric|alt_sld_fab:instrumentation_fabric|alt_sld_fab_alt_sld_fab:alt_sld_fab|alt_sld_fab_alt_sld_fab_sldfabric:sldfabric|sld_jtag_hub:\jtag_hub_gen:real_sld_jtag_hub|irf_reg[1][0]                      ; RAM_IMG:RAM_INST|altsyncram:altsyncram_component|altsyncram_0kh1:auto_generated|sld_mod_ram_rom:mgl_prim2|ram_rom_addr_reg[6]                                                                                                                                                                                                        ; altera_reserved_tck ; altera_reserved_tck ; 0.000        ; 0.070      ; 2.179      ;
; 1.923 ; sld_hub:auto_hub|alt_sld_fab_with_jtag_input:\instrumentation_fabric_with_node_gen:fabric_gen_new_way:with_jtag_input_gen:instrumentation_fabric|alt_sld_fab:instrumentation_fabric|alt_sld_fab_alt_sld_fab:alt_sld_fab|alt_sld_fab_alt_sld_fab_sldfabric:sldfabric|sld_jtag_hub:\jtag_hub_gen:real_sld_jtag_hub|irf_reg[1][0]                      ; RAM_IMG:RAM_INST|altsyncram:altsyncram_component|altsyncram_0kh1:auto_generated|sld_mod_ram_rom:mgl_prim2|ram_rom_addr_reg[7]                                                                                                                                                                                                        ; altera_reserved_tck ; altera_reserved_tck ; 0.000        ; 0.070      ; 2.179      ;
; 1.923 ; sld_hub:auto_hub|alt_sld_fab_with_jtag_input:\instrumentation_fabric_with_node_gen:fabric_gen_new_way:with_jtag_input_gen:instrumentation_fabric|alt_sld_fab:instrumentation_fabric|alt_sld_fab_alt_sld_fab:alt_sld_fab|alt_sld_fab_alt_sld_fab_sldfabric:sldfabric|sld_jtag_hub:\jtag_hub_gen:real_sld_jtag_hub|irf_reg[1][0]                      ; RAM_IMG:RAM_INST|altsyncram:altsyncram_component|altsyncram_0kh1:auto_generated|sld_mod_ram_rom:mgl_prim2|ram_rom_addr_reg[8]                                                                                                                                                                                                        ; altera_reserved_tck ; altera_reserved_tck ; 0.000        ; 0.070      ; 2.179      ;
; 1.923 ; sld_hub:auto_hub|alt_sld_fab_with_jtag_input:\instrumentation_fabric_with_node_gen:fabric_gen_new_way:with_jtag_input_gen:instrumentation_fabric|alt_sld_fab:instrumentation_fabric|alt_sld_fab_alt_sld_fab:alt_sld_fab|alt_sld_fab_alt_sld_fab_sldfabric:sldfabric|sld_jtag_hub:\jtag_hub_gen:real_sld_jtag_hub|irf_reg[1][0]                      ; RAM_IMG:RAM_INST|altsyncram:altsyncram_component|altsyncram_0kh1:auto_generated|sld_mod_ram_rom:mgl_prim2|ram_rom_addr_reg[9]                                                                                                                                                                                                        ; altera_reserved_tck ; altera_reserved_tck ; 0.000        ; 0.070      ; 2.179      ;
; 1.923 ; sld_hub:auto_hub|alt_sld_fab_with_jtag_input:\instrumentation_fabric_with_node_gen:fabric_gen_new_way:with_jtag_input_gen:instrumentation_fabric|alt_sld_fab:instrumentation_fabric|alt_sld_fab_alt_sld_fab:alt_sld_fab|alt_sld_fab_alt_sld_fab_sldfabric:sldfabric|sld_jtag_hub:\jtag_hub_gen:real_sld_jtag_hub|irf_reg[1][0]                      ; RAM_IMG:RAM_INST|altsyncram:altsyncram_component|altsyncram_0kh1:auto_generated|sld_mod_ram_rom:mgl_prim2|ram_rom_addr_reg[10]                                                                                                                                                                                                       ; altera_reserved_tck ; altera_reserved_tck ; 0.000        ; 0.070      ; 2.179      ;
; 1.923 ; sld_hub:auto_hub|alt_sld_fab_with_jtag_input:\instrumentation_fabric_with_node_gen:fabric_gen_new_way:with_jtag_input_gen:instrumentation_fabric|alt_sld_fab:instrumentation_fabric|alt_sld_fab_alt_sld_fab:alt_sld_fab|alt_sld_fab_alt_sld_fab_sldfabric:sldfabric|sld_jtag_hub:\jtag_hub_gen:real_sld_jtag_hub|irf_reg[1][0]                      ; RAM_IMG:RAM_INST|altsyncram:altsyncram_component|altsyncram_0kh1:auto_generated|sld_mod_ram_rom:mgl_prim2|ram_rom_addr_reg[11]                                                                                                                                                                                                       ; altera_reserved_tck ; altera_reserved_tck ; 0.000        ; 0.070      ; 2.179      ;
; 1.923 ; sld_hub:auto_hub|alt_sld_fab_with_jtag_input:\instrumentation_fabric_with_node_gen:fabric_gen_new_way:with_jtag_input_gen:instrumentation_fabric|alt_sld_fab:instrumentation_fabric|alt_sld_fab_alt_sld_fab:alt_sld_fab|alt_sld_fab_alt_sld_fab_sldfabric:sldfabric|sld_jtag_hub:\jtag_hub_gen:real_sld_jtag_hub|irf_reg[1][0]                      ; RAM_IMG:RAM_INST|altsyncram:altsyncram_component|altsyncram_0kh1:auto_generated|sld_mod_ram_rom:mgl_prim2|ram_rom_addr_reg[12]                                                                                                                                                                                                       ; altera_reserved_tck ; altera_reserved_tck ; 0.000        ; 0.070      ; 2.179      ;
; 1.923 ; sld_hub:auto_hub|alt_sld_fab_with_jtag_input:\instrumentation_fabric_with_node_gen:fabric_gen_new_way:with_jtag_input_gen:instrumentation_fabric|alt_sld_fab:instrumentation_fabric|alt_sld_fab_alt_sld_fab:alt_sld_fab|alt_sld_fab_alt_sld_fab_sldfabric:sldfabric|sld_jtag_hub:\jtag_hub_gen:real_sld_jtag_hub|irf_reg[1][0]                      ; RAM_IMG:RAM_INST|altsyncram:altsyncram_component|altsyncram_0kh1:auto_generated|sld_mod_ram_rom:mgl_prim2|ram_rom_addr_reg[13]                                                                                                                                                                                                       ; altera_reserved_tck ; altera_reserved_tck ; 0.000        ; 0.070      ; 2.179      ;
; 1.923 ; sld_hub:auto_hub|alt_sld_fab_with_jtag_input:\instrumentation_fabric_with_node_gen:fabric_gen_new_way:with_jtag_input_gen:instrumentation_fabric|alt_sld_fab:instrumentation_fabric|alt_sld_fab_alt_sld_fab:alt_sld_fab|alt_sld_fab_alt_sld_fab_sldfabric:sldfabric|sld_jtag_hub:\jtag_hub_gen:real_sld_jtag_hub|irf_reg[1][0]                      ; RAM_IMG:RAM_INST|altsyncram:altsyncram_component|altsyncram_0kh1:auto_generated|sld_mod_ram_rom:mgl_prim2|ram_rom_addr_reg[14]                                                                                                                                                                                                       ; altera_reserved_tck ; altera_reserved_tck ; 0.000        ; 0.070      ; 2.179      ;
; 1.923 ; sld_hub:auto_hub|alt_sld_fab_with_jtag_input:\instrumentation_fabric_with_node_gen:fabric_gen_new_way:with_jtag_input_gen:instrumentation_fabric|alt_sld_fab:instrumentation_fabric|alt_sld_fab_alt_sld_fab:alt_sld_fab|alt_sld_fab_alt_sld_fab_sldfabric:sldfabric|sld_jtag_hub:\jtag_hub_gen:real_sld_jtag_hub|irf_reg[1][0]                      ; RAM_IMG:RAM_INST|altsyncram:altsyncram_component|altsyncram_0kh1:auto_generated|sld_mod_ram_rom:mgl_prim2|ram_rom_addr_reg[15]                                                                                                                                                                                                       ; altera_reserved_tck ; altera_reserved_tck ; 0.000        ; 0.070      ; 2.179      ;
; 1.923 ; sld_hub:auto_hub|alt_sld_fab_with_jtag_input:\instrumentation_fabric_with_node_gen:fabric_gen_new_way:with_jtag_input_gen:instrumentation_fabric|alt_sld_fab:instrumentation_fabric|alt_sld_fab_alt_sld_fab:alt_sld_fab|alt_sld_fab_alt_sld_fab_sldfabric:sldfabric|sld_jtag_hub:\jtag_hub_gen:real_sld_jtag_hub|irf_reg[1][0]                      ; RAM_IMG:RAM_INST|altsyncram:altsyncram_component|altsyncram_0kh1:auto_generated|sld_mod_ram_rom:mgl_prim2|ram_rom_addr_reg[0]                                                                                                                                                                                                        ; altera_reserved_tck ; altera_reserved_tck ; 0.000        ; 0.070      ; 2.179      ;
; 1.997 ; sld_hub:auto_hub|alt_sld_fab_with_jtag_input:\instrumentation_fabric_with_node_gen:fabric_gen_new_way:with_jtag_input_gen:instrumentation_fabric|alt_sld_fab:instrumentation_fabric|alt_sld_fab_alt_sld_fab:alt_sld_fab|alt_sld_fab_alt_sld_fab_sldfabric:sldfabric|sld_jtag_hub:\jtag_hub_gen:real_sld_jtag_hub|irf_reg[1][3]                      ; RAM_IMG:RAM_INST|altsyncram:altsyncram_component|altsyncram_0kh1:auto_generated|sld_mod_ram_rom:mgl_prim2|ram_rom_data_shift_cntr_reg[1]                                                                                                                                                                                             ; altera_reserved_tck ; altera_reserved_tck ; 0.000        ; 0.107      ; 2.290      ;
; 1.997 ; sld_hub:auto_hub|alt_sld_fab_with_jtag_input:\instrumentation_fabric_with_node_gen:fabric_gen_new_way:with_jtag_input_gen:instrumentation_fabric|alt_sld_fab:instrumentation_fabric|alt_sld_fab_alt_sld_fab:alt_sld_fab|alt_sld_fab_alt_sld_fab_sldfabric:sldfabric|sld_jtag_hub:\jtag_hub_gen:real_sld_jtag_hub|irf_reg[1][3]                      ; RAM_IMG:RAM_INST|altsyncram:altsyncram_component|altsyncram_0kh1:auto_generated|sld_mod_ram_rom:mgl_prim2|ram_rom_data_shift_cntr_reg[0]                                                                                                                                                                                             ; altera_reserved_tck ; altera_reserved_tck ; 0.000        ; 0.107      ; 2.290      ;
; 1.997 ; sld_hub:auto_hub|alt_sld_fab_with_jtag_input:\instrumentation_fabric_with_node_gen:fabric_gen_new_way:with_jtag_input_gen:instrumentation_fabric|alt_sld_fab:instrumentation_fabric|alt_sld_fab_alt_sld_fab:alt_sld_fab|alt_sld_fab_alt_sld_fab_sldfabric:sldfabric|sld_jtag_hub:\jtag_hub_gen:real_sld_jtag_hub|irf_reg[1][3]                      ; RAM_IMG:RAM_INST|altsyncram:altsyncram_component|altsyncram_0kh1:auto_generated|sld_mod_ram_rom:mgl_prim2|ram_rom_data_shift_cntr_reg[2]                                                                                                                                                                                             ; altera_reserved_tck ; altera_reserved_tck ; 0.000        ; 0.107      ; 2.290      ;
+-------+-----------------------------------------------------------------------------------------------------------------------------------------------------------------------------------------------------------------------------------------------------------------------------------------------------------------------------------------------------+--------------------------------------------------------------------------------------------------------------------------------------------------------------------------------------------------------------------------------------------------------------------------------------------------------------------------------------+---------------------+---------------------+--------------+------------+------------+


-----------------------------------------------
; Slow 1200mV 85C Model Metastability Summary ;
-----------------------------------------------
The design MTBF is not calculated because there are no specified synchronizers in the design.
Number of Synchronizer Chains Found: 1
Shortest Synchronizer Chain: 5 Registers
Fraction of Chains for which MTBFs Could Not be Calculated: 1.000
Worst Case Available Settling Time: 343.438 ns




+-----------------------------------------------------------+
; Slow 1200mV 0C Model Fmax Summary                         ;
+------------+-----------------+---------------------+------+
; Fmax       ; Restricted Fmax ; Clock Name          ; Note ;
+------------+-----------------+---------------------+------+
; 116.23 MHz ; 116.23 MHz      ; altera_reserved_tck ;      ;
+------------+-----------------+---------------------+------+
This panel reports FMAX for every clock in the design, regardless of the user-specified clock periods.  FMAX is only computed for paths where the source and destination registers or ports are driven by the same clock.  Paths of different clocks, including generated clocks, are ignored.  For paths between a clock and its inversion, FMAX is computed as if the rising and falling edges are scaled along with FMAX, such that the duty cycle (in terms of a percentage) is maintained. Altera recommends that you always use clock constraints and other slack reports for sign-off analysis.


+----------------------------------------------+
; Slow 1200mV 0C Model Setup Summary           ;
+---------------------+--------+---------------+
; Clock               ; Slack  ; End Point TNS ;
+---------------------+--------+---------------+
; altera_reserved_tck ; 45.698 ; 0.000         ;
+---------------------+--------+---------------+


+---------------------------------------------+
; Slow 1200mV 0C Model Hold Summary           ;
+---------------------+-------+---------------+
; Clock               ; Slack ; End Point TNS ;
+---------------------+-------+---------------+
; altera_reserved_tck ; 0.354 ; 0.000         ;
+---------------------+-------+---------------+


+----------------------------------------------+
; Slow 1200mV 0C Model Recovery Summary        ;
+---------------------+--------+---------------+
; Clock               ; Slack  ; End Point TNS ;
+---------------------+--------+---------------+
; altera_reserved_tck ; 97.730 ; 0.000         ;
+---------------------+--------+---------------+


+---------------------------------------------+
; Slow 1200mV 0C Model Removal Summary        ;
+---------------------+-------+---------------+
; Clock               ; Slack ; End Point TNS ;
+---------------------+-------+---------------+
; altera_reserved_tck ; 0.968 ; 0.000         ;
+---------------------+-------+---------------+


+--------------------------------------------------+
; Slow 1200mV 0C Model Minimum Pulse Width Summary ;
+---------------------+--------+-------------------+
; Clock               ; Slack  ; End Point TNS     ;
+---------------------+--------+-------------------+
; altera_reserved_tck ; 49.498 ; 0.000             ;
+---------------------+--------+-------------------+


+--------------------------------------------------------------------------------------------------------------------------------------------------------------------------------------------------------------------------------------------------------------------------------------------------------------------------------------------------------------------------------------------------------------------------------------------------------------------------------------------------------------------------------------------------------------------------------------------------------------------------------------------------------------------------------------------------------------------------------------------------------------------------+
; Slow 1200mV 0C Model Setup: 'altera_reserved_tck'                                                                                                                                                                                                                                                                                                                                                                                                                                                                                                                                                                                                                                                                                                                        ;
+--------+-----------------------------------------------------------------------------------------------------------------------------------------------------------------------------------------------------------------------------------------------------------------------------------------------------------------------------------------------------+----------------------------------------------------------------------------------------------------------------------------------------------------------------------------------------------------------------------------------------------------------------------------------------------------------------------+---------------------+---------------------+--------------+------------+------------+
; Slack  ; From Node                                                                                                                                                                                                                                                                                                                                           ; To Node                                                                                                                                                                                                                                                                                                              ; Launch Clock        ; Latch Clock         ; Relationship ; Clock Skew ; Data Delay ;
+--------+-----------------------------------------------------------------------------------------------------------------------------------------------------------------------------------------------------------------------------------------------------------------------------------------------------------------------------------------------------+----------------------------------------------------------------------------------------------------------------------------------------------------------------------------------------------------------------------------------------------------------------------------------------------------------------------+---------------------+---------------------+--------------+------------+------------+
; 45.698 ; RAM_IMG:RAM_INST|altsyncram:altsyncram_component|altsyncram_0kh1:auto_generated|sld_mod_ram_rom:mgl_prim2|ram_rom_data_reg[0]                                                                                                                                                                                                                       ; sld_hub:auto_hub|alt_sld_fab_with_jtag_input:\instrumentation_fabric_with_node_gen:fabric_gen_new_way:with_jtag_input_gen:instrumentation_fabric|alt_sld_fab:instrumentation_fabric|alt_sld_fab_alt_sld_fab:alt_sld_fab|alt_sld_fab_alt_sld_fab_sldfabric:sldfabric|sld_jtag_hub:\jtag_hub_gen:real_sld_jtag_hub|tdo ; altera_reserved_tck ; altera_reserved_tck ; 50.000       ; 0.102      ; 4.423      ;
; 46.069 ; sld_hub:auto_hub|alt_sld_fab_with_jtag_input:\instrumentation_fabric_with_node_gen:fabric_gen_new_way:with_jtag_input_gen:instrumentation_fabric|alt_sld_fab:instrumentation_fabric|alt_sld_fab_alt_sld_fab:alt_sld_fab|alt_sld_fab_alt_sld_fab_sldfabric:sldfabric|sld_jtag_hub:\jtag_hub_gen:real_sld_jtag_hub|irsr_reg[2]                        ; sld_hub:auto_hub|alt_sld_fab_with_jtag_input:\instrumentation_fabric_with_node_gen:fabric_gen_new_way:with_jtag_input_gen:instrumentation_fabric|alt_sld_fab:instrumentation_fabric|alt_sld_fab_alt_sld_fab:alt_sld_fab|alt_sld_fab_alt_sld_fab_sldfabric:sldfabric|sld_jtag_hub:\jtag_hub_gen:real_sld_jtag_hub|tdo ; altera_reserved_tck ; altera_reserved_tck ; 50.000       ; 0.114      ; 4.064      ;
; 46.496 ; sld_hub:auto_hub|alt_sld_fab_with_jtag_input:\instrumentation_fabric_with_node_gen:fabric_gen_new_way:with_jtag_input_gen:instrumentation_fabric|alt_sld_fab:instrumentation_fabric|alt_sld_fab_alt_sld_fab:alt_sld_fab|alt_sld_fab_alt_sld_fab_sldfabric:sldfabric|sld_jtag_hub:\jtag_hub_gen:real_sld_jtag_hub|irsr_reg[0]                        ; sld_hub:auto_hub|alt_sld_fab_with_jtag_input:\instrumentation_fabric_with_node_gen:fabric_gen_new_way:with_jtag_input_gen:instrumentation_fabric|alt_sld_fab:instrumentation_fabric|alt_sld_fab_alt_sld_fab:alt_sld_fab|alt_sld_fab_alt_sld_fab_sldfabric:sldfabric|sld_jtag_hub:\jtag_hub_gen:real_sld_jtag_hub|tdo ; altera_reserved_tck ; altera_reserved_tck ; 50.000       ; 0.114      ; 3.637      ;
; 46.566 ; sld_hub:auto_hub|alt_sld_fab_with_jtag_input:\instrumentation_fabric_with_node_gen:fabric_gen_new_way:with_jtag_input_gen:instrumentation_fabric|alt_sld_fab:instrumentation_fabric|alt_sld_fab_alt_sld_fab:alt_sld_fab|alt_sld_fab_alt_sld_fab_sldfabric:sldfabric|sld_jtag_hub:\jtag_hub_gen:real_sld_jtag_hub|irf_reg[1][2]                      ; sld_hub:auto_hub|alt_sld_fab_with_jtag_input:\instrumentation_fabric_with_node_gen:fabric_gen_new_way:with_jtag_input_gen:instrumentation_fabric|alt_sld_fab:instrumentation_fabric|alt_sld_fab_alt_sld_fab:alt_sld_fab|alt_sld_fab_alt_sld_fab_sldfabric:sldfabric|sld_jtag_hub:\jtag_hub_gen:real_sld_jtag_hub|tdo ; altera_reserved_tck ; altera_reserved_tck ; 50.000       ; 0.153      ; 3.606      ;
; 46.743 ; sld_hub:auto_hub|alt_sld_fab_with_jtag_input:\instrumentation_fabric_with_node_gen:fabric_gen_new_way:with_jtag_input_gen:instrumentation_fabric|alt_sld_fab:instrumentation_fabric|alt_sld_fab_alt_sld_fab:alt_sld_fab|alt_sld_fab_alt_sld_fab_sldfabric:sldfabric|sld_jtag_hub:\jtag_hub_gen:real_sld_jtag_hub|irf_reg[1][1]                      ; sld_hub:auto_hub|alt_sld_fab_with_jtag_input:\instrumentation_fabric_with_node_gen:fabric_gen_new_way:with_jtag_input_gen:instrumentation_fabric|alt_sld_fab:instrumentation_fabric|alt_sld_fab_alt_sld_fab:alt_sld_fab|alt_sld_fab_alt_sld_fab_sldfabric:sldfabric|sld_jtag_hub:\jtag_hub_gen:real_sld_jtag_hub|tdo ; altera_reserved_tck ; altera_reserved_tck ; 50.000       ; 0.153      ; 3.429      ;
; 46.803 ; sld_hub:auto_hub|alt_sld_fab_with_jtag_input:\instrumentation_fabric_with_node_gen:fabric_gen_new_way:with_jtag_input_gen:instrumentation_fabric|alt_sld_fab:instrumentation_fabric|alt_sld_fab_alt_sld_fab:alt_sld_fab|alt_sld_fab_alt_sld_fab_sldfabric:sldfabric|sld_jtag_hub:\jtag_hub_gen:real_sld_jtag_hub|virtual_ir_scan_reg                ; sld_hub:auto_hub|alt_sld_fab_with_jtag_input:\instrumentation_fabric_with_node_gen:fabric_gen_new_way:with_jtag_input_gen:instrumentation_fabric|alt_sld_fab:instrumentation_fabric|alt_sld_fab_alt_sld_fab:alt_sld_fab|alt_sld_fab_alt_sld_fab_sldfabric:sldfabric|sld_jtag_hub:\jtag_hub_gen:real_sld_jtag_hub|tdo ; altera_reserved_tck ; altera_reserved_tck ; 50.000       ; 0.153      ; 3.369      ;
; 46.830 ; sld_hub:auto_hub|alt_sld_fab_with_jtag_input:\instrumentation_fabric_with_node_gen:fabric_gen_new_way:with_jtag_input_gen:instrumentation_fabric|alt_sld_fab:instrumentation_fabric|alt_sld_fab_alt_sld_fab:alt_sld_fab|alt_sld_fab_alt_sld_fab_sldfabric:sldfabric|sld_jtag_hub:\jtag_hub_gen:real_sld_jtag_hub|sld_shadow_jsm:shadow_jsm|state[3] ; sld_hub:auto_hub|alt_sld_fab_with_jtag_input:\instrumentation_fabric_with_node_gen:fabric_gen_new_way:with_jtag_input_gen:instrumentation_fabric|alt_sld_fab:instrumentation_fabric|alt_sld_fab_alt_sld_fab:alt_sld_fab|alt_sld_fab_alt_sld_fab_sldfabric:sldfabric|sld_jtag_hub:\jtag_hub_gen:real_sld_jtag_hub|tdo ; altera_reserved_tck ; altera_reserved_tck ; 50.000       ; 0.151      ; 3.340      ;
; 46.927 ; sld_hub:auto_hub|alt_sld_fab_with_jtag_input:\instrumentation_fabric_with_node_gen:fabric_gen_new_way:with_jtag_input_gen:instrumentation_fabric|alt_sld_fab:instrumentation_fabric|alt_sld_fab_alt_sld_fab:alt_sld_fab|alt_sld_fab_alt_sld_fab_sldfabric:sldfabric|sld_jtag_hub:\jtag_hub_gen:real_sld_jtag_hub|design_hash_reg[0]                 ; sld_hub:auto_hub|alt_sld_fab_with_jtag_input:\instrumentation_fabric_with_node_gen:fabric_gen_new_way:with_jtag_input_gen:instrumentation_fabric|alt_sld_fab:instrumentation_fabric|alt_sld_fab_alt_sld_fab:alt_sld_fab|alt_sld_fab_alt_sld_fab_sldfabric:sldfabric|sld_jtag_hub:\jtag_hub_gen:real_sld_jtag_hub|tdo ; altera_reserved_tck ; altera_reserved_tck ; 50.000       ; 0.151      ; 3.243      ;
; 46.998 ; sld_hub:auto_hub|alt_sld_fab_with_jtag_input:\instrumentation_fabric_with_node_gen:fabric_gen_new_way:with_jtag_input_gen:instrumentation_fabric|alt_sld_fab:instrumentation_fabric|alt_sld_fab_alt_sld_fab:alt_sld_fab|alt_sld_fab_alt_sld_fab_sldfabric:sldfabric|sld_jtag_hub:\jtag_hub_gen:real_sld_jtag_hub|irf_reg[1][0]                      ; sld_hub:auto_hub|alt_sld_fab_with_jtag_input:\instrumentation_fabric_with_node_gen:fabric_gen_new_way:with_jtag_input_gen:instrumentation_fabric|alt_sld_fab:instrumentation_fabric|alt_sld_fab_alt_sld_fab:alt_sld_fab|alt_sld_fab_alt_sld_fab_sldfabric:sldfabric|sld_jtag_hub:\jtag_hub_gen:real_sld_jtag_hub|tdo ; altera_reserved_tck ; altera_reserved_tck ; 50.000       ; 0.114      ; 3.135      ;
; 47.104 ; sld_hub:auto_hub|alt_sld_fab_with_jtag_input:\instrumentation_fabric_with_node_gen:fabric_gen_new_way:with_jtag_input_gen:instrumentation_fabric|alt_sld_fab:instrumentation_fabric|alt_sld_fab_alt_sld_fab:alt_sld_fab|alt_sld_fab_alt_sld_fab_sldfabric:sldfabric|sld_jtag_hub:\jtag_hub_gen:real_sld_jtag_hub|sld_shadow_jsm:shadow_jsm|state[4] ; sld_hub:auto_hub|alt_sld_fab_with_jtag_input:\instrumentation_fabric_with_node_gen:fabric_gen_new_way:with_jtag_input_gen:instrumentation_fabric|alt_sld_fab:instrumentation_fabric|alt_sld_fab_alt_sld_fab:alt_sld_fab|alt_sld_fab_alt_sld_fab_sldfabric:sldfabric|sld_jtag_hub:\jtag_hub_gen:real_sld_jtag_hub|tdo ; altera_reserved_tck ; altera_reserved_tck ; 50.000       ; 0.149      ; 3.064      ;
; 47.171 ; sld_hub:auto_hub|alt_sld_fab_with_jtag_input:\instrumentation_fabric_with_node_gen:fabric_gen_new_way:with_jtag_input_gen:instrumentation_fabric|alt_sld_fab:instrumentation_fabric|alt_sld_fab_alt_sld_fab:alt_sld_fab|alt_sld_fab_alt_sld_fab_sldfabric:sldfabric|sld_jtag_hub:\jtag_hub_gen:real_sld_jtag_hub|hub_minor_ver_reg[0]               ; sld_hub:auto_hub|alt_sld_fab_with_jtag_input:\instrumentation_fabric_with_node_gen:fabric_gen_new_way:with_jtag_input_gen:instrumentation_fabric|alt_sld_fab:instrumentation_fabric|alt_sld_fab_alt_sld_fab:alt_sld_fab|alt_sld_fab_alt_sld_fab_sldfabric:sldfabric|sld_jtag_hub:\jtag_hub_gen:real_sld_jtag_hub|tdo ; altera_reserved_tck ; altera_reserved_tck ; 50.000       ; 0.149      ; 2.997      ;
; 47.192 ; sld_hub:auto_hub|alt_sld_fab_with_jtag_input:\instrumentation_fabric_with_node_gen:fabric_gen_new_way:with_jtag_input_gen:instrumentation_fabric|alt_sld_fab:instrumentation_fabric|alt_sld_fab_alt_sld_fab:alt_sld_fab|alt_sld_fab_alt_sld_fab_sldfabric:sldfabric|sld_jtag_hub:\jtag_hub_gen:real_sld_jtag_hub|irf_reg[1][5]                      ; sld_hub:auto_hub|alt_sld_fab_with_jtag_input:\instrumentation_fabric_with_node_gen:fabric_gen_new_way:with_jtag_input_gen:instrumentation_fabric|alt_sld_fab:instrumentation_fabric|alt_sld_fab_alt_sld_fab:alt_sld_fab|alt_sld_fab_alt_sld_fab_sldfabric:sldfabric|sld_jtag_hub:\jtag_hub_gen:real_sld_jtag_hub|tdo ; altera_reserved_tck ; altera_reserved_tck ; 50.000       ; 0.153      ; 2.980      ;
; 47.238 ; sld_hub:auto_hub|alt_sld_fab_with_jtag_input:\instrumentation_fabric_with_node_gen:fabric_gen_new_way:with_jtag_input_gen:instrumentation_fabric|alt_sld_fab:instrumentation_fabric|alt_sld_fab_alt_sld_fab:alt_sld_fab|alt_sld_fab_alt_sld_fab_sldfabric:sldfabric|sld_jtag_hub:\jtag_hub_gen:real_sld_jtag_hub|irsr_reg[1]                        ; sld_hub:auto_hub|alt_sld_fab_with_jtag_input:\instrumentation_fabric_with_node_gen:fabric_gen_new_way:with_jtag_input_gen:instrumentation_fabric|alt_sld_fab:instrumentation_fabric|alt_sld_fab_alt_sld_fab:alt_sld_fab|alt_sld_fab_alt_sld_fab_sldfabric:sldfabric|sld_jtag_hub:\jtag_hub_gen:real_sld_jtag_hub|tdo ; altera_reserved_tck ; altera_reserved_tck ; 50.000       ; 0.114      ; 2.895      ;
; 47.331 ; RAM_IMG:RAM_INST|altsyncram:altsyncram_component|altsyncram_0kh1:auto_generated|sld_mod_ram_rom:mgl_prim2|sld_rom_sr:\ram_rom_logic_gen:no_name_gen:info_rom_sr|WORD_SR[0]                                                                                                                                                                          ; sld_hub:auto_hub|alt_sld_fab_with_jtag_input:\instrumentation_fabric_with_node_gen:fabric_gen_new_way:with_jtag_input_gen:instrumentation_fabric|alt_sld_fab:instrumentation_fabric|alt_sld_fab_alt_sld_fab:alt_sld_fab|alt_sld_fab_alt_sld_fab_sldfabric:sldfabric|sld_jtag_hub:\jtag_hub_gen:real_sld_jtag_hub|tdo ; altera_reserved_tck ; altera_reserved_tck ; 50.000       ; 0.149      ; 2.837      ;
; 47.495 ; RAM_IMG:RAM_INST|altsyncram:altsyncram_component|altsyncram_0kh1:auto_generated|sld_mod_ram_rom:mgl_prim2|bypass_reg_out                                                                                                                                                                                                                            ; sld_hub:auto_hub|alt_sld_fab_with_jtag_input:\instrumentation_fabric_with_node_gen:fabric_gen_new_way:with_jtag_input_gen:instrumentation_fabric|alt_sld_fab:instrumentation_fabric|alt_sld_fab_alt_sld_fab:alt_sld_fab|alt_sld_fab_alt_sld_fab_sldfabric:sldfabric|sld_jtag_hub:\jtag_hub_gen:real_sld_jtag_hub|tdo ; altera_reserved_tck ; altera_reserved_tck ; 50.000       ; 0.153      ; 2.677      ;
; 47.618 ; sld_hub:auto_hub|alt_sld_fab_with_jtag_input:\instrumentation_fabric_with_node_gen:fabric_gen_new_way:with_jtag_input_gen:instrumentation_fabric|alt_sld_fab:instrumentation_fabric|alt_sld_fab_alt_sld_fab:alt_sld_fab|alt_sld_fab_alt_sld_fab_sldfabric:sldfabric|sld_jtag_hub:\jtag_hub_gen:real_sld_jtag_hub|irsr_reg[8]                        ; sld_hub:auto_hub|alt_sld_fab_with_jtag_input:\instrumentation_fabric_with_node_gen:fabric_gen_new_way:with_jtag_input_gen:instrumentation_fabric|alt_sld_fab:instrumentation_fabric|alt_sld_fab_alt_sld_fab:alt_sld_fab|alt_sld_fab_alt_sld_fab_sldfabric:sldfabric|sld_jtag_hub:\jtag_hub_gen:real_sld_jtag_hub|tdo ; altera_reserved_tck ; altera_reserved_tck ; 50.000       ; 0.151      ; 2.552      ;
; 47.749 ; sld_hub:auto_hub|alt_sld_fab_with_jtag_input:\instrumentation_fabric_with_node_gen:fabric_gen_new_way:with_jtag_input_gen:instrumentation_fabric|alt_sld_fab:instrumentation_fabric|alt_sld_fab_alt_sld_fab:alt_sld_fab|alt_sld_fab_alt_sld_fab_sldfabric:sldfabric|sld_jtag_hub:\jtag_hub_gen:real_sld_jtag_hub|sld_rom_sr:hub_info_reg|WORD_SR[0] ; sld_hub:auto_hub|alt_sld_fab_with_jtag_input:\instrumentation_fabric_with_node_gen:fabric_gen_new_way:with_jtag_input_gen:instrumentation_fabric|alt_sld_fab:instrumentation_fabric|alt_sld_fab_alt_sld_fab:alt_sld_fab|alt_sld_fab_alt_sld_fab_sldfabric:sldfabric|sld_jtag_hub:\jtag_hub_gen:real_sld_jtag_hub|tdo ; altera_reserved_tck ; altera_reserved_tck ; 50.000       ; 0.151      ; 2.421      ;
; 47.896 ; sld_hub:auto_hub|alt_sld_fab_with_jtag_input:\instrumentation_fabric_with_node_gen:fabric_gen_new_way:with_jtag_input_gen:instrumentation_fabric|alt_sld_fab:instrumentation_fabric|alt_sld_fab_alt_sld_fab:alt_sld_fab|alt_sld_fab_alt_sld_fab_sldfabric:sldfabric|sld_jtag_hub:\jtag_hub_gen:real_sld_jtag_hub|tdo_bypass_reg                     ; sld_hub:auto_hub|alt_sld_fab_with_jtag_input:\instrumentation_fabric_with_node_gen:fabric_gen_new_way:with_jtag_input_gen:instrumentation_fabric|alt_sld_fab:instrumentation_fabric|alt_sld_fab_alt_sld_fab:alt_sld_fab|alt_sld_fab_alt_sld_fab_sldfabric:sldfabric|sld_jtag_hub:\jtag_hub_gen:real_sld_jtag_hub|tdo ; altera_reserved_tck ; altera_reserved_tck ; 50.000       ; 0.149      ; 2.272      ;
; 48.034 ; sld_hub:auto_hub|alt_sld_fab_with_jtag_input:\instrumentation_fabric_with_node_gen:fabric_gen_new_way:with_jtag_input_gen:instrumentation_fabric|alt_sld_fab:instrumentation_fabric|alt_sld_fab_alt_sld_fab:alt_sld_fab|alt_sld_fab_alt_sld_fab_sldfabric:sldfabric|sld_jtag_hub:\jtag_hub_gen:real_sld_jtag_hub|sld_shadow_jsm:shadow_jsm|state[8] ; sld_hub:auto_hub|alt_sld_fab_with_jtag_input:\instrumentation_fabric_with_node_gen:fabric_gen_new_way:with_jtag_input_gen:instrumentation_fabric|alt_sld_fab:instrumentation_fabric|alt_sld_fab_alt_sld_fab:alt_sld_fab|alt_sld_fab_alt_sld_fab_sldfabric:sldfabric|sld_jtag_hub:\jtag_hub_gen:real_sld_jtag_hub|tdo ; altera_reserved_tck ; altera_reserved_tck ; 50.000       ; 0.149      ; 2.134      ;
; 92.725 ; RAM_IMG:RAM_INST|altsyncram:altsyncram_component|altsyncram_0kh1:auto_generated|altsyncram_2u72:altsyncram1|ram_block3a16~portb_we_reg                                                                                                                                                                                                              ; RAM_IMG:RAM_INST|altsyncram:altsyncram_component|altsyncram_0kh1:auto_generated|sld_mod_ram_rom:mgl_prim2|ram_rom_data_reg[0]                                                                                                                                                                                        ; altera_reserved_tck ; altera_reserved_tck ; 100.000      ; -0.311     ; 6.983      ;
; 93.292 ; RAM_IMG:RAM_INST|altsyncram:altsyncram_component|altsyncram_0kh1:auto_generated|altsyncram_2u72:altsyncram1|ram_block3a11~portb_we_reg                                                                                                                                                                                                              ; RAM_IMG:RAM_INST|altsyncram:altsyncram_component|altsyncram_0kh1:auto_generated|sld_mod_ram_rom:mgl_prim2|ram_rom_data_reg[3]                                                                                                                                                                                        ; altera_reserved_tck ; altera_reserved_tck ; 100.000      ; -0.324     ; 6.403      ;
; 93.303 ; RAM_IMG:RAM_INST|altsyncram:altsyncram_component|altsyncram_0kh1:auto_generated|altsyncram_2u72:altsyncram1|ram_block3a0~portb_we_reg                                                                                                                                                                                                               ; RAM_IMG:RAM_INST|altsyncram:altsyncram_component|altsyncram_0kh1:auto_generated|sld_mod_ram_rom:mgl_prim2|ram_rom_data_reg[0]                                                                                                                                                                                        ; altera_reserved_tck ; altera_reserved_tck ; 100.000      ; -0.325     ; 6.391      ;
; 93.367 ; RAM_IMG:RAM_INST|altsyncram:altsyncram_component|altsyncram_0kh1:auto_generated|altsyncram_2u72:altsyncram1|ram_block3a3~portb_we_reg                                                                                                                                                                                                               ; RAM_IMG:RAM_INST|altsyncram:altsyncram_component|altsyncram_0kh1:auto_generated|sld_mod_ram_rom:mgl_prim2|ram_rom_data_reg[3]                                                                                                                                                                                        ; altera_reserved_tck ; altera_reserved_tck ; 100.000      ; -0.292     ; 6.360      ;
; 93.413 ; sld_hub:auto_hub|alt_sld_fab_with_jtag_input:\instrumentation_fabric_with_node_gen:fabric_gen_new_way:with_jtag_input_gen:instrumentation_fabric|alt_sld_fab:instrumentation_fabric|alt_sld_fab_alt_sld_fab:alt_sld_fab|alt_sld_fab_alt_sld_fab_sldfabric:sldfabric|sld_jtag_hub:\jtag_hub_gen:real_sld_jtag_hub|virtual_ir_scan_reg                ; RAM_IMG:RAM_INST|altsyncram:altsyncram_component|altsyncram_0kh1:auto_generated|altsyncram_2u72:altsyncram1|ram_block3a13~portb_we_reg                                                                                                                                                                               ; altera_reserved_tck ; altera_reserved_tck ; 100.000      ; 0.212      ; 6.849      ;
; 93.489 ; RAM_IMG:RAM_INST|altsyncram:altsyncram_component|altsyncram_0kh1:auto_generated|altsyncram_2u72:altsyncram1|ram_block3a18~portb_we_reg                                                                                                                                                                                                              ; RAM_IMG:RAM_INST|altsyncram:altsyncram_component|altsyncram_0kh1:auto_generated|sld_mod_ram_rom:mgl_prim2|ram_rom_data_reg[2]                                                                                                                                                                                        ; altera_reserved_tck ; altera_reserved_tck ; 100.000      ; -0.330     ; 6.200      ;
; 93.499 ; RAM_IMG:RAM_INST|altsyncram:altsyncram_component|altsyncram_0kh1:auto_generated|altsyncram_2u72:altsyncram1|ram_block3a5~portb_we_reg                                                                                                                                                                                                               ; RAM_IMG:RAM_INST|altsyncram:altsyncram_component|altsyncram_0kh1:auto_generated|sld_mod_ram_rom:mgl_prim2|ram_rom_data_reg[5]                                                                                                                                                                                        ; altera_reserved_tck ; altera_reserved_tck ; 100.000      ; -0.310     ; 6.210      ;
; 93.526 ; sld_hub:auto_hub|alt_sld_fab_with_jtag_input:\instrumentation_fabric_with_node_gen:fabric_gen_new_way:with_jtag_input_gen:instrumentation_fabric|alt_sld_fab:instrumentation_fabric|alt_sld_fab_alt_sld_fab:alt_sld_fab|splitter_nodes_receive_0[3]                                                                                                 ; RAM_IMG:RAM_INST|altsyncram:altsyncram_component|altsyncram_0kh1:auto_generated|altsyncram_2u72:altsyncram1|ram_block3a13~portb_we_reg                                                                                                                                                                               ; altera_reserved_tck ; altera_reserved_tck ; 100.000      ; 0.210      ; 6.734      ;
; 93.540 ; RAM_IMG:RAM_INST|altsyncram:altsyncram_component|altsyncram_0kh1:auto_generated|altsyncram_2u72:altsyncram1|ram_block3a2~portb_we_reg                                                                                                                                                                                                               ; RAM_IMG:RAM_INST|altsyncram:altsyncram_component|altsyncram_0kh1:auto_generated|sld_mod_ram_rom:mgl_prim2|ram_rom_data_reg[2]                                                                                                                                                                                        ; altera_reserved_tck ; altera_reserved_tck ; 100.000      ; -0.323     ; 6.156      ;
; 93.544 ; sld_hub:auto_hub|alt_sld_fab_with_jtag_input:\instrumentation_fabric_with_node_gen:fabric_gen_new_way:with_jtag_input_gen:instrumentation_fabric|alt_sld_fab:instrumentation_fabric|alt_sld_fab_alt_sld_fab:alt_sld_fab|alt_sld_fab_alt_sld_fab_sldfabric:sldfabric|sld_jtag_hub:\jtag_hub_gen:real_sld_jtag_hub|sld_shadow_jsm:shadow_jsm|state[5] ; RAM_IMG:RAM_INST|altsyncram:altsyncram_component|altsyncram_0kh1:auto_generated|altsyncram_2u72:altsyncram1|ram_block3a13~portb_we_reg                                                                                                                                                                               ; altera_reserved_tck ; altera_reserved_tck ; 100.000      ; 0.212      ; 6.718      ;
; 93.547 ; RAM_IMG:RAM_INST|altsyncram:altsyncram_component|altsyncram_0kh1:auto_generated|altsyncram_2u72:altsyncram1|ram_block3a24~portb_we_reg                                                                                                                                                                                                              ; RAM_IMG:RAM_INST|altsyncram:altsyncram_component|altsyncram_0kh1:auto_generated|sld_mod_ram_rom:mgl_prim2|ram_rom_data_reg[0]                                                                                                                                                                                        ; altera_reserved_tck ; altera_reserved_tck ; 100.000      ; -0.335     ; 6.137      ;
; 93.638 ; RAM_IMG:RAM_INST|altsyncram:altsyncram_component|altsyncram_0kh1:auto_generated|altsyncram_2u72:altsyncram1|ram_block3a22~portb_we_reg                                                                                                                                                                                                              ; RAM_IMG:RAM_INST|altsyncram:altsyncram_component|altsyncram_0kh1:auto_generated|sld_mod_ram_rom:mgl_prim2|ram_rom_data_reg[6]                                                                                                                                                                                        ; altera_reserved_tck ; altera_reserved_tck ; 100.000      ; -0.309     ; 6.072      ;
; 93.646 ; RAM_IMG:RAM_INST|altsyncram:altsyncram_component|altsyncram_0kh1:auto_generated|altsyncram_2u72:altsyncram1|ram_block3a4~portb_we_reg                                                                                                                                                                                                               ; RAM_IMG:RAM_INST|altsyncram:altsyncram_component|altsyncram_0kh1:auto_generated|sld_mod_ram_rom:mgl_prim2|ram_rom_data_reg[4]                                                                                                                                                                                        ; altera_reserved_tck ; altera_reserved_tck ; 100.000      ; -0.316     ; 6.057      ;
; 93.650 ; RAM_IMG:RAM_INST|altsyncram:altsyncram_component|altsyncram_0kh1:auto_generated|altsyncram_2u72:altsyncram1|ram_block3a20~portb_we_reg                                                                                                                                                                                                              ; RAM_IMG:RAM_INST|altsyncram:altsyncram_component|altsyncram_0kh1:auto_generated|sld_mod_ram_rom:mgl_prim2|ram_rom_data_reg[4]                                                                                                                                                                                        ; altera_reserved_tck ; altera_reserved_tck ; 100.000      ; -0.329     ; 6.040      ;
; 93.690 ; RAM_IMG:RAM_INST|altsyncram:altsyncram_component|altsyncram_0kh1:auto_generated|altsyncram_2u72:altsyncram1|ram_block3a30~portb_we_reg                                                                                                                                                                                                              ; RAM_IMG:RAM_INST|altsyncram:altsyncram_component|altsyncram_0kh1:auto_generated|sld_mod_ram_rom:mgl_prim2|ram_rom_data_reg[6]                                                                                                                                                                                        ; altera_reserved_tck ; altera_reserved_tck ; 100.000      ; -0.335     ; 5.994      ;
; 93.728 ; RAM_IMG:RAM_INST|altsyncram:altsyncram_component|altsyncram_0kh1:auto_generated|altsyncram_2u72:altsyncram1|ram_block3a6~portb_we_reg                                                                                                                                                                                                               ; RAM_IMG:RAM_INST|altsyncram:altsyncram_component|altsyncram_0kh1:auto_generated|sld_mod_ram_rom:mgl_prim2|ram_rom_data_reg[6]                                                                                                                                                                                        ; altera_reserved_tck ; altera_reserved_tck ; 100.000      ; -0.336     ; 5.955      ;
; 93.775 ; sld_hub:auto_hub|alt_sld_fab_with_jtag_input:\instrumentation_fabric_with_node_gen:fabric_gen_new_way:with_jtag_input_gen:instrumentation_fabric|alt_sld_fab:instrumentation_fabric|alt_sld_fab_alt_sld_fab:alt_sld_fab|alt_sld_fab_alt_sld_fab_sldfabric:sldfabric|sld_jtag_hub:\jtag_hub_gen:real_sld_jtag_hub|virtual_ir_scan_reg                ; RAM_IMG:RAM_INST|altsyncram:altsyncram_component|altsyncram_0kh1:auto_generated|altsyncram_2u72:altsyncram1|ram_block3a12~portb_we_reg                                                                                                                                                                               ; altera_reserved_tck ; altera_reserved_tck ; 100.000      ; 0.200      ; 6.475      ;
; 93.868 ; RAM_IMG:RAM_INST|altsyncram:altsyncram_component|altsyncram_0kh1:auto_generated|altsyncram_2u72:altsyncram1|ram_block3a29~portb_we_reg                                                                                                                                                                                                              ; RAM_IMG:RAM_INST|altsyncram:altsyncram_component|altsyncram_0kh1:auto_generated|sld_mod_ram_rom:mgl_prim2|ram_rom_data_reg[5]                                                                                                                                                                                        ; altera_reserved_tck ; altera_reserved_tck ; 100.000      ; -0.306     ; 5.845      ;
; 93.888 ; sld_hub:auto_hub|alt_sld_fab_with_jtag_input:\instrumentation_fabric_with_node_gen:fabric_gen_new_way:with_jtag_input_gen:instrumentation_fabric|alt_sld_fab:instrumentation_fabric|alt_sld_fab_alt_sld_fab:alt_sld_fab|splitter_nodes_receive_0[3]                                                                                                 ; RAM_IMG:RAM_INST|altsyncram:altsyncram_component|altsyncram_0kh1:auto_generated|altsyncram_2u72:altsyncram1|ram_block3a12~portb_we_reg                                                                                                                                                                               ; altera_reserved_tck ; altera_reserved_tck ; 100.000      ; 0.198      ; 6.360      ;
; 93.906 ; sld_hub:auto_hub|alt_sld_fab_with_jtag_input:\instrumentation_fabric_with_node_gen:fabric_gen_new_way:with_jtag_input_gen:instrumentation_fabric|alt_sld_fab:instrumentation_fabric|alt_sld_fab_alt_sld_fab:alt_sld_fab|alt_sld_fab_alt_sld_fab_sldfabric:sldfabric|sld_jtag_hub:\jtag_hub_gen:real_sld_jtag_hub|sld_shadow_jsm:shadow_jsm|state[5] ; RAM_IMG:RAM_INST|altsyncram:altsyncram_component|altsyncram_0kh1:auto_generated|altsyncram_2u72:altsyncram1|ram_block3a12~portb_we_reg                                                                                                                                                                               ; altera_reserved_tck ; altera_reserved_tck ; 100.000      ; 0.200      ; 6.344      ;
; 93.930 ; RAM_IMG:RAM_INST|altsyncram:altsyncram_component|altsyncram_0kh1:auto_generated|altsyncram_2u72:altsyncram1|ram_block3a8~portb_we_reg                                                                                                                                                                                                               ; RAM_IMG:RAM_INST|altsyncram:altsyncram_component|altsyncram_0kh1:auto_generated|sld_mod_ram_rom:mgl_prim2|ram_rom_data_reg[0]                                                                                                                                                                                        ; altera_reserved_tck ; altera_reserved_tck ; 100.000      ; -0.321     ; 5.768      ;
; 93.971 ; RAM_IMG:RAM_INST|altsyncram:altsyncram_component|altsyncram_0kh1:auto_generated|altsyncram_2u72:altsyncram1|ram_block3a27~portb_we_reg                                                                                                                                                                                                              ; RAM_IMG:RAM_INST|altsyncram:altsyncram_component|altsyncram_0kh1:auto_generated|sld_mod_ram_rom:mgl_prim2|ram_rom_data_reg[3]                                                                                                                                                                                        ; altera_reserved_tck ; altera_reserved_tck ; 100.000      ; -0.289     ; 5.759      ;
; 94.027 ; RAM_IMG:RAM_INST|altsyncram:altsyncram_component|altsyncram_0kh1:auto_generated|altsyncram_2u72:altsyncram1|ram_block3a13~portb_we_reg                                                                                                                                                                                                              ; RAM_IMG:RAM_INST|altsyncram:altsyncram_component|altsyncram_0kh1:auto_generated|sld_mod_ram_rom:mgl_prim2|ram_rom_data_reg[5]                                                                                                                                                                                        ; altera_reserved_tck ; altera_reserved_tck ; 100.000      ; -0.344     ; 5.648      ;
; 94.046 ; sld_hub:auto_hub|alt_sld_fab_with_jtag_input:\instrumentation_fabric_with_node_gen:fabric_gen_new_way:with_jtag_input_gen:instrumentation_fabric|alt_sld_fab:instrumentation_fabric|alt_sld_fab_alt_sld_fab:alt_sld_fab|alt_sld_fab_alt_sld_fab_sldfabric:sldfabric|sld_jtag_hub:\jtag_hub_gen:real_sld_jtag_hub|virtual_ir_scan_reg                ; RAM_IMG:RAM_INST|altsyncram:altsyncram_component|altsyncram_0kh1:auto_generated|altsyncram_2u72:altsyncram1|ram_block3a28~portb_we_reg                                                                                                                                                                               ; altera_reserved_tck ; altera_reserved_tck ; 100.000      ; 0.182      ; 6.186      ;
; 94.072 ; sld_hub:auto_hub|alt_sld_fab_with_jtag_input:\instrumentation_fabric_with_node_gen:fabric_gen_new_way:with_jtag_input_gen:instrumentation_fabric|alt_sld_fab:instrumentation_fabric|alt_sld_fab_alt_sld_fab:alt_sld_fab|alt_sld_fab_alt_sld_fab_sldfabric:sldfabric|sld_jtag_hub:\jtag_hub_gen:real_sld_jtag_hub|virtual_ir_scan_reg                ; RAM_IMG:RAM_INST|altsyncram:altsyncram_component|altsyncram_0kh1:auto_generated|altsyncram_2u72:altsyncram1|ram_block3a21~portb_we_reg                                                                                                                                                                               ; altera_reserved_tck ; altera_reserved_tck ; 100.000      ; 0.213      ; 6.191      ;
; 94.084 ; sld_hub:auto_hub|alt_sld_fab_with_jtag_input:\instrumentation_fabric_with_node_gen:fabric_gen_new_way:with_jtag_input_gen:instrumentation_fabric|alt_sld_fab:instrumentation_fabric|alt_sld_fab_alt_sld_fab:alt_sld_fab|alt_sld_fab_alt_sld_fab_sldfabric:sldfabric|sld_jtag_hub:\jtag_hub_gen:real_sld_jtag_hub|irf_reg[1][2]                      ; RAM_IMG:RAM_INST|altsyncram:altsyncram_component|altsyncram_0kh1:auto_generated|altsyncram_2u72:altsyncram1|ram_block3a13~portb_we_reg                                                                                                                                                                               ; altera_reserved_tck ; altera_reserved_tck ; 100.000      ; 0.212      ; 6.178      ;
; 94.085 ; RAM_IMG:RAM_INST|altsyncram:altsyncram_component|altsyncram_0kh1:auto_generated|altsyncram_2u72:altsyncram1|ram_block3a9~portb_we_reg                                                                                                                                                                                                               ; RAM_IMG:RAM_INST|altsyncram:altsyncram_component|altsyncram_0kh1:auto_generated|sld_mod_ram_rom:mgl_prim2|ram_rom_data_reg[1]                                                                                                                                                                                        ; altera_reserved_tck ; altera_reserved_tck ; 100.000      ; -0.313     ; 5.621      ;
; 94.091 ; RAM_IMG:RAM_INST|altsyncram:altsyncram_component|altsyncram_0kh1:auto_generated|altsyncram_2u72:altsyncram1|ram_block3a37~portb_we_reg                                                                                                                                                                                                              ; RAM_IMG:RAM_INST|altsyncram:altsyncram_component|altsyncram_0kh1:auto_generated|sld_mod_ram_rom:mgl_prim2|ram_rom_data_reg[5]                                                                                                                                                                                        ; altera_reserved_tck ; altera_reserved_tck ; 100.000      ; -0.321     ; 5.607      ;
; 94.093 ; RAM_IMG:RAM_INST|altsyncram:altsyncram_component|altsyncram_0kh1:auto_generated|altsyncram_2u72:altsyncram1|ram_block3a10~portb_we_reg                                                                                                                                                                                                              ; RAM_IMG:RAM_INST|altsyncram:altsyncram_component|altsyncram_0kh1:auto_generated|sld_mod_ram_rom:mgl_prim2|ram_rom_data_reg[2]                                                                                                                                                                                        ; altera_reserved_tck ; altera_reserved_tck ; 100.000      ; -0.312     ; 5.614      ;
; 94.134 ; RAM_IMG:RAM_INST|altsyncram:altsyncram_component|altsyncram_0kh1:auto_generated|altsyncram_2u72:altsyncram1|ram_block3a1~portb_we_reg                                                                                                                                                                                                               ; RAM_IMG:RAM_INST|altsyncram:altsyncram_component|altsyncram_0kh1:auto_generated|sld_mod_ram_rom:mgl_prim2|ram_rom_data_reg[1]                                                                                                                                                                                        ; altera_reserved_tck ; altera_reserved_tck ; 100.000      ; -0.319     ; 5.566      ;
; 94.153 ; RAM_IMG:RAM_INST|altsyncram:altsyncram_component|altsyncram_0kh1:auto_generated|altsyncram_2u72:altsyncram1|ram_block3a35~portb_we_reg                                                                                                                                                                                                              ; RAM_IMG:RAM_INST|altsyncram:altsyncram_component|altsyncram_0kh1:auto_generated|sld_mod_ram_rom:mgl_prim2|ram_rom_data_reg[3]                                                                                                                                                                                        ; altera_reserved_tck ; altera_reserved_tck ; 100.000      ; -0.300     ; 5.566      ;
; 94.159 ; RAM_IMG:RAM_INST|altsyncram:altsyncram_component|altsyncram_0kh1:auto_generated|altsyncram_2u72:altsyncram1|ram_block3a36~portb_we_reg                                                                                                                                                                                                              ; RAM_IMG:RAM_INST|altsyncram:altsyncram_component|altsyncram_0kh1:auto_generated|sld_mod_ram_rom:mgl_prim2|ram_rom_data_reg[4]                                                                                                                                                                                        ; altera_reserved_tck ; altera_reserved_tck ; 100.000      ; -0.318     ; 5.542      ;
; 94.159 ; sld_hub:auto_hub|alt_sld_fab_with_jtag_input:\instrumentation_fabric_with_node_gen:fabric_gen_new_way:with_jtag_input_gen:instrumentation_fabric|alt_sld_fab:instrumentation_fabric|alt_sld_fab_alt_sld_fab:alt_sld_fab|splitter_nodes_receive_0[3]                                                                                                 ; RAM_IMG:RAM_INST|altsyncram:altsyncram_component|altsyncram_0kh1:auto_generated|altsyncram_2u72:altsyncram1|ram_block3a28~portb_we_reg                                                                                                                                                                               ; altera_reserved_tck ; altera_reserved_tck ; 100.000      ; 0.180      ; 6.071      ;
; 94.177 ; sld_hub:auto_hub|alt_sld_fab_with_jtag_input:\instrumentation_fabric_with_node_gen:fabric_gen_new_way:with_jtag_input_gen:instrumentation_fabric|alt_sld_fab:instrumentation_fabric|alt_sld_fab_alt_sld_fab:alt_sld_fab|alt_sld_fab_alt_sld_fab_sldfabric:sldfabric|sld_jtag_hub:\jtag_hub_gen:real_sld_jtag_hub|sld_shadow_jsm:shadow_jsm|state[5] ; RAM_IMG:RAM_INST|altsyncram:altsyncram_component|altsyncram_0kh1:auto_generated|altsyncram_2u72:altsyncram1|ram_block3a28~portb_we_reg                                                                                                                                                                               ; altera_reserved_tck ; altera_reserved_tck ; 100.000      ; 0.182      ; 6.055      ;
; 94.185 ; sld_hub:auto_hub|alt_sld_fab_with_jtag_input:\instrumentation_fabric_with_node_gen:fabric_gen_new_way:with_jtag_input_gen:instrumentation_fabric|alt_sld_fab:instrumentation_fabric|alt_sld_fab_alt_sld_fab:alt_sld_fab|splitter_nodes_receive_0[3]                                                                                                 ; RAM_IMG:RAM_INST|altsyncram:altsyncram_component|altsyncram_0kh1:auto_generated|altsyncram_2u72:altsyncram1|ram_block3a21~portb_we_reg                                                                                                                                                                               ; altera_reserved_tck ; altera_reserved_tck ; 100.000      ; 0.211      ; 6.076      ;
; 94.203 ; sld_hub:auto_hub|alt_sld_fab_with_jtag_input:\instrumentation_fabric_with_node_gen:fabric_gen_new_way:with_jtag_input_gen:instrumentation_fabric|alt_sld_fab:instrumentation_fabric|alt_sld_fab_alt_sld_fab:alt_sld_fab|alt_sld_fab_alt_sld_fab_sldfabric:sldfabric|sld_jtag_hub:\jtag_hub_gen:real_sld_jtag_hub|sld_shadow_jsm:shadow_jsm|state[5] ; RAM_IMG:RAM_INST|altsyncram:altsyncram_component|altsyncram_0kh1:auto_generated|altsyncram_2u72:altsyncram1|ram_block3a21~portb_we_reg                                                                                                                                                                               ; altera_reserved_tck ; altera_reserved_tck ; 100.000      ; 0.213      ; 6.060      ;
; 94.219 ; RAM_IMG:RAM_INST|altsyncram:altsyncram_component|altsyncram_0kh1:auto_generated|altsyncram_2u72:altsyncram1|ram_block3a40~portb_we_reg                                                                                                                                                                                                              ; RAM_IMG:RAM_INST|altsyncram:altsyncram_component|altsyncram_0kh1:auto_generated|sld_mod_ram_rom:mgl_prim2|ram_rom_data_reg[6]                                                                                                                                                                                        ; altera_reserved_tck ; altera_reserved_tck ; 100.000      ; -0.336     ; 5.464      ;
; 94.240 ; RAM_IMG:RAM_INST|altsyncram:altsyncram_component|altsyncram_0kh1:auto_generated|altsyncram_2u72:altsyncram1|ram_block3a15~portb_we_reg                                                                                                                                                                                                              ; RAM_IMG:RAM_INST|altsyncram:altsyncram_component|altsyncram_0kh1:auto_generated|sld_mod_ram_rom:mgl_prim2|ram_rom_data_reg[7]                                                                                                                                                                                        ; altera_reserved_tck ; altera_reserved_tck ; 100.000      ; -0.326     ; 5.453      ;
; 94.245 ; RAM_IMG:RAM_INST|altsyncram:altsyncram_component|altsyncram_0kh1:auto_generated|altsyncram_2u72:altsyncram1|ram_block3a40~portb_we_reg                                                                                                                                                                                                              ; RAM_IMG:RAM_INST|altsyncram:altsyncram_component|altsyncram_0kh1:auto_generated|sld_mod_ram_rom:mgl_prim2|ram_rom_data_reg[5]                                                                                                                                                                                        ; altera_reserved_tck ; altera_reserved_tck ; 100.000      ; -0.336     ; 5.438      ;
; 94.252 ; RAM_IMG:RAM_INST|altsyncram:altsyncram_component|altsyncram_0kh1:auto_generated|altsyncram_2u72:altsyncram1|ram_block3a14~portb_we_reg                                                                                                                                                                                                              ; RAM_IMG:RAM_INST|altsyncram:altsyncram_component|altsyncram_0kh1:auto_generated|sld_mod_ram_rom:mgl_prim2|ram_rom_data_reg[6]                                                                                                                                                                                        ; altera_reserved_tck ; altera_reserved_tck ; 100.000      ; -0.307     ; 5.460      ;
; 94.255 ; RAM_IMG:RAM_INST|altsyncram:altsyncram_component|altsyncram_0kh1:auto_generated|altsyncram_2u72:altsyncram1|ram_block3a7~portb_we_reg                                                                                                                                                                                                               ; RAM_IMG:RAM_INST|altsyncram:altsyncram_component|altsyncram_0kh1:auto_generated|sld_mod_ram_rom:mgl_prim2|ram_rom_data_reg[7]                                                                                                                                                                                        ; altera_reserved_tck ; altera_reserved_tck ; 100.000      ; -0.295     ; 5.469      ;
; 94.285 ; sld_hub:auto_hub|alt_sld_fab_with_jtag_input:\instrumentation_fabric_with_node_gen:fabric_gen_new_way:with_jtag_input_gen:instrumentation_fabric|alt_sld_fab:instrumentation_fabric|alt_sld_fab_alt_sld_fab:alt_sld_fab|alt_sld_fab_alt_sld_fab_sldfabric:sldfabric|sld_jtag_hub:\jtag_hub_gen:real_sld_jtag_hub|virtual_ir_scan_reg                ; RAM_IMG:RAM_INST|altsyncram:altsyncram_component|altsyncram_0kh1:auto_generated|altsyncram_2u72:altsyncram1|ram_block3a6~portb_we_reg                                                                                                                                                                                ; altera_reserved_tck ; altera_reserved_tck ; 100.000      ; 0.204      ; 5.969      ;
; 94.287 ; RAM_IMG:RAM_INST|altsyncram:altsyncram_component|altsyncram_0kh1:auto_generated|altsyncram_2u72:altsyncram1|ram_block3a32~portb_we_reg                                                                                                                                                                                                              ; RAM_IMG:RAM_INST|altsyncram:altsyncram_component|altsyncram_0kh1:auto_generated|sld_mod_ram_rom:mgl_prim2|ram_rom_data_reg[0]                                                                                                                                                                                        ; altera_reserved_tck ; altera_reserved_tck ; 100.000      ; -0.307     ; 5.425      ;
; 94.295 ; RAM_IMG:RAM_INST|altsyncram:altsyncram_component|altsyncram_0kh1:auto_generated|altsyncram_2u72:altsyncram1|ram_block3a19~portb_we_reg                                                                                                                                                                                                              ; RAM_IMG:RAM_INST|altsyncram:altsyncram_component|altsyncram_0kh1:auto_generated|sld_mod_ram_rom:mgl_prim2|ram_rom_data_reg[3]                                                                                                                                                                                        ; altera_reserved_tck ; altera_reserved_tck ; 100.000      ; -0.327     ; 5.397      ;
; 94.295 ; sld_hub:auto_hub|alt_sld_fab_with_jtag_input:\instrumentation_fabric_with_node_gen:fabric_gen_new_way:with_jtag_input_gen:instrumentation_fabric|alt_sld_fab:instrumentation_fabric|alt_sld_fab_alt_sld_fab:alt_sld_fab|alt_sld_fab_alt_sld_fab_sldfabric:sldfabric|sld_jtag_hub:\jtag_hub_gen:real_sld_jtag_hub|virtual_ir_scan_reg                ; RAM_IMG:RAM_INST|altsyncram:altsyncram_component|altsyncram_0kh1:auto_generated|altsyncram_2u72:altsyncram1|ram_block3a0~portb_we_reg                                                                                                                                                                                ; altera_reserved_tck ; altera_reserved_tck ; 100.000      ; 0.193      ; 5.948      ;
; 94.304 ; sld_hub:auto_hub|alt_sld_fab_with_jtag_input:\instrumentation_fabric_with_node_gen:fabric_gen_new_way:with_jtag_input_gen:instrumentation_fabric|alt_sld_fab:instrumentation_fabric|alt_sld_fab_alt_sld_fab:alt_sld_fab|alt_sld_fab_alt_sld_fab_sldfabric:sldfabric|sld_jtag_hub:\jtag_hub_gen:real_sld_jtag_hub|virtual_ir_scan_reg                ; RAM_IMG:RAM_INST|altsyncram:altsyncram_component|altsyncram_0kh1:auto_generated|altsyncram_2u72:altsyncram1|ram_block3a11~portb_we_reg                                                                                                                                                                               ; altera_reserved_tck ; altera_reserved_tck ; 100.000      ; 0.194      ; 5.940      ;
; 94.313 ; sld_hub:auto_hub|alt_sld_fab_with_jtag_input:\instrumentation_fabric_with_node_gen:fabric_gen_new_way:with_jtag_input_gen:instrumentation_fabric|alt_sld_fab:instrumentation_fabric|alt_sld_fab_alt_sld_fab:alt_sld_fab|alt_sld_fab_alt_sld_fab_sldfabric:sldfabric|sld_jtag_hub:\jtag_hub_gen:real_sld_jtag_hub|virtual_ir_scan_reg                ; RAM_IMG:RAM_INST|altsyncram:altsyncram_component|altsyncram_0kh1:auto_generated|altsyncram_2u72:altsyncram1|ram_block3a38~portb_we_reg                                                                                                                                                                               ; altera_reserved_tck ; altera_reserved_tck ; 100.000      ; 0.192      ; 5.929      ;
; 94.353 ; RAM_IMG:RAM_INST|altsyncram:altsyncram_component|altsyncram_0kh1:auto_generated|altsyncram_2u72:altsyncram1|ram_block3a31~portb_we_reg                                                                                                                                                                                                              ; RAM_IMG:RAM_INST|altsyncram:altsyncram_component|altsyncram_0kh1:auto_generated|sld_mod_ram_rom:mgl_prim2|ram_rom_data_reg[7]                                                                                                                                                                                        ; altera_reserved_tck ; altera_reserved_tck ; 100.000      ; -0.298     ; 5.368      ;
; 94.368 ; sld_hub:auto_hub|alt_sld_fab_with_jtag_input:\instrumentation_fabric_with_node_gen:fabric_gen_new_way:with_jtag_input_gen:instrumentation_fabric|alt_sld_fab:instrumentation_fabric|alt_sld_fab_alt_sld_fab:alt_sld_fab|alt_sld_fab_alt_sld_fab_sldfabric:sldfabric|sld_jtag_hub:\jtag_hub_gen:real_sld_jtag_hub|virtual_ir_scan_reg                ; RAM_IMG:RAM_INST|altsyncram:altsyncram_component|altsyncram_0kh1:auto_generated|altsyncram_2u72:altsyncram1|ram_block3a17~portb_we_reg                                                                                                                                                                               ; altera_reserved_tck ; altera_reserved_tck ; 100.000      ; 0.212      ; 5.894      ;
; 94.368 ; sld_hub:auto_hub|alt_sld_fab_with_jtag_input:\instrumentation_fabric_with_node_gen:fabric_gen_new_way:with_jtag_input_gen:instrumentation_fabric|alt_sld_fab:instrumentation_fabric|alt_sld_fab_alt_sld_fab:alt_sld_fab|alt_sld_fab_alt_sld_fab_sldfabric:sldfabric|sld_jtag_hub:\jtag_hub_gen:real_sld_jtag_hub|virtual_ir_scan_reg                ; RAM_IMG:RAM_INST|altsyncram:altsyncram_component|altsyncram_0kh1:auto_generated|altsyncram_2u72:altsyncram1|ram_block3a24~portb_we_reg                                                                                                                                                                               ; altera_reserved_tck ; altera_reserved_tck ; 100.000      ; 0.203      ; 5.885      ;
; 94.378 ; RAM_IMG:RAM_INST|altsyncram:altsyncram_component|altsyncram_0kh1:auto_generated|altsyncram_2u72:altsyncram1|ram_block3a12~portb_we_reg                                                                                                                                                                                                              ; RAM_IMG:RAM_INST|altsyncram:altsyncram_component|altsyncram_0kh1:auto_generated|sld_mod_ram_rom:mgl_prim2|ram_rom_data_reg[4]                                                                                                                                                                                        ; altera_reserved_tck ; altera_reserved_tck ; 100.000      ; -0.331     ; 5.310      ;
; 94.378 ; sld_hub:auto_hub|alt_sld_fab_with_jtag_input:\instrumentation_fabric_with_node_gen:fabric_gen_new_way:with_jtag_input_gen:instrumentation_fabric|alt_sld_fab:instrumentation_fabric|alt_sld_fab_alt_sld_fab:alt_sld_fab|alt_sld_fab_alt_sld_fab_sldfabric:sldfabric|sld_jtag_hub:\jtag_hub_gen:real_sld_jtag_hub|virtual_ir_scan_reg                ; RAM_IMG:RAM_INST|altsyncram:altsyncram_component|altsyncram_0kh1:auto_generated|altsyncram_2u72:altsyncram1|ram_block3a20~portb_we_reg                                                                                                                                                                               ; altera_reserved_tck ; altera_reserved_tck ; 100.000      ; 0.198      ; 5.870      ;
; 94.383 ; sld_hub:auto_hub|alt_sld_fab_with_jtag_input:\instrumentation_fabric_with_node_gen:fabric_gen_new_way:with_jtag_input_gen:instrumentation_fabric|alt_sld_fab:instrumentation_fabric|alt_sld_fab_alt_sld_fab:alt_sld_fab|alt_sld_fab_alt_sld_fab_sldfabric:sldfabric|sld_jtag_hub:\jtag_hub_gen:real_sld_jtag_hub|virtual_ir_scan_reg                ; RAM_IMG:RAM_INST|altsyncram:altsyncram_component|altsyncram_0kh1:auto_generated|altsyncram_2u72:altsyncram1|ram_block3a18~portb_we_reg                                                                                                                                                                               ; altera_reserved_tck ; altera_reserved_tck ; 100.000      ; 0.199      ; 5.866      ;
; 94.398 ; sld_hub:auto_hub|alt_sld_fab_with_jtag_input:\instrumentation_fabric_with_node_gen:fabric_gen_new_way:with_jtag_input_gen:instrumentation_fabric|alt_sld_fab:instrumentation_fabric|alt_sld_fab_alt_sld_fab:alt_sld_fab|splitter_nodes_receive_0[3]                                                                                                 ; RAM_IMG:RAM_INST|altsyncram:altsyncram_component|altsyncram_0kh1:auto_generated|altsyncram_2u72:altsyncram1|ram_block3a6~portb_we_reg                                                                                                                                                                                ; altera_reserved_tck ; altera_reserved_tck ; 100.000      ; 0.202      ; 5.854      ;
; 94.400 ; RAM_IMG:RAM_INST|altsyncram:altsyncram_component|altsyncram_0kh1:auto_generated|altsyncram_2u72:altsyncram1|ram_block3a40~portb_we_reg                                                                                                                                                                                                              ; RAM_IMG:RAM_INST|altsyncram:altsyncram_component|altsyncram_0kh1:auto_generated|sld_mod_ram_rom:mgl_prim2|ram_rom_data_reg[4]                                                                                                                                                                                        ; altera_reserved_tck ; altera_reserved_tck ; 100.000      ; -0.336     ; 5.283      ;
; 94.408 ; sld_hub:auto_hub|alt_sld_fab_with_jtag_input:\instrumentation_fabric_with_node_gen:fabric_gen_new_way:with_jtag_input_gen:instrumentation_fabric|alt_sld_fab:instrumentation_fabric|alt_sld_fab_alt_sld_fab:alt_sld_fab|splitter_nodes_receive_0[3]                                                                                                 ; RAM_IMG:RAM_INST|altsyncram:altsyncram_component|altsyncram_0kh1:auto_generated|altsyncram_2u72:altsyncram1|ram_block3a0~portb_we_reg                                                                                                                                                                                ; altera_reserved_tck ; altera_reserved_tck ; 100.000      ; 0.191      ; 5.833      ;
; 94.416 ; sld_hub:auto_hub|alt_sld_fab_with_jtag_input:\instrumentation_fabric_with_node_gen:fabric_gen_new_way:with_jtag_input_gen:instrumentation_fabric|alt_sld_fab:instrumentation_fabric|alt_sld_fab_alt_sld_fab:alt_sld_fab|alt_sld_fab_alt_sld_fab_sldfabric:sldfabric|sld_jtag_hub:\jtag_hub_gen:real_sld_jtag_hub|sld_shadow_jsm:shadow_jsm|state[5] ; RAM_IMG:RAM_INST|altsyncram:altsyncram_component|altsyncram_0kh1:auto_generated|altsyncram_2u72:altsyncram1|ram_block3a6~portb_we_reg                                                                                                                                                                                ; altera_reserved_tck ; altera_reserved_tck ; 100.000      ; 0.204      ; 5.838      ;
; 94.417 ; sld_hub:auto_hub|alt_sld_fab_with_jtag_input:\instrumentation_fabric_with_node_gen:fabric_gen_new_way:with_jtag_input_gen:instrumentation_fabric|alt_sld_fab:instrumentation_fabric|alt_sld_fab_alt_sld_fab:alt_sld_fab|splitter_nodes_receive_0[3]                                                                                                 ; RAM_IMG:RAM_INST|altsyncram:altsyncram_component|altsyncram_0kh1:auto_generated|altsyncram_2u72:altsyncram1|ram_block3a11~portb_we_reg                                                                                                                                                                               ; altera_reserved_tck ; altera_reserved_tck ; 100.000      ; 0.192      ; 5.825      ;
; 94.426 ; sld_hub:auto_hub|alt_sld_fab_with_jtag_input:\instrumentation_fabric_with_node_gen:fabric_gen_new_way:with_jtag_input_gen:instrumentation_fabric|alt_sld_fab:instrumentation_fabric|alt_sld_fab_alt_sld_fab:alt_sld_fab|alt_sld_fab_alt_sld_fab_sldfabric:sldfabric|sld_jtag_hub:\jtag_hub_gen:real_sld_jtag_hub|sld_shadow_jsm:shadow_jsm|state[5] ; RAM_IMG:RAM_INST|altsyncram:altsyncram_component|altsyncram_0kh1:auto_generated|altsyncram_2u72:altsyncram1|ram_block3a0~portb_we_reg                                                                                                                                                                                ; altera_reserved_tck ; altera_reserved_tck ; 100.000      ; 0.193      ; 5.817      ;
; 94.426 ; sld_hub:auto_hub|alt_sld_fab_with_jtag_input:\instrumentation_fabric_with_node_gen:fabric_gen_new_way:with_jtag_input_gen:instrumentation_fabric|alt_sld_fab:instrumentation_fabric|alt_sld_fab_alt_sld_fab:alt_sld_fab|splitter_nodes_receive_0[3]                                                                                                 ; RAM_IMG:RAM_INST|altsyncram:altsyncram_component|altsyncram_0kh1:auto_generated|altsyncram_2u72:altsyncram1|ram_block3a38~portb_we_reg                                                                                                                                                                               ; altera_reserved_tck ; altera_reserved_tck ; 100.000      ; 0.190      ; 5.814      ;
; 94.435 ; sld_hub:auto_hub|alt_sld_fab_with_jtag_input:\instrumentation_fabric_with_node_gen:fabric_gen_new_way:with_jtag_input_gen:instrumentation_fabric|alt_sld_fab:instrumentation_fabric|alt_sld_fab_alt_sld_fab:alt_sld_fab|alt_sld_fab_alt_sld_fab_sldfabric:sldfabric|sld_jtag_hub:\jtag_hub_gen:real_sld_jtag_hub|sld_shadow_jsm:shadow_jsm|state[5] ; RAM_IMG:RAM_INST|altsyncram:altsyncram_component|altsyncram_0kh1:auto_generated|altsyncram_2u72:altsyncram1|ram_block3a11~portb_we_reg                                                                                                                                                                               ; altera_reserved_tck ; altera_reserved_tck ; 100.000      ; 0.194      ; 5.809      ;
; 94.444 ; sld_hub:auto_hub|alt_sld_fab_with_jtag_input:\instrumentation_fabric_with_node_gen:fabric_gen_new_way:with_jtag_input_gen:instrumentation_fabric|alt_sld_fab:instrumentation_fabric|alt_sld_fab_alt_sld_fab:alt_sld_fab|alt_sld_fab_alt_sld_fab_sldfabric:sldfabric|sld_jtag_hub:\jtag_hub_gen:real_sld_jtag_hub|sld_shadow_jsm:shadow_jsm|state[5] ; RAM_IMG:RAM_INST|altsyncram:altsyncram_component|altsyncram_0kh1:auto_generated|altsyncram_2u72:altsyncram1|ram_block3a38~portb_we_reg                                                                                                                                                                               ; altera_reserved_tck ; altera_reserved_tck ; 100.000      ; 0.192      ; 5.798      ;
; 94.446 ; sld_hub:auto_hub|alt_sld_fab_with_jtag_input:\instrumentation_fabric_with_node_gen:fabric_gen_new_way:with_jtag_input_gen:instrumentation_fabric|alt_sld_fab:instrumentation_fabric|alt_sld_fab_alt_sld_fab:alt_sld_fab|alt_sld_fab_alt_sld_fab_sldfabric:sldfabric|sld_jtag_hub:\jtag_hub_gen:real_sld_jtag_hub|irf_reg[1][2]                      ; RAM_IMG:RAM_INST|altsyncram:altsyncram_component|altsyncram_0kh1:auto_generated|altsyncram_2u72:altsyncram1|ram_block3a12~portb_we_reg                                                                                                                                                                               ; altera_reserved_tck ; altera_reserved_tck ; 100.000      ; 0.200      ; 5.804      ;
; 94.463 ; RAM_IMG:RAM_INST|altsyncram:altsyncram_component|altsyncram_0kh1:auto_generated|altsyncram_2u72:altsyncram1|ram_block3a25~portb_we_reg                                                                                                                                                                                                              ; RAM_IMG:RAM_INST|altsyncram:altsyncram_component|altsyncram_0kh1:auto_generated|sld_mod_ram_rom:mgl_prim2|ram_rom_data_reg[1]                                                                                                                                                                                        ; altera_reserved_tck ; altera_reserved_tck ; 100.000      ; -0.318     ; 5.238      ;
; 94.481 ; sld_hub:auto_hub|alt_sld_fab_with_jtag_input:\instrumentation_fabric_with_node_gen:fabric_gen_new_way:with_jtag_input_gen:instrumentation_fabric|alt_sld_fab:instrumentation_fabric|alt_sld_fab_alt_sld_fab:alt_sld_fab|splitter_nodes_receive_0[3]                                                                                                 ; RAM_IMG:RAM_INST|altsyncram:altsyncram_component|altsyncram_0kh1:auto_generated|altsyncram_2u72:altsyncram1|ram_block3a17~portb_we_reg                                                                                                                                                                               ; altera_reserved_tck ; altera_reserved_tck ; 100.000      ; 0.210      ; 5.779      ;
; 94.481 ; sld_hub:auto_hub|alt_sld_fab_with_jtag_input:\instrumentation_fabric_with_node_gen:fabric_gen_new_way:with_jtag_input_gen:instrumentation_fabric|alt_sld_fab:instrumentation_fabric|alt_sld_fab_alt_sld_fab:alt_sld_fab|splitter_nodes_receive_0[3]                                                                                                 ; RAM_IMG:RAM_INST|altsyncram:altsyncram_component|altsyncram_0kh1:auto_generated|altsyncram_2u72:altsyncram1|ram_block3a24~portb_we_reg                                                                                                                                                                               ; altera_reserved_tck ; altera_reserved_tck ; 100.000      ; 0.201      ; 5.770      ;
; 94.491 ; sld_hub:auto_hub|alt_sld_fab_with_jtag_input:\instrumentation_fabric_with_node_gen:fabric_gen_new_way:with_jtag_input_gen:instrumentation_fabric|alt_sld_fab:instrumentation_fabric|alt_sld_fab_alt_sld_fab:alt_sld_fab|splitter_nodes_receive_0[3]                                                                                                 ; RAM_IMG:RAM_INST|altsyncram:altsyncram_component|altsyncram_0kh1:auto_generated|altsyncram_2u72:altsyncram1|ram_block3a20~portb_we_reg                                                                                                                                                                               ; altera_reserved_tck ; altera_reserved_tck ; 100.000      ; 0.196      ; 5.755      ;
; 94.493 ; RAM_IMG:RAM_INST|altsyncram:altsyncram_component|altsyncram_0kh1:auto_generated|altsyncram_2u72:altsyncram1|ram_block3a39~portb_we_reg                                                                                                                                                                                                              ; RAM_IMG:RAM_INST|altsyncram:altsyncram_component|altsyncram_0kh1:auto_generated|sld_mod_ram_rom:mgl_prim2|ram_rom_data_reg[7]                                                                                                                                                                                        ; altera_reserved_tck ; altera_reserved_tck ; 100.000      ; -0.303     ; 5.223      ;
; 94.496 ; sld_hub:auto_hub|alt_sld_fab_with_jtag_input:\instrumentation_fabric_with_node_gen:fabric_gen_new_way:with_jtag_input_gen:instrumentation_fabric|alt_sld_fab:instrumentation_fabric|alt_sld_fab_alt_sld_fab:alt_sld_fab|splitter_nodes_receive_0[3]                                                                                                 ; RAM_IMG:RAM_INST|altsyncram:altsyncram_component|altsyncram_0kh1:auto_generated|altsyncram_2u72:altsyncram1|ram_block3a18~portb_we_reg                                                                                                                                                                               ; altera_reserved_tck ; altera_reserved_tck ; 100.000      ; 0.197      ; 5.751      ;
; 94.497 ; RAM_IMG:RAM_INST|altsyncram:altsyncram_component|altsyncram_0kh1:auto_generated|altsyncram_2u72:altsyncram1|ram_block3a26~portb_we_reg                                                                                                                                                                                                              ; RAM_IMG:RAM_INST|altsyncram:altsyncram_component|altsyncram_0kh1:auto_generated|sld_mod_ram_rom:mgl_prim2|ram_rom_data_reg[2]                                                                                                                                                                                        ; altera_reserved_tck ; altera_reserved_tck ; 100.000      ; -0.305     ; 5.217      ;
; 94.499 ; sld_hub:auto_hub|alt_sld_fab_with_jtag_input:\instrumentation_fabric_with_node_gen:fabric_gen_new_way:with_jtag_input_gen:instrumentation_fabric|alt_sld_fab:instrumentation_fabric|alt_sld_fab_alt_sld_fab:alt_sld_fab|alt_sld_fab_alt_sld_fab_sldfabric:sldfabric|sld_jtag_hub:\jtag_hub_gen:real_sld_jtag_hub|sld_shadow_jsm:shadow_jsm|state[5] ; RAM_IMG:RAM_INST|altsyncram:altsyncram_component|altsyncram_0kh1:auto_generated|altsyncram_2u72:altsyncram1|ram_block3a17~portb_we_reg                                                                                                                                                                               ; altera_reserved_tck ; altera_reserved_tck ; 100.000      ; 0.212      ; 5.763      ;
; 94.499 ; sld_hub:auto_hub|alt_sld_fab_with_jtag_input:\instrumentation_fabric_with_node_gen:fabric_gen_new_way:with_jtag_input_gen:instrumentation_fabric|alt_sld_fab:instrumentation_fabric|alt_sld_fab_alt_sld_fab:alt_sld_fab|alt_sld_fab_alt_sld_fab_sldfabric:sldfabric|sld_jtag_hub:\jtag_hub_gen:real_sld_jtag_hub|sld_shadow_jsm:shadow_jsm|state[5] ; RAM_IMG:RAM_INST|altsyncram:altsyncram_component|altsyncram_0kh1:auto_generated|altsyncram_2u72:altsyncram1|ram_block3a24~portb_we_reg                                                                                                                                                                               ; altera_reserved_tck ; altera_reserved_tck ; 100.000      ; 0.203      ; 5.754      ;
; 94.509 ; sld_hub:auto_hub|alt_sld_fab_with_jtag_input:\instrumentation_fabric_with_node_gen:fabric_gen_new_way:with_jtag_input_gen:instrumentation_fabric|alt_sld_fab:instrumentation_fabric|alt_sld_fab_alt_sld_fab:alt_sld_fab|alt_sld_fab_alt_sld_fab_sldfabric:sldfabric|sld_jtag_hub:\jtag_hub_gen:real_sld_jtag_hub|sld_shadow_jsm:shadow_jsm|state[5] ; RAM_IMG:RAM_INST|altsyncram:altsyncram_component|altsyncram_0kh1:auto_generated|altsyncram_2u72:altsyncram1|ram_block3a20~portb_we_reg                                                                                                                                                                               ; altera_reserved_tck ; altera_reserved_tck ; 100.000      ; 0.198      ; 5.739      ;
; 94.514 ; sld_hub:auto_hub|alt_sld_fab_with_jtag_input:\instrumentation_fabric_with_node_gen:fabric_gen_new_way:with_jtag_input_gen:instrumentation_fabric|alt_sld_fab:instrumentation_fabric|alt_sld_fab_alt_sld_fab:alt_sld_fab|alt_sld_fab_alt_sld_fab_sldfabric:sldfabric|sld_jtag_hub:\jtag_hub_gen:real_sld_jtag_hub|sld_shadow_jsm:shadow_jsm|state[5] ; RAM_IMG:RAM_INST|altsyncram:altsyncram_component|altsyncram_0kh1:auto_generated|altsyncram_2u72:altsyncram1|ram_block3a18~portb_we_reg                                                                                                                                                                               ; altera_reserved_tck ; altera_reserved_tck ; 100.000      ; 0.199      ; 5.735      ;
; 94.520 ; RAM_IMG:RAM_INST|altsyncram:altsyncram_component|altsyncram_0kh1:auto_generated|altsyncram_2u72:altsyncram1|ram_block3a23~portb_we_reg                                                                                                                                                                                                              ; RAM_IMG:RAM_INST|altsyncram:altsyncram_component|altsyncram_0kh1:auto_generated|sld_mod_ram_rom:mgl_prim2|ram_rom_data_reg[7]                                                                                                                                                                                        ; altera_reserved_tck ; altera_reserved_tck ; 100.000      ; -0.326     ; 5.173      ;
; 94.531 ; RAM_IMG:RAM_INST|altsyncram:altsyncram_component|altsyncram_0kh1:auto_generated|altsyncram_2u72:altsyncram1|ram_block3a40~portb_we_reg                                                                                                                                                                                                              ; RAM_IMG:RAM_INST|altsyncram:altsyncram_component|altsyncram_0kh1:auto_generated|sld_mod_ram_rom:mgl_prim2|ram_rom_data_reg[0]                                                                                                                                                                                        ; altera_reserved_tck ; altera_reserved_tck ; 100.000      ; -0.336     ; 5.152      ;
; 94.563 ; RAM_IMG:RAM_INST|altsyncram:altsyncram_component|altsyncram_0kh1:auto_generated|altsyncram_2u72:altsyncram1|ram_block3a28~portb_we_reg                                                                                                                                                                                                              ; RAM_IMG:RAM_INST|altsyncram:altsyncram_component|altsyncram_0kh1:auto_generated|sld_mod_ram_rom:mgl_prim2|ram_rom_data_reg[4]                                                                                                                                                                                        ; altera_reserved_tck ; altera_reserved_tck ; 100.000      ; -0.313     ; 5.143      ;
; 94.573 ; sld_hub:auto_hub|alt_sld_fab_with_jtag_input:\instrumentation_fabric_with_node_gen:fabric_gen_new_way:with_jtag_input_gen:instrumentation_fabric|alt_sld_fab:instrumentation_fabric|alt_sld_fab_alt_sld_fab:alt_sld_fab|alt_sld_fab_alt_sld_fab_sldfabric:sldfabric|sld_jtag_hub:\jtag_hub_gen:real_sld_jtag_hub|virtual_ir_scan_reg                ; RAM_IMG:RAM_INST|altsyncram:altsyncram_component|altsyncram_0kh1:auto_generated|altsyncram_2u72:altsyncram1|ram_block3a29~portb_we_reg                                                                                                                                                                               ; altera_reserved_tck ; altera_reserved_tck ; 100.000      ; 0.176      ; 5.653      ;
; 94.593 ; sld_hub:auto_hub|alt_sld_fab_with_jtag_input:\instrumentation_fabric_with_node_gen:fabric_gen_new_way:with_jtag_input_gen:instrumentation_fabric|alt_sld_fab:instrumentation_fabric|alt_sld_fab_alt_sld_fab:alt_sld_fab|alt_sld_fab_alt_sld_fab_sldfabric:sldfabric|sld_jtag_hub:\jtag_hub_gen:real_sld_jtag_hub|virtual_ir_scan_reg                ; RAM_IMG:RAM_INST|altsyncram:altsyncram_component|altsyncram_0kh1:auto_generated|altsyncram_2u72:altsyncram1|ram_block3a2~portb_we_reg                                                                                                                                                                                ; altera_reserved_tck ; altera_reserved_tck ; 100.000      ; 0.191      ; 5.648      ;
; 94.608 ; RAM_IMG:RAM_INST|altsyncram:altsyncram_component|altsyncram_0kh1:auto_generated|altsyncram_2u72:altsyncram1|ram_block3a33~portb_we_reg                                                                                                                                                                                                              ; RAM_IMG:RAM_INST|altsyncram:altsyncram_component|altsyncram_0kh1:auto_generated|sld_mod_ram_rom:mgl_prim2|ram_rom_data_reg[1]                                                                                                                                                                                        ; altera_reserved_tck ; altera_reserved_tck ; 100.000      ; -0.326     ; 5.085      ;
; 94.616 ; RAM_IMG:RAM_INST|altsyncram:altsyncram_component|altsyncram_0kh1:auto_generated|altsyncram_2u72:altsyncram1|ram_block3a21~portb_we_reg                                                                                                                                                                                                              ; RAM_IMG:RAM_INST|altsyncram:altsyncram_component|altsyncram_0kh1:auto_generated|sld_mod_ram_rom:mgl_prim2|ram_rom_data_reg[5]                                                                                                                                                                                        ; altera_reserved_tck ; altera_reserved_tck ; 100.000      ; -0.344     ; 5.059      ;
+--------+-----------------------------------------------------------------------------------------------------------------------------------------------------------------------------------------------------------------------------------------------------------------------------------------------------------------------------------------------------+----------------------------------------------------------------------------------------------------------------------------------------------------------------------------------------------------------------------------------------------------------------------------------------------------------------------+---------------------+---------------------+--------------+------------+------------+


+------------------------------------------------------------------------------------------------------------------------------------------------------------------------------------------------------------------------------------------------------------------------------------------------------------------------------------------------------------------------------------------------------------------------------------------------------------------------------------------------------------------------------------------------------------------------------------------------------------------------------------------------------------------------------------------------------------------------------------------------------------------------------------------------------------+
; Slow 1200mV 0C Model Hold: 'altera_reserved_tck'                                                                                                                                                                                                                                                                                                                                                                                                                                                                                                                                                                                                                                                                                                                                                           ;
+-------+-------------------------------------------------------------------------------------------------------------------------------------------------------------------------------------------------------------------------------------------------------------------------------------------------------------------------------------------------------+-------------------------------------------------------------------------------------------------------------------------------------------------------------------------------------------------------------------------------------------------------------------------------------------------------------------------------------------------------+---------------------+---------------------+--------------+------------+------------+
; Slack ; From Node                                                                                                                                                                                                                                                                                                                                             ; To Node                                                                                                                                                                                                                                                                                                                                               ; Launch Clock        ; Latch Clock         ; Relationship ; Clock Skew ; Data Delay ;
+-------+-------------------------------------------------------------------------------------------------------------------------------------------------------------------------------------------------------------------------------------------------------------------------------------------------------------------------------------------------------+-------------------------------------------------------------------------------------------------------------------------------------------------------------------------------------------------------------------------------------------------------------------------------------------------------------------------------------------------------+---------------------+---------------------+--------------+------------+------------+
; 0.354 ; sld_hub:auto_hub|alt_sld_fab_with_jtag_input:\instrumentation_fabric_with_node_gen:fabric_gen_new_way:with_jtag_input_gen:instrumentation_fabric|alt_sld_fab:instrumentation_fabric|alt_sld_fab_alt_sld_fab:alt_sld_fab|alt_sld_fab_alt_sld_fab_sldfabric:sldfabric|sld_jtag_hub:\jtag_hub_gen:real_sld_jtag_hub|irsr_reg[8]                          ; sld_hub:auto_hub|alt_sld_fab_with_jtag_input:\instrumentation_fabric_with_node_gen:fabric_gen_new_way:with_jtag_input_gen:instrumentation_fabric|alt_sld_fab:instrumentation_fabric|alt_sld_fab_alt_sld_fab:alt_sld_fab|alt_sld_fab_alt_sld_fab_sldfabric:sldfabric|sld_jtag_hub:\jtag_hub_gen:real_sld_jtag_hub|irsr_reg[8]                          ; altera_reserved_tck ; altera_reserved_tck ; 0.000        ; 0.072      ; 0.597      ;
; 0.354 ; sld_hub:auto_hub|alt_sld_fab_with_jtag_input:\instrumentation_fabric_with_node_gen:fabric_gen_new_way:with_jtag_input_gen:instrumentation_fabric|alt_sld_fab:instrumentation_fabric|alt_sld_fab_alt_sld_fab:alt_sld_fab|alt_sld_fab_alt_sld_fab_sldfabric:sldfabric|sld_jtag_hub:\jtag_hub_gen:real_sld_jtag_hub|irsr_reg[3]                          ; sld_hub:auto_hub|alt_sld_fab_with_jtag_input:\instrumentation_fabric_with_node_gen:fabric_gen_new_way:with_jtag_input_gen:instrumentation_fabric|alt_sld_fab:instrumentation_fabric|alt_sld_fab_alt_sld_fab:alt_sld_fab|alt_sld_fab_alt_sld_fab_sldfabric:sldfabric|sld_jtag_hub:\jtag_hub_gen:real_sld_jtag_hub|irsr_reg[3]                          ; altera_reserved_tck ; altera_reserved_tck ; 0.000        ; 0.072      ; 0.597      ;
; 0.354 ; sld_hub:auto_hub|alt_sld_fab_with_jtag_input:\instrumentation_fabric_with_node_gen:fabric_gen_new_way:with_jtag_input_gen:instrumentation_fabric|alt_sld_fab:instrumentation_fabric|alt_sld_fab_alt_sld_fab:alt_sld_fab|alt_sld_fab_alt_sld_fab_sldfabric:sldfabric|sld_jtag_hub:\jtag_hub_gen:real_sld_jtag_hub|hub_mode_reg[0]                      ; sld_hub:auto_hub|alt_sld_fab_with_jtag_input:\instrumentation_fabric_with_node_gen:fabric_gen_new_way:with_jtag_input_gen:instrumentation_fabric|alt_sld_fab:instrumentation_fabric|alt_sld_fab_alt_sld_fab:alt_sld_fab|alt_sld_fab_alt_sld_fab_sldfabric:sldfabric|sld_jtag_hub:\jtag_hub_gen:real_sld_jtag_hub|hub_mode_reg[0]                      ; altera_reserved_tck ; altera_reserved_tck ; 0.000        ; 0.072      ; 0.597      ;
; 0.354 ; sld_hub:auto_hub|alt_sld_fab_with_jtag_input:\instrumentation_fabric_with_node_gen:fabric_gen_new_way:with_jtag_input_gen:instrumentation_fabric|alt_sld_fab:instrumentation_fabric|alt_sld_fab_alt_sld_fab:alt_sld_fab|alt_sld_fab_alt_sld_fab_sldfabric:sldfabric|sld_jtag_hub:\jtag_hub_gen:real_sld_jtag_hub|hub_mode_reg[2]                      ; sld_hub:auto_hub|alt_sld_fab_with_jtag_input:\instrumentation_fabric_with_node_gen:fabric_gen_new_way:with_jtag_input_gen:instrumentation_fabric|alt_sld_fab:instrumentation_fabric|alt_sld_fab_alt_sld_fab:alt_sld_fab|alt_sld_fab_alt_sld_fab_sldfabric:sldfabric|sld_jtag_hub:\jtag_hub_gen:real_sld_jtag_hub|hub_mode_reg[2]                      ; altera_reserved_tck ; altera_reserved_tck ; 0.000        ; 0.072      ; 0.597      ;
; 0.354 ; sld_hub:auto_hub|alt_sld_fab_with_jtag_input:\instrumentation_fabric_with_node_gen:fabric_gen_new_way:with_jtag_input_gen:instrumentation_fabric|alt_sld_fab:instrumentation_fabric|alt_sld_fab_alt_sld_fab:alt_sld_fab|alt_sld_fab_alt_sld_fab_sldfabric:sldfabric|sld_jtag_hub:\jtag_hub_gen:real_sld_jtag_hub|hub_mode_reg[1]                      ; sld_hub:auto_hub|alt_sld_fab_with_jtag_input:\instrumentation_fabric_with_node_gen:fabric_gen_new_way:with_jtag_input_gen:instrumentation_fabric|alt_sld_fab:instrumentation_fabric|alt_sld_fab_alt_sld_fab:alt_sld_fab|alt_sld_fab_alt_sld_fab_sldfabric:sldfabric|sld_jtag_hub:\jtag_hub_gen:real_sld_jtag_hub|hub_mode_reg[1]                      ; altera_reserved_tck ; altera_reserved_tck ; 0.000        ; 0.072      ; 0.597      ;
; 0.354 ; sld_hub:auto_hub|alt_sld_fab_with_jtag_input:\instrumentation_fabric_with_node_gen:fabric_gen_new_way:with_jtag_input_gen:instrumentation_fabric|alt_sld_fab:instrumentation_fabric|alt_sld_fab_alt_sld_fab:alt_sld_fab|splitter_nodes_receive_0[3]                                                                                                   ; sld_hub:auto_hub|alt_sld_fab_with_jtag_input:\instrumentation_fabric_with_node_gen:fabric_gen_new_way:with_jtag_input_gen:instrumentation_fabric|alt_sld_fab:instrumentation_fabric|alt_sld_fab_alt_sld_fab:alt_sld_fab|splitter_nodes_receive_0[3]                                                                                                   ; altera_reserved_tck ; altera_reserved_tck ; 0.000        ; 0.072      ; 0.597      ;
; 0.354 ; sld_hub:auto_hub|alt_sld_fab_with_jtag_input:\instrumentation_fabric_with_node_gen:fabric_gen_new_way:with_jtag_input_gen:instrumentation_fabric|alt_sld_fab:instrumentation_fabric|alt_sld_fab_alt_sld_fab:alt_sld_fab|alt_sld_fab_alt_sld_fab_sldfabric:sldfabric|sld_jtag_hub:\jtag_hub_gen:real_sld_jtag_hub|tdo_bypass_reg                       ; sld_hub:auto_hub|alt_sld_fab_with_jtag_input:\instrumentation_fabric_with_node_gen:fabric_gen_new_way:with_jtag_input_gen:instrumentation_fabric|alt_sld_fab:instrumentation_fabric|alt_sld_fab_alt_sld_fab:alt_sld_fab|alt_sld_fab_alt_sld_fab_sldfabric:sldfabric|sld_jtag_hub:\jtag_hub_gen:real_sld_jtag_hub|tdo_bypass_reg                       ; altera_reserved_tck ; altera_reserved_tck ; 0.000        ; 0.072      ; 0.597      ;
; 0.354 ; sld_hub:auto_hub|alt_sld_fab_with_jtag_input:\instrumentation_fabric_with_node_gen:fabric_gen_new_way:with_jtag_input_gen:instrumentation_fabric|alt_sld_fab:instrumentation_fabric|alt_sld_fab_alt_sld_fab:alt_sld_fab|alt_sld_fab_alt_sld_fab_sldfabric:sldfabric|sld_jtag_hub:\jtag_hub_gen:real_sld_jtag_hub|sld_shadow_jsm:shadow_jsm|state[11]  ; sld_hub:auto_hub|alt_sld_fab_with_jtag_input:\instrumentation_fabric_with_node_gen:fabric_gen_new_way:with_jtag_input_gen:instrumentation_fabric|alt_sld_fab:instrumentation_fabric|alt_sld_fab_alt_sld_fab:alt_sld_fab|alt_sld_fab_alt_sld_fab_sldfabric:sldfabric|sld_jtag_hub:\jtag_hub_gen:real_sld_jtag_hub|sld_shadow_jsm:shadow_jsm|state[11]  ; altera_reserved_tck ; altera_reserved_tck ; 0.000        ; 0.072      ; 0.597      ;
; 0.354 ; sld_hub:auto_hub|alt_sld_fab_with_jtag_input:\instrumentation_fabric_with_node_gen:fabric_gen_new_way:with_jtag_input_gen:instrumentation_fabric|alt_sld_fab:instrumentation_fabric|alt_sld_fab_alt_sld_fab:alt_sld_fab|alt_sld_fab_alt_sld_fab_sldfabric:sldfabric|sld_jtag_hub:\jtag_hub_gen:real_sld_jtag_hub|sld_shadow_jsm:shadow_jsm|state[13]  ; sld_hub:auto_hub|alt_sld_fab_with_jtag_input:\instrumentation_fabric_with_node_gen:fabric_gen_new_way:with_jtag_input_gen:instrumentation_fabric|alt_sld_fab:instrumentation_fabric|alt_sld_fab_alt_sld_fab:alt_sld_fab|alt_sld_fab_alt_sld_fab_sldfabric:sldfabric|sld_jtag_hub:\jtag_hub_gen:real_sld_jtag_hub|sld_shadow_jsm:shadow_jsm|state[13]  ; altera_reserved_tck ; altera_reserved_tck ; 0.000        ; 0.072      ; 0.597      ;
; 0.354 ; sld_hub:auto_hub|alt_sld_fab_with_jtag_input:\instrumentation_fabric_with_node_gen:fabric_gen_new_way:with_jtag_input_gen:instrumentation_fabric|alt_sld_fab:instrumentation_fabric|alt_sld_fab_alt_sld_fab:alt_sld_fab|alt_sld_fab_alt_sld_fab_sldfabric:sldfabric|sld_jtag_hub:\jtag_hub_gen:real_sld_jtag_hub|sld_shadow_jsm:shadow_jsm|state[4]   ; sld_hub:auto_hub|alt_sld_fab_with_jtag_input:\instrumentation_fabric_with_node_gen:fabric_gen_new_way:with_jtag_input_gen:instrumentation_fabric|alt_sld_fab:instrumentation_fabric|alt_sld_fab_alt_sld_fab:alt_sld_fab|alt_sld_fab_alt_sld_fab_sldfabric:sldfabric|sld_jtag_hub:\jtag_hub_gen:real_sld_jtag_hub|sld_shadow_jsm:shadow_jsm|state[4]   ; altera_reserved_tck ; altera_reserved_tck ; 0.000        ; 0.072      ; 0.597      ;
; 0.354 ; sld_hub:auto_hub|alt_sld_fab_with_jtag_input:\instrumentation_fabric_with_node_gen:fabric_gen_new_way:with_jtag_input_gen:instrumentation_fabric|alt_sld_fab:instrumentation_fabric|alt_sld_fab_alt_sld_fab:alt_sld_fab|alt_sld_fab_alt_sld_fab_sldfabric:sldfabric|sld_jtag_hub:\jtag_hub_gen:real_sld_jtag_hub|sld_shadow_jsm:shadow_jsm|state[1]   ; sld_hub:auto_hub|alt_sld_fab_with_jtag_input:\instrumentation_fabric_with_node_gen:fabric_gen_new_way:with_jtag_input_gen:instrumentation_fabric|alt_sld_fab:instrumentation_fabric|alt_sld_fab_alt_sld_fab:alt_sld_fab|alt_sld_fab_alt_sld_fab_sldfabric:sldfabric|sld_jtag_hub:\jtag_hub_gen:real_sld_jtag_hub|sld_shadow_jsm:shadow_jsm|state[1]   ; altera_reserved_tck ; altera_reserved_tck ; 0.000        ; 0.072      ; 0.597      ;
; 0.354 ; sld_hub:auto_hub|alt_sld_fab_with_jtag_input:\instrumentation_fabric_with_node_gen:fabric_gen_new_way:with_jtag_input_gen:instrumentation_fabric|alt_sld_fab:instrumentation_fabric|alt_sld_fab_alt_sld_fab:alt_sld_fab|alt_sld_fab_alt_sld_fab_sldfabric:sldfabric|sld_jtag_hub:\jtag_hub_gen:real_sld_jtag_hub|sld_shadow_jsm:shadow_jsm|state[6]   ; sld_hub:auto_hub|alt_sld_fab_with_jtag_input:\instrumentation_fabric_with_node_gen:fabric_gen_new_way:with_jtag_input_gen:instrumentation_fabric|alt_sld_fab:instrumentation_fabric|alt_sld_fab_alt_sld_fab:alt_sld_fab|alt_sld_fab_alt_sld_fab_sldfabric:sldfabric|sld_jtag_hub:\jtag_hub_gen:real_sld_jtag_hub|sld_shadow_jsm:shadow_jsm|state[6]   ; altera_reserved_tck ; altera_reserved_tck ; 0.000        ; 0.072      ; 0.597      ;
; 0.354 ; sld_hub:auto_hub|alt_sld_fab_with_jtag_input:\instrumentation_fabric_with_node_gen:fabric_gen_new_way:with_jtag_input_gen:instrumentation_fabric|alt_sld_fab:instrumentation_fabric|alt_sld_fab_alt_sld_fab:alt_sld_fab|alt_sld_fab_alt_sld_fab_sldfabric:sldfabric|sld_jtag_hub:\jtag_hub_gen:real_sld_jtag_hub|sld_shadow_jsm:shadow_jsm|state[0]   ; sld_hub:auto_hub|alt_sld_fab_with_jtag_input:\instrumentation_fabric_with_node_gen:fabric_gen_new_way:with_jtag_input_gen:instrumentation_fabric|alt_sld_fab:instrumentation_fabric|alt_sld_fab_alt_sld_fab:alt_sld_fab|alt_sld_fab_alt_sld_fab_sldfabric:sldfabric|sld_jtag_hub:\jtag_hub_gen:real_sld_jtag_hub|sld_shadow_jsm:shadow_jsm|state[0]   ; altera_reserved_tck ; altera_reserved_tck ; 0.000        ; 0.072      ; 0.597      ;
; 0.354 ; RAM_IMG:RAM_INST|altsyncram:altsyncram_component|altsyncram_0kh1:auto_generated|sld_mod_ram_rom:mgl_prim2|is_in_use_reg                                                                                                                                                                                                                               ; RAM_IMG:RAM_INST|altsyncram:altsyncram_component|altsyncram_0kh1:auto_generated|sld_mod_ram_rom:mgl_prim2|is_in_use_reg                                                                                                                                                                                                                               ; altera_reserved_tck ; altera_reserved_tck ; 0.000        ; 0.072      ; 0.597      ;
; 0.355 ; RAM_IMG:RAM_INST|altsyncram:altsyncram_component|altsyncram_0kh1:auto_generated|sld_mod_ram_rom:mgl_prim2|sld_rom_sr:\ram_rom_logic_gen:no_name_gen:info_rom_sr|WORD_SR[2]                                                                                                                                                                            ; RAM_IMG:RAM_INST|altsyncram:altsyncram_component|altsyncram_0kh1:auto_generated|sld_mod_ram_rom:mgl_prim2|sld_rom_sr:\ram_rom_logic_gen:no_name_gen:info_rom_sr|WORD_SR[2]                                                                                                                                                                            ; altera_reserved_tck ; altera_reserved_tck ; 0.000        ; 0.071      ; 0.597      ;
; 0.355 ; RAM_IMG:RAM_INST|altsyncram:altsyncram_component|altsyncram_0kh1:auto_generated|sld_mod_ram_rom:mgl_prim2|sld_rom_sr:\ram_rom_logic_gen:no_name_gen:info_rom_sr|word_counter[1]                                                                                                                                                                       ; RAM_IMG:RAM_INST|altsyncram:altsyncram_component|altsyncram_0kh1:auto_generated|sld_mod_ram_rom:mgl_prim2|sld_rom_sr:\ram_rom_logic_gen:no_name_gen:info_rom_sr|word_counter[1]                                                                                                                                                                       ; altera_reserved_tck ; altera_reserved_tck ; 0.000        ; 0.071      ; 0.597      ;
; 0.355 ; RAM_IMG:RAM_INST|altsyncram:altsyncram_component|altsyncram_0kh1:auto_generated|sld_mod_ram_rom:mgl_prim2|sld_rom_sr:\ram_rom_logic_gen:no_name_gen:info_rom_sr|word_counter[3]                                                                                                                                                                       ; RAM_IMG:RAM_INST|altsyncram:altsyncram_component|altsyncram_0kh1:auto_generated|sld_mod_ram_rom:mgl_prim2|sld_rom_sr:\ram_rom_logic_gen:no_name_gen:info_rom_sr|word_counter[3]                                                                                                                                                                       ; altera_reserved_tck ; altera_reserved_tck ; 0.000        ; 0.071      ; 0.597      ;
; 0.355 ; RAM_IMG:RAM_INST|altsyncram:altsyncram_component|altsyncram_0kh1:auto_generated|sld_mod_ram_rom:mgl_prim2|sld_rom_sr:\ram_rom_logic_gen:no_name_gen:info_rom_sr|word_counter[2]                                                                                                                                                                       ; RAM_IMG:RAM_INST|altsyncram:altsyncram_component|altsyncram_0kh1:auto_generated|sld_mod_ram_rom:mgl_prim2|sld_rom_sr:\ram_rom_logic_gen:no_name_gen:info_rom_sr|word_counter[2]                                                                                                                                                                       ; altera_reserved_tck ; altera_reserved_tck ; 0.000        ; 0.071      ; 0.597      ;
; 0.355 ; RAM_IMG:RAM_INST|altsyncram:altsyncram_component|altsyncram_0kh1:auto_generated|sld_mod_ram_rom:mgl_prim2|bypass_reg_out                                                                                                                                                                                                                              ; RAM_IMG:RAM_INST|altsyncram:altsyncram_component|altsyncram_0kh1:auto_generated|sld_mod_ram_rom:mgl_prim2|bypass_reg_out                                                                                                                                                                                                                              ; altera_reserved_tck ; altera_reserved_tck ; 0.000        ; 0.071      ; 0.597      ;
; 0.355 ; sld_hub:auto_hub|alt_sld_fab_with_jtag_input:\instrumentation_fabric_with_node_gen:fabric_gen_new_way:with_jtag_input_gen:instrumentation_fabric|alt_sld_fab:instrumentation_fabric|alt_sld_fab_alt_sld_fab:alt_sld_fab|alt_sld_fab_alt_sld_fab_sldfabric:sldfabric|sld_jtag_hub:\jtag_hub_gen:real_sld_jtag_hub|sld_shadow_jsm:shadow_jsm|tms_cnt[2] ; sld_hub:auto_hub|alt_sld_fab_with_jtag_input:\instrumentation_fabric_with_node_gen:fabric_gen_new_way:with_jtag_input_gen:instrumentation_fabric|alt_sld_fab:instrumentation_fabric|alt_sld_fab_alt_sld_fab:alt_sld_fab|alt_sld_fab_alt_sld_fab_sldfabric:sldfabric|sld_jtag_hub:\jtag_hub_gen:real_sld_jtag_hub|sld_shadow_jsm:shadow_jsm|tms_cnt[2] ; altera_reserved_tck ; altera_reserved_tck ; 0.000        ; 0.071      ; 0.597      ;
; 0.355 ; sld_hub:auto_hub|alt_sld_fab_with_jtag_input:\instrumentation_fabric_with_node_gen:fabric_gen_new_way:with_jtag_input_gen:instrumentation_fabric|alt_sld_fab:instrumentation_fabric|alt_sld_fab_alt_sld_fab:alt_sld_fab|alt_sld_fab_alt_sld_fab_sldfabric:sldfabric|sld_jtag_hub:\jtag_hub_gen:real_sld_jtag_hub|sld_shadow_jsm:shadow_jsm|tms_cnt[1] ; sld_hub:auto_hub|alt_sld_fab_with_jtag_input:\instrumentation_fabric_with_node_gen:fabric_gen_new_way:with_jtag_input_gen:instrumentation_fabric|alt_sld_fab:instrumentation_fabric|alt_sld_fab_alt_sld_fab:alt_sld_fab|alt_sld_fab_alt_sld_fab_sldfabric:sldfabric|sld_jtag_hub:\jtag_hub_gen:real_sld_jtag_hub|sld_shadow_jsm:shadow_jsm|tms_cnt[1] ; altera_reserved_tck ; altera_reserved_tck ; 0.000        ; 0.071      ; 0.597      ;
; 0.355 ; RAM_IMG:RAM_INST|altsyncram:altsyncram_component|altsyncram_0kh1:auto_generated|sld_mod_ram_rom:mgl_prim2|ram_rom_data_shift_cntr_reg[2]                                                                                                                                                                                                              ; RAM_IMG:RAM_INST|altsyncram:altsyncram_component|altsyncram_0kh1:auto_generated|sld_mod_ram_rom:mgl_prim2|ram_rom_data_shift_cntr_reg[2]                                                                                                                                                                                                              ; altera_reserved_tck ; altera_reserved_tck ; 0.000        ; 0.071      ; 0.597      ;
; 0.355 ; RAM_IMG:RAM_INST|altsyncram:altsyncram_component|altsyncram_0kh1:auto_generated|sld_mod_ram_rom:mgl_prim2|ram_rom_data_shift_cntr_reg[0]                                                                                                                                                                                                              ; RAM_IMG:RAM_INST|altsyncram:altsyncram_component|altsyncram_0kh1:auto_generated|sld_mod_ram_rom:mgl_prim2|ram_rom_data_shift_cntr_reg[0]                                                                                                                                                                                                              ; altera_reserved_tck ; altera_reserved_tck ; 0.000        ; 0.071      ; 0.597      ;
; 0.355 ; RAM_IMG:RAM_INST|altsyncram:altsyncram_component|altsyncram_0kh1:auto_generated|sld_mod_ram_rom:mgl_prim2|ram_rom_data_shift_cntr_reg[1]                                                                                                                                                                                                              ; RAM_IMG:RAM_INST|altsyncram:altsyncram_component|altsyncram_0kh1:auto_generated|sld_mod_ram_rom:mgl_prim2|ram_rom_data_shift_cntr_reg[1]                                                                                                                                                                                                              ; altera_reserved_tck ; altera_reserved_tck ; 0.000        ; 0.071      ; 0.597      ;
; 0.366 ; RAM_IMG:RAM_INST|altsyncram:altsyncram_component|altsyncram_0kh1:auto_generated|sld_mod_ram_rom:mgl_prim2|sld_rom_sr:\ram_rom_logic_gen:no_name_gen:info_rom_sr|word_counter[0]                                                                                                                                                                       ; RAM_IMG:RAM_INST|altsyncram:altsyncram_component|altsyncram_0kh1:auto_generated|sld_mod_ram_rom:mgl_prim2|sld_rom_sr:\ram_rom_logic_gen:no_name_gen:info_rom_sr|word_counter[0]                                                                                                                                                                       ; altera_reserved_tck ; altera_reserved_tck ; 0.000        ; 0.071      ; 0.608      ;
; 0.366 ; sld_hub:auto_hub|alt_sld_fab_with_jtag_input:\instrumentation_fabric_with_node_gen:fabric_gen_new_way:with_jtag_input_gen:instrumentation_fabric|alt_sld_fab:instrumentation_fabric|alt_sld_fab_alt_sld_fab:alt_sld_fab|alt_sld_fab_alt_sld_fab_sldfabric:sldfabric|sld_jtag_hub:\jtag_hub_gen:real_sld_jtag_hub|sld_shadow_jsm:shadow_jsm|tms_cnt[0] ; sld_hub:auto_hub|alt_sld_fab_with_jtag_input:\instrumentation_fabric_with_node_gen:fabric_gen_new_way:with_jtag_input_gen:instrumentation_fabric|alt_sld_fab:instrumentation_fabric|alt_sld_fab_alt_sld_fab:alt_sld_fab|alt_sld_fab_alt_sld_fab_sldfabric:sldfabric|sld_jtag_hub:\jtag_hub_gen:real_sld_jtag_hub|sld_shadow_jsm:shadow_jsm|tms_cnt[0] ; altera_reserved_tck ; altera_reserved_tck ; 0.000        ; 0.071      ; 0.608      ;
; 0.388 ; sld_hub:auto_hub|alt_sld_fab_with_jtag_input:\instrumentation_fabric_with_node_gen:fabric_gen_new_way:with_jtag_input_gen:instrumentation_fabric|alt_sld_fab:instrumentation_fabric|alt_sld_fab_alt_sld_fab:alt_sld_fab|alt_sld_fab_alt_sld_fab_sldfabric:sldfabric|sld_jtag_hub:\jtag_hub_gen:real_sld_jtag_hub|sld_shadow_jsm:shadow_jsm|tms_cnt[0] ; sld_hub:auto_hub|alt_sld_fab_with_jtag_input:\instrumentation_fabric_with_node_gen:fabric_gen_new_way:with_jtag_input_gen:instrumentation_fabric|alt_sld_fab:instrumentation_fabric|alt_sld_fab_alt_sld_fab:alt_sld_fab|alt_sld_fab_alt_sld_fab_sldfabric:sldfabric|sld_jtag_hub:\jtag_hub_gen:real_sld_jtag_hub|sld_shadow_jsm:shadow_jsm|tms_cnt[2] ; altera_reserved_tck ; altera_reserved_tck ; 0.000        ; 0.071      ; 0.630      ;
; 0.388 ; sld_hub:auto_hub|alt_sld_fab_with_jtag_input:\instrumentation_fabric_with_node_gen:fabric_gen_new_way:with_jtag_input_gen:instrumentation_fabric|alt_sld_fab:instrumentation_fabric|alt_sld_fab_alt_sld_fab:alt_sld_fab|alt_sld_fab_alt_sld_fab_sldfabric:sldfabric|sld_jtag_hub:\jtag_hub_gen:real_sld_jtag_hub|sld_shadow_jsm:shadow_jsm|tms_cnt[0] ; sld_hub:auto_hub|alt_sld_fab_with_jtag_input:\instrumentation_fabric_with_node_gen:fabric_gen_new_way:with_jtag_input_gen:instrumentation_fabric|alt_sld_fab:instrumentation_fabric|alt_sld_fab_alt_sld_fab:alt_sld_fab|alt_sld_fab_alt_sld_fab_sldfabric:sldfabric|sld_jtag_hub:\jtag_hub_gen:real_sld_jtag_hub|sld_shadow_jsm:shadow_jsm|tms_cnt[1] ; altera_reserved_tck ; altera_reserved_tck ; 0.000        ; 0.071      ; 0.630      ;
; 0.397 ; sld_hub:auto_hub|alt_sld_fab_with_jtag_input:\instrumentation_fabric_with_node_gen:fabric_gen_new_way:with_jtag_input_gen:instrumentation_fabric|alt_sld_fab:instrumentation_fabric|alt_sld_fab_alt_sld_fab:alt_sld_fab|sldfabric_ident_writedata[3]                                                                                                  ; sld_hub:auto_hub|alt_sld_fab_with_jtag_input:\instrumentation_fabric_with_node_gen:fabric_gen_new_way:with_jtag_input_gen:instrumentation_fabric|alt_sld_fab:instrumentation_fabric|alt_sld_fab_alt_sld_fab:alt_sld_fab|alt_sld_fab_alt_sld_fab_sldfabric:sldfabric|sld_jtag_hub:\jtag_hub_gen:real_sld_jtag_hub|design_hash_reg[3]                   ; altera_reserved_tck ; altera_reserved_tck ; 0.000        ; 0.071      ; 0.639      ;
; 0.397 ; sld_hub:auto_hub|alt_sld_fab_with_jtag_input:\instrumentation_fabric_with_node_gen:fabric_gen_new_way:with_jtag_input_gen:instrumentation_fabric|alt_sld_fab:instrumentation_fabric|alt_sld_fab_alt_sld_fab:alt_sld_fab|alt_sld_fab_alt_sld_fab_sldfabric:sldfabric|sld_jtag_hub:\jtag_hub_gen:real_sld_jtag_hub|hub_minor_ver_reg[2]                 ; sld_hub:auto_hub|alt_sld_fab_with_jtag_input:\instrumentation_fabric_with_node_gen:fabric_gen_new_way:with_jtag_input_gen:instrumentation_fabric|alt_sld_fab:instrumentation_fabric|alt_sld_fab_alt_sld_fab:alt_sld_fab|alt_sld_fab_alt_sld_fab_sldfabric:sldfabric|sld_jtag_hub:\jtag_hub_gen:real_sld_jtag_hub|hub_minor_ver_reg[1]                 ; altera_reserved_tck ; altera_reserved_tck ; 0.000        ; 0.071      ; 0.639      ;
; 0.397 ; sld_hub:auto_hub|alt_sld_fab_with_jtag_input:\instrumentation_fabric_with_node_gen:fabric_gen_new_way:with_jtag_input_gen:instrumentation_fabric|alt_sld_fab:instrumentation_fabric|alt_sld_fab_alt_sld_fab:alt_sld_fab|alt_sld_fab_alt_sld_fab_sldfabric:sldfabric|sld_jtag_hub:\jtag_hub_gen:real_sld_jtag_hub|hub_mode_reg[2]                      ; sld_hub:auto_hub|alt_sld_fab_with_jtag_input:\instrumentation_fabric_with_node_gen:fabric_gen_new_way:with_jtag_input_gen:instrumentation_fabric|alt_sld_fab:instrumentation_fabric|alt_sld_fab_alt_sld_fab:alt_sld_fab|alt_sld_fab_alt_sld_fab_sldfabric:sldfabric|sld_jtag_hub:\jtag_hub_gen:real_sld_jtag_hub|clr_reg                              ; altera_reserved_tck ; altera_reserved_tck ; 0.000        ; 0.072      ; 0.640      ;
; 0.398 ; sld_hub:auto_hub|alt_sld_fab_with_jtag_input:\instrumentation_fabric_with_node_gen:fabric_gen_new_way:with_jtag_input_gen:instrumentation_fabric|alt_sld_fab:instrumentation_fabric|alt_sld_fab_alt_sld_fab:alt_sld_fab|sldfabric_ident_writedata[0]                                                                                                  ; sld_hub:auto_hub|alt_sld_fab_with_jtag_input:\instrumentation_fabric_with_node_gen:fabric_gen_new_way:with_jtag_input_gen:instrumentation_fabric|alt_sld_fab:instrumentation_fabric|alt_sld_fab_alt_sld_fab:alt_sld_fab|alt_sld_fab_alt_sld_fab_sldfabric:sldfabric|sld_jtag_hub:\jtag_hub_gen:real_sld_jtag_hub|design_hash_reg[0]                   ; altera_reserved_tck ; altera_reserved_tck ; 0.000        ; 0.071      ; 0.640      ;
; 0.398 ; sld_hub:auto_hub|alt_sld_fab_with_jtag_input:\instrumentation_fabric_with_node_gen:fabric_gen_new_way:with_jtag_input_gen:instrumentation_fabric|alt_sld_fab:instrumentation_fabric|alt_sld_fab_alt_sld_fab:alt_sld_fab|sldfabric_ident_writedata[1]                                                                                                  ; sld_hub:auto_hub|alt_sld_fab_with_jtag_input:\instrumentation_fabric_with_node_gen:fabric_gen_new_way:with_jtag_input_gen:instrumentation_fabric|alt_sld_fab:instrumentation_fabric|alt_sld_fab_alt_sld_fab:alt_sld_fab|alt_sld_fab_alt_sld_fab_sldfabric:sldfabric|sld_jtag_hub:\jtag_hub_gen:real_sld_jtag_hub|design_hash_reg[1]                   ; altera_reserved_tck ; altera_reserved_tck ; 0.000        ; 0.071      ; 0.640      ;
; 0.398 ; sld_hub:auto_hub|alt_sld_fab_with_jtag_input:\instrumentation_fabric_with_node_gen:fabric_gen_new_way:with_jtag_input_gen:instrumentation_fabric|alt_sld_fab:instrumentation_fabric|alt_sld_fab_alt_sld_fab:alt_sld_fab|sldfabric_ident_writedata[2]                                                                                                  ; sld_hub:auto_hub|alt_sld_fab_with_jtag_input:\instrumentation_fabric_with_node_gen:fabric_gen_new_way:with_jtag_input_gen:instrumentation_fabric|alt_sld_fab:instrumentation_fabric|alt_sld_fab_alt_sld_fab:alt_sld_fab|alt_sld_fab_alt_sld_fab_sldfabric:sldfabric|sld_jtag_hub:\jtag_hub_gen:real_sld_jtag_hub|design_hash_reg[2]                   ; altera_reserved_tck ; altera_reserved_tck ; 0.000        ; 0.071      ; 0.640      ;
; 0.398 ; sld_hub:auto_hub|alt_sld_fab_with_jtag_input:\instrumentation_fabric_with_node_gen:fabric_gen_new_way:with_jtag_input_gen:instrumentation_fabric|alt_sld_fab:instrumentation_fabric|alt_sld_fab_alt_sld_fab:alt_sld_fab|alt_sld_fab_alt_sld_fab_sldfabric:sldfabric|sld_jtag_hub:\jtag_hub_gen:real_sld_jtag_hub|jtag_ir_reg[5]                       ; sld_hub:auto_hub|alt_sld_fab_with_jtag_input:\instrumentation_fabric_with_node_gen:fabric_gen_new_way:with_jtag_input_gen:instrumentation_fabric|alt_sld_fab:instrumentation_fabric|alt_sld_fab_alt_sld_fab:alt_sld_fab|alt_sld_fab_alt_sld_fab_sldfabric:sldfabric|sld_jtag_hub:\jtag_hub_gen:real_sld_jtag_hub|jtag_ir_reg[4]                       ; altera_reserved_tck ; altera_reserved_tck ; 0.000        ; 0.071      ; 0.640      ;
; 0.398 ; sld_hub:auto_hub|alt_sld_fab_with_jtag_input:\instrumentation_fabric_with_node_gen:fabric_gen_new_way:with_jtag_input_gen:instrumentation_fabric|alt_sld_fab:instrumentation_fabric|alt_sld_fab_alt_sld_fab:alt_sld_fab|alt_sld_fab_alt_sld_fab_sldfabric:sldfabric|sld_jtag_hub:\jtag_hub_gen:real_sld_jtag_hub|jtag_ir_reg[9]                       ; sld_hub:auto_hub|alt_sld_fab_with_jtag_input:\instrumentation_fabric_with_node_gen:fabric_gen_new_way:with_jtag_input_gen:instrumentation_fabric|alt_sld_fab:instrumentation_fabric|alt_sld_fab_alt_sld_fab:alt_sld_fab|alt_sld_fab_alt_sld_fab_sldfabric:sldfabric|sld_jtag_hub:\jtag_hub_gen:real_sld_jtag_hub|jtag_ir_reg[8]                       ; altera_reserved_tck ; altera_reserved_tck ; 0.000        ; 0.071      ; 0.640      ;
; 0.399 ; sld_hub:auto_hub|alt_sld_fab_with_jtag_input:\instrumentation_fabric_with_node_gen:fabric_gen_new_way:with_jtag_input_gen:instrumentation_fabric|alt_sld_fab:instrumentation_fabric|alt_sld_fab_alt_sld_fab:alt_sld_fab|alt_sld_fab_alt_sld_fab_sldfabric:sldfabric|sld_jtag_hub:\jtag_hub_gen:real_sld_jtag_hub|hub_minor_ver_reg[3]                 ; sld_hub:auto_hub|alt_sld_fab_with_jtag_input:\instrumentation_fabric_with_node_gen:fabric_gen_new_way:with_jtag_input_gen:instrumentation_fabric|alt_sld_fab:instrumentation_fabric|alt_sld_fab_alt_sld_fab:alt_sld_fab|alt_sld_fab_alt_sld_fab_sldfabric:sldfabric|sld_jtag_hub:\jtag_hub_gen:real_sld_jtag_hub|hub_minor_ver_reg[2]                 ; altera_reserved_tck ; altera_reserved_tck ; 0.000        ; 0.071      ; 0.641      ;
; 0.400 ; sld_hub:auto_hub|alt_sld_fab_with_jtag_input:\instrumentation_fabric_with_node_gen:fabric_gen_new_way:with_jtag_input_gen:instrumentation_fabric|alt_sld_fab:instrumentation_fabric|alt_sld_fab_alt_sld_fab:alt_sld_fab|alt_sld_fab_alt_sld_fab_sldfabric:sldfabric|sld_jtag_hub:\jtag_hub_gen:real_sld_jtag_hub|jtag_ir_reg[1]                       ; sld_hub:auto_hub|alt_sld_fab_with_jtag_input:\instrumentation_fabric_with_node_gen:fabric_gen_new_way:with_jtag_input_gen:instrumentation_fabric|alt_sld_fab:instrumentation_fabric|alt_sld_fab_alt_sld_fab:alt_sld_fab|alt_sld_fab_alt_sld_fab_sldfabric:sldfabric|sld_jtag_hub:\jtag_hub_gen:real_sld_jtag_hub|jtag_ir_reg[0]                       ; altera_reserved_tck ; altera_reserved_tck ; 0.000        ; 0.071      ; 0.642      ;
; 0.402 ; sld_hub:auto_hub|alt_sld_fab_with_jtag_input:\instrumentation_fabric_with_node_gen:fabric_gen_new_way:with_jtag_input_gen:instrumentation_fabric|alt_sld_fab:instrumentation_fabric|alt_sld_fab_alt_sld_fab:alt_sld_fab|alt_sld_fab_alt_sld_fab_sldfabric:sldfabric|sld_jtag_hub:\jtag_hub_gen:real_sld_jtag_hub|jtag_ir_reg[7]                       ; sld_hub:auto_hub|alt_sld_fab_with_jtag_input:\instrumentation_fabric_with_node_gen:fabric_gen_new_way:with_jtag_input_gen:instrumentation_fabric|alt_sld_fab:instrumentation_fabric|alt_sld_fab_alt_sld_fab:alt_sld_fab|alt_sld_fab_alt_sld_fab_sldfabric:sldfabric|sld_jtag_hub:\jtag_hub_gen:real_sld_jtag_hub|jtag_ir_reg[6]                       ; altera_reserved_tck ; altera_reserved_tck ; 0.000        ; 0.071      ; 0.644      ;
; 0.402 ; sld_hub:auto_hub|alt_sld_fab_with_jtag_input:\instrumentation_fabric_with_node_gen:fabric_gen_new_way:with_jtag_input_gen:instrumentation_fabric|alt_sld_fab:instrumentation_fabric|alt_sld_fab_alt_sld_fab:alt_sld_fab|alt_sld_fab_alt_sld_fab_sldfabric:sldfabric|sld_jtag_hub:\jtag_hub_gen:real_sld_jtag_hub|sld_shadow_jsm:shadow_jsm|state[12]  ; sld_hub:auto_hub|alt_sld_fab_with_jtag_input:\instrumentation_fabric_with_node_gen:fabric_gen_new_way:with_jtag_input_gen:instrumentation_fabric|alt_sld_fab:instrumentation_fabric|alt_sld_fab_alt_sld_fab:alt_sld_fab|alt_sld_fab_alt_sld_fab_sldfabric:sldfabric|sld_jtag_hub:\jtag_hub_gen:real_sld_jtag_hub|sld_shadow_jsm:shadow_jsm|state[13]  ; altera_reserved_tck ; altera_reserved_tck ; 0.000        ; 0.072      ; 0.645      ;
; 0.402 ; RAM_IMG:RAM_INST|altsyncram:altsyncram_component|altsyncram_0kh1:auto_generated|sld_mod_ram_rom:mgl_prim2|ram_rom_data_shift_cntr_reg[1]                                                                                                                                                                                                              ; RAM_IMG:RAM_INST|altsyncram:altsyncram_component|altsyncram_0kh1:auto_generated|sld_mod_ram_rom:mgl_prim2|ram_rom_data_shift_cntr_reg[2]                                                                                                                                                                                                              ; altera_reserved_tck ; altera_reserved_tck ; 0.000        ; 0.071      ; 0.644      ;
; 0.402 ; RAM_IMG:RAM_INST|altsyncram:altsyncram_component|altsyncram_0kh1:auto_generated|sld_mod_ram_rom:mgl_prim2|ram_rom_data_shift_cntr_reg[1]                                                                                                                                                                                                              ; RAM_IMG:RAM_INST|altsyncram:altsyncram_component|altsyncram_0kh1:auto_generated|sld_mod_ram_rom:mgl_prim2|ram_rom_data_shift_cntr_reg[0]                                                                                                                                                                                                              ; altera_reserved_tck ; altera_reserved_tck ; 0.000        ; 0.071      ; 0.644      ;
; 0.403 ; sld_hub:auto_hub|alt_sld_fab_with_jtag_input:\instrumentation_fabric_with_node_gen:fabric_gen_new_way:with_jtag_input_gen:instrumentation_fabric|alt_sld_fab:instrumentation_fabric|alt_sld_fab_alt_sld_fab:alt_sld_fab|alt_sld_fab_alt_sld_fab_sldfabric:sldfabric|sld_jtag_hub:\jtag_hub_gen:real_sld_jtag_hub|irsr_reg[7]                          ; sld_hub:auto_hub|alt_sld_fab_with_jtag_input:\instrumentation_fabric_with_node_gen:fabric_gen_new_way:with_jtag_input_gen:instrumentation_fabric|alt_sld_fab:instrumentation_fabric|alt_sld_fab_alt_sld_fab:alt_sld_fab|alt_sld_fab_alt_sld_fab_sldfabric:sldfabric|sld_jtag_hub:\jtag_hub_gen:real_sld_jtag_hub|irf_reg[1][7]                        ; altera_reserved_tck ; altera_reserved_tck ; 0.000        ; 0.072      ; 0.646      ;
; 0.403 ; RAM_IMG:RAM_INST|altsyncram:altsyncram_component|altsyncram_0kh1:auto_generated|sld_mod_ram_rom:mgl_prim2|ram_rom_data_shift_cntr_reg[2]                                                                                                                                                                                                              ; RAM_IMG:RAM_INST|altsyncram:altsyncram_component|altsyncram_0kh1:auto_generated|sld_mod_ram_rom:mgl_prim2|ram_rom_data_shift_cntr_reg[1]                                                                                                                                                                                                              ; altera_reserved_tck ; altera_reserved_tck ; 0.000        ; 0.071      ; 0.645      ;
; 0.404 ; sld_hub:auto_hub|alt_sld_fab_with_jtag_input:\instrumentation_fabric_with_node_gen:fabric_gen_new_way:with_jtag_input_gen:instrumentation_fabric|alt_sld_fab:instrumentation_fabric|alt_sld_fab_alt_sld_fab:alt_sld_fab|alt_sld_fab_alt_sld_fab_sldfabric:sldfabric|sld_jtag_hub:\jtag_hub_gen:real_sld_jtag_hub|sld_shadow_jsm:shadow_jsm|state[9]   ; sld_hub:auto_hub|alt_sld_fab_with_jtag_input:\instrumentation_fabric_with_node_gen:fabric_gen_new_way:with_jtag_input_gen:instrumentation_fabric|alt_sld_fab:instrumentation_fabric|alt_sld_fab_alt_sld_fab:alt_sld_fab|alt_sld_fab_alt_sld_fab_sldfabric:sldfabric|sld_jtag_hub:\jtag_hub_gen:real_sld_jtag_hub|sld_shadow_jsm:shadow_jsm|state[10]  ; altera_reserved_tck ; altera_reserved_tck ; 0.000        ; 0.072      ; 0.647      ;
; 0.404 ; sld_hub:auto_hub|alt_sld_fab_with_jtag_input:\instrumentation_fabric_with_node_gen:fabric_gen_new_way:with_jtag_input_gen:instrumentation_fabric|alt_sld_fab:instrumentation_fabric|alt_sld_fab_alt_sld_fab:alt_sld_fab|alt_sld_fab_alt_sld_fab_sldfabric:sldfabric|sld_jtag_hub:\jtag_hub_gen:real_sld_jtag_hub|irsr_reg[6]                          ; sld_hub:auto_hub|alt_sld_fab_with_jtag_input:\instrumentation_fabric_with_node_gen:fabric_gen_new_way:with_jtag_input_gen:instrumentation_fabric|alt_sld_fab:instrumentation_fabric|alt_sld_fab_alt_sld_fab:alt_sld_fab|alt_sld_fab_alt_sld_fab_sldfabric:sldfabric|sld_jtag_hub:\jtag_hub_gen:real_sld_jtag_hub|irf_reg[1][6]                        ; altera_reserved_tck ; altera_reserved_tck ; 0.000        ; 0.072      ; 0.647      ;
; 0.405 ; sld_hub:auto_hub|alt_sld_fab_with_jtag_input:\instrumentation_fabric_with_node_gen:fabric_gen_new_way:with_jtag_input_gen:instrumentation_fabric|alt_sld_fab:instrumentation_fabric|alt_sld_fab_alt_sld_fab:alt_sld_fab|alt_sld_fab_alt_sld_fab_sldfabric:sldfabric|sld_jtag_hub:\jtag_hub_gen:real_sld_jtag_hub|jtag_ir_reg[4]                       ; sld_hub:auto_hub|alt_sld_fab_with_jtag_input:\instrumentation_fabric_with_node_gen:fabric_gen_new_way:with_jtag_input_gen:instrumentation_fabric|alt_sld_fab:instrumentation_fabric|alt_sld_fab_alt_sld_fab:alt_sld_fab|alt_sld_fab_alt_sld_fab_sldfabric:sldfabric|sld_jtag_hub:\jtag_hub_gen:real_sld_jtag_hub|jtag_ir_reg[3]                       ; altera_reserved_tck ; altera_reserved_tck ; 0.000        ; 0.071      ; 0.647      ;
; 0.406 ; sld_hub:auto_hub|alt_sld_fab_with_jtag_input:\instrumentation_fabric_with_node_gen:fabric_gen_new_way:with_jtag_input_gen:instrumentation_fabric|alt_sld_fab:instrumentation_fabric|alt_sld_fab_alt_sld_fab:alt_sld_fab|alt_sld_fab_alt_sld_fab_sldfabric:sldfabric|sld_jtag_hub:\jtag_hub_gen:real_sld_jtag_hub|sld_shadow_jsm:shadow_jsm|state[10]  ; sld_hub:auto_hub|alt_sld_fab_with_jtag_input:\instrumentation_fabric_with_node_gen:fabric_gen_new_way:with_jtag_input_gen:instrumentation_fabric|alt_sld_fab:instrumentation_fabric|alt_sld_fab_alt_sld_fab:alt_sld_fab|alt_sld_fab_alt_sld_fab_sldfabric:sldfabric|sld_jtag_hub:\jtag_hub_gen:real_sld_jtag_hub|sld_shadow_jsm:shadow_jsm|state[11]  ; altera_reserved_tck ; altera_reserved_tck ; 0.000        ; 0.072      ; 0.649      ;
; 0.412 ; sld_hub:auto_hub|alt_sld_fab_with_jtag_input:\instrumentation_fabric_with_node_gen:fabric_gen_new_way:with_jtag_input_gen:instrumentation_fabric|alt_sld_fab:instrumentation_fabric|alt_sld_fab_alt_sld_fab:alt_sld_fab|alt_sld_fab_alt_sld_fab_sldfabric:sldfabric|sld_jtag_hub:\jtag_hub_gen:real_sld_jtag_hub|sld_shadow_jsm:shadow_jsm|state[0]   ; sld_hub:auto_hub|alt_sld_fab_with_jtag_input:\instrumentation_fabric_with_node_gen:fabric_gen_new_way:with_jtag_input_gen:instrumentation_fabric|alt_sld_fab:instrumentation_fabric|alt_sld_fab_alt_sld_fab:alt_sld_fab|alt_sld_fab_alt_sld_fab_sldfabric:sldfabric|sld_jtag_hub:\jtag_hub_gen:real_sld_jtag_hub|sld_shadow_jsm:shadow_jsm|state[1]   ; altera_reserved_tck ; altera_reserved_tck ; 0.000        ; 0.072      ; 0.655      ;
; 0.415 ; sld_hub:auto_hub|alt_sld_fab_with_jtag_input:\instrumentation_fabric_with_node_gen:fabric_gen_new_way:with_jtag_input_gen:instrumentation_fabric|alt_sld_fab:instrumentation_fabric|alt_sld_fab_alt_sld_fab:alt_sld_fab|alt_sld_fab_alt_sld_fab_sldfabric:sldfabric|sld_jtag_hub:\jtag_hub_gen:real_sld_jtag_hub|sld_shadow_jsm:shadow_jsm|state[1]   ; sld_hub:auto_hub|alt_sld_fab_with_jtag_input:\instrumentation_fabric_with_node_gen:fabric_gen_new_way:with_jtag_input_gen:instrumentation_fabric|alt_sld_fab:instrumentation_fabric|alt_sld_fab_alt_sld_fab:alt_sld_fab|alt_sld_fab_alt_sld_fab_sldfabric:sldfabric|sld_jtag_hub:\jtag_hub_gen:real_sld_jtag_hub|sld_shadow_jsm:shadow_jsm|state[2]   ; altera_reserved_tck ; altera_reserved_tck ; 0.000        ; 0.072      ; 0.658      ;
; 0.416 ; sld_hub:auto_hub|alt_sld_fab_with_jtag_input:\instrumentation_fabric_with_node_gen:fabric_gen_new_way:with_jtag_input_gen:instrumentation_fabric|alt_sld_fab:instrumentation_fabric|alt_sld_fab_alt_sld_fab:alt_sld_fab|alt_sld_fab_alt_sld_fab_sldfabric:sldfabric|sld_jtag_hub:\jtag_hub_gen:real_sld_jtag_hub|sld_shadow_jsm:shadow_jsm|state[11]  ; sld_hub:auto_hub|alt_sld_fab_with_jtag_input:\instrumentation_fabric_with_node_gen:fabric_gen_new_way:with_jtag_input_gen:instrumentation_fabric|alt_sld_fab:instrumentation_fabric|alt_sld_fab_alt_sld_fab:alt_sld_fab|alt_sld_fab_alt_sld_fab_sldfabric:sldfabric|sld_jtag_hub:\jtag_hub_gen:real_sld_jtag_hub|sld_shadow_jsm:shadow_jsm|state[12]  ; altera_reserved_tck ; altera_reserved_tck ; 0.000        ; 0.072      ; 0.659      ;
; 0.417 ; sld_hub:auto_hub|alt_sld_fab_with_jtag_input:\instrumentation_fabric_with_node_gen:fabric_gen_new_way:with_jtag_input_gen:instrumentation_fabric|alt_sld_fab:instrumentation_fabric|alt_sld_fab_alt_sld_fab:alt_sld_fab|alt_sld_fab_alt_sld_fab_sldfabric:sldfabric|sld_jtag_hub:\jtag_hub_gen:real_sld_jtag_hub|identity_contrib_shift_reg[3]        ; sld_hub:auto_hub|alt_sld_fab_with_jtag_input:\instrumentation_fabric_with_node_gen:fabric_gen_new_way:with_jtag_input_gen:instrumentation_fabric|alt_sld_fab:instrumentation_fabric|alt_sld_fab_alt_sld_fab:alt_sld_fab|alt_sld_fab_alt_sld_fab_sldfabric:sldfabric|sld_jtag_hub:\jtag_hub_gen:real_sld_jtag_hub|identity_contrib_shift_reg[2]        ; altera_reserved_tck ; altera_reserved_tck ; 0.000        ; 0.071      ; 0.659      ;
; 0.417 ; sld_hub:auto_hub|alt_sld_fab_with_jtag_input:\instrumentation_fabric_with_node_gen:fabric_gen_new_way:with_jtag_input_gen:instrumentation_fabric|alt_sld_fab:instrumentation_fabric|alt_sld_fab_alt_sld_fab:alt_sld_fab|alt_sld_fab_alt_sld_fab_sldfabric:sldfabric|sld_jtag_hub:\jtag_hub_gen:real_sld_jtag_hub|identity_contrib_shift_reg[1]        ; sld_hub:auto_hub|alt_sld_fab_with_jtag_input:\instrumentation_fabric_with_node_gen:fabric_gen_new_way:with_jtag_input_gen:instrumentation_fabric|alt_sld_fab:instrumentation_fabric|alt_sld_fab_alt_sld_fab:alt_sld_fab|alt_sld_fab_alt_sld_fab_sldfabric:sldfabric|sld_jtag_hub:\jtag_hub_gen:real_sld_jtag_hub|identity_contrib_shift_reg[0]        ; altera_reserved_tck ; altera_reserved_tck ; 0.000        ; 0.071      ; 0.659      ;
; 0.417 ; sld_hub:auto_hub|alt_sld_fab_with_jtag_input:\instrumentation_fabric_with_node_gen:fabric_gen_new_way:with_jtag_input_gen:instrumentation_fabric|alt_sld_fab:instrumentation_fabric|alt_sld_fab_alt_sld_fab:alt_sld_fab|alt_sld_fab_alt_sld_fab_sldfabric:sldfabric|sld_jtag_hub:\jtag_hub_gen:real_sld_jtag_hub|sld_shadow_jsm:shadow_jsm|state[5]   ; sld_hub:auto_hub|alt_sld_fab_with_jtag_input:\instrumentation_fabric_with_node_gen:fabric_gen_new_way:with_jtag_input_gen:instrumentation_fabric|alt_sld_fab:instrumentation_fabric|alt_sld_fab_alt_sld_fab:alt_sld_fab|alt_sld_fab_alt_sld_fab_sldfabric:sldfabric|sld_jtag_hub:\jtag_hub_gen:real_sld_jtag_hub|sld_shadow_jsm:shadow_jsm|state[6]   ; altera_reserved_tck ; altera_reserved_tck ; 0.000        ; 0.072      ; 0.660      ;
; 0.417 ; sld_hub:auto_hub|alt_sld_fab_with_jtag_input:\instrumentation_fabric_with_node_gen:fabric_gen_new_way:with_jtag_input_gen:instrumentation_fabric|alt_sld_fab:instrumentation_fabric|alt_sld_fab_alt_sld_fab:alt_sld_fab|alt_sld_fab_alt_sld_fab_sldfabric:sldfabric|sld_jtag_hub:\jtag_hub_gen:real_sld_jtag_hub|irsr_reg[0]                          ; sld_hub:auto_hub|alt_sld_fab_with_jtag_input:\instrumentation_fabric_with_node_gen:fabric_gen_new_way:with_jtag_input_gen:instrumentation_fabric|alt_sld_fab:instrumentation_fabric|alt_sld_fab_alt_sld_fab:alt_sld_fab|alt_sld_fab_alt_sld_fab_sldfabric:sldfabric|sld_jtag_hub:\jtag_hub_gen:real_sld_jtag_hub|irf_reg[1][0]                        ; altera_reserved_tck ; altera_reserved_tck ; 0.000        ; 0.072      ; 0.660      ;
; 0.418 ; sld_hub:auto_hub|alt_sld_fab_with_jtag_input:\instrumentation_fabric_with_node_gen:fabric_gen_new_way:with_jtag_input_gen:instrumentation_fabric|alt_sld_fab:instrumentation_fabric|alt_sld_fab_alt_sld_fab:alt_sld_fab|alt_sld_fab_alt_sld_fab_sldfabric:sldfabric|sld_jtag_hub:\jtag_hub_gen:real_sld_jtag_hub|irsr_reg[5]                          ; sld_hub:auto_hub|alt_sld_fab_with_jtag_input:\instrumentation_fabric_with_node_gen:fabric_gen_new_way:with_jtag_input_gen:instrumentation_fabric|alt_sld_fab:instrumentation_fabric|alt_sld_fab_alt_sld_fab:alt_sld_fab|alt_sld_fab_alt_sld_fab_sldfabric:sldfabric|sld_jtag_hub:\jtag_hub_gen:real_sld_jtag_hub|irsr_reg[4]                          ; altera_reserved_tck ; altera_reserved_tck ; 0.000        ; 0.072      ; 0.661      ;
; 0.419 ; sld_hub:auto_hub|alt_sld_fab_with_jtag_input:\instrumentation_fabric_with_node_gen:fabric_gen_new_way:with_jtag_input_gen:instrumentation_fabric|alt_sld_fab:instrumentation_fabric|alt_sld_fab_alt_sld_fab:alt_sld_fab|alt_sld_fab_alt_sld_fab_sldfabric:sldfabric|sld_jtag_hub:\jtag_hub_gen:real_sld_jtag_hub|identity_contrib_shift_reg[2]        ; sld_hub:auto_hub|alt_sld_fab_with_jtag_input:\instrumentation_fabric_with_node_gen:fabric_gen_new_way:with_jtag_input_gen:instrumentation_fabric|alt_sld_fab:instrumentation_fabric|alt_sld_fab_alt_sld_fab:alt_sld_fab|alt_sld_fab_alt_sld_fab_sldfabric:sldfabric|sld_jtag_hub:\jtag_hub_gen:real_sld_jtag_hub|identity_contrib_shift_reg[1]        ; altera_reserved_tck ; altera_reserved_tck ; 0.000        ; 0.071      ; 0.661      ;
; 0.428 ; RAM_IMG:RAM_INST|altsyncram:altsyncram_component|altsyncram_0kh1:auto_generated|sld_mod_ram_rom:mgl_prim2|ram_rom_addr_reg[2]                                                                                                                                                                                                                         ; RAM_IMG:RAM_INST|altsyncram:altsyncram_component|altsyncram_0kh1:auto_generated|altsyncram_2u72:altsyncram1|ram_block3a25~portb_address_reg0                                                                                                                                                                                                          ; altera_reserved_tck ; altera_reserved_tck ; 0.000        ; 0.339      ; 0.968      ;
; 0.432 ; RAM_IMG:RAM_INST|altsyncram:altsyncram_component|altsyncram_0kh1:auto_generated|altsyncram_2u72:altsyncram1|address_reg_b[2]                                                                                                                                                                                                                          ; RAM_IMG:RAM_INST|altsyncram:altsyncram_component|altsyncram_0kh1:auto_generated|sld_mod_ram_rom:mgl_prim2|ram_rom_data_reg[3]                                                                                                                                                                                                                         ; altera_reserved_tck ; altera_reserved_tck ; 0.000        ; 0.073      ; 0.676      ;
; 0.432 ; RAM_IMG:RAM_INST|altsyncram:altsyncram_component|altsyncram_0kh1:auto_generated|sld_mod_ram_rom:mgl_prim2|ram_rom_addr_reg[3]                                                                                                                                                                                                                         ; RAM_IMG:RAM_INST|altsyncram:altsyncram_component|altsyncram_0kh1:auto_generated|altsyncram_2u72:altsyncram1|ram_block3a25~portb_address_reg0                                                                                                                                                                                                          ; altera_reserved_tck ; altera_reserved_tck ; 0.000        ; 0.339      ; 0.972      ;
; 0.435 ; sld_hub:auto_hub|alt_sld_fab_with_jtag_input:\instrumentation_fabric_with_node_gen:fabric_gen_new_way:with_jtag_input_gen:instrumentation_fabric|alt_sld_fab:instrumentation_fabric|alt_sld_fab_alt_sld_fab:alt_sld_fab|alt_sld_fab_alt_sld_fab_sldfabric:sldfabric|sld_jtag_hub:\jtag_hub_gen:real_sld_jtag_hub|mixer_addr_reg_internal[4]           ; sld_hub:auto_hub|alt_sld_fab_with_jtag_input:\instrumentation_fabric_with_node_gen:fabric_gen_new_way:with_jtag_input_gen:instrumentation_fabric|alt_sld_fab:instrumentation_fabric|alt_sld_fab_alt_sld_fab:alt_sld_fab|alt_sld_fab_alt_sld_fab_sldfabric:sldfabric|sld_jtag_hub:\jtag_hub_gen:real_sld_jtag_hub|mixer_addr_reg_internal[4]           ; altera_reserved_tck ; altera_reserved_tck ; 0.000        ; 0.071      ; 0.677      ;
; 0.436 ; RAM_IMG:RAM_INST|altsyncram:altsyncram_component|altsyncram_0kh1:auto_generated|sld_mod_ram_rom:mgl_prim2|ram_rom_addr_reg[7]                                                                                                                                                                                                                         ; RAM_IMG:RAM_INST|altsyncram:altsyncram_component|altsyncram_0kh1:auto_generated|altsyncram_2u72:altsyncram1|ram_block3a25~portb_address_reg0                                                                                                                                                                                                          ; altera_reserved_tck ; altera_reserved_tck ; 0.000        ; 0.339      ; 0.976      ;
; 0.443 ; RAM_IMG:RAM_INST|altsyncram:altsyncram_component|altsyncram_0kh1:auto_generated|sld_mod_ram_rom:mgl_prim2|ram_rom_addr_reg[12]                                                                                                                                                                                                                        ; RAM_IMG:RAM_INST|altsyncram:altsyncram_component|altsyncram_0kh1:auto_generated|altsyncram_2u72:altsyncram1|ram_block3a25~portb_address_reg0                                                                                                                                                                                                          ; altera_reserved_tck ; altera_reserved_tck ; 0.000        ; 0.339      ; 0.983      ;
; 0.474 ; RAM_IMG:RAM_INST|altsyncram:altsyncram_component|altsyncram_0kh1:auto_generated|sld_mod_ram_rom:mgl_prim2|ram_rom_addr_reg[0]                                                                                                                                                                                                                         ; RAM_IMG:RAM_INST|altsyncram:altsyncram_component|altsyncram_0kh1:auto_generated|altsyncram_2u72:altsyncram1|ram_block3a25~portb_address_reg0                                                                                                                                                                                                          ; altera_reserved_tck ; altera_reserved_tck ; 0.000        ; 0.339      ; 1.014      ;
; 0.500 ; sld_hub:auto_hub|alt_sld_fab_with_jtag_input:\instrumentation_fabric_with_node_gen:fabric_gen_new_way:with_jtag_input_gen:instrumentation_fabric|alt_sld_fab:instrumentation_fabric|alt_sld_fab_alt_sld_fab:alt_sld_fab|alt_sld_fab_alt_sld_fab_sldfabric:sldfabric|sld_jtag_hub:\jtag_hub_gen:real_sld_jtag_hub|jtag_ir_reg[3]                       ; sld_hub:auto_hub|alt_sld_fab_with_jtag_input:\instrumentation_fabric_with_node_gen:fabric_gen_new_way:with_jtag_input_gen:instrumentation_fabric|alt_sld_fab:instrumentation_fabric|alt_sld_fab_alt_sld_fab:alt_sld_fab|alt_sld_fab_alt_sld_fab_sldfabric:sldfabric|sld_jtag_hub:\jtag_hub_gen:real_sld_jtag_hub|jtag_ir_reg[2]                       ; altera_reserved_tck ; altera_reserved_tck ; 0.000        ; 0.071      ; 0.742      ;
; 0.549 ; sld_hub:auto_hub|alt_sld_fab_with_jtag_input:\instrumentation_fabric_with_node_gen:fabric_gen_new_way:with_jtag_input_gen:instrumentation_fabric|alt_sld_fab:instrumentation_fabric|alt_sld_fab_alt_sld_fab:alt_sld_fab|alt_sld_fab_alt_sld_fab_sldfabric:sldfabric|sld_jtag_hub:\jtag_hub_gen:real_sld_jtag_hub|design_hash_reg[1]                   ; sld_hub:auto_hub|alt_sld_fab_with_jtag_input:\instrumentation_fabric_with_node_gen:fabric_gen_new_way:with_jtag_input_gen:instrumentation_fabric|alt_sld_fab:instrumentation_fabric|alt_sld_fab_alt_sld_fab:alt_sld_fab|alt_sld_fab_alt_sld_fab_sldfabric:sldfabric|sld_jtag_hub:\jtag_hub_gen:real_sld_jtag_hub|design_hash_reg[0]                   ; altera_reserved_tck ; altera_reserved_tck ; 0.000        ; 0.071      ; 0.791      ;
; 0.549 ; sld_hub:auto_hub|alt_sld_fab_with_jtag_input:\instrumentation_fabric_with_node_gen:fabric_gen_new_way:with_jtag_input_gen:instrumentation_fabric|alt_sld_fab:instrumentation_fabric|alt_sld_fab_alt_sld_fab:alt_sld_fab|alt_sld_fab_alt_sld_fab_sldfabric:sldfabric|sld_jtag_hub:\jtag_hub_gen:real_sld_jtag_hub|design_hash_reg[2]                   ; sld_hub:auto_hub|alt_sld_fab_with_jtag_input:\instrumentation_fabric_with_node_gen:fabric_gen_new_way:with_jtag_input_gen:instrumentation_fabric|alt_sld_fab:instrumentation_fabric|alt_sld_fab_alt_sld_fab:alt_sld_fab|alt_sld_fab_alt_sld_fab_sldfabric:sldfabric|sld_jtag_hub:\jtag_hub_gen:real_sld_jtag_hub|design_hash_reg[1]                   ; altera_reserved_tck ; altera_reserved_tck ; 0.000        ; 0.071      ; 0.791      ;
; 0.550 ; sld_hub:auto_hub|alt_sld_fab_with_jtag_input:\instrumentation_fabric_with_node_gen:fabric_gen_new_way:with_jtag_input_gen:instrumentation_fabric|alt_sld_fab:instrumentation_fabric|alt_sld_fab_alt_sld_fab:alt_sld_fab|alt_sld_fab_alt_sld_fab_sldfabric:sldfabric|sld_jtag_hub:\jtag_hub_gen:real_sld_jtag_hub|design_hash_reg[3]                   ; sld_hub:auto_hub|alt_sld_fab_with_jtag_input:\instrumentation_fabric_with_node_gen:fabric_gen_new_way:with_jtag_input_gen:instrumentation_fabric|alt_sld_fab:instrumentation_fabric|alt_sld_fab_alt_sld_fab:alt_sld_fab|alt_sld_fab_alt_sld_fab_sldfabric:sldfabric|sld_jtag_hub:\jtag_hub_gen:real_sld_jtag_hub|design_hash_reg[2]                   ; altera_reserved_tck ; altera_reserved_tck ; 0.000        ; 0.071      ; 0.792      ;
; 0.550 ; RAM_IMG:RAM_INST|altsyncram:altsyncram_component|altsyncram_0kh1:auto_generated|sld_mod_ram_rom:mgl_prim2|ir_loaded_address_reg[6]                                                                                                                                                                                                                    ; sld_hub:auto_hub|alt_sld_fab_with_jtag_input:\instrumentation_fabric_with_node_gen:fabric_gen_new_way:with_jtag_input_gen:instrumentation_fabric|alt_sld_fab:instrumentation_fabric|alt_sld_fab_alt_sld_fab:alt_sld_fab|alt_sld_fab_alt_sld_fab_sldfabric:sldfabric|sld_jtag_hub:\jtag_hub_gen:real_sld_jtag_hub|irsr_reg[7]                          ; altera_reserved_tck ; altera_reserved_tck ; 0.000        ; 0.074      ; 0.795      ;
; 0.557 ; sld_hub:auto_hub|alt_sld_fab_with_jtag_input:\instrumentation_fabric_with_node_gen:fabric_gen_new_way:with_jtag_input_gen:instrumentation_fabric|alt_sld_fab:instrumentation_fabric|alt_sld_fab_alt_sld_fab:alt_sld_fab|alt_sld_fab_alt_sld_fab_sldfabric:sldfabric|sld_jtag_hub:\jtag_hub_gen:real_sld_jtag_hub|irsr_reg[4]                          ; sld_hub:auto_hub|alt_sld_fab_with_jtag_input:\instrumentation_fabric_with_node_gen:fabric_gen_new_way:with_jtag_input_gen:instrumentation_fabric|alt_sld_fab:instrumentation_fabric|alt_sld_fab_alt_sld_fab:alt_sld_fab|alt_sld_fab_alt_sld_fab_sldfabric:sldfabric|sld_jtag_hub:\jtag_hub_gen:real_sld_jtag_hub|irf_reg[1][4]                        ; altera_reserved_tck ; altera_reserved_tck ; 0.000        ; 0.072      ; 0.800      ;
; 0.558 ; sld_hub:auto_hub|alt_sld_fab_with_jtag_input:\instrumentation_fabric_with_node_gen:fabric_gen_new_way:with_jtag_input_gen:instrumentation_fabric|alt_sld_fab:instrumentation_fabric|alt_sld_fab_alt_sld_fab:alt_sld_fab|alt_sld_fab_alt_sld_fab_sldfabric:sldfabric|sld_jtag_hub:\jtag_hub_gen:real_sld_jtag_hub|jtag_ir_reg[6]                       ; sld_hub:auto_hub|alt_sld_fab_with_jtag_input:\instrumentation_fabric_with_node_gen:fabric_gen_new_way:with_jtag_input_gen:instrumentation_fabric|alt_sld_fab:instrumentation_fabric|alt_sld_fab_alt_sld_fab:alt_sld_fab|alt_sld_fab_alt_sld_fab_sldfabric:sldfabric|sld_jtag_hub:\jtag_hub_gen:real_sld_jtag_hub|jtag_ir_reg[5]                       ; altera_reserved_tck ; altera_reserved_tck ; 0.000        ; 0.071      ; 0.800      ;
; 0.559 ; sld_hub:auto_hub|alt_sld_fab_with_jtag_input:\instrumentation_fabric_with_node_gen:fabric_gen_new_way:with_jtag_input_gen:instrumentation_fabric|alt_sld_fab:instrumentation_fabric|alt_sld_fab_alt_sld_fab:alt_sld_fab|alt_sld_fab_alt_sld_fab_sldfabric:sldfabric|sld_jtag_hub:\jtag_hub_gen:real_sld_jtag_hub|jtag_ir_reg[2]                       ; sld_hub:auto_hub|alt_sld_fab_with_jtag_input:\instrumentation_fabric_with_node_gen:fabric_gen_new_way:with_jtag_input_gen:instrumentation_fabric|alt_sld_fab:instrumentation_fabric|alt_sld_fab_alt_sld_fab:alt_sld_fab|alt_sld_fab_alt_sld_fab_sldfabric:sldfabric|sld_jtag_hub:\jtag_hub_gen:real_sld_jtag_hub|jtag_ir_reg[1]                       ; altera_reserved_tck ; altera_reserved_tck ; 0.000        ; 0.071      ; 0.801      ;
; 0.560 ; RAM_IMG:RAM_INST|altsyncram:altsyncram_component|altsyncram_0kh1:auto_generated|sld_mod_ram_rom:mgl_prim2|ram_rom_data_reg[7]                                                                                                                                                                                                                         ; RAM_IMG:RAM_INST|altsyncram:altsyncram_component|altsyncram_0kh1:auto_generated|altsyncram_2u72:altsyncram1|ram_block3a40~portb_datain_reg0                                                                                                                                                                                                           ; altera_reserved_tck ; altera_reserved_tck ; 0.000        ; 0.342      ; 1.103      ;
; 0.562 ; RAM_IMG:RAM_INST|altsyncram:altsyncram_component|altsyncram_0kh1:auto_generated|sld_mod_ram_rom:mgl_prim2|ram_rom_data_reg[0]                                                                                                                                                                                                                         ; RAM_IMG:RAM_INST|altsyncram:altsyncram_component|altsyncram_0kh1:auto_generated|altsyncram_2u72:altsyncram1|ram_block3a40~portb_datain_reg0                                                                                                                                                                                                           ; altera_reserved_tck ; altera_reserved_tck ; 0.000        ; 0.342      ; 1.105      ;
; 0.566 ; sld_hub:auto_hub|alt_sld_fab_with_jtag_input:\instrumentation_fabric_with_node_gen:fabric_gen_new_way:with_jtag_input_gen:instrumentation_fabric|alt_sld_fab:instrumentation_fabric|alt_sld_fab_alt_sld_fab:alt_sld_fab|alt_sld_fab_alt_sld_fab_sldfabric:sldfabric|sld_jtag_hub:\jtag_hub_gen:real_sld_jtag_hub|irf_reg[1][4]                        ; RAM_IMG:RAM_INST|altsyncram:altsyncram_component|altsyncram_0kh1:auto_generated|sld_mod_ram_rom:mgl_prim2|is_in_use_reg                                                                                                                                                                                                                               ; altera_reserved_tck ; altera_reserved_tck ; 0.000        ; 0.070      ; 0.807      ;
; 0.568 ; sld_hub:auto_hub|alt_sld_fab_with_jtag_input:\instrumentation_fabric_with_node_gen:fabric_gen_new_way:with_jtag_input_gen:instrumentation_fabric|alt_sld_fab:instrumentation_fabric|alt_sld_fab_alt_sld_fab:alt_sld_fab|alt_sld_fab_alt_sld_fab_sldfabric:sldfabric|sld_jtag_hub:\jtag_hub_gen:real_sld_jtag_hub|jtag_ir_reg[1]                       ; sld_hub:auto_hub|alt_sld_fab_with_jtag_input:\instrumentation_fabric_with_node_gen:fabric_gen_new_way:with_jtag_input_gen:instrumentation_fabric|alt_sld_fab:instrumentation_fabric|alt_sld_fab_alt_sld_fab:alt_sld_fab|alt_sld_fab_alt_sld_fab_sldfabric:sldfabric|sld_jtag_hub:\jtag_hub_gen:real_sld_jtag_hub|virtual_ir_scan_reg                  ; altera_reserved_tck ; altera_reserved_tck ; 0.000        ; 0.071      ; 0.810      ;
; 0.568 ; sld_hub:auto_hub|alt_sld_fab_with_jtag_input:\instrumentation_fabric_with_node_gen:fabric_gen_new_way:with_jtag_input_gen:instrumentation_fabric|alt_sld_fab:instrumentation_fabric|alt_sld_fab_alt_sld_fab:alt_sld_fab|alt_sld_fab_alt_sld_fab_sldfabric:sldfabric|sld_jtag_hub:\jtag_hub_gen:real_sld_jtag_hub|jtag_ir_reg[8]                       ; sld_hub:auto_hub|alt_sld_fab_with_jtag_input:\instrumentation_fabric_with_node_gen:fabric_gen_new_way:with_jtag_input_gen:instrumentation_fabric|alt_sld_fab:instrumentation_fabric|alt_sld_fab_alt_sld_fab:alt_sld_fab|alt_sld_fab_alt_sld_fab_sldfabric:sldfabric|sld_jtag_hub:\jtag_hub_gen:real_sld_jtag_hub|jtag_ir_reg[7]                       ; altera_reserved_tck ; altera_reserved_tck ; 0.000        ; 0.071      ; 0.810      ;
; 0.568 ; RAM_IMG:RAM_INST|altsyncram:altsyncram_component|altsyncram_0kh1:auto_generated|sld_mod_ram_rom:mgl_prim2|is_in_use_reg                                                                                                                                                                                                                               ; sld_hub:auto_hub|alt_sld_fab_with_jtag_input:\instrumentation_fabric_with_node_gen:fabric_gen_new_way:with_jtag_input_gen:instrumentation_fabric|alt_sld_fab:instrumentation_fabric|alt_sld_fab_alt_sld_fab:alt_sld_fab|alt_sld_fab_alt_sld_fab_sldfabric:sldfabric|sld_jtag_hub:\jtag_hub_gen:real_sld_jtag_hub|irsr_reg[0]                          ; altera_reserved_tck ; altera_reserved_tck ; 0.000        ; 0.074      ; 0.813      ;
; 0.568 ; RAM_IMG:RAM_INST|altsyncram:altsyncram_component|altsyncram_0kh1:auto_generated|sld_mod_ram_rom:mgl_prim2|ram_rom_data_reg[1]                                                                                                                                                                                                                         ; RAM_IMG:RAM_INST|altsyncram:altsyncram_component|altsyncram_0kh1:auto_generated|sld_mod_ram_rom:mgl_prim2|ram_rom_data_reg[0]                                                                                                                                                                                                                         ; altera_reserved_tck ; altera_reserved_tck ; 0.000        ; 0.073      ; 0.812      ;
; 0.568 ; RAM_IMG:RAM_INST|altsyncram:altsyncram_component|altsyncram_0kh1:auto_generated|sld_mod_ram_rom:mgl_prim2|ram_rom_data_reg[2]                                                                                                                                                                                                                         ; RAM_IMG:RAM_INST|altsyncram:altsyncram_component|altsyncram_0kh1:auto_generated|sld_mod_ram_rom:mgl_prim2|ram_rom_data_reg[1]                                                                                                                                                                                                                         ; altera_reserved_tck ; altera_reserved_tck ; 0.000        ; 0.073      ; 0.812      ;
; 0.569 ; sld_hub:auto_hub|alt_sld_fab_with_jtag_input:\instrumentation_fabric_with_node_gen:fabric_gen_new_way:with_jtag_input_gen:instrumentation_fabric|alt_sld_fab:instrumentation_fabric|alt_sld_fab_alt_sld_fab:alt_sld_fab|alt_sld_fab_alt_sld_fab_sldfabric:sldfabric|sld_jtag_hub:\jtag_hub_gen:real_sld_jtag_hub|sld_shadow_jsm:shadow_jsm|state[6]   ; sld_hub:auto_hub|alt_sld_fab_with_jtag_input:\instrumentation_fabric_with_node_gen:fabric_gen_new_way:with_jtag_input_gen:instrumentation_fabric|alt_sld_fab:instrumentation_fabric|alt_sld_fab_alt_sld_fab:alt_sld_fab|alt_sld_fab_alt_sld_fab_sldfabric:sldfabric|sld_jtag_hub:\jtag_hub_gen:real_sld_jtag_hub|sld_shadow_jsm:shadow_jsm|state[7]   ; altera_reserved_tck ; altera_reserved_tck ; 0.000        ; 0.074      ; 0.814      ;
; 0.569 ; RAM_IMG:RAM_INST|altsyncram:altsyncram_component|altsyncram_0kh1:auto_generated|sld_mod_ram_rom:mgl_prim2|ir_loaded_address_reg[0]                                                                                                                                                                                                                    ; sld_hub:auto_hub|alt_sld_fab_with_jtag_input:\instrumentation_fabric_with_node_gen:fabric_gen_new_way:with_jtag_input_gen:instrumentation_fabric|alt_sld_fab:instrumentation_fabric|alt_sld_fab_alt_sld_fab:alt_sld_fab|alt_sld_fab_alt_sld_fab_sldfabric:sldfabric|sld_jtag_hub:\jtag_hub_gen:real_sld_jtag_hub|irsr_reg[1]                          ; altera_reserved_tck ; altera_reserved_tck ; 0.000        ; 0.074      ; 0.814      ;
; 0.570 ; sld_hub:auto_hub|alt_sld_fab_with_jtag_input:\instrumentation_fabric_with_node_gen:fabric_gen_new_way:with_jtag_input_gen:instrumentation_fabric|alt_sld_fab:instrumentation_fabric|alt_sld_fab_alt_sld_fab:alt_sld_fab|alt_sld_fab_alt_sld_fab_sldfabric:sldfabric|sld_jtag_hub:\jtag_hub_gen:real_sld_jtag_hub|identity_contrib_shift_reg[1]        ; sld_hub:auto_hub|alt_sld_fab_with_jtag_input:\instrumentation_fabric_with_node_gen:fabric_gen_new_way:with_jtag_input_gen:instrumentation_fabric|alt_sld_fab:instrumentation_fabric|alt_sld_fab_alt_sld_fab:alt_sld_fab|sldfabric_ident_writedata[1]                                                                                                  ; altera_reserved_tck ; altera_reserved_tck ; 0.000        ; 0.073      ; 0.814      ;
; 0.570 ; RAM_IMG:RAM_INST|altsyncram:altsyncram_component|altsyncram_0kh1:auto_generated|sld_mod_ram_rom:mgl_prim2|ram_rom_data_reg[4]                                                                                                                                                                                                                         ; RAM_IMG:RAM_INST|altsyncram:altsyncram_component|altsyncram_0kh1:auto_generated|sld_mod_ram_rom:mgl_prim2|ram_rom_data_reg[3]                                                                                                                                                                                                                         ; altera_reserved_tck ; altera_reserved_tck ; 0.000        ; 0.073      ; 0.814      ;
; 0.571 ; sld_hub:auto_hub|alt_sld_fab_with_jtag_input:\instrumentation_fabric_with_node_gen:fabric_gen_new_way:with_jtag_input_gen:instrumentation_fabric|alt_sld_fab:instrumentation_fabric|alt_sld_fab_alt_sld_fab:alt_sld_fab|alt_sld_fab_alt_sld_fab_sldfabric:sldfabric|sld_jtag_hub:\jtag_hub_gen:real_sld_jtag_hub|identity_contrib_shift_reg[0]        ; sld_hub:auto_hub|alt_sld_fab_with_jtag_input:\instrumentation_fabric_with_node_gen:fabric_gen_new_way:with_jtag_input_gen:instrumentation_fabric|alt_sld_fab:instrumentation_fabric|alt_sld_fab_alt_sld_fab:alt_sld_fab|sldfabric_ident_writedata[0]                                                                                                  ; altera_reserved_tck ; altera_reserved_tck ; 0.000        ; 0.073      ; 0.815      ;
; 0.573 ; sld_hub:auto_hub|alt_sld_fab_with_jtag_input:\instrumentation_fabric_with_node_gen:fabric_gen_new_way:with_jtag_input_gen:instrumentation_fabric|alt_sld_fab:instrumentation_fabric|alt_sld_fab_alt_sld_fab:alt_sld_fab|alt_sld_fab_alt_sld_fab_sldfabric:sldfabric|sld_jtag_hub:\jtag_hub_gen:real_sld_jtag_hub|jtag_ir_reg[1]                       ; sld_hub:auto_hub|alt_sld_fab_with_jtag_input:\instrumentation_fabric_with_node_gen:fabric_gen_new_way:with_jtag_input_gen:instrumentation_fabric|alt_sld_fab:instrumentation_fabric|alt_sld_fab_alt_sld_fab:alt_sld_fab|alt_sld_fab_alt_sld_fab_sldfabric:sldfabric|sld_jtag_hub:\jtag_hub_gen:real_sld_jtag_hub|virtual_dr_scan_reg                  ; altera_reserved_tck ; altera_reserved_tck ; 0.000        ; 0.071      ; 0.815      ;
; 0.575 ; RAM_IMG:RAM_INST|altsyncram:altsyncram_component|altsyncram_0kh1:auto_generated|sld_mod_ram_rom:mgl_prim2|ram_rom_addr_reg[2]                                                                                                                                                                                                                         ; RAM_IMG:RAM_INST|altsyncram:altsyncram_component|altsyncram_0kh1:auto_generated|sld_mod_ram_rom:mgl_prim2|ram_rom_addr_reg[1]                                                                                                                                                                                                                         ; altera_reserved_tck ; altera_reserved_tck ; 0.000        ; 0.071      ; 0.817      ;
; 0.575 ; RAM_IMG:RAM_INST|altsyncram:altsyncram_component|altsyncram_0kh1:auto_generated|sld_mod_ram_rom:mgl_prim2|ram_rom_addr_reg[4]                                                                                                                                                                                                                         ; RAM_IMG:RAM_INST|altsyncram:altsyncram_component|altsyncram_0kh1:auto_generated|sld_mod_ram_rom:mgl_prim2|ram_rom_addr_reg[3]                                                                                                                                                                                                                         ; altera_reserved_tck ; altera_reserved_tck ; 0.000        ; 0.071      ; 0.817      ;
; 0.576 ; RAM_IMG:RAM_INST|altsyncram:altsyncram_component|altsyncram_0kh1:auto_generated|sld_mod_ram_rom:mgl_prim2|ram_rom_addr_reg[7]                                                                                                                                                                                                                         ; RAM_IMG:RAM_INST|altsyncram:altsyncram_component|altsyncram_0kh1:auto_generated|sld_mod_ram_rom:mgl_prim2|ram_rom_addr_reg[6]                                                                                                                                                                                                                         ; altera_reserved_tck ; altera_reserved_tck ; 0.000        ; 0.071      ; 0.818      ;
; 0.576 ; RAM_IMG:RAM_INST|altsyncram:altsyncram_component|altsyncram_0kh1:auto_generated|sld_mod_ram_rom:mgl_prim2|ram_rom_addr_reg[13]                                                                                                                                                                                                                        ; RAM_IMG:RAM_INST|altsyncram:altsyncram_component|altsyncram_0kh1:auto_generated|sld_mod_ram_rom:mgl_prim2|ram_rom_addr_reg[12]                                                                                                                                                                                                                        ; altera_reserved_tck ; altera_reserved_tck ; 0.000        ; 0.071      ; 0.818      ;
; 0.576 ; RAM_IMG:RAM_INST|altsyncram:altsyncram_component|altsyncram_0kh1:auto_generated|sld_mod_ram_rom:mgl_prim2|ram_rom_addr_reg[15]                                                                                                                                                                                                                        ; RAM_IMG:RAM_INST|altsyncram:altsyncram_component|altsyncram_0kh1:auto_generated|sld_mod_ram_rom:mgl_prim2|ram_rom_addr_reg[14]                                                                                                                                                                                                                        ; altera_reserved_tck ; altera_reserved_tck ; 0.000        ; 0.071      ; 0.818      ;
; 0.577 ; RAM_IMG:RAM_INST|altsyncram:altsyncram_component|altsyncram_0kh1:auto_generated|sld_mod_ram_rom:mgl_prim2|ram_rom_addr_reg[11]                                                                                                                                                                                                                        ; RAM_IMG:RAM_INST|altsyncram:altsyncram_component|altsyncram_0kh1:auto_generated|sld_mod_ram_rom:mgl_prim2|ram_rom_addr_reg[10]                                                                                                                                                                                                                        ; altera_reserved_tck ; altera_reserved_tck ; 0.000        ; 0.071      ; 0.819      ;
; 0.582 ; sld_hub:auto_hub|alt_sld_fab_with_jtag_input:\instrumentation_fabric_with_node_gen:fabric_gen_new_way:with_jtag_input_gen:instrumentation_fabric|alt_sld_fab:instrumentation_fabric|alt_sld_fab_alt_sld_fab:alt_sld_fab|alt_sld_fab_alt_sld_fab_sldfabric:sldfabric|sld_jtag_hub:\jtag_hub_gen:real_sld_jtag_hub|sld_rom_sr:hub_info_reg|WORD_SR[3]   ; sld_hub:auto_hub|alt_sld_fab_with_jtag_input:\instrumentation_fabric_with_node_gen:fabric_gen_new_way:with_jtag_input_gen:instrumentation_fabric|alt_sld_fab:instrumentation_fabric|alt_sld_fab_alt_sld_fab:alt_sld_fab|alt_sld_fab_alt_sld_fab_sldfabric:sldfabric|sld_jtag_hub:\jtag_hub_gen:real_sld_jtag_hub|sld_rom_sr:hub_info_reg|WORD_SR[2]   ; altera_reserved_tck ; altera_reserved_tck ; 0.000        ; 0.071      ; 0.824      ;
; 0.582 ; sld_hub:auto_hub|alt_sld_fab_with_jtag_input:\instrumentation_fabric_with_node_gen:fabric_gen_new_way:with_jtag_input_gen:instrumentation_fabric|alt_sld_fab:instrumentation_fabric|alt_sld_fab_alt_sld_fab:alt_sld_fab|alt_sld_fab_alt_sld_fab_sldfabric:sldfabric|sld_jtag_hub:\jtag_hub_gen:real_sld_jtag_hub|sld_shadow_jsm:shadow_jsm|state[13]  ; sld_hub:auto_hub|alt_sld_fab_with_jtag_input:\instrumentation_fabric_with_node_gen:fabric_gen_new_way:with_jtag_input_gen:instrumentation_fabric|alt_sld_fab:instrumentation_fabric|alt_sld_fab_alt_sld_fab:alt_sld_fab|alt_sld_fab_alt_sld_fab_sldfabric:sldfabric|sld_jtag_hub:\jtag_hub_gen:real_sld_jtag_hub|sld_shadow_jsm:shadow_jsm|state[14]  ; altera_reserved_tck ; altera_reserved_tck ; 0.000        ; 0.072      ; 0.825      ;
; 0.583 ; sld_hub:auto_hub|alt_sld_fab_with_jtag_input:\instrumentation_fabric_with_node_gen:fabric_gen_new_way:with_jtag_input_gen:instrumentation_fabric|alt_sld_fab:instrumentation_fabric|alt_sld_fab_alt_sld_fab:alt_sld_fab|alt_sld_fab_alt_sld_fab_sldfabric:sldfabric|sld_jtag_hub:\jtag_hub_gen:real_sld_jtag_hub|sld_rom_sr:hub_info_reg|WORD_SR[2]   ; sld_hub:auto_hub|alt_sld_fab_with_jtag_input:\instrumentation_fabric_with_node_gen:fabric_gen_new_way:with_jtag_input_gen:instrumentation_fabric|alt_sld_fab:instrumentation_fabric|alt_sld_fab_alt_sld_fab:alt_sld_fab|alt_sld_fab_alt_sld_fab_sldfabric:sldfabric|sld_jtag_hub:\jtag_hub_gen:real_sld_jtag_hub|sld_rom_sr:hub_info_reg|WORD_SR[1]   ; altera_reserved_tck ; altera_reserved_tck ; 0.000        ; 0.071      ; 0.825      ;
; 0.583 ; sld_hub:auto_hub|alt_sld_fab_with_jtag_input:\instrumentation_fabric_with_node_gen:fabric_gen_new_way:with_jtag_input_gen:instrumentation_fabric|alt_sld_fab:instrumentation_fabric|alt_sld_fab_alt_sld_fab:alt_sld_fab|alt_sld_fab_alt_sld_fab_sldfabric:sldfabric|sld_jtag_hub:\jtag_hub_gen:real_sld_jtag_hub|sld_shadow_jsm:shadow_jsm|tms_cnt[1] ; sld_hub:auto_hub|alt_sld_fab_with_jtag_input:\instrumentation_fabric_with_node_gen:fabric_gen_new_way:with_jtag_input_gen:instrumentation_fabric|alt_sld_fab:instrumentation_fabric|alt_sld_fab_alt_sld_fab:alt_sld_fab|alt_sld_fab_alt_sld_fab_sldfabric:sldfabric|sld_jtag_hub:\jtag_hub_gen:real_sld_jtag_hub|sld_shadow_jsm:shadow_jsm|tms_cnt[2] ; altera_reserved_tck ; altera_reserved_tck ; 0.000        ; 0.071      ; 0.825      ;
; 0.589 ; sld_hub:auto_hub|alt_sld_fab_with_jtag_input:\instrumentation_fabric_with_node_gen:fabric_gen_new_way:with_jtag_input_gen:instrumentation_fabric|alt_sld_fab:instrumentation_fabric|alt_sld_fab_alt_sld_fab:alt_sld_fab|alt_sld_fab_alt_sld_fab_sldfabric:sldfabric|sld_jtag_hub:\jtag_hub_gen:real_sld_jtag_hub|identity_contrib_shift_reg[2]        ; sld_hub:auto_hub|alt_sld_fab_with_jtag_input:\instrumentation_fabric_with_node_gen:fabric_gen_new_way:with_jtag_input_gen:instrumentation_fabric|alt_sld_fab:instrumentation_fabric|alt_sld_fab_alt_sld_fab:alt_sld_fab|sldfabric_ident_writedata[2]                                                                                                  ; altera_reserved_tck ; altera_reserved_tck ; 0.000        ; 0.073      ; 0.833      ;
; 0.591 ; sld_hub:auto_hub|alt_sld_fab_with_jtag_input:\instrumentation_fabric_with_node_gen:fabric_gen_new_way:with_jtag_input_gen:instrumentation_fabric|alt_sld_fab:instrumentation_fabric|alt_sld_fab_alt_sld_fab:alt_sld_fab|alt_sld_fab_alt_sld_fab_sldfabric:sldfabric|sld_jtag_hub:\jtag_hub_gen:real_sld_jtag_hub|identity_contrib_shift_reg[3]        ; sld_hub:auto_hub|alt_sld_fab_with_jtag_input:\instrumentation_fabric_with_node_gen:fabric_gen_new_way:with_jtag_input_gen:instrumentation_fabric|alt_sld_fab:instrumentation_fabric|alt_sld_fab_alt_sld_fab:alt_sld_fab|sldfabric_ident_writedata[3]                                                                                                  ; altera_reserved_tck ; altera_reserved_tck ; 0.000        ; 0.073      ; 0.835      ;
; 0.594 ; sld_hub:auto_hub|alt_sld_fab_with_jtag_input:\instrumentation_fabric_with_node_gen:fabric_gen_new_way:with_jtag_input_gen:instrumentation_fabric|alt_sld_fab:instrumentation_fabric|alt_sld_fab_alt_sld_fab:alt_sld_fab|alt_sld_fab_alt_sld_fab_sldfabric:sldfabric|sld_jtag_hub:\jtag_hub_gen:real_sld_jtag_hub|sld_shadow_jsm:shadow_jsm|state[7]   ; sld_hub:auto_hub|alt_sld_fab_with_jtag_input:\instrumentation_fabric_with_node_gen:fabric_gen_new_way:with_jtag_input_gen:instrumentation_fabric|alt_sld_fab:instrumentation_fabric|alt_sld_fab_alt_sld_fab:alt_sld_fab|alt_sld_fab_alt_sld_fab_sldfabric:sldfabric|sld_jtag_hub:\jtag_hub_gen:real_sld_jtag_hub|sld_shadow_jsm:shadow_jsm|state[8]   ; altera_reserved_tck ; altera_reserved_tck ; 0.000        ; 0.074      ; 0.839      ;
; 0.595 ; sld_hub:auto_hub|alt_sld_fab_with_jtag_input:\instrumentation_fabric_with_node_gen:fabric_gen_new_way:with_jtag_input_gen:instrumentation_fabric|alt_sld_fab:instrumentation_fabric|alt_sld_fab_alt_sld_fab:alt_sld_fab|alt_sld_fab_alt_sld_fab_sldfabric:sldfabric|sld_jtag_hub:\jtag_hub_gen:real_sld_jtag_hub|sld_shadow_jsm:shadow_jsm|state[7]   ; sld_hub:auto_hub|alt_sld_fab_with_jtag_input:\instrumentation_fabric_with_node_gen:fabric_gen_new_way:with_jtag_input_gen:instrumentation_fabric|alt_sld_fab:instrumentation_fabric|alt_sld_fab_alt_sld_fab:alt_sld_fab|alt_sld_fab_alt_sld_fab_sldfabric:sldfabric|sld_jtag_hub:\jtag_hub_gen:real_sld_jtag_hub|sld_shadow_jsm:shadow_jsm|state[4]   ; altera_reserved_tck ; altera_reserved_tck ; 0.000        ; 0.074      ; 0.840      ;
+-------+-------------------------------------------------------------------------------------------------------------------------------------------------------------------------------------------------------------------------------------------------------------------------------------------------------------------------------------------------------+-------------------------------------------------------------------------------------------------------------------------------------------------------------------------------------------------------------------------------------------------------------------------------------------------------------------------------------------------------+---------------------+---------------------+--------------+------------+------------+


+------------------------------------------------------------------------------------------------------------------------------------------------------------------------------------------------------------------------------------------------------------------------------------------------------------------------------------------------------------------------------------------------------------------------------------------------------------------------------------------------------------------------------------------------------------------------------------------------------------------------------------------------------------------------------------------------------------------------------------------------------------------------------------------+
; Slow 1200mV 0C Model Recovery: 'altera_reserved_tck'                                                                                                                                                                                                                                                                                                                                                                                                                                                                                                                                                                                                                                                                                                                                     ;
+--------+-----------------------------------------------------------------------------------------------------------------------------------------------------------------------------------------------------------------------------------------------------------------------------------------------------------------------------------------------------+--------------------------------------------------------------------------------------------------------------------------------------------------------------------------------------------------------------------------------------------------------------------------------------------------------------------------------------+---------------------+---------------------+--------------+------------+------------+
; Slack  ; From Node                                                                                                                                                                                                                                                                                                                                           ; To Node                                                                                                                                                                                                                                                                                                                              ; Launch Clock        ; Latch Clock         ; Relationship ; Clock Skew ; Data Delay ;
+--------+-----------------------------------------------------------------------------------------------------------------------------------------------------------------------------------------------------------------------------------------------------------------------------------------------------------------------------------------------------+--------------------------------------------------------------------------------------------------------------------------------------------------------------------------------------------------------------------------------------------------------------------------------------------------------------------------------------+---------------------+---------------------+--------------+------------+------------+
; 97.730 ; sld_hub:auto_hub|alt_sld_fab_with_jtag_input:\instrumentation_fabric_with_node_gen:fabric_gen_new_way:with_jtag_input_gen:instrumentation_fabric|alt_sld_fab:instrumentation_fabric|alt_sld_fab_alt_sld_fab:alt_sld_fab|alt_sld_fab_alt_sld_fab_sldfabric:sldfabric|sld_jtag_hub:\jtag_hub_gen:real_sld_jtag_hub|irf_reg[1][3]                      ; RAM_IMG:RAM_INST|altsyncram:altsyncram_component|altsyncram_0kh1:auto_generated|sld_mod_ram_rom:mgl_prim2|ram_rom_data_shift_cntr_reg[1]                                                                                                                                                                                             ; altera_reserved_tck ; altera_reserved_tck ; 100.000      ; -0.089     ; 2.200      ;
; 97.730 ; sld_hub:auto_hub|alt_sld_fab_with_jtag_input:\instrumentation_fabric_with_node_gen:fabric_gen_new_way:with_jtag_input_gen:instrumentation_fabric|alt_sld_fab:instrumentation_fabric|alt_sld_fab_alt_sld_fab:alt_sld_fab|alt_sld_fab_alt_sld_fab_sldfabric:sldfabric|sld_jtag_hub:\jtag_hub_gen:real_sld_jtag_hub|irf_reg[1][3]                      ; RAM_IMG:RAM_INST|altsyncram:altsyncram_component|altsyncram_0kh1:auto_generated|sld_mod_ram_rom:mgl_prim2|ram_rom_data_shift_cntr_reg[0]                                                                                                                                                                                             ; altera_reserved_tck ; altera_reserved_tck ; 100.000      ; -0.089     ; 2.200      ;
; 97.730 ; sld_hub:auto_hub|alt_sld_fab_with_jtag_input:\instrumentation_fabric_with_node_gen:fabric_gen_new_way:with_jtag_input_gen:instrumentation_fabric|alt_sld_fab:instrumentation_fabric|alt_sld_fab_alt_sld_fab:alt_sld_fab|alt_sld_fab_alt_sld_fab_sldfabric:sldfabric|sld_jtag_hub:\jtag_hub_gen:real_sld_jtag_hub|irf_reg[1][3]                      ; RAM_IMG:RAM_INST|altsyncram:altsyncram_component|altsyncram_0kh1:auto_generated|sld_mod_ram_rom:mgl_prim2|ram_rom_data_shift_cntr_reg[2]                                                                                                                                                                                             ; altera_reserved_tck ; altera_reserved_tck ; 100.000      ; -0.089     ; 2.200      ;
; 97.847 ; sld_hub:auto_hub|alt_sld_fab_with_jtag_input:\instrumentation_fabric_with_node_gen:fabric_gen_new_way:with_jtag_input_gen:instrumentation_fabric|alt_sld_fab:instrumentation_fabric|alt_sld_fab_alt_sld_fab:alt_sld_fab|alt_sld_fab_alt_sld_fab_sldfabric:sldfabric|sld_jtag_hub:\jtag_hub_gen:real_sld_jtag_hub|irf_reg[1][0]                      ; RAM_IMG:RAM_INST|altsyncram:altsyncram_component|altsyncram_0kh1:auto_generated|sld_mod_ram_rom:mgl_prim2|ram_rom_addr_reg[1]                                                                                                                                                                                                        ; altera_reserved_tck ; altera_reserved_tck ; 100.000      ; -0.082     ; 2.090      ;
; 97.847 ; sld_hub:auto_hub|alt_sld_fab_with_jtag_input:\instrumentation_fabric_with_node_gen:fabric_gen_new_way:with_jtag_input_gen:instrumentation_fabric|alt_sld_fab:instrumentation_fabric|alt_sld_fab_alt_sld_fab:alt_sld_fab|alt_sld_fab_alt_sld_fab_sldfabric:sldfabric|sld_jtag_hub:\jtag_hub_gen:real_sld_jtag_hub|irf_reg[1][0]                      ; RAM_IMG:RAM_INST|altsyncram:altsyncram_component|altsyncram_0kh1:auto_generated|sld_mod_ram_rom:mgl_prim2|ram_rom_addr_reg[2]                                                                                                                                                                                                        ; altera_reserved_tck ; altera_reserved_tck ; 100.000      ; -0.082     ; 2.090      ;
; 97.847 ; sld_hub:auto_hub|alt_sld_fab_with_jtag_input:\instrumentation_fabric_with_node_gen:fabric_gen_new_way:with_jtag_input_gen:instrumentation_fabric|alt_sld_fab:instrumentation_fabric|alt_sld_fab_alt_sld_fab:alt_sld_fab|alt_sld_fab_alt_sld_fab_sldfabric:sldfabric|sld_jtag_hub:\jtag_hub_gen:real_sld_jtag_hub|irf_reg[1][0]                      ; RAM_IMG:RAM_INST|altsyncram:altsyncram_component|altsyncram_0kh1:auto_generated|sld_mod_ram_rom:mgl_prim2|ram_rom_addr_reg[3]                                                                                                                                                                                                        ; altera_reserved_tck ; altera_reserved_tck ; 100.000      ; -0.082     ; 2.090      ;
; 97.847 ; sld_hub:auto_hub|alt_sld_fab_with_jtag_input:\instrumentation_fabric_with_node_gen:fabric_gen_new_way:with_jtag_input_gen:instrumentation_fabric|alt_sld_fab:instrumentation_fabric|alt_sld_fab_alt_sld_fab:alt_sld_fab|alt_sld_fab_alt_sld_fab_sldfabric:sldfabric|sld_jtag_hub:\jtag_hub_gen:real_sld_jtag_hub|irf_reg[1][0]                      ; RAM_IMG:RAM_INST|altsyncram:altsyncram_component|altsyncram_0kh1:auto_generated|sld_mod_ram_rom:mgl_prim2|ram_rom_addr_reg[4]                                                                                                                                                                                                        ; altera_reserved_tck ; altera_reserved_tck ; 100.000      ; -0.082     ; 2.090      ;
; 97.847 ; sld_hub:auto_hub|alt_sld_fab_with_jtag_input:\instrumentation_fabric_with_node_gen:fabric_gen_new_way:with_jtag_input_gen:instrumentation_fabric|alt_sld_fab:instrumentation_fabric|alt_sld_fab_alt_sld_fab:alt_sld_fab|alt_sld_fab_alt_sld_fab_sldfabric:sldfabric|sld_jtag_hub:\jtag_hub_gen:real_sld_jtag_hub|irf_reg[1][0]                      ; RAM_IMG:RAM_INST|altsyncram:altsyncram_component|altsyncram_0kh1:auto_generated|sld_mod_ram_rom:mgl_prim2|ram_rom_addr_reg[5]                                                                                                                                                                                                        ; altera_reserved_tck ; altera_reserved_tck ; 100.000      ; -0.082     ; 2.090      ;
; 97.847 ; sld_hub:auto_hub|alt_sld_fab_with_jtag_input:\instrumentation_fabric_with_node_gen:fabric_gen_new_way:with_jtag_input_gen:instrumentation_fabric|alt_sld_fab:instrumentation_fabric|alt_sld_fab_alt_sld_fab:alt_sld_fab|alt_sld_fab_alt_sld_fab_sldfabric:sldfabric|sld_jtag_hub:\jtag_hub_gen:real_sld_jtag_hub|irf_reg[1][0]                      ; RAM_IMG:RAM_INST|altsyncram:altsyncram_component|altsyncram_0kh1:auto_generated|sld_mod_ram_rom:mgl_prim2|ram_rom_addr_reg[6]                                                                                                                                                                                                        ; altera_reserved_tck ; altera_reserved_tck ; 100.000      ; -0.082     ; 2.090      ;
; 97.847 ; sld_hub:auto_hub|alt_sld_fab_with_jtag_input:\instrumentation_fabric_with_node_gen:fabric_gen_new_way:with_jtag_input_gen:instrumentation_fabric|alt_sld_fab:instrumentation_fabric|alt_sld_fab_alt_sld_fab:alt_sld_fab|alt_sld_fab_alt_sld_fab_sldfabric:sldfabric|sld_jtag_hub:\jtag_hub_gen:real_sld_jtag_hub|irf_reg[1][0]                      ; RAM_IMG:RAM_INST|altsyncram:altsyncram_component|altsyncram_0kh1:auto_generated|sld_mod_ram_rom:mgl_prim2|ram_rom_addr_reg[7]                                                                                                                                                                                                        ; altera_reserved_tck ; altera_reserved_tck ; 100.000      ; -0.082     ; 2.090      ;
; 97.847 ; sld_hub:auto_hub|alt_sld_fab_with_jtag_input:\instrumentation_fabric_with_node_gen:fabric_gen_new_way:with_jtag_input_gen:instrumentation_fabric|alt_sld_fab:instrumentation_fabric|alt_sld_fab_alt_sld_fab:alt_sld_fab|alt_sld_fab_alt_sld_fab_sldfabric:sldfabric|sld_jtag_hub:\jtag_hub_gen:real_sld_jtag_hub|irf_reg[1][0]                      ; RAM_IMG:RAM_INST|altsyncram:altsyncram_component|altsyncram_0kh1:auto_generated|sld_mod_ram_rom:mgl_prim2|ram_rom_addr_reg[8]                                                                                                                                                                                                        ; altera_reserved_tck ; altera_reserved_tck ; 100.000      ; -0.082     ; 2.090      ;
; 97.847 ; sld_hub:auto_hub|alt_sld_fab_with_jtag_input:\instrumentation_fabric_with_node_gen:fabric_gen_new_way:with_jtag_input_gen:instrumentation_fabric|alt_sld_fab:instrumentation_fabric|alt_sld_fab_alt_sld_fab:alt_sld_fab|alt_sld_fab_alt_sld_fab_sldfabric:sldfabric|sld_jtag_hub:\jtag_hub_gen:real_sld_jtag_hub|irf_reg[1][0]                      ; RAM_IMG:RAM_INST|altsyncram:altsyncram_component|altsyncram_0kh1:auto_generated|sld_mod_ram_rom:mgl_prim2|ram_rom_addr_reg[9]                                                                                                                                                                                                        ; altera_reserved_tck ; altera_reserved_tck ; 100.000      ; -0.082     ; 2.090      ;
; 97.847 ; sld_hub:auto_hub|alt_sld_fab_with_jtag_input:\instrumentation_fabric_with_node_gen:fabric_gen_new_way:with_jtag_input_gen:instrumentation_fabric|alt_sld_fab:instrumentation_fabric|alt_sld_fab_alt_sld_fab:alt_sld_fab|alt_sld_fab_alt_sld_fab_sldfabric:sldfabric|sld_jtag_hub:\jtag_hub_gen:real_sld_jtag_hub|irf_reg[1][0]                      ; RAM_IMG:RAM_INST|altsyncram:altsyncram_component|altsyncram_0kh1:auto_generated|sld_mod_ram_rom:mgl_prim2|ram_rom_addr_reg[10]                                                                                                                                                                                                       ; altera_reserved_tck ; altera_reserved_tck ; 100.000      ; -0.082     ; 2.090      ;
; 97.847 ; sld_hub:auto_hub|alt_sld_fab_with_jtag_input:\instrumentation_fabric_with_node_gen:fabric_gen_new_way:with_jtag_input_gen:instrumentation_fabric|alt_sld_fab:instrumentation_fabric|alt_sld_fab_alt_sld_fab:alt_sld_fab|alt_sld_fab_alt_sld_fab_sldfabric:sldfabric|sld_jtag_hub:\jtag_hub_gen:real_sld_jtag_hub|irf_reg[1][0]                      ; RAM_IMG:RAM_INST|altsyncram:altsyncram_component|altsyncram_0kh1:auto_generated|sld_mod_ram_rom:mgl_prim2|ram_rom_addr_reg[11]                                                                                                                                                                                                       ; altera_reserved_tck ; altera_reserved_tck ; 100.000      ; -0.082     ; 2.090      ;
; 97.847 ; sld_hub:auto_hub|alt_sld_fab_with_jtag_input:\instrumentation_fabric_with_node_gen:fabric_gen_new_way:with_jtag_input_gen:instrumentation_fabric|alt_sld_fab:instrumentation_fabric|alt_sld_fab_alt_sld_fab:alt_sld_fab|alt_sld_fab_alt_sld_fab_sldfabric:sldfabric|sld_jtag_hub:\jtag_hub_gen:real_sld_jtag_hub|irf_reg[1][0]                      ; RAM_IMG:RAM_INST|altsyncram:altsyncram_component|altsyncram_0kh1:auto_generated|sld_mod_ram_rom:mgl_prim2|ram_rom_addr_reg[12]                                                                                                                                                                                                       ; altera_reserved_tck ; altera_reserved_tck ; 100.000      ; -0.082     ; 2.090      ;
; 97.847 ; sld_hub:auto_hub|alt_sld_fab_with_jtag_input:\instrumentation_fabric_with_node_gen:fabric_gen_new_way:with_jtag_input_gen:instrumentation_fabric|alt_sld_fab:instrumentation_fabric|alt_sld_fab_alt_sld_fab:alt_sld_fab|alt_sld_fab_alt_sld_fab_sldfabric:sldfabric|sld_jtag_hub:\jtag_hub_gen:real_sld_jtag_hub|irf_reg[1][0]                      ; RAM_IMG:RAM_INST|altsyncram:altsyncram_component|altsyncram_0kh1:auto_generated|sld_mod_ram_rom:mgl_prim2|ram_rom_addr_reg[13]                                                                                                                                                                                                       ; altera_reserved_tck ; altera_reserved_tck ; 100.000      ; -0.082     ; 2.090      ;
; 97.847 ; sld_hub:auto_hub|alt_sld_fab_with_jtag_input:\instrumentation_fabric_with_node_gen:fabric_gen_new_way:with_jtag_input_gen:instrumentation_fabric|alt_sld_fab:instrumentation_fabric|alt_sld_fab_alt_sld_fab:alt_sld_fab|alt_sld_fab_alt_sld_fab_sldfabric:sldfabric|sld_jtag_hub:\jtag_hub_gen:real_sld_jtag_hub|irf_reg[1][0]                      ; RAM_IMG:RAM_INST|altsyncram:altsyncram_component|altsyncram_0kh1:auto_generated|sld_mod_ram_rom:mgl_prim2|ram_rom_addr_reg[14]                                                                                                                                                                                                       ; altera_reserved_tck ; altera_reserved_tck ; 100.000      ; -0.082     ; 2.090      ;
; 97.847 ; sld_hub:auto_hub|alt_sld_fab_with_jtag_input:\instrumentation_fabric_with_node_gen:fabric_gen_new_way:with_jtag_input_gen:instrumentation_fabric|alt_sld_fab:instrumentation_fabric|alt_sld_fab_alt_sld_fab:alt_sld_fab|alt_sld_fab_alt_sld_fab_sldfabric:sldfabric|sld_jtag_hub:\jtag_hub_gen:real_sld_jtag_hub|irf_reg[1][0]                      ; RAM_IMG:RAM_INST|altsyncram:altsyncram_component|altsyncram_0kh1:auto_generated|sld_mod_ram_rom:mgl_prim2|ram_rom_addr_reg[15]                                                                                                                                                                                                       ; altera_reserved_tck ; altera_reserved_tck ; 100.000      ; -0.082     ; 2.090      ;
; 97.847 ; sld_hub:auto_hub|alt_sld_fab_with_jtag_input:\instrumentation_fabric_with_node_gen:fabric_gen_new_way:with_jtag_input_gen:instrumentation_fabric|alt_sld_fab:instrumentation_fabric|alt_sld_fab_alt_sld_fab:alt_sld_fab|alt_sld_fab_alt_sld_fab_sldfabric:sldfabric|sld_jtag_hub:\jtag_hub_gen:real_sld_jtag_hub|irf_reg[1][0]                      ; RAM_IMG:RAM_INST|altsyncram:altsyncram_component|altsyncram_0kh1:auto_generated|sld_mod_ram_rom:mgl_prim2|ram_rom_addr_reg[0]                                                                                                                                                                                                        ; altera_reserved_tck ; altera_reserved_tck ; 100.000      ; -0.082     ; 2.090      ;
; 97.948 ; sld_hub:auto_hub|alt_sld_fab_with_jtag_input:\instrumentation_fabric_with_node_gen:fabric_gen_new_way:with_jtag_input_gen:instrumentation_fabric|alt_sld_fab:instrumentation_fabric|alt_sld_fab_alt_sld_fab:alt_sld_fab|alt_sld_fab_alt_sld_fab_sldfabric:sldfabric|sld_jtag_hub:\jtag_hub_gen:real_sld_jtag_hub|irf_reg[1][0]                      ; RAM_IMG:RAM_INST|altsyncram:altsyncram_component|altsyncram_0kh1:auto_generated|sld_mod_ram_rom:mgl_prim2|ir_loaded_address_reg[1]                                                                                                                                                                                                   ; altera_reserved_tck ; altera_reserved_tck ; 100.000      ; -0.074     ; 1.997      ;
; 97.948 ; sld_hub:auto_hub|alt_sld_fab_with_jtag_input:\instrumentation_fabric_with_node_gen:fabric_gen_new_way:with_jtag_input_gen:instrumentation_fabric|alt_sld_fab:instrumentation_fabric|alt_sld_fab_alt_sld_fab:alt_sld_fab|alt_sld_fab_alt_sld_fab_sldfabric:sldfabric|sld_jtag_hub:\jtag_hub_gen:real_sld_jtag_hub|irf_reg[1][0]                      ; RAM_IMG:RAM_INST|altsyncram:altsyncram_component|altsyncram_0kh1:auto_generated|sld_mod_ram_rom:mgl_prim2|ir_loaded_address_reg[4]                                                                                                                                                                                                   ; altera_reserved_tck ; altera_reserved_tck ; 100.000      ; -0.074     ; 1.997      ;
; 97.948 ; sld_hub:auto_hub|alt_sld_fab_with_jtag_input:\instrumentation_fabric_with_node_gen:fabric_gen_new_way:with_jtag_input_gen:instrumentation_fabric|alt_sld_fab:instrumentation_fabric|alt_sld_fab_alt_sld_fab:alt_sld_fab|alt_sld_fab_alt_sld_fab_sldfabric:sldfabric|sld_jtag_hub:\jtag_hub_gen:real_sld_jtag_hub|irf_reg[1][0]                      ; RAM_IMG:RAM_INST|altsyncram:altsyncram_component|altsyncram_0kh1:auto_generated|sld_mod_ram_rom:mgl_prim2|ir_loaded_address_reg[6]                                                                                                                                                                                                   ; altera_reserved_tck ; altera_reserved_tck ; 100.000      ; -0.074     ; 1.997      ;
; 97.948 ; sld_hub:auto_hub|alt_sld_fab_with_jtag_input:\instrumentation_fabric_with_node_gen:fabric_gen_new_way:with_jtag_input_gen:instrumentation_fabric|alt_sld_fab:instrumentation_fabric|alt_sld_fab_alt_sld_fab:alt_sld_fab|alt_sld_fab_alt_sld_fab_sldfabric:sldfabric|sld_jtag_hub:\jtag_hub_gen:real_sld_jtag_hub|irf_reg[1][0]                      ; RAM_IMG:RAM_INST|altsyncram:altsyncram_component|altsyncram_0kh1:auto_generated|sld_mod_ram_rom:mgl_prim2|ir_loaded_address_reg[5]                                                                                                                                                                                                   ; altera_reserved_tck ; altera_reserved_tck ; 100.000      ; -0.074     ; 1.997      ;
; 97.948 ; sld_hub:auto_hub|alt_sld_fab_with_jtag_input:\instrumentation_fabric_with_node_gen:fabric_gen_new_way:with_jtag_input_gen:instrumentation_fabric|alt_sld_fab:instrumentation_fabric|alt_sld_fab_alt_sld_fab:alt_sld_fab|alt_sld_fab_alt_sld_fab_sldfabric:sldfabric|sld_jtag_hub:\jtag_hub_gen:real_sld_jtag_hub|irf_reg[1][0]                      ; RAM_IMG:RAM_INST|altsyncram:altsyncram_component|altsyncram_0kh1:auto_generated|sld_mod_ram_rom:mgl_prim2|ir_loaded_address_reg[3]                                                                                                                                                                                                   ; altera_reserved_tck ; altera_reserved_tck ; 100.000      ; -0.074     ; 1.997      ;
; 97.948 ; sld_hub:auto_hub|alt_sld_fab_with_jtag_input:\instrumentation_fabric_with_node_gen:fabric_gen_new_way:with_jtag_input_gen:instrumentation_fabric|alt_sld_fab:instrumentation_fabric|alt_sld_fab_alt_sld_fab:alt_sld_fab|alt_sld_fab_alt_sld_fab_sldfabric:sldfabric|sld_jtag_hub:\jtag_hub_gen:real_sld_jtag_hub|irf_reg[1][0]                      ; RAM_IMG:RAM_INST|altsyncram:altsyncram_component|altsyncram_0kh1:auto_generated|sld_mod_ram_rom:mgl_prim2|ir_loaded_address_reg[2]                                                                                                                                                                                                   ; altera_reserved_tck ; altera_reserved_tck ; 100.000      ; -0.074     ; 1.997      ;
; 97.948 ; sld_hub:auto_hub|alt_sld_fab_with_jtag_input:\instrumentation_fabric_with_node_gen:fabric_gen_new_way:with_jtag_input_gen:instrumentation_fabric|alt_sld_fab:instrumentation_fabric|alt_sld_fab_alt_sld_fab:alt_sld_fab|alt_sld_fab_alt_sld_fab_sldfabric:sldfabric|sld_jtag_hub:\jtag_hub_gen:real_sld_jtag_hub|irf_reg[1][0]                      ; RAM_IMG:RAM_INST|altsyncram:altsyncram_component|altsyncram_0kh1:auto_generated|sld_mod_ram_rom:mgl_prim2|ir_loaded_address_reg[0]                                                                                                                                                                                                   ; altera_reserved_tck ; altera_reserved_tck ; 100.000      ; -0.074     ; 1.997      ;
; 98.068 ; sld_hub:auto_hub|alt_sld_fab_with_jtag_input:\instrumentation_fabric_with_node_gen:fabric_gen_new_way:with_jtag_input_gen:instrumentation_fabric|alt_sld_fab:instrumentation_fabric|alt_sld_fab_alt_sld_fab:alt_sld_fab|alt_sld_fab_alt_sld_fab_sldfabric:sldfabric|sld_jtag_hub:\jtag_hub_gen:real_sld_jtag_hub|clr_reg                            ; sld_hub:auto_hub|alt_sld_fab_with_jtag_input:\instrumentation_fabric_with_node_gen:fabric_gen_new_way:with_jtag_input_gen:instrumentation_fabric|alt_sld_fab:instrumentation_fabric|alt_sld_fab_alt_sld_fab:alt_sld_fab|alt_sld_fab_alt_sld_fab_sldfabric:sldfabric|sld_jtag_hub:\jtag_hub_gen:real_sld_jtag_hub|irsr_reg[1]         ; altera_reserved_tck ; altera_reserved_tck ; 100.000      ; -0.073     ; 1.878      ;
; 98.068 ; sld_hub:auto_hub|alt_sld_fab_with_jtag_input:\instrumentation_fabric_with_node_gen:fabric_gen_new_way:with_jtag_input_gen:instrumentation_fabric|alt_sld_fab:instrumentation_fabric|alt_sld_fab_alt_sld_fab:alt_sld_fab|alt_sld_fab_alt_sld_fab_sldfabric:sldfabric|sld_jtag_hub:\jtag_hub_gen:real_sld_jtag_hub|clr_reg                            ; sld_hub:auto_hub|alt_sld_fab_with_jtag_input:\instrumentation_fabric_with_node_gen:fabric_gen_new_way:with_jtag_input_gen:instrumentation_fabric|alt_sld_fab:instrumentation_fabric|alt_sld_fab_alt_sld_fab:alt_sld_fab|alt_sld_fab_alt_sld_fab_sldfabric:sldfabric|sld_jtag_hub:\jtag_hub_gen:real_sld_jtag_hub|irsr_reg[0]         ; altera_reserved_tck ; altera_reserved_tck ; 100.000      ; -0.073     ; 1.878      ;
; 98.068 ; sld_hub:auto_hub|alt_sld_fab_with_jtag_input:\instrumentation_fabric_with_node_gen:fabric_gen_new_way:with_jtag_input_gen:instrumentation_fabric|alt_sld_fab:instrumentation_fabric|alt_sld_fab_alt_sld_fab:alt_sld_fab|alt_sld_fab_alt_sld_fab_sldfabric:sldfabric|sld_jtag_hub:\jtag_hub_gen:real_sld_jtag_hub|clr_reg                            ; sld_hub:auto_hub|alt_sld_fab_with_jtag_input:\instrumentation_fabric_with_node_gen:fabric_gen_new_way:with_jtag_input_gen:instrumentation_fabric|alt_sld_fab:instrumentation_fabric|alt_sld_fab_alt_sld_fab:alt_sld_fab|alt_sld_fab_alt_sld_fab_sldfabric:sldfabric|sld_jtag_hub:\jtag_hub_gen:real_sld_jtag_hub|irsr_reg[2]         ; altera_reserved_tck ; altera_reserved_tck ; 100.000      ; -0.073     ; 1.878      ;
; 98.068 ; sld_hub:auto_hub|alt_sld_fab_with_jtag_input:\instrumentation_fabric_with_node_gen:fabric_gen_new_way:with_jtag_input_gen:instrumentation_fabric|alt_sld_fab:instrumentation_fabric|alt_sld_fab_alt_sld_fab:alt_sld_fab|alt_sld_fab_alt_sld_fab_sldfabric:sldfabric|sld_jtag_hub:\jtag_hub_gen:real_sld_jtag_hub|clr_reg                            ; sld_hub:auto_hub|alt_sld_fab_with_jtag_input:\instrumentation_fabric_with_node_gen:fabric_gen_new_way:with_jtag_input_gen:instrumentation_fabric|alt_sld_fab:instrumentation_fabric|alt_sld_fab_alt_sld_fab:alt_sld_fab|alt_sld_fab_alt_sld_fab_sldfabric:sldfabric|sld_jtag_hub:\jtag_hub_gen:real_sld_jtag_hub|irsr_reg[4]         ; altera_reserved_tck ; altera_reserved_tck ; 100.000      ; -0.073     ; 1.878      ;
; 98.068 ; sld_hub:auto_hub|alt_sld_fab_with_jtag_input:\instrumentation_fabric_with_node_gen:fabric_gen_new_way:with_jtag_input_gen:instrumentation_fabric|alt_sld_fab:instrumentation_fabric|alt_sld_fab_alt_sld_fab:alt_sld_fab|alt_sld_fab_alt_sld_fab_sldfabric:sldfabric|sld_jtag_hub:\jtag_hub_gen:real_sld_jtag_hub|clr_reg                            ; sld_hub:auto_hub|alt_sld_fab_with_jtag_input:\instrumentation_fabric_with_node_gen:fabric_gen_new_way:with_jtag_input_gen:instrumentation_fabric|alt_sld_fab:instrumentation_fabric|alt_sld_fab_alt_sld_fab:alt_sld_fab|alt_sld_fab_alt_sld_fab_sldfabric:sldfabric|sld_jtag_hub:\jtag_hub_gen:real_sld_jtag_hub|irsr_reg[5]         ; altera_reserved_tck ; altera_reserved_tck ; 100.000      ; -0.073     ; 1.878      ;
; 98.068 ; sld_hub:auto_hub|alt_sld_fab_with_jtag_input:\instrumentation_fabric_with_node_gen:fabric_gen_new_way:with_jtag_input_gen:instrumentation_fabric|alt_sld_fab:instrumentation_fabric|alt_sld_fab_alt_sld_fab:alt_sld_fab|alt_sld_fab_alt_sld_fab_sldfabric:sldfabric|sld_jtag_hub:\jtag_hub_gen:real_sld_jtag_hub|clr_reg                            ; sld_hub:auto_hub|alt_sld_fab_with_jtag_input:\instrumentation_fabric_with_node_gen:fabric_gen_new_way:with_jtag_input_gen:instrumentation_fabric|alt_sld_fab:instrumentation_fabric|alt_sld_fab_alt_sld_fab:alt_sld_fab|alt_sld_fab_alt_sld_fab_sldfabric:sldfabric|sld_jtag_hub:\jtag_hub_gen:real_sld_jtag_hub|irsr_reg[6]         ; altera_reserved_tck ; altera_reserved_tck ; 100.000      ; -0.073     ; 1.878      ;
; 98.068 ; sld_hub:auto_hub|alt_sld_fab_with_jtag_input:\instrumentation_fabric_with_node_gen:fabric_gen_new_way:with_jtag_input_gen:instrumentation_fabric|alt_sld_fab:instrumentation_fabric|alt_sld_fab_alt_sld_fab:alt_sld_fab|alt_sld_fab_alt_sld_fab_sldfabric:sldfabric|sld_jtag_hub:\jtag_hub_gen:real_sld_jtag_hub|clr_reg                            ; sld_hub:auto_hub|alt_sld_fab_with_jtag_input:\instrumentation_fabric_with_node_gen:fabric_gen_new_way:with_jtag_input_gen:instrumentation_fabric|alt_sld_fab:instrumentation_fabric|alt_sld_fab_alt_sld_fab:alt_sld_fab|alt_sld_fab_alt_sld_fab_sldfabric:sldfabric|sld_jtag_hub:\jtag_hub_gen:real_sld_jtag_hub|irsr_reg[7]         ; altera_reserved_tck ; altera_reserved_tck ; 100.000      ; -0.073     ; 1.878      ;
; 98.068 ; sld_hub:auto_hub|alt_sld_fab_with_jtag_input:\instrumentation_fabric_with_node_gen:fabric_gen_new_way:with_jtag_input_gen:instrumentation_fabric|alt_sld_fab:instrumentation_fabric|alt_sld_fab_alt_sld_fab:alt_sld_fab|alt_sld_fab_alt_sld_fab_sldfabric:sldfabric|sld_jtag_hub:\jtag_hub_gen:real_sld_jtag_hub|clr_reg                            ; sld_hub:auto_hub|alt_sld_fab_with_jtag_input:\instrumentation_fabric_with_node_gen:fabric_gen_new_way:with_jtag_input_gen:instrumentation_fabric|alt_sld_fab:instrumentation_fabric|alt_sld_fab_alt_sld_fab:alt_sld_fab|alt_sld_fab_alt_sld_fab_sldfabric:sldfabric|sld_jtag_hub:\jtag_hub_gen:real_sld_jtag_hub|irf_reg[1][0]       ; altera_reserved_tck ; altera_reserved_tck ; 100.000      ; -0.073     ; 1.878      ;
; 98.068 ; sld_hub:auto_hub|alt_sld_fab_with_jtag_input:\instrumentation_fabric_with_node_gen:fabric_gen_new_way:with_jtag_input_gen:instrumentation_fabric|alt_sld_fab:instrumentation_fabric|alt_sld_fab_alt_sld_fab:alt_sld_fab|alt_sld_fab_alt_sld_fab_sldfabric:sldfabric|sld_jtag_hub:\jtag_hub_gen:real_sld_jtag_hub|clr_reg                            ; sld_hub:auto_hub|alt_sld_fab_with_jtag_input:\instrumentation_fabric_with_node_gen:fabric_gen_new_way:with_jtag_input_gen:instrumentation_fabric|alt_sld_fab:instrumentation_fabric|alt_sld_fab_alt_sld_fab:alt_sld_fab|alt_sld_fab_alt_sld_fab_sldfabric:sldfabric|sld_jtag_hub:\jtag_hub_gen:real_sld_jtag_hub|irf_reg[1][4]       ; altera_reserved_tck ; altera_reserved_tck ; 100.000      ; -0.073     ; 1.878      ;
; 98.068 ; sld_hub:auto_hub|alt_sld_fab_with_jtag_input:\instrumentation_fabric_with_node_gen:fabric_gen_new_way:with_jtag_input_gen:instrumentation_fabric|alt_sld_fab:instrumentation_fabric|alt_sld_fab_alt_sld_fab:alt_sld_fab|alt_sld_fab_alt_sld_fab_sldfabric:sldfabric|sld_jtag_hub:\jtag_hub_gen:real_sld_jtag_hub|clr_reg                            ; sld_hub:auto_hub|alt_sld_fab_with_jtag_input:\instrumentation_fabric_with_node_gen:fabric_gen_new_way:with_jtag_input_gen:instrumentation_fabric|alt_sld_fab:instrumentation_fabric|alt_sld_fab_alt_sld_fab:alt_sld_fab|alt_sld_fab_alt_sld_fab_sldfabric:sldfabric|sld_jtag_hub:\jtag_hub_gen:real_sld_jtag_hub|irf_reg[1][6]       ; altera_reserved_tck ; altera_reserved_tck ; 100.000      ; -0.073     ; 1.878      ;
; 98.068 ; sld_hub:auto_hub|alt_sld_fab_with_jtag_input:\instrumentation_fabric_with_node_gen:fabric_gen_new_way:with_jtag_input_gen:instrumentation_fabric|alt_sld_fab:instrumentation_fabric|alt_sld_fab_alt_sld_fab:alt_sld_fab|alt_sld_fab_alt_sld_fab_sldfabric:sldfabric|sld_jtag_hub:\jtag_hub_gen:real_sld_jtag_hub|clr_reg                            ; sld_hub:auto_hub|alt_sld_fab_with_jtag_input:\instrumentation_fabric_with_node_gen:fabric_gen_new_way:with_jtag_input_gen:instrumentation_fabric|alt_sld_fab:instrumentation_fabric|alt_sld_fab_alt_sld_fab:alt_sld_fab|alt_sld_fab_alt_sld_fab_sldfabric:sldfabric|sld_jtag_hub:\jtag_hub_gen:real_sld_jtag_hub|irf_reg[1][7]       ; altera_reserved_tck ; altera_reserved_tck ; 100.000      ; -0.073     ; 1.878      ;
; 98.171 ; sld_hub:auto_hub|alt_sld_fab_with_jtag_input:\instrumentation_fabric_with_node_gen:fabric_gen_new_way:with_jtag_input_gen:instrumentation_fabric|alt_sld_fab:instrumentation_fabric|alt_sld_fab_alt_sld_fab:alt_sld_fab|alt_sld_fab_alt_sld_fab_sldfabric:sldfabric|sld_jtag_hub:\jtag_hub_gen:real_sld_jtag_hub|sld_shadow_jsm:shadow_jsm|state[0] ; sld_hub:auto_hub|alt_sld_fab_with_jtag_input:\instrumentation_fabric_with_node_gen:fabric_gen_new_way:with_jtag_input_gen:instrumentation_fabric|alt_sld_fab:instrumentation_fabric|alt_sld_fab_alt_sld_fab:alt_sld_fab|alt_sld_fab_alt_sld_fab_sldfabric:sldfabric|sld_jtag_hub:\jtag_hub_gen:real_sld_jtag_hub|jtag_ir_reg[0]      ; altera_reserved_tck ; altera_reserved_tck ; 100.000      ; -0.071     ; 1.777      ;
; 98.171 ; sld_hub:auto_hub|alt_sld_fab_with_jtag_input:\instrumentation_fabric_with_node_gen:fabric_gen_new_way:with_jtag_input_gen:instrumentation_fabric|alt_sld_fab:instrumentation_fabric|alt_sld_fab_alt_sld_fab:alt_sld_fab|alt_sld_fab_alt_sld_fab_sldfabric:sldfabric|sld_jtag_hub:\jtag_hub_gen:real_sld_jtag_hub|sld_shadow_jsm:shadow_jsm|state[0] ; sld_hub:auto_hub|alt_sld_fab_with_jtag_input:\instrumentation_fabric_with_node_gen:fabric_gen_new_way:with_jtag_input_gen:instrumentation_fabric|alt_sld_fab:instrumentation_fabric|alt_sld_fab_alt_sld_fab:alt_sld_fab|alt_sld_fab_alt_sld_fab_sldfabric:sldfabric|sld_jtag_hub:\jtag_hub_gen:real_sld_jtag_hub|jtag_ir_reg[1]      ; altera_reserved_tck ; altera_reserved_tck ; 100.000      ; -0.071     ; 1.777      ;
; 98.171 ; sld_hub:auto_hub|alt_sld_fab_with_jtag_input:\instrumentation_fabric_with_node_gen:fabric_gen_new_way:with_jtag_input_gen:instrumentation_fabric|alt_sld_fab:instrumentation_fabric|alt_sld_fab_alt_sld_fab:alt_sld_fab|alt_sld_fab_alt_sld_fab_sldfabric:sldfabric|sld_jtag_hub:\jtag_hub_gen:real_sld_jtag_hub|sld_shadow_jsm:shadow_jsm|state[0] ; sld_hub:auto_hub|alt_sld_fab_with_jtag_input:\instrumentation_fabric_with_node_gen:fabric_gen_new_way:with_jtag_input_gen:instrumentation_fabric|alt_sld_fab:instrumentation_fabric|alt_sld_fab_alt_sld_fab:alt_sld_fab|alt_sld_fab_alt_sld_fab_sldfabric:sldfabric|sld_jtag_hub:\jtag_hub_gen:real_sld_jtag_hub|jtag_ir_reg[2]      ; altera_reserved_tck ; altera_reserved_tck ; 100.000      ; -0.071     ; 1.777      ;
; 98.171 ; sld_hub:auto_hub|alt_sld_fab_with_jtag_input:\instrumentation_fabric_with_node_gen:fabric_gen_new_way:with_jtag_input_gen:instrumentation_fabric|alt_sld_fab:instrumentation_fabric|alt_sld_fab_alt_sld_fab:alt_sld_fab|alt_sld_fab_alt_sld_fab_sldfabric:sldfabric|sld_jtag_hub:\jtag_hub_gen:real_sld_jtag_hub|sld_shadow_jsm:shadow_jsm|state[0] ; sld_hub:auto_hub|alt_sld_fab_with_jtag_input:\instrumentation_fabric_with_node_gen:fabric_gen_new_way:with_jtag_input_gen:instrumentation_fabric|alt_sld_fab:instrumentation_fabric|alt_sld_fab_alt_sld_fab:alt_sld_fab|alt_sld_fab_alt_sld_fab_sldfabric:sldfabric|sld_jtag_hub:\jtag_hub_gen:real_sld_jtag_hub|jtag_ir_reg[3]      ; altera_reserved_tck ; altera_reserved_tck ; 100.000      ; -0.071     ; 1.777      ;
; 98.171 ; sld_hub:auto_hub|alt_sld_fab_with_jtag_input:\instrumentation_fabric_with_node_gen:fabric_gen_new_way:with_jtag_input_gen:instrumentation_fabric|alt_sld_fab:instrumentation_fabric|alt_sld_fab_alt_sld_fab:alt_sld_fab|alt_sld_fab_alt_sld_fab_sldfabric:sldfabric|sld_jtag_hub:\jtag_hub_gen:real_sld_jtag_hub|sld_shadow_jsm:shadow_jsm|state[0] ; sld_hub:auto_hub|alt_sld_fab_with_jtag_input:\instrumentation_fabric_with_node_gen:fabric_gen_new_way:with_jtag_input_gen:instrumentation_fabric|alt_sld_fab:instrumentation_fabric|alt_sld_fab_alt_sld_fab:alt_sld_fab|alt_sld_fab_alt_sld_fab_sldfabric:sldfabric|sld_jtag_hub:\jtag_hub_gen:real_sld_jtag_hub|jtag_ir_reg[4]      ; altera_reserved_tck ; altera_reserved_tck ; 100.000      ; -0.071     ; 1.777      ;
; 98.171 ; sld_hub:auto_hub|alt_sld_fab_with_jtag_input:\instrumentation_fabric_with_node_gen:fabric_gen_new_way:with_jtag_input_gen:instrumentation_fabric|alt_sld_fab:instrumentation_fabric|alt_sld_fab_alt_sld_fab:alt_sld_fab|alt_sld_fab_alt_sld_fab_sldfabric:sldfabric|sld_jtag_hub:\jtag_hub_gen:real_sld_jtag_hub|sld_shadow_jsm:shadow_jsm|state[0] ; sld_hub:auto_hub|alt_sld_fab_with_jtag_input:\instrumentation_fabric_with_node_gen:fabric_gen_new_way:with_jtag_input_gen:instrumentation_fabric|alt_sld_fab:instrumentation_fabric|alt_sld_fab_alt_sld_fab:alt_sld_fab|alt_sld_fab_alt_sld_fab_sldfabric:sldfabric|sld_jtag_hub:\jtag_hub_gen:real_sld_jtag_hub|jtag_ir_reg[5]      ; altera_reserved_tck ; altera_reserved_tck ; 100.000      ; -0.071     ; 1.777      ;
; 98.171 ; sld_hub:auto_hub|alt_sld_fab_with_jtag_input:\instrumentation_fabric_with_node_gen:fabric_gen_new_way:with_jtag_input_gen:instrumentation_fabric|alt_sld_fab:instrumentation_fabric|alt_sld_fab_alt_sld_fab:alt_sld_fab|alt_sld_fab_alt_sld_fab_sldfabric:sldfabric|sld_jtag_hub:\jtag_hub_gen:real_sld_jtag_hub|sld_shadow_jsm:shadow_jsm|state[0] ; sld_hub:auto_hub|alt_sld_fab_with_jtag_input:\instrumentation_fabric_with_node_gen:fabric_gen_new_way:with_jtag_input_gen:instrumentation_fabric|alt_sld_fab:instrumentation_fabric|alt_sld_fab_alt_sld_fab:alt_sld_fab|alt_sld_fab_alt_sld_fab_sldfabric:sldfabric|sld_jtag_hub:\jtag_hub_gen:real_sld_jtag_hub|jtag_ir_reg[6]      ; altera_reserved_tck ; altera_reserved_tck ; 100.000      ; -0.071     ; 1.777      ;
; 98.171 ; sld_hub:auto_hub|alt_sld_fab_with_jtag_input:\instrumentation_fabric_with_node_gen:fabric_gen_new_way:with_jtag_input_gen:instrumentation_fabric|alt_sld_fab:instrumentation_fabric|alt_sld_fab_alt_sld_fab:alt_sld_fab|alt_sld_fab_alt_sld_fab_sldfabric:sldfabric|sld_jtag_hub:\jtag_hub_gen:real_sld_jtag_hub|sld_shadow_jsm:shadow_jsm|state[0] ; sld_hub:auto_hub|alt_sld_fab_with_jtag_input:\instrumentation_fabric_with_node_gen:fabric_gen_new_way:with_jtag_input_gen:instrumentation_fabric|alt_sld_fab:instrumentation_fabric|alt_sld_fab_alt_sld_fab:alt_sld_fab|alt_sld_fab_alt_sld_fab_sldfabric:sldfabric|sld_jtag_hub:\jtag_hub_gen:real_sld_jtag_hub|jtag_ir_reg[7]      ; altera_reserved_tck ; altera_reserved_tck ; 100.000      ; -0.071     ; 1.777      ;
; 98.171 ; sld_hub:auto_hub|alt_sld_fab_with_jtag_input:\instrumentation_fabric_with_node_gen:fabric_gen_new_way:with_jtag_input_gen:instrumentation_fabric|alt_sld_fab:instrumentation_fabric|alt_sld_fab_alt_sld_fab:alt_sld_fab|alt_sld_fab_alt_sld_fab_sldfabric:sldfabric|sld_jtag_hub:\jtag_hub_gen:real_sld_jtag_hub|sld_shadow_jsm:shadow_jsm|state[0] ; sld_hub:auto_hub|alt_sld_fab_with_jtag_input:\instrumentation_fabric_with_node_gen:fabric_gen_new_way:with_jtag_input_gen:instrumentation_fabric|alt_sld_fab:instrumentation_fabric|alt_sld_fab_alt_sld_fab:alt_sld_fab|alt_sld_fab_alt_sld_fab_sldfabric:sldfabric|sld_jtag_hub:\jtag_hub_gen:real_sld_jtag_hub|jtag_ir_reg[8]      ; altera_reserved_tck ; altera_reserved_tck ; 100.000      ; -0.071     ; 1.777      ;
; 98.171 ; sld_hub:auto_hub|alt_sld_fab_with_jtag_input:\instrumentation_fabric_with_node_gen:fabric_gen_new_way:with_jtag_input_gen:instrumentation_fabric|alt_sld_fab:instrumentation_fabric|alt_sld_fab_alt_sld_fab:alt_sld_fab|alt_sld_fab_alt_sld_fab_sldfabric:sldfabric|sld_jtag_hub:\jtag_hub_gen:real_sld_jtag_hub|sld_shadow_jsm:shadow_jsm|state[0] ; sld_hub:auto_hub|alt_sld_fab_with_jtag_input:\instrumentation_fabric_with_node_gen:fabric_gen_new_way:with_jtag_input_gen:instrumentation_fabric|alt_sld_fab:instrumentation_fabric|alt_sld_fab_alt_sld_fab:alt_sld_fab|alt_sld_fab_alt_sld_fab_sldfabric:sldfabric|sld_jtag_hub:\jtag_hub_gen:real_sld_jtag_hub|jtag_ir_reg[9]      ; altera_reserved_tck ; altera_reserved_tck ; 100.000      ; -0.071     ; 1.777      ;
; 98.182 ; sld_hub:auto_hub|alt_sld_fab_with_jtag_input:\instrumentation_fabric_with_node_gen:fabric_gen_new_way:with_jtag_input_gen:instrumentation_fabric|alt_sld_fab:instrumentation_fabric|alt_sld_fab_alt_sld_fab:alt_sld_fab|alt_sld_fab_alt_sld_fab_sldfabric:sldfabric|sld_jtag_hub:\jtag_hub_gen:real_sld_jtag_hub|clr_reg                            ; RAM_IMG:RAM_INST|altsyncram:altsyncram_component|altsyncram_0kh1:auto_generated|sld_mod_ram_rom:mgl_prim2|bypass_reg_out                                                                                                                                                                                                             ; altera_reserved_tck ; altera_reserved_tck ; 100.000      ; -0.069     ; 1.768      ;
; 98.201 ; sld_hub:auto_hub|alt_sld_fab_with_jtag_input:\instrumentation_fabric_with_node_gen:fabric_gen_new_way:with_jtag_input_gen:instrumentation_fabric|alt_sld_fab:instrumentation_fabric|alt_sld_fab_alt_sld_fab:alt_sld_fab|alt_sld_fab_alt_sld_fab_sldfabric:sldfabric|sld_jtag_hub:\jtag_hub_gen:real_sld_jtag_hub|clr_reg                            ; RAM_IMG:RAM_INST|altsyncram:altsyncram_component|altsyncram_0kh1:auto_generated|sld_mod_ram_rom:mgl_prim2|is_in_use_reg                                                                                                                                                                                                              ; altera_reserved_tck ; altera_reserved_tck ; 100.000      ; -0.075     ; 1.743      ;
; 98.233 ; sld_hub:auto_hub|alt_sld_fab_with_jtag_input:\instrumentation_fabric_with_node_gen:fabric_gen_new_way:with_jtag_input_gen:instrumentation_fabric|alt_sld_fab:instrumentation_fabric|alt_sld_fab_alt_sld_fab:alt_sld_fab|alt_sld_fab_alt_sld_fab_sldfabric:sldfabric|sld_jtag_hub:\jtag_hub_gen:real_sld_jtag_hub|clr_reg                            ; sld_hub:auto_hub|alt_sld_fab_with_jtag_input:\instrumentation_fabric_with_node_gen:fabric_gen_new_way:with_jtag_input_gen:instrumentation_fabric|alt_sld_fab:instrumentation_fabric|alt_sld_fab_alt_sld_fab:alt_sld_fab|alt_sld_fab_alt_sld_fab_sldfabric:sldfabric|sld_jtag_hub:\jtag_hub_gen:real_sld_jtag_hub|irf_reg[1][3]       ; altera_reserved_tck ; altera_reserved_tck ; 100.000      ; -0.069     ; 1.717      ;
; 98.233 ; sld_hub:auto_hub|alt_sld_fab_with_jtag_input:\instrumentation_fabric_with_node_gen:fabric_gen_new_way:with_jtag_input_gen:instrumentation_fabric|alt_sld_fab:instrumentation_fabric|alt_sld_fab_alt_sld_fab:alt_sld_fab|alt_sld_fab_alt_sld_fab_sldfabric:sldfabric|sld_jtag_hub:\jtag_hub_gen:real_sld_jtag_hub|clr_reg                            ; sld_hub:auto_hub|alt_sld_fab_with_jtag_input:\instrumentation_fabric_with_node_gen:fabric_gen_new_way:with_jtag_input_gen:instrumentation_fabric|alt_sld_fab:instrumentation_fabric|alt_sld_fab_alt_sld_fab:alt_sld_fab|alt_sld_fab_alt_sld_fab_sldfabric:sldfabric|sld_jtag_hub:\jtag_hub_gen:real_sld_jtag_hub|irf_reg[1][1]       ; altera_reserved_tck ; altera_reserved_tck ; 100.000      ; -0.069     ; 1.717      ;
; 98.233 ; sld_hub:auto_hub|alt_sld_fab_with_jtag_input:\instrumentation_fabric_with_node_gen:fabric_gen_new_way:with_jtag_input_gen:instrumentation_fabric|alt_sld_fab:instrumentation_fabric|alt_sld_fab_alt_sld_fab:alt_sld_fab|alt_sld_fab_alt_sld_fab_sldfabric:sldfabric|sld_jtag_hub:\jtag_hub_gen:real_sld_jtag_hub|clr_reg                            ; sld_hub:auto_hub|alt_sld_fab_with_jtag_input:\instrumentation_fabric_with_node_gen:fabric_gen_new_way:with_jtag_input_gen:instrumentation_fabric|alt_sld_fab:instrumentation_fabric|alt_sld_fab_alt_sld_fab:alt_sld_fab|alt_sld_fab_alt_sld_fab_sldfabric:sldfabric|sld_jtag_hub:\jtag_hub_gen:real_sld_jtag_hub|irf_reg[1][2]       ; altera_reserved_tck ; altera_reserved_tck ; 100.000      ; -0.069     ; 1.717      ;
; 98.233 ; sld_hub:auto_hub|alt_sld_fab_with_jtag_input:\instrumentation_fabric_with_node_gen:fabric_gen_new_way:with_jtag_input_gen:instrumentation_fabric|alt_sld_fab:instrumentation_fabric|alt_sld_fab_alt_sld_fab:alt_sld_fab|alt_sld_fab_alt_sld_fab_sldfabric:sldfabric|sld_jtag_hub:\jtag_hub_gen:real_sld_jtag_hub|clr_reg                            ; sld_hub:auto_hub|alt_sld_fab_with_jtag_input:\instrumentation_fabric_with_node_gen:fabric_gen_new_way:with_jtag_input_gen:instrumentation_fabric|alt_sld_fab:instrumentation_fabric|alt_sld_fab_alt_sld_fab:alt_sld_fab|alt_sld_fab_alt_sld_fab_sldfabric:sldfabric|sld_jtag_hub:\jtag_hub_gen:real_sld_jtag_hub|irf_reg[1][5]       ; altera_reserved_tck ; altera_reserved_tck ; 100.000      ; -0.069     ; 1.717      ;
; 98.268 ; sld_hub:auto_hub|alt_sld_fab_with_jtag_input:\instrumentation_fabric_with_node_gen:fabric_gen_new_way:with_jtag_input_gen:instrumentation_fabric|alt_sld_fab:instrumentation_fabric|alt_sld_fab_alt_sld_fab:alt_sld_fab|alt_sld_fab_alt_sld_fab_sldfabric:sldfabric|sld_jtag_hub:\jtag_hub_gen:real_sld_jtag_hub|irf_reg[1][4]                      ; RAM_IMG:RAM_INST|altsyncram:altsyncram_component|altsyncram_0kh1:auto_generated|sld_mod_ram_rom:mgl_prim2|ir_loaded_address_reg[1]                                                                                                                                                                                                   ; altera_reserved_tck ; altera_reserved_tck ; 100.000      ; -0.074     ; 1.677      ;
; 98.268 ; sld_hub:auto_hub|alt_sld_fab_with_jtag_input:\instrumentation_fabric_with_node_gen:fabric_gen_new_way:with_jtag_input_gen:instrumentation_fabric|alt_sld_fab:instrumentation_fabric|alt_sld_fab_alt_sld_fab:alt_sld_fab|alt_sld_fab_alt_sld_fab_sldfabric:sldfabric|sld_jtag_hub:\jtag_hub_gen:real_sld_jtag_hub|irf_reg[1][4]                      ; RAM_IMG:RAM_INST|altsyncram:altsyncram_component|altsyncram_0kh1:auto_generated|sld_mod_ram_rom:mgl_prim2|ir_loaded_address_reg[4]                                                                                                                                                                                                   ; altera_reserved_tck ; altera_reserved_tck ; 100.000      ; -0.074     ; 1.677      ;
; 98.268 ; sld_hub:auto_hub|alt_sld_fab_with_jtag_input:\instrumentation_fabric_with_node_gen:fabric_gen_new_way:with_jtag_input_gen:instrumentation_fabric|alt_sld_fab:instrumentation_fabric|alt_sld_fab_alt_sld_fab:alt_sld_fab|alt_sld_fab_alt_sld_fab_sldfabric:sldfabric|sld_jtag_hub:\jtag_hub_gen:real_sld_jtag_hub|irf_reg[1][4]                      ; RAM_IMG:RAM_INST|altsyncram:altsyncram_component|altsyncram_0kh1:auto_generated|sld_mod_ram_rom:mgl_prim2|ir_loaded_address_reg[6]                                                                                                                                                                                                   ; altera_reserved_tck ; altera_reserved_tck ; 100.000      ; -0.074     ; 1.677      ;
; 98.268 ; sld_hub:auto_hub|alt_sld_fab_with_jtag_input:\instrumentation_fabric_with_node_gen:fabric_gen_new_way:with_jtag_input_gen:instrumentation_fabric|alt_sld_fab:instrumentation_fabric|alt_sld_fab_alt_sld_fab:alt_sld_fab|alt_sld_fab_alt_sld_fab_sldfabric:sldfabric|sld_jtag_hub:\jtag_hub_gen:real_sld_jtag_hub|irf_reg[1][4]                      ; RAM_IMG:RAM_INST|altsyncram:altsyncram_component|altsyncram_0kh1:auto_generated|sld_mod_ram_rom:mgl_prim2|ir_loaded_address_reg[5]                                                                                                                                                                                                   ; altera_reserved_tck ; altera_reserved_tck ; 100.000      ; -0.074     ; 1.677      ;
; 98.268 ; sld_hub:auto_hub|alt_sld_fab_with_jtag_input:\instrumentation_fabric_with_node_gen:fabric_gen_new_way:with_jtag_input_gen:instrumentation_fabric|alt_sld_fab:instrumentation_fabric|alt_sld_fab_alt_sld_fab:alt_sld_fab|alt_sld_fab_alt_sld_fab_sldfabric:sldfabric|sld_jtag_hub:\jtag_hub_gen:real_sld_jtag_hub|irf_reg[1][4]                      ; RAM_IMG:RAM_INST|altsyncram:altsyncram_component|altsyncram_0kh1:auto_generated|sld_mod_ram_rom:mgl_prim2|ir_loaded_address_reg[3]                                                                                                                                                                                                   ; altera_reserved_tck ; altera_reserved_tck ; 100.000      ; -0.074     ; 1.677      ;
; 98.268 ; sld_hub:auto_hub|alt_sld_fab_with_jtag_input:\instrumentation_fabric_with_node_gen:fabric_gen_new_way:with_jtag_input_gen:instrumentation_fabric|alt_sld_fab:instrumentation_fabric|alt_sld_fab_alt_sld_fab:alt_sld_fab|alt_sld_fab_alt_sld_fab_sldfabric:sldfabric|sld_jtag_hub:\jtag_hub_gen:real_sld_jtag_hub|irf_reg[1][4]                      ; RAM_IMG:RAM_INST|altsyncram:altsyncram_component|altsyncram_0kh1:auto_generated|sld_mod_ram_rom:mgl_prim2|ir_loaded_address_reg[2]                                                                                                                                                                                                   ; altera_reserved_tck ; altera_reserved_tck ; 100.000      ; -0.074     ; 1.677      ;
; 98.268 ; sld_hub:auto_hub|alt_sld_fab_with_jtag_input:\instrumentation_fabric_with_node_gen:fabric_gen_new_way:with_jtag_input_gen:instrumentation_fabric|alt_sld_fab:instrumentation_fabric|alt_sld_fab_alt_sld_fab:alt_sld_fab|alt_sld_fab_alt_sld_fab_sldfabric:sldfabric|sld_jtag_hub:\jtag_hub_gen:real_sld_jtag_hub|irf_reg[1][4]                      ; RAM_IMG:RAM_INST|altsyncram:altsyncram_component|altsyncram_0kh1:auto_generated|sld_mod_ram_rom:mgl_prim2|ir_loaded_address_reg[0]                                                                                                                                                                                                   ; altera_reserved_tck ; altera_reserved_tck ; 100.000      ; -0.074     ; 1.677      ;
; 98.340 ; sld_hub:auto_hub|alt_sld_fab_with_jtag_input:\instrumentation_fabric_with_node_gen:fabric_gen_new_way:with_jtag_input_gen:instrumentation_fabric|alt_sld_fab:instrumentation_fabric|alt_sld_fab_alt_sld_fab:alt_sld_fab|alt_sld_fab_alt_sld_fab_sldfabric:sldfabric|sld_jtag_hub:\jtag_hub_gen:real_sld_jtag_hub|clr_reg                            ; sld_hub:auto_hub|alt_sld_fab_with_jtag_input:\instrumentation_fabric_with_node_gen:fabric_gen_new_way:with_jtag_input_gen:instrumentation_fabric|alt_sld_fab:instrumentation_fabric|alt_sld_fab_alt_sld_fab:alt_sld_fab|alt_sld_fab_alt_sld_fab_sldfabric:sldfabric|sld_jtag_hub:\jtag_hub_gen:real_sld_jtag_hub|irsr_reg[8]         ; altera_reserved_tck ; altera_reserved_tck ; 100.000      ; -0.068     ; 1.611      ;
; 98.340 ; sld_hub:auto_hub|alt_sld_fab_with_jtag_input:\instrumentation_fabric_with_node_gen:fabric_gen_new_way:with_jtag_input_gen:instrumentation_fabric|alt_sld_fab:instrumentation_fabric|alt_sld_fab_alt_sld_fab:alt_sld_fab|alt_sld_fab_alt_sld_fab_sldfabric:sldfabric|sld_jtag_hub:\jtag_hub_gen:real_sld_jtag_hub|clr_reg                            ; sld_hub:auto_hub|alt_sld_fab_with_jtag_input:\instrumentation_fabric_with_node_gen:fabric_gen_new_way:with_jtag_input_gen:instrumentation_fabric|alt_sld_fab:instrumentation_fabric|alt_sld_fab_alt_sld_fab:alt_sld_fab|alt_sld_fab_alt_sld_fab_sldfabric:sldfabric|sld_jtag_hub:\jtag_hub_gen:real_sld_jtag_hub|irsr_reg[3]         ; altera_reserved_tck ; altera_reserved_tck ; 100.000      ; -0.068     ; 1.611      ;
; 98.340 ; sld_hub:auto_hub|alt_sld_fab_with_jtag_input:\instrumentation_fabric_with_node_gen:fabric_gen_new_way:with_jtag_input_gen:instrumentation_fabric|alt_sld_fab:instrumentation_fabric|alt_sld_fab_alt_sld_fab:alt_sld_fab|alt_sld_fab_alt_sld_fab_sldfabric:sldfabric|sld_jtag_hub:\jtag_hub_gen:real_sld_jtag_hub|clr_reg                            ; sld_hub:auto_hub|alt_sld_fab_with_jtag_input:\instrumentation_fabric_with_node_gen:fabric_gen_new_way:with_jtag_input_gen:instrumentation_fabric|alt_sld_fab:instrumentation_fabric|alt_sld_fab_alt_sld_fab:alt_sld_fab|splitter_nodes_receive_0[3]                                                                                  ; altera_reserved_tck ; altera_reserved_tck ; 100.000      ; -0.068     ; 1.611      ;
; 98.345 ; sld_hub:auto_hub|alt_sld_fab_with_jtag_input:\instrumentation_fabric_with_node_gen:fabric_gen_new_way:with_jtag_input_gen:instrumentation_fabric|alt_sld_fab:instrumentation_fabric|alt_sld_fab_alt_sld_fab:alt_sld_fab|alt_sld_fab_alt_sld_fab_sldfabric:sldfabric|sld_jtag_hub:\jtag_hub_gen:real_sld_jtag_hub|clr_reg                            ; sld_hub:auto_hub|alt_sld_fab_with_jtag_input:\instrumentation_fabric_with_node_gen:fabric_gen_new_way:with_jtag_input_gen:instrumentation_fabric|alt_sld_fab:instrumentation_fabric|alt_sld_fab_alt_sld_fab:alt_sld_fab|alt_sld_fab_alt_sld_fab_sldfabric:sldfabric|sld_jtag_hub:\jtag_hub_gen:real_sld_jtag_hub|hub_mode_reg[0]     ; altera_reserved_tck ; altera_reserved_tck ; 100.000      ; -0.066     ; 1.608      ;
; 98.345 ; sld_hub:auto_hub|alt_sld_fab_with_jtag_input:\instrumentation_fabric_with_node_gen:fabric_gen_new_way:with_jtag_input_gen:instrumentation_fabric|alt_sld_fab:instrumentation_fabric|alt_sld_fab_alt_sld_fab:alt_sld_fab|alt_sld_fab_alt_sld_fab_sldfabric:sldfabric|sld_jtag_hub:\jtag_hub_gen:real_sld_jtag_hub|clr_reg                            ; sld_hub:auto_hub|alt_sld_fab_with_jtag_input:\instrumentation_fabric_with_node_gen:fabric_gen_new_way:with_jtag_input_gen:instrumentation_fabric|alt_sld_fab:instrumentation_fabric|alt_sld_fab_alt_sld_fab:alt_sld_fab|alt_sld_fab_alt_sld_fab_sldfabric:sldfabric|sld_jtag_hub:\jtag_hub_gen:real_sld_jtag_hub|hub_mode_reg[1]     ; altera_reserved_tck ; altera_reserved_tck ; 100.000      ; -0.066     ; 1.608      ;
; 98.499 ; sld_hub:auto_hub|alt_sld_fab_with_jtag_input:\instrumentation_fabric_with_node_gen:fabric_gen_new_way:with_jtag_input_gen:instrumentation_fabric|alt_sld_fab:instrumentation_fabric|alt_sld_fab_alt_sld_fab:alt_sld_fab|alt_sld_fab_alt_sld_fab_sldfabric:sldfabric|sld_jtag_hub:\jtag_hub_gen:real_sld_jtag_hub|virtual_ir_scan_reg                ; sld_hub:auto_hub|alt_sld_fab_with_jtag_input:\instrumentation_fabric_with_node_gen:fabric_gen_new_way:with_jtag_input_gen:instrumentation_fabric|alt_sld_fab:instrumentation_fabric|alt_sld_fab_alt_sld_fab:alt_sld_fab|alt_sld_fab_alt_sld_fab_sldfabric:sldfabric|sld_jtag_hub:\jtag_hub_gen:real_sld_jtag_hub|hub_mode_reg[2]     ; altera_reserved_tck ; altera_reserved_tck ; 100.000      ; -0.074     ; 1.446      ;
; 98.613 ; sld_hub:auto_hub|alt_sld_fab_with_jtag_input:\instrumentation_fabric_with_node_gen:fabric_gen_new_way:with_jtag_input_gen:instrumentation_fabric|alt_sld_fab:instrumentation_fabric|alt_sld_fab_alt_sld_fab:alt_sld_fab|alt_sld_fab_alt_sld_fab_sldfabric:sldfabric|sld_jtag_hub:\jtag_hub_gen:real_sld_jtag_hub|sld_shadow_jsm:shadow_jsm|state[0] ; sld_hub:auto_hub|alt_sld_fab_with_jtag_input:\instrumentation_fabric_with_node_gen:fabric_gen_new_way:with_jtag_input_gen:instrumentation_fabric|alt_sld_fab:instrumentation_fabric|alt_sld_fab_alt_sld_fab:alt_sld_fab|alt_sld_fab_alt_sld_fab_sldfabric:sldfabric|sld_jtag_hub:\jtag_hub_gen:real_sld_jtag_hub|virtual_ir_scan_reg ; altera_reserved_tck ; altera_reserved_tck ; 100.000      ; -0.072     ; 1.334      ;
; 98.613 ; sld_hub:auto_hub|alt_sld_fab_with_jtag_input:\instrumentation_fabric_with_node_gen:fabric_gen_new_way:with_jtag_input_gen:instrumentation_fabric|alt_sld_fab:instrumentation_fabric|alt_sld_fab_alt_sld_fab:alt_sld_fab|alt_sld_fab_alt_sld_fab_sldfabric:sldfabric|sld_jtag_hub:\jtag_hub_gen:real_sld_jtag_hub|sld_shadow_jsm:shadow_jsm|state[0] ; sld_hub:auto_hub|alt_sld_fab_with_jtag_input:\instrumentation_fabric_with_node_gen:fabric_gen_new_way:with_jtag_input_gen:instrumentation_fabric|alt_sld_fab:instrumentation_fabric|alt_sld_fab_alt_sld_fab:alt_sld_fab|alt_sld_fab_alt_sld_fab_sldfabric:sldfabric|sld_jtag_hub:\jtag_hub_gen:real_sld_jtag_hub|virtual_dr_scan_reg ; altera_reserved_tck ; altera_reserved_tck ; 100.000      ; -0.072     ; 1.334      ;
+--------+-----------------------------------------------------------------------------------------------------------------------------------------------------------------------------------------------------------------------------------------------------------------------------------------------------------------------------------------------------+--------------------------------------------------------------------------------------------------------------------------------------------------------------------------------------------------------------------------------------------------------------------------------------------------------------------------------------+---------------------+---------------------+--------------+------------+------------+


+-----------------------------------------------------------------------------------------------------------------------------------------------------------------------------------------------------------------------------------------------------------------------------------------------------------------------------------------------------------------------------------------------------------------------------------------------------------------------------------------------------------------------------------------------------------------------------------------------------------------------------------------------------------------------------------------------------------------------------------------------------------------------------------------+
; Slow 1200mV 0C Model Removal: 'altera_reserved_tck'                                                                                                                                                                                                                                                                                                                                                                                                                                                                                                                                                                                                                                                                                                                                     ;
+-------+-----------------------------------------------------------------------------------------------------------------------------------------------------------------------------------------------------------------------------------------------------------------------------------------------------------------------------------------------------+--------------------------------------------------------------------------------------------------------------------------------------------------------------------------------------------------------------------------------------------------------------------------------------------------------------------------------------+---------------------+---------------------+--------------+------------+------------+
; Slack ; From Node                                                                                                                                                                                                                                                                                                                                           ; To Node                                                                                                                                                                                                                                                                                                                              ; Launch Clock        ; Latch Clock         ; Relationship ; Clock Skew ; Data Delay ;
+-------+-----------------------------------------------------------------------------------------------------------------------------------------------------------------------------------------------------------------------------------------------------------------------------------------------------------------------------------------------------+--------------------------------------------------------------------------------------------------------------------------------------------------------------------------------------------------------------------------------------------------------------------------------------------------------------------------------------+---------------------+---------------------+--------------+------------+------------+
; 0.968 ; sld_hub:auto_hub|alt_sld_fab_with_jtag_input:\instrumentation_fabric_with_node_gen:fabric_gen_new_way:with_jtag_input_gen:instrumentation_fabric|alt_sld_fab:instrumentation_fabric|alt_sld_fab_alt_sld_fab:alt_sld_fab|alt_sld_fab_alt_sld_fab_sldfabric:sldfabric|sld_jtag_hub:\jtag_hub_gen:real_sld_jtag_hub|sld_shadow_jsm:shadow_jsm|state[0] ; sld_hub:auto_hub|alt_sld_fab_with_jtag_input:\instrumentation_fabric_with_node_gen:fabric_gen_new_way:with_jtag_input_gen:instrumentation_fabric|alt_sld_fab:instrumentation_fabric|alt_sld_fab_alt_sld_fab:alt_sld_fab|alt_sld_fab_alt_sld_fab_sldfabric:sldfabric|sld_jtag_hub:\jtag_hub_gen:real_sld_jtag_hub|virtual_ir_scan_reg ; altera_reserved_tck ; altera_reserved_tck ; 0.000        ; 0.072      ; 1.211      ;
; 0.968 ; sld_hub:auto_hub|alt_sld_fab_with_jtag_input:\instrumentation_fabric_with_node_gen:fabric_gen_new_way:with_jtag_input_gen:instrumentation_fabric|alt_sld_fab:instrumentation_fabric|alt_sld_fab_alt_sld_fab:alt_sld_fab|alt_sld_fab_alt_sld_fab_sldfabric:sldfabric|sld_jtag_hub:\jtag_hub_gen:real_sld_jtag_hub|sld_shadow_jsm:shadow_jsm|state[0] ; sld_hub:auto_hub|alt_sld_fab_with_jtag_input:\instrumentation_fabric_with_node_gen:fabric_gen_new_way:with_jtag_input_gen:instrumentation_fabric|alt_sld_fab:instrumentation_fabric|alt_sld_fab_alt_sld_fab:alt_sld_fab|alt_sld_fab_alt_sld_fab_sldfabric:sldfabric|sld_jtag_hub:\jtag_hub_gen:real_sld_jtag_hub|virtual_dr_scan_reg ; altera_reserved_tck ; altera_reserved_tck ; 0.000        ; 0.072      ; 1.211      ;
; 1.104 ; sld_hub:auto_hub|alt_sld_fab_with_jtag_input:\instrumentation_fabric_with_node_gen:fabric_gen_new_way:with_jtag_input_gen:instrumentation_fabric|alt_sld_fab:instrumentation_fabric|alt_sld_fab_alt_sld_fab:alt_sld_fab|alt_sld_fab_alt_sld_fab_sldfabric:sldfabric|sld_jtag_hub:\jtag_hub_gen:real_sld_jtag_hub|virtual_ir_scan_reg                ; sld_hub:auto_hub|alt_sld_fab_with_jtag_input:\instrumentation_fabric_with_node_gen:fabric_gen_new_way:with_jtag_input_gen:instrumentation_fabric|alt_sld_fab:instrumentation_fabric|alt_sld_fab_alt_sld_fab:alt_sld_fab|alt_sld_fab_alt_sld_fab_sldfabric:sldfabric|sld_jtag_hub:\jtag_hub_gen:real_sld_jtag_hub|hub_mode_reg[2]     ; altera_reserved_tck ; altera_reserved_tck ; 0.000        ; 0.070      ; 1.345      ;
; 1.285 ; sld_hub:auto_hub|alt_sld_fab_with_jtag_input:\instrumentation_fabric_with_node_gen:fabric_gen_new_way:with_jtag_input_gen:instrumentation_fabric|alt_sld_fab:instrumentation_fabric|alt_sld_fab_alt_sld_fab:alt_sld_fab|alt_sld_fab_alt_sld_fab_sldfabric:sldfabric|sld_jtag_hub:\jtag_hub_gen:real_sld_jtag_hub|clr_reg                            ; sld_hub:auto_hub|alt_sld_fab_with_jtag_input:\instrumentation_fabric_with_node_gen:fabric_gen_new_way:with_jtag_input_gen:instrumentation_fabric|alt_sld_fab:instrumentation_fabric|alt_sld_fab_alt_sld_fab:alt_sld_fab|alt_sld_fab_alt_sld_fab_sldfabric:sldfabric|sld_jtag_hub:\jtag_hub_gen:real_sld_jtag_hub|hub_mode_reg[0]     ; altera_reserved_tck ; altera_reserved_tck ; 0.000        ; 0.078      ; 1.534      ;
; 1.285 ; sld_hub:auto_hub|alt_sld_fab_with_jtag_input:\instrumentation_fabric_with_node_gen:fabric_gen_new_way:with_jtag_input_gen:instrumentation_fabric|alt_sld_fab:instrumentation_fabric|alt_sld_fab_alt_sld_fab:alt_sld_fab|alt_sld_fab_alt_sld_fab_sldfabric:sldfabric|sld_jtag_hub:\jtag_hub_gen:real_sld_jtag_hub|clr_reg                            ; sld_hub:auto_hub|alt_sld_fab_with_jtag_input:\instrumentation_fabric_with_node_gen:fabric_gen_new_way:with_jtag_input_gen:instrumentation_fabric|alt_sld_fab:instrumentation_fabric|alt_sld_fab_alt_sld_fab:alt_sld_fab|alt_sld_fab_alt_sld_fab_sldfabric:sldfabric|sld_jtag_hub:\jtag_hub_gen:real_sld_jtag_hub|hub_mode_reg[1]     ; altera_reserved_tck ; altera_reserved_tck ; 0.000        ; 0.078      ; 1.534      ;
; 1.289 ; sld_hub:auto_hub|alt_sld_fab_with_jtag_input:\instrumentation_fabric_with_node_gen:fabric_gen_new_way:with_jtag_input_gen:instrumentation_fabric|alt_sld_fab:instrumentation_fabric|alt_sld_fab_alt_sld_fab:alt_sld_fab|alt_sld_fab_alt_sld_fab_sldfabric:sldfabric|sld_jtag_hub:\jtag_hub_gen:real_sld_jtag_hub|clr_reg                            ; sld_hub:auto_hub|alt_sld_fab_with_jtag_input:\instrumentation_fabric_with_node_gen:fabric_gen_new_way:with_jtag_input_gen:instrumentation_fabric|alt_sld_fab:instrumentation_fabric|alt_sld_fab_alt_sld_fab:alt_sld_fab|alt_sld_fab_alt_sld_fab_sldfabric:sldfabric|sld_jtag_hub:\jtag_hub_gen:real_sld_jtag_hub|irsr_reg[8]         ; altera_reserved_tck ; altera_reserved_tck ; 0.000        ; 0.076      ; 1.536      ;
; 1.289 ; sld_hub:auto_hub|alt_sld_fab_with_jtag_input:\instrumentation_fabric_with_node_gen:fabric_gen_new_way:with_jtag_input_gen:instrumentation_fabric|alt_sld_fab:instrumentation_fabric|alt_sld_fab_alt_sld_fab:alt_sld_fab|alt_sld_fab_alt_sld_fab_sldfabric:sldfabric|sld_jtag_hub:\jtag_hub_gen:real_sld_jtag_hub|clr_reg                            ; sld_hub:auto_hub|alt_sld_fab_with_jtag_input:\instrumentation_fabric_with_node_gen:fabric_gen_new_way:with_jtag_input_gen:instrumentation_fabric|alt_sld_fab:instrumentation_fabric|alt_sld_fab_alt_sld_fab:alt_sld_fab|alt_sld_fab_alt_sld_fab_sldfabric:sldfabric|sld_jtag_hub:\jtag_hub_gen:real_sld_jtag_hub|irsr_reg[3]         ; altera_reserved_tck ; altera_reserved_tck ; 0.000        ; 0.076      ; 1.536      ;
; 1.289 ; sld_hub:auto_hub|alt_sld_fab_with_jtag_input:\instrumentation_fabric_with_node_gen:fabric_gen_new_way:with_jtag_input_gen:instrumentation_fabric|alt_sld_fab:instrumentation_fabric|alt_sld_fab_alt_sld_fab:alt_sld_fab|alt_sld_fab_alt_sld_fab_sldfabric:sldfabric|sld_jtag_hub:\jtag_hub_gen:real_sld_jtag_hub|clr_reg                            ; sld_hub:auto_hub|alt_sld_fab_with_jtag_input:\instrumentation_fabric_with_node_gen:fabric_gen_new_way:with_jtag_input_gen:instrumentation_fabric|alt_sld_fab:instrumentation_fabric|alt_sld_fab_alt_sld_fab:alt_sld_fab|splitter_nodes_receive_0[3]                                                                                  ; altera_reserved_tck ; altera_reserved_tck ; 0.000        ; 0.076      ; 1.536      ;
; 1.354 ; sld_hub:auto_hub|alt_sld_fab_with_jtag_input:\instrumentation_fabric_with_node_gen:fabric_gen_new_way:with_jtag_input_gen:instrumentation_fabric|alt_sld_fab:instrumentation_fabric|alt_sld_fab_alt_sld_fab:alt_sld_fab|alt_sld_fab_alt_sld_fab_sldfabric:sldfabric|sld_jtag_hub:\jtag_hub_gen:real_sld_jtag_hub|clr_reg                            ; RAM_IMG:RAM_INST|altsyncram:altsyncram_component|altsyncram_0kh1:auto_generated|sld_mod_ram_rom:mgl_prim2|is_in_use_reg                                                                                                                                                                                                              ; altera_reserved_tck ; altera_reserved_tck ; 0.000        ; 0.111      ; 1.636      ;
; 1.356 ; sld_hub:auto_hub|alt_sld_fab_with_jtag_input:\instrumentation_fabric_with_node_gen:fabric_gen_new_way:with_jtag_input_gen:instrumentation_fabric|alt_sld_fab:instrumentation_fabric|alt_sld_fab_alt_sld_fab:alt_sld_fab|alt_sld_fab_alt_sld_fab_sldfabric:sldfabric|sld_jtag_hub:\jtag_hub_gen:real_sld_jtag_hub|irf_reg[1][4]                      ; RAM_IMG:RAM_INST|altsyncram:altsyncram_component|altsyncram_0kh1:auto_generated|sld_mod_ram_rom:mgl_prim2|ir_loaded_address_reg[1]                                                                                                                                                                                                   ; altera_reserved_tck ; altera_reserved_tck ; 0.000        ; 0.070      ; 1.597      ;
; 1.356 ; sld_hub:auto_hub|alt_sld_fab_with_jtag_input:\instrumentation_fabric_with_node_gen:fabric_gen_new_way:with_jtag_input_gen:instrumentation_fabric|alt_sld_fab:instrumentation_fabric|alt_sld_fab_alt_sld_fab:alt_sld_fab|alt_sld_fab_alt_sld_fab_sldfabric:sldfabric|sld_jtag_hub:\jtag_hub_gen:real_sld_jtag_hub|irf_reg[1][4]                      ; RAM_IMG:RAM_INST|altsyncram:altsyncram_component|altsyncram_0kh1:auto_generated|sld_mod_ram_rom:mgl_prim2|ir_loaded_address_reg[4]                                                                                                                                                                                                   ; altera_reserved_tck ; altera_reserved_tck ; 0.000        ; 0.070      ; 1.597      ;
; 1.356 ; sld_hub:auto_hub|alt_sld_fab_with_jtag_input:\instrumentation_fabric_with_node_gen:fabric_gen_new_way:with_jtag_input_gen:instrumentation_fabric|alt_sld_fab:instrumentation_fabric|alt_sld_fab_alt_sld_fab:alt_sld_fab|alt_sld_fab_alt_sld_fab_sldfabric:sldfabric|sld_jtag_hub:\jtag_hub_gen:real_sld_jtag_hub|irf_reg[1][4]                      ; RAM_IMG:RAM_INST|altsyncram:altsyncram_component|altsyncram_0kh1:auto_generated|sld_mod_ram_rom:mgl_prim2|ir_loaded_address_reg[6]                                                                                                                                                                                                   ; altera_reserved_tck ; altera_reserved_tck ; 0.000        ; 0.070      ; 1.597      ;
; 1.356 ; sld_hub:auto_hub|alt_sld_fab_with_jtag_input:\instrumentation_fabric_with_node_gen:fabric_gen_new_way:with_jtag_input_gen:instrumentation_fabric|alt_sld_fab:instrumentation_fabric|alt_sld_fab_alt_sld_fab:alt_sld_fab|alt_sld_fab_alt_sld_fab_sldfabric:sldfabric|sld_jtag_hub:\jtag_hub_gen:real_sld_jtag_hub|irf_reg[1][4]                      ; RAM_IMG:RAM_INST|altsyncram:altsyncram_component|altsyncram_0kh1:auto_generated|sld_mod_ram_rom:mgl_prim2|ir_loaded_address_reg[5]                                                                                                                                                                                                   ; altera_reserved_tck ; altera_reserved_tck ; 0.000        ; 0.070      ; 1.597      ;
; 1.356 ; sld_hub:auto_hub|alt_sld_fab_with_jtag_input:\instrumentation_fabric_with_node_gen:fabric_gen_new_way:with_jtag_input_gen:instrumentation_fabric|alt_sld_fab:instrumentation_fabric|alt_sld_fab_alt_sld_fab:alt_sld_fab|alt_sld_fab_alt_sld_fab_sldfabric:sldfabric|sld_jtag_hub:\jtag_hub_gen:real_sld_jtag_hub|irf_reg[1][4]                      ; RAM_IMG:RAM_INST|altsyncram:altsyncram_component|altsyncram_0kh1:auto_generated|sld_mod_ram_rom:mgl_prim2|ir_loaded_address_reg[3]                                                                                                                                                                                                   ; altera_reserved_tck ; altera_reserved_tck ; 0.000        ; 0.070      ; 1.597      ;
; 1.356 ; sld_hub:auto_hub|alt_sld_fab_with_jtag_input:\instrumentation_fabric_with_node_gen:fabric_gen_new_way:with_jtag_input_gen:instrumentation_fabric|alt_sld_fab:instrumentation_fabric|alt_sld_fab_alt_sld_fab:alt_sld_fab|alt_sld_fab_alt_sld_fab_sldfabric:sldfabric|sld_jtag_hub:\jtag_hub_gen:real_sld_jtag_hub|irf_reg[1][4]                      ; RAM_IMG:RAM_INST|altsyncram:altsyncram_component|altsyncram_0kh1:auto_generated|sld_mod_ram_rom:mgl_prim2|ir_loaded_address_reg[2]                                                                                                                                                                                                   ; altera_reserved_tck ; altera_reserved_tck ; 0.000        ; 0.070      ; 1.597      ;
; 1.356 ; sld_hub:auto_hub|alt_sld_fab_with_jtag_input:\instrumentation_fabric_with_node_gen:fabric_gen_new_way:with_jtag_input_gen:instrumentation_fabric|alt_sld_fab:instrumentation_fabric|alt_sld_fab_alt_sld_fab:alt_sld_fab|alt_sld_fab_alt_sld_fab_sldfabric:sldfabric|sld_jtag_hub:\jtag_hub_gen:real_sld_jtag_hub|irf_reg[1][4]                      ; RAM_IMG:RAM_INST|altsyncram:altsyncram_component|altsyncram_0kh1:auto_generated|sld_mod_ram_rom:mgl_prim2|ir_loaded_address_reg[0]                                                                                                                                                                                                   ; altera_reserved_tck ; altera_reserved_tck ; 0.000        ; 0.070      ; 1.597      ;
; 1.371 ; sld_hub:auto_hub|alt_sld_fab_with_jtag_input:\instrumentation_fabric_with_node_gen:fabric_gen_new_way:with_jtag_input_gen:instrumentation_fabric|alt_sld_fab:instrumentation_fabric|alt_sld_fab_alt_sld_fab:alt_sld_fab|alt_sld_fab_alt_sld_fab_sldfabric:sldfabric|sld_jtag_hub:\jtag_hub_gen:real_sld_jtag_hub|clr_reg                            ; sld_hub:auto_hub|alt_sld_fab_with_jtag_input:\instrumentation_fabric_with_node_gen:fabric_gen_new_way:with_jtag_input_gen:instrumentation_fabric|alt_sld_fab:instrumentation_fabric|alt_sld_fab_alt_sld_fab:alt_sld_fab|alt_sld_fab_alt_sld_fab_sldfabric:sldfabric|sld_jtag_hub:\jtag_hub_gen:real_sld_jtag_hub|irf_reg[1][3]       ; altera_reserved_tck ; altera_reserved_tck ; 0.000        ; 0.074      ; 1.616      ;
; 1.371 ; sld_hub:auto_hub|alt_sld_fab_with_jtag_input:\instrumentation_fabric_with_node_gen:fabric_gen_new_way:with_jtag_input_gen:instrumentation_fabric|alt_sld_fab:instrumentation_fabric|alt_sld_fab_alt_sld_fab:alt_sld_fab|alt_sld_fab_alt_sld_fab_sldfabric:sldfabric|sld_jtag_hub:\jtag_hub_gen:real_sld_jtag_hub|clr_reg                            ; sld_hub:auto_hub|alt_sld_fab_with_jtag_input:\instrumentation_fabric_with_node_gen:fabric_gen_new_way:with_jtag_input_gen:instrumentation_fabric|alt_sld_fab:instrumentation_fabric|alt_sld_fab_alt_sld_fab:alt_sld_fab|alt_sld_fab_alt_sld_fab_sldfabric:sldfabric|sld_jtag_hub:\jtag_hub_gen:real_sld_jtag_hub|irf_reg[1][1]       ; altera_reserved_tck ; altera_reserved_tck ; 0.000        ; 0.074      ; 1.616      ;
; 1.371 ; sld_hub:auto_hub|alt_sld_fab_with_jtag_input:\instrumentation_fabric_with_node_gen:fabric_gen_new_way:with_jtag_input_gen:instrumentation_fabric|alt_sld_fab:instrumentation_fabric|alt_sld_fab_alt_sld_fab:alt_sld_fab|alt_sld_fab_alt_sld_fab_sldfabric:sldfabric|sld_jtag_hub:\jtag_hub_gen:real_sld_jtag_hub|clr_reg                            ; sld_hub:auto_hub|alt_sld_fab_with_jtag_input:\instrumentation_fabric_with_node_gen:fabric_gen_new_way:with_jtag_input_gen:instrumentation_fabric|alt_sld_fab:instrumentation_fabric|alt_sld_fab_alt_sld_fab:alt_sld_fab|alt_sld_fab_alt_sld_fab_sldfabric:sldfabric|sld_jtag_hub:\jtag_hub_gen:real_sld_jtag_hub|irf_reg[1][2]       ; altera_reserved_tck ; altera_reserved_tck ; 0.000        ; 0.074      ; 1.616      ;
; 1.371 ; sld_hub:auto_hub|alt_sld_fab_with_jtag_input:\instrumentation_fabric_with_node_gen:fabric_gen_new_way:with_jtag_input_gen:instrumentation_fabric|alt_sld_fab:instrumentation_fabric|alt_sld_fab_alt_sld_fab:alt_sld_fab|alt_sld_fab_alt_sld_fab_sldfabric:sldfabric|sld_jtag_hub:\jtag_hub_gen:real_sld_jtag_hub|clr_reg                            ; sld_hub:auto_hub|alt_sld_fab_with_jtag_input:\instrumentation_fabric_with_node_gen:fabric_gen_new_way:with_jtag_input_gen:instrumentation_fabric|alt_sld_fab:instrumentation_fabric|alt_sld_fab_alt_sld_fab:alt_sld_fab|alt_sld_fab_alt_sld_fab_sldfabric:sldfabric|sld_jtag_hub:\jtag_hub_gen:real_sld_jtag_hub|irf_reg[1][5]       ; altera_reserved_tck ; altera_reserved_tck ; 0.000        ; 0.074      ; 1.616      ;
; 1.411 ; sld_hub:auto_hub|alt_sld_fab_with_jtag_input:\instrumentation_fabric_with_node_gen:fabric_gen_new_way:with_jtag_input_gen:instrumentation_fabric|alt_sld_fab:instrumentation_fabric|alt_sld_fab_alt_sld_fab:alt_sld_fab|alt_sld_fab_alt_sld_fab_sldfabric:sldfabric|sld_jtag_hub:\jtag_hub_gen:real_sld_jtag_hub|sld_shadow_jsm:shadow_jsm|state[0] ; sld_hub:auto_hub|alt_sld_fab_with_jtag_input:\instrumentation_fabric_with_node_gen:fabric_gen_new_way:with_jtag_input_gen:instrumentation_fabric|alt_sld_fab:instrumentation_fabric|alt_sld_fab_alt_sld_fab:alt_sld_fab|alt_sld_fab_alt_sld_fab_sldfabric:sldfabric|sld_jtag_hub:\jtag_hub_gen:real_sld_jtag_hub|jtag_ir_reg[0]      ; altera_reserved_tck ; altera_reserved_tck ; 0.000        ; 0.072      ; 1.654      ;
; 1.411 ; sld_hub:auto_hub|alt_sld_fab_with_jtag_input:\instrumentation_fabric_with_node_gen:fabric_gen_new_way:with_jtag_input_gen:instrumentation_fabric|alt_sld_fab:instrumentation_fabric|alt_sld_fab_alt_sld_fab:alt_sld_fab|alt_sld_fab_alt_sld_fab_sldfabric:sldfabric|sld_jtag_hub:\jtag_hub_gen:real_sld_jtag_hub|sld_shadow_jsm:shadow_jsm|state[0] ; sld_hub:auto_hub|alt_sld_fab_with_jtag_input:\instrumentation_fabric_with_node_gen:fabric_gen_new_way:with_jtag_input_gen:instrumentation_fabric|alt_sld_fab:instrumentation_fabric|alt_sld_fab_alt_sld_fab:alt_sld_fab|alt_sld_fab_alt_sld_fab_sldfabric:sldfabric|sld_jtag_hub:\jtag_hub_gen:real_sld_jtag_hub|jtag_ir_reg[1]      ; altera_reserved_tck ; altera_reserved_tck ; 0.000        ; 0.072      ; 1.654      ;
; 1.411 ; sld_hub:auto_hub|alt_sld_fab_with_jtag_input:\instrumentation_fabric_with_node_gen:fabric_gen_new_way:with_jtag_input_gen:instrumentation_fabric|alt_sld_fab:instrumentation_fabric|alt_sld_fab_alt_sld_fab:alt_sld_fab|alt_sld_fab_alt_sld_fab_sldfabric:sldfabric|sld_jtag_hub:\jtag_hub_gen:real_sld_jtag_hub|sld_shadow_jsm:shadow_jsm|state[0] ; sld_hub:auto_hub|alt_sld_fab_with_jtag_input:\instrumentation_fabric_with_node_gen:fabric_gen_new_way:with_jtag_input_gen:instrumentation_fabric|alt_sld_fab:instrumentation_fabric|alt_sld_fab_alt_sld_fab:alt_sld_fab|alt_sld_fab_alt_sld_fab_sldfabric:sldfabric|sld_jtag_hub:\jtag_hub_gen:real_sld_jtag_hub|jtag_ir_reg[2]      ; altera_reserved_tck ; altera_reserved_tck ; 0.000        ; 0.072      ; 1.654      ;
; 1.411 ; sld_hub:auto_hub|alt_sld_fab_with_jtag_input:\instrumentation_fabric_with_node_gen:fabric_gen_new_way:with_jtag_input_gen:instrumentation_fabric|alt_sld_fab:instrumentation_fabric|alt_sld_fab_alt_sld_fab:alt_sld_fab|alt_sld_fab_alt_sld_fab_sldfabric:sldfabric|sld_jtag_hub:\jtag_hub_gen:real_sld_jtag_hub|sld_shadow_jsm:shadow_jsm|state[0] ; sld_hub:auto_hub|alt_sld_fab_with_jtag_input:\instrumentation_fabric_with_node_gen:fabric_gen_new_way:with_jtag_input_gen:instrumentation_fabric|alt_sld_fab:instrumentation_fabric|alt_sld_fab_alt_sld_fab:alt_sld_fab|alt_sld_fab_alt_sld_fab_sldfabric:sldfabric|sld_jtag_hub:\jtag_hub_gen:real_sld_jtag_hub|jtag_ir_reg[3]      ; altera_reserved_tck ; altera_reserved_tck ; 0.000        ; 0.072      ; 1.654      ;
; 1.411 ; sld_hub:auto_hub|alt_sld_fab_with_jtag_input:\instrumentation_fabric_with_node_gen:fabric_gen_new_way:with_jtag_input_gen:instrumentation_fabric|alt_sld_fab:instrumentation_fabric|alt_sld_fab_alt_sld_fab:alt_sld_fab|alt_sld_fab_alt_sld_fab_sldfabric:sldfabric|sld_jtag_hub:\jtag_hub_gen:real_sld_jtag_hub|sld_shadow_jsm:shadow_jsm|state[0] ; sld_hub:auto_hub|alt_sld_fab_with_jtag_input:\instrumentation_fabric_with_node_gen:fabric_gen_new_way:with_jtag_input_gen:instrumentation_fabric|alt_sld_fab:instrumentation_fabric|alt_sld_fab_alt_sld_fab:alt_sld_fab|alt_sld_fab_alt_sld_fab_sldfabric:sldfabric|sld_jtag_hub:\jtag_hub_gen:real_sld_jtag_hub|jtag_ir_reg[4]      ; altera_reserved_tck ; altera_reserved_tck ; 0.000        ; 0.072      ; 1.654      ;
; 1.411 ; sld_hub:auto_hub|alt_sld_fab_with_jtag_input:\instrumentation_fabric_with_node_gen:fabric_gen_new_way:with_jtag_input_gen:instrumentation_fabric|alt_sld_fab:instrumentation_fabric|alt_sld_fab_alt_sld_fab:alt_sld_fab|alt_sld_fab_alt_sld_fab_sldfabric:sldfabric|sld_jtag_hub:\jtag_hub_gen:real_sld_jtag_hub|sld_shadow_jsm:shadow_jsm|state[0] ; sld_hub:auto_hub|alt_sld_fab_with_jtag_input:\instrumentation_fabric_with_node_gen:fabric_gen_new_way:with_jtag_input_gen:instrumentation_fabric|alt_sld_fab:instrumentation_fabric|alt_sld_fab_alt_sld_fab:alt_sld_fab|alt_sld_fab_alt_sld_fab_sldfabric:sldfabric|sld_jtag_hub:\jtag_hub_gen:real_sld_jtag_hub|jtag_ir_reg[5]      ; altera_reserved_tck ; altera_reserved_tck ; 0.000        ; 0.072      ; 1.654      ;
; 1.411 ; sld_hub:auto_hub|alt_sld_fab_with_jtag_input:\instrumentation_fabric_with_node_gen:fabric_gen_new_way:with_jtag_input_gen:instrumentation_fabric|alt_sld_fab:instrumentation_fabric|alt_sld_fab_alt_sld_fab:alt_sld_fab|alt_sld_fab_alt_sld_fab_sldfabric:sldfabric|sld_jtag_hub:\jtag_hub_gen:real_sld_jtag_hub|sld_shadow_jsm:shadow_jsm|state[0] ; sld_hub:auto_hub|alt_sld_fab_with_jtag_input:\instrumentation_fabric_with_node_gen:fabric_gen_new_way:with_jtag_input_gen:instrumentation_fabric|alt_sld_fab:instrumentation_fabric|alt_sld_fab_alt_sld_fab:alt_sld_fab|alt_sld_fab_alt_sld_fab_sldfabric:sldfabric|sld_jtag_hub:\jtag_hub_gen:real_sld_jtag_hub|jtag_ir_reg[6]      ; altera_reserved_tck ; altera_reserved_tck ; 0.000        ; 0.072      ; 1.654      ;
; 1.411 ; sld_hub:auto_hub|alt_sld_fab_with_jtag_input:\instrumentation_fabric_with_node_gen:fabric_gen_new_way:with_jtag_input_gen:instrumentation_fabric|alt_sld_fab:instrumentation_fabric|alt_sld_fab_alt_sld_fab:alt_sld_fab|alt_sld_fab_alt_sld_fab_sldfabric:sldfabric|sld_jtag_hub:\jtag_hub_gen:real_sld_jtag_hub|sld_shadow_jsm:shadow_jsm|state[0] ; sld_hub:auto_hub|alt_sld_fab_with_jtag_input:\instrumentation_fabric_with_node_gen:fabric_gen_new_way:with_jtag_input_gen:instrumentation_fabric|alt_sld_fab:instrumentation_fabric|alt_sld_fab_alt_sld_fab:alt_sld_fab|alt_sld_fab_alt_sld_fab_sldfabric:sldfabric|sld_jtag_hub:\jtag_hub_gen:real_sld_jtag_hub|jtag_ir_reg[7]      ; altera_reserved_tck ; altera_reserved_tck ; 0.000        ; 0.072      ; 1.654      ;
; 1.411 ; sld_hub:auto_hub|alt_sld_fab_with_jtag_input:\instrumentation_fabric_with_node_gen:fabric_gen_new_way:with_jtag_input_gen:instrumentation_fabric|alt_sld_fab:instrumentation_fabric|alt_sld_fab_alt_sld_fab:alt_sld_fab|alt_sld_fab_alt_sld_fab_sldfabric:sldfabric|sld_jtag_hub:\jtag_hub_gen:real_sld_jtag_hub|sld_shadow_jsm:shadow_jsm|state[0] ; sld_hub:auto_hub|alt_sld_fab_with_jtag_input:\instrumentation_fabric_with_node_gen:fabric_gen_new_way:with_jtag_input_gen:instrumentation_fabric|alt_sld_fab:instrumentation_fabric|alt_sld_fab_alt_sld_fab:alt_sld_fab|alt_sld_fab_alt_sld_fab_sldfabric:sldfabric|sld_jtag_hub:\jtag_hub_gen:real_sld_jtag_hub|jtag_ir_reg[8]      ; altera_reserved_tck ; altera_reserved_tck ; 0.000        ; 0.072      ; 1.654      ;
; 1.411 ; sld_hub:auto_hub|alt_sld_fab_with_jtag_input:\instrumentation_fabric_with_node_gen:fabric_gen_new_way:with_jtag_input_gen:instrumentation_fabric|alt_sld_fab:instrumentation_fabric|alt_sld_fab_alt_sld_fab:alt_sld_fab|alt_sld_fab_alt_sld_fab_sldfabric:sldfabric|sld_jtag_hub:\jtag_hub_gen:real_sld_jtag_hub|sld_shadow_jsm:shadow_jsm|state[0] ; sld_hub:auto_hub|alt_sld_fab_with_jtag_input:\instrumentation_fabric_with_node_gen:fabric_gen_new_way:with_jtag_input_gen:instrumentation_fabric|alt_sld_fab:instrumentation_fabric|alt_sld_fab_alt_sld_fab:alt_sld_fab|alt_sld_fab_alt_sld_fab_sldfabric:sldfabric|sld_jtag_hub:\jtag_hub_gen:real_sld_jtag_hub|jtag_ir_reg[9]      ; altera_reserved_tck ; altera_reserved_tck ; 0.000        ; 0.072      ; 1.654      ;
; 1.416 ; sld_hub:auto_hub|alt_sld_fab_with_jtag_input:\instrumentation_fabric_with_node_gen:fabric_gen_new_way:with_jtag_input_gen:instrumentation_fabric|alt_sld_fab:instrumentation_fabric|alt_sld_fab_alt_sld_fab:alt_sld_fab|alt_sld_fab_alt_sld_fab_sldfabric:sldfabric|sld_jtag_hub:\jtag_hub_gen:real_sld_jtag_hub|clr_reg                            ; RAM_IMG:RAM_INST|altsyncram:altsyncram_component|altsyncram_0kh1:auto_generated|sld_mod_ram_rom:mgl_prim2|bypass_reg_out                                                                                                                                                                                                             ; altera_reserved_tck ; altera_reserved_tck ; 0.000        ; 0.074      ; 1.661      ;
; 1.512 ; sld_hub:auto_hub|alt_sld_fab_with_jtag_input:\instrumentation_fabric_with_node_gen:fabric_gen_new_way:with_jtag_input_gen:instrumentation_fabric|alt_sld_fab:instrumentation_fabric|alt_sld_fab_alt_sld_fab:alt_sld_fab|alt_sld_fab_alt_sld_fab_sldfabric:sldfabric|sld_jtag_hub:\jtag_hub_gen:real_sld_jtag_hub|clr_reg                            ; sld_hub:auto_hub|alt_sld_fab_with_jtag_input:\instrumentation_fabric_with_node_gen:fabric_gen_new_way:with_jtag_input_gen:instrumentation_fabric|alt_sld_fab:instrumentation_fabric|alt_sld_fab_alt_sld_fab:alt_sld_fab|alt_sld_fab_alt_sld_fab_sldfabric:sldfabric|sld_jtag_hub:\jtag_hub_gen:real_sld_jtag_hub|irsr_reg[1]         ; altera_reserved_tck ; altera_reserved_tck ; 0.000        ; 0.113      ; 1.796      ;
; 1.512 ; sld_hub:auto_hub|alt_sld_fab_with_jtag_input:\instrumentation_fabric_with_node_gen:fabric_gen_new_way:with_jtag_input_gen:instrumentation_fabric|alt_sld_fab:instrumentation_fabric|alt_sld_fab_alt_sld_fab:alt_sld_fab|alt_sld_fab_alt_sld_fab_sldfabric:sldfabric|sld_jtag_hub:\jtag_hub_gen:real_sld_jtag_hub|clr_reg                            ; sld_hub:auto_hub|alt_sld_fab_with_jtag_input:\instrumentation_fabric_with_node_gen:fabric_gen_new_way:with_jtag_input_gen:instrumentation_fabric|alt_sld_fab:instrumentation_fabric|alt_sld_fab_alt_sld_fab:alt_sld_fab|alt_sld_fab_alt_sld_fab_sldfabric:sldfabric|sld_jtag_hub:\jtag_hub_gen:real_sld_jtag_hub|irsr_reg[0]         ; altera_reserved_tck ; altera_reserved_tck ; 0.000        ; 0.113      ; 1.796      ;
; 1.512 ; sld_hub:auto_hub|alt_sld_fab_with_jtag_input:\instrumentation_fabric_with_node_gen:fabric_gen_new_way:with_jtag_input_gen:instrumentation_fabric|alt_sld_fab:instrumentation_fabric|alt_sld_fab_alt_sld_fab:alt_sld_fab|alt_sld_fab_alt_sld_fab_sldfabric:sldfabric|sld_jtag_hub:\jtag_hub_gen:real_sld_jtag_hub|clr_reg                            ; sld_hub:auto_hub|alt_sld_fab_with_jtag_input:\instrumentation_fabric_with_node_gen:fabric_gen_new_way:with_jtag_input_gen:instrumentation_fabric|alt_sld_fab:instrumentation_fabric|alt_sld_fab_alt_sld_fab:alt_sld_fab|alt_sld_fab_alt_sld_fab_sldfabric:sldfabric|sld_jtag_hub:\jtag_hub_gen:real_sld_jtag_hub|irsr_reg[2]         ; altera_reserved_tck ; altera_reserved_tck ; 0.000        ; 0.113      ; 1.796      ;
; 1.512 ; sld_hub:auto_hub|alt_sld_fab_with_jtag_input:\instrumentation_fabric_with_node_gen:fabric_gen_new_way:with_jtag_input_gen:instrumentation_fabric|alt_sld_fab:instrumentation_fabric|alt_sld_fab_alt_sld_fab:alt_sld_fab|alt_sld_fab_alt_sld_fab_sldfabric:sldfabric|sld_jtag_hub:\jtag_hub_gen:real_sld_jtag_hub|clr_reg                            ; sld_hub:auto_hub|alt_sld_fab_with_jtag_input:\instrumentation_fabric_with_node_gen:fabric_gen_new_way:with_jtag_input_gen:instrumentation_fabric|alt_sld_fab:instrumentation_fabric|alt_sld_fab_alt_sld_fab:alt_sld_fab|alt_sld_fab_alt_sld_fab_sldfabric:sldfabric|sld_jtag_hub:\jtag_hub_gen:real_sld_jtag_hub|irsr_reg[4]         ; altera_reserved_tck ; altera_reserved_tck ; 0.000        ; 0.113      ; 1.796      ;
; 1.512 ; sld_hub:auto_hub|alt_sld_fab_with_jtag_input:\instrumentation_fabric_with_node_gen:fabric_gen_new_way:with_jtag_input_gen:instrumentation_fabric|alt_sld_fab:instrumentation_fabric|alt_sld_fab_alt_sld_fab:alt_sld_fab|alt_sld_fab_alt_sld_fab_sldfabric:sldfabric|sld_jtag_hub:\jtag_hub_gen:real_sld_jtag_hub|clr_reg                            ; sld_hub:auto_hub|alt_sld_fab_with_jtag_input:\instrumentation_fabric_with_node_gen:fabric_gen_new_way:with_jtag_input_gen:instrumentation_fabric|alt_sld_fab:instrumentation_fabric|alt_sld_fab_alt_sld_fab:alt_sld_fab|alt_sld_fab_alt_sld_fab_sldfabric:sldfabric|sld_jtag_hub:\jtag_hub_gen:real_sld_jtag_hub|irsr_reg[5]         ; altera_reserved_tck ; altera_reserved_tck ; 0.000        ; 0.113      ; 1.796      ;
; 1.512 ; sld_hub:auto_hub|alt_sld_fab_with_jtag_input:\instrumentation_fabric_with_node_gen:fabric_gen_new_way:with_jtag_input_gen:instrumentation_fabric|alt_sld_fab:instrumentation_fabric|alt_sld_fab_alt_sld_fab:alt_sld_fab|alt_sld_fab_alt_sld_fab_sldfabric:sldfabric|sld_jtag_hub:\jtag_hub_gen:real_sld_jtag_hub|clr_reg                            ; sld_hub:auto_hub|alt_sld_fab_with_jtag_input:\instrumentation_fabric_with_node_gen:fabric_gen_new_way:with_jtag_input_gen:instrumentation_fabric|alt_sld_fab:instrumentation_fabric|alt_sld_fab_alt_sld_fab:alt_sld_fab|alt_sld_fab_alt_sld_fab_sldfabric:sldfabric|sld_jtag_hub:\jtag_hub_gen:real_sld_jtag_hub|irsr_reg[6]         ; altera_reserved_tck ; altera_reserved_tck ; 0.000        ; 0.113      ; 1.796      ;
; 1.512 ; sld_hub:auto_hub|alt_sld_fab_with_jtag_input:\instrumentation_fabric_with_node_gen:fabric_gen_new_way:with_jtag_input_gen:instrumentation_fabric|alt_sld_fab:instrumentation_fabric|alt_sld_fab_alt_sld_fab:alt_sld_fab|alt_sld_fab_alt_sld_fab_sldfabric:sldfabric|sld_jtag_hub:\jtag_hub_gen:real_sld_jtag_hub|clr_reg                            ; sld_hub:auto_hub|alt_sld_fab_with_jtag_input:\instrumentation_fabric_with_node_gen:fabric_gen_new_way:with_jtag_input_gen:instrumentation_fabric|alt_sld_fab:instrumentation_fabric|alt_sld_fab_alt_sld_fab:alt_sld_fab|alt_sld_fab_alt_sld_fab_sldfabric:sldfabric|sld_jtag_hub:\jtag_hub_gen:real_sld_jtag_hub|irsr_reg[7]         ; altera_reserved_tck ; altera_reserved_tck ; 0.000        ; 0.113      ; 1.796      ;
; 1.512 ; sld_hub:auto_hub|alt_sld_fab_with_jtag_input:\instrumentation_fabric_with_node_gen:fabric_gen_new_way:with_jtag_input_gen:instrumentation_fabric|alt_sld_fab:instrumentation_fabric|alt_sld_fab_alt_sld_fab:alt_sld_fab|alt_sld_fab_alt_sld_fab_sldfabric:sldfabric|sld_jtag_hub:\jtag_hub_gen:real_sld_jtag_hub|clr_reg                            ; sld_hub:auto_hub|alt_sld_fab_with_jtag_input:\instrumentation_fabric_with_node_gen:fabric_gen_new_way:with_jtag_input_gen:instrumentation_fabric|alt_sld_fab:instrumentation_fabric|alt_sld_fab_alt_sld_fab:alt_sld_fab|alt_sld_fab_alt_sld_fab_sldfabric:sldfabric|sld_jtag_hub:\jtag_hub_gen:real_sld_jtag_hub|irf_reg[1][0]       ; altera_reserved_tck ; altera_reserved_tck ; 0.000        ; 0.113      ; 1.796      ;
; 1.512 ; sld_hub:auto_hub|alt_sld_fab_with_jtag_input:\instrumentation_fabric_with_node_gen:fabric_gen_new_way:with_jtag_input_gen:instrumentation_fabric|alt_sld_fab:instrumentation_fabric|alt_sld_fab_alt_sld_fab:alt_sld_fab|alt_sld_fab_alt_sld_fab_sldfabric:sldfabric|sld_jtag_hub:\jtag_hub_gen:real_sld_jtag_hub|clr_reg                            ; sld_hub:auto_hub|alt_sld_fab_with_jtag_input:\instrumentation_fabric_with_node_gen:fabric_gen_new_way:with_jtag_input_gen:instrumentation_fabric|alt_sld_fab:instrumentation_fabric|alt_sld_fab_alt_sld_fab:alt_sld_fab|alt_sld_fab_alt_sld_fab_sldfabric:sldfabric|sld_jtag_hub:\jtag_hub_gen:real_sld_jtag_hub|irf_reg[1][4]       ; altera_reserved_tck ; altera_reserved_tck ; 0.000        ; 0.113      ; 1.796      ;
; 1.512 ; sld_hub:auto_hub|alt_sld_fab_with_jtag_input:\instrumentation_fabric_with_node_gen:fabric_gen_new_way:with_jtag_input_gen:instrumentation_fabric|alt_sld_fab:instrumentation_fabric|alt_sld_fab_alt_sld_fab:alt_sld_fab|alt_sld_fab_alt_sld_fab_sldfabric:sldfabric|sld_jtag_hub:\jtag_hub_gen:real_sld_jtag_hub|clr_reg                            ; sld_hub:auto_hub|alt_sld_fab_with_jtag_input:\instrumentation_fabric_with_node_gen:fabric_gen_new_way:with_jtag_input_gen:instrumentation_fabric|alt_sld_fab:instrumentation_fabric|alt_sld_fab_alt_sld_fab:alt_sld_fab|alt_sld_fab_alt_sld_fab_sldfabric:sldfabric|sld_jtag_hub:\jtag_hub_gen:real_sld_jtag_hub|irf_reg[1][6]       ; altera_reserved_tck ; altera_reserved_tck ; 0.000        ; 0.113      ; 1.796      ;
; 1.512 ; sld_hub:auto_hub|alt_sld_fab_with_jtag_input:\instrumentation_fabric_with_node_gen:fabric_gen_new_way:with_jtag_input_gen:instrumentation_fabric|alt_sld_fab:instrumentation_fabric|alt_sld_fab_alt_sld_fab:alt_sld_fab|alt_sld_fab_alt_sld_fab_sldfabric:sldfabric|sld_jtag_hub:\jtag_hub_gen:real_sld_jtag_hub|clr_reg                            ; sld_hub:auto_hub|alt_sld_fab_with_jtag_input:\instrumentation_fabric_with_node_gen:fabric_gen_new_way:with_jtag_input_gen:instrumentation_fabric|alt_sld_fab:instrumentation_fabric|alt_sld_fab_alt_sld_fab:alt_sld_fab|alt_sld_fab_alt_sld_fab_sldfabric:sldfabric|sld_jtag_hub:\jtag_hub_gen:real_sld_jtag_hub|irf_reg[1][7]       ; altera_reserved_tck ; altera_reserved_tck ; 0.000        ; 0.113      ; 1.796      ;
; 1.581 ; sld_hub:auto_hub|alt_sld_fab_with_jtag_input:\instrumentation_fabric_with_node_gen:fabric_gen_new_way:with_jtag_input_gen:instrumentation_fabric|alt_sld_fab:instrumentation_fabric|alt_sld_fab_alt_sld_fab:alt_sld_fab|alt_sld_fab_alt_sld_fab_sldfabric:sldfabric|sld_jtag_hub:\jtag_hub_gen:real_sld_jtag_hub|irf_reg[1][0]                      ; RAM_IMG:RAM_INST|altsyncram:altsyncram_component|altsyncram_0kh1:auto_generated|sld_mod_ram_rom:mgl_prim2|ir_loaded_address_reg[1]                                                                                                                                                                                                   ; altera_reserved_tck ; altera_reserved_tck ; 0.000        ; 0.070      ; 1.822      ;
; 1.581 ; sld_hub:auto_hub|alt_sld_fab_with_jtag_input:\instrumentation_fabric_with_node_gen:fabric_gen_new_way:with_jtag_input_gen:instrumentation_fabric|alt_sld_fab:instrumentation_fabric|alt_sld_fab_alt_sld_fab:alt_sld_fab|alt_sld_fab_alt_sld_fab_sldfabric:sldfabric|sld_jtag_hub:\jtag_hub_gen:real_sld_jtag_hub|irf_reg[1][0]                      ; RAM_IMG:RAM_INST|altsyncram:altsyncram_component|altsyncram_0kh1:auto_generated|sld_mod_ram_rom:mgl_prim2|ir_loaded_address_reg[4]                                                                                                                                                                                                   ; altera_reserved_tck ; altera_reserved_tck ; 0.000        ; 0.070      ; 1.822      ;
; 1.581 ; sld_hub:auto_hub|alt_sld_fab_with_jtag_input:\instrumentation_fabric_with_node_gen:fabric_gen_new_way:with_jtag_input_gen:instrumentation_fabric|alt_sld_fab:instrumentation_fabric|alt_sld_fab_alt_sld_fab:alt_sld_fab|alt_sld_fab_alt_sld_fab_sldfabric:sldfabric|sld_jtag_hub:\jtag_hub_gen:real_sld_jtag_hub|irf_reg[1][0]                      ; RAM_IMG:RAM_INST|altsyncram:altsyncram_component|altsyncram_0kh1:auto_generated|sld_mod_ram_rom:mgl_prim2|ir_loaded_address_reg[6]                                                                                                                                                                                                   ; altera_reserved_tck ; altera_reserved_tck ; 0.000        ; 0.070      ; 1.822      ;
; 1.581 ; sld_hub:auto_hub|alt_sld_fab_with_jtag_input:\instrumentation_fabric_with_node_gen:fabric_gen_new_way:with_jtag_input_gen:instrumentation_fabric|alt_sld_fab:instrumentation_fabric|alt_sld_fab_alt_sld_fab:alt_sld_fab|alt_sld_fab_alt_sld_fab_sldfabric:sldfabric|sld_jtag_hub:\jtag_hub_gen:real_sld_jtag_hub|irf_reg[1][0]                      ; RAM_IMG:RAM_INST|altsyncram:altsyncram_component|altsyncram_0kh1:auto_generated|sld_mod_ram_rom:mgl_prim2|ir_loaded_address_reg[5]                                                                                                                                                                                                   ; altera_reserved_tck ; altera_reserved_tck ; 0.000        ; 0.070      ; 1.822      ;
; 1.581 ; sld_hub:auto_hub|alt_sld_fab_with_jtag_input:\instrumentation_fabric_with_node_gen:fabric_gen_new_way:with_jtag_input_gen:instrumentation_fabric|alt_sld_fab:instrumentation_fabric|alt_sld_fab_alt_sld_fab:alt_sld_fab|alt_sld_fab_alt_sld_fab_sldfabric:sldfabric|sld_jtag_hub:\jtag_hub_gen:real_sld_jtag_hub|irf_reg[1][0]                      ; RAM_IMG:RAM_INST|altsyncram:altsyncram_component|altsyncram_0kh1:auto_generated|sld_mod_ram_rom:mgl_prim2|ir_loaded_address_reg[3]                                                                                                                                                                                                   ; altera_reserved_tck ; altera_reserved_tck ; 0.000        ; 0.070      ; 1.822      ;
; 1.581 ; sld_hub:auto_hub|alt_sld_fab_with_jtag_input:\instrumentation_fabric_with_node_gen:fabric_gen_new_way:with_jtag_input_gen:instrumentation_fabric|alt_sld_fab:instrumentation_fabric|alt_sld_fab_alt_sld_fab:alt_sld_fab|alt_sld_fab_alt_sld_fab_sldfabric:sldfabric|sld_jtag_hub:\jtag_hub_gen:real_sld_jtag_hub|irf_reg[1][0]                      ; RAM_IMG:RAM_INST|altsyncram:altsyncram_component|altsyncram_0kh1:auto_generated|sld_mod_ram_rom:mgl_prim2|ir_loaded_address_reg[2]                                                                                                                                                                                                   ; altera_reserved_tck ; altera_reserved_tck ; 0.000        ; 0.070      ; 1.822      ;
; 1.581 ; sld_hub:auto_hub|alt_sld_fab_with_jtag_input:\instrumentation_fabric_with_node_gen:fabric_gen_new_way:with_jtag_input_gen:instrumentation_fabric|alt_sld_fab:instrumentation_fabric|alt_sld_fab_alt_sld_fab:alt_sld_fab|alt_sld_fab_alt_sld_fab_sldfabric:sldfabric|sld_jtag_hub:\jtag_hub_gen:real_sld_jtag_hub|irf_reg[1][0]                      ; RAM_IMG:RAM_INST|altsyncram:altsyncram_component|altsyncram_0kh1:auto_generated|sld_mod_ram_rom:mgl_prim2|ir_loaded_address_reg[0]                                                                                                                                                                                                   ; altera_reserved_tck ; altera_reserved_tck ; 0.000        ; 0.070      ; 1.822      ;
; 1.747 ; sld_hub:auto_hub|alt_sld_fab_with_jtag_input:\instrumentation_fabric_with_node_gen:fabric_gen_new_way:with_jtag_input_gen:instrumentation_fabric|alt_sld_fab:instrumentation_fabric|alt_sld_fab_alt_sld_fab:alt_sld_fab|alt_sld_fab_alt_sld_fab_sldfabric:sldfabric|sld_jtag_hub:\jtag_hub_gen:real_sld_jtag_hub|irf_reg[1][0]                      ; RAM_IMG:RAM_INST|altsyncram:altsyncram_component|altsyncram_0kh1:auto_generated|sld_mod_ram_rom:mgl_prim2|ram_rom_addr_reg[1]                                                                                                                                                                                                        ; altera_reserved_tck ; altera_reserved_tck ; 0.000        ; 0.061      ; 1.979      ;
; 1.747 ; sld_hub:auto_hub|alt_sld_fab_with_jtag_input:\instrumentation_fabric_with_node_gen:fabric_gen_new_way:with_jtag_input_gen:instrumentation_fabric|alt_sld_fab:instrumentation_fabric|alt_sld_fab_alt_sld_fab:alt_sld_fab|alt_sld_fab_alt_sld_fab_sldfabric:sldfabric|sld_jtag_hub:\jtag_hub_gen:real_sld_jtag_hub|irf_reg[1][0]                      ; RAM_IMG:RAM_INST|altsyncram:altsyncram_component|altsyncram_0kh1:auto_generated|sld_mod_ram_rom:mgl_prim2|ram_rom_addr_reg[2]                                                                                                                                                                                                        ; altera_reserved_tck ; altera_reserved_tck ; 0.000        ; 0.061      ; 1.979      ;
; 1.747 ; sld_hub:auto_hub|alt_sld_fab_with_jtag_input:\instrumentation_fabric_with_node_gen:fabric_gen_new_way:with_jtag_input_gen:instrumentation_fabric|alt_sld_fab:instrumentation_fabric|alt_sld_fab_alt_sld_fab:alt_sld_fab|alt_sld_fab_alt_sld_fab_sldfabric:sldfabric|sld_jtag_hub:\jtag_hub_gen:real_sld_jtag_hub|irf_reg[1][0]                      ; RAM_IMG:RAM_INST|altsyncram:altsyncram_component|altsyncram_0kh1:auto_generated|sld_mod_ram_rom:mgl_prim2|ram_rom_addr_reg[3]                                                                                                                                                                                                        ; altera_reserved_tck ; altera_reserved_tck ; 0.000        ; 0.061      ; 1.979      ;
; 1.747 ; sld_hub:auto_hub|alt_sld_fab_with_jtag_input:\instrumentation_fabric_with_node_gen:fabric_gen_new_way:with_jtag_input_gen:instrumentation_fabric|alt_sld_fab:instrumentation_fabric|alt_sld_fab_alt_sld_fab:alt_sld_fab|alt_sld_fab_alt_sld_fab_sldfabric:sldfabric|sld_jtag_hub:\jtag_hub_gen:real_sld_jtag_hub|irf_reg[1][0]                      ; RAM_IMG:RAM_INST|altsyncram:altsyncram_component|altsyncram_0kh1:auto_generated|sld_mod_ram_rom:mgl_prim2|ram_rom_addr_reg[4]                                                                                                                                                                                                        ; altera_reserved_tck ; altera_reserved_tck ; 0.000        ; 0.061      ; 1.979      ;
; 1.747 ; sld_hub:auto_hub|alt_sld_fab_with_jtag_input:\instrumentation_fabric_with_node_gen:fabric_gen_new_way:with_jtag_input_gen:instrumentation_fabric|alt_sld_fab:instrumentation_fabric|alt_sld_fab_alt_sld_fab:alt_sld_fab|alt_sld_fab_alt_sld_fab_sldfabric:sldfabric|sld_jtag_hub:\jtag_hub_gen:real_sld_jtag_hub|irf_reg[1][0]                      ; RAM_IMG:RAM_INST|altsyncram:altsyncram_component|altsyncram_0kh1:auto_generated|sld_mod_ram_rom:mgl_prim2|ram_rom_addr_reg[5]                                                                                                                                                                                                        ; altera_reserved_tck ; altera_reserved_tck ; 0.000        ; 0.061      ; 1.979      ;
; 1.747 ; sld_hub:auto_hub|alt_sld_fab_with_jtag_input:\instrumentation_fabric_with_node_gen:fabric_gen_new_way:with_jtag_input_gen:instrumentation_fabric|alt_sld_fab:instrumentation_fabric|alt_sld_fab_alt_sld_fab:alt_sld_fab|alt_sld_fab_alt_sld_fab_sldfabric:sldfabric|sld_jtag_hub:\jtag_hub_gen:real_sld_jtag_hub|irf_reg[1][0]                      ; RAM_IMG:RAM_INST|altsyncram:altsyncram_component|altsyncram_0kh1:auto_generated|sld_mod_ram_rom:mgl_prim2|ram_rom_addr_reg[6]                                                                                                                                                                                                        ; altera_reserved_tck ; altera_reserved_tck ; 0.000        ; 0.061      ; 1.979      ;
; 1.747 ; sld_hub:auto_hub|alt_sld_fab_with_jtag_input:\instrumentation_fabric_with_node_gen:fabric_gen_new_way:with_jtag_input_gen:instrumentation_fabric|alt_sld_fab:instrumentation_fabric|alt_sld_fab_alt_sld_fab:alt_sld_fab|alt_sld_fab_alt_sld_fab_sldfabric:sldfabric|sld_jtag_hub:\jtag_hub_gen:real_sld_jtag_hub|irf_reg[1][0]                      ; RAM_IMG:RAM_INST|altsyncram:altsyncram_component|altsyncram_0kh1:auto_generated|sld_mod_ram_rom:mgl_prim2|ram_rom_addr_reg[7]                                                                                                                                                                                                        ; altera_reserved_tck ; altera_reserved_tck ; 0.000        ; 0.061      ; 1.979      ;
; 1.747 ; sld_hub:auto_hub|alt_sld_fab_with_jtag_input:\instrumentation_fabric_with_node_gen:fabric_gen_new_way:with_jtag_input_gen:instrumentation_fabric|alt_sld_fab:instrumentation_fabric|alt_sld_fab_alt_sld_fab:alt_sld_fab|alt_sld_fab_alt_sld_fab_sldfabric:sldfabric|sld_jtag_hub:\jtag_hub_gen:real_sld_jtag_hub|irf_reg[1][0]                      ; RAM_IMG:RAM_INST|altsyncram:altsyncram_component|altsyncram_0kh1:auto_generated|sld_mod_ram_rom:mgl_prim2|ram_rom_addr_reg[8]                                                                                                                                                                                                        ; altera_reserved_tck ; altera_reserved_tck ; 0.000        ; 0.061      ; 1.979      ;
; 1.747 ; sld_hub:auto_hub|alt_sld_fab_with_jtag_input:\instrumentation_fabric_with_node_gen:fabric_gen_new_way:with_jtag_input_gen:instrumentation_fabric|alt_sld_fab:instrumentation_fabric|alt_sld_fab_alt_sld_fab:alt_sld_fab|alt_sld_fab_alt_sld_fab_sldfabric:sldfabric|sld_jtag_hub:\jtag_hub_gen:real_sld_jtag_hub|irf_reg[1][0]                      ; RAM_IMG:RAM_INST|altsyncram:altsyncram_component|altsyncram_0kh1:auto_generated|sld_mod_ram_rom:mgl_prim2|ram_rom_addr_reg[9]                                                                                                                                                                                                        ; altera_reserved_tck ; altera_reserved_tck ; 0.000        ; 0.061      ; 1.979      ;
; 1.747 ; sld_hub:auto_hub|alt_sld_fab_with_jtag_input:\instrumentation_fabric_with_node_gen:fabric_gen_new_way:with_jtag_input_gen:instrumentation_fabric|alt_sld_fab:instrumentation_fabric|alt_sld_fab_alt_sld_fab:alt_sld_fab|alt_sld_fab_alt_sld_fab_sldfabric:sldfabric|sld_jtag_hub:\jtag_hub_gen:real_sld_jtag_hub|irf_reg[1][0]                      ; RAM_IMG:RAM_INST|altsyncram:altsyncram_component|altsyncram_0kh1:auto_generated|sld_mod_ram_rom:mgl_prim2|ram_rom_addr_reg[10]                                                                                                                                                                                                       ; altera_reserved_tck ; altera_reserved_tck ; 0.000        ; 0.061      ; 1.979      ;
; 1.747 ; sld_hub:auto_hub|alt_sld_fab_with_jtag_input:\instrumentation_fabric_with_node_gen:fabric_gen_new_way:with_jtag_input_gen:instrumentation_fabric|alt_sld_fab:instrumentation_fabric|alt_sld_fab_alt_sld_fab:alt_sld_fab|alt_sld_fab_alt_sld_fab_sldfabric:sldfabric|sld_jtag_hub:\jtag_hub_gen:real_sld_jtag_hub|irf_reg[1][0]                      ; RAM_IMG:RAM_INST|altsyncram:altsyncram_component|altsyncram_0kh1:auto_generated|sld_mod_ram_rom:mgl_prim2|ram_rom_addr_reg[11]                                                                                                                                                                                                       ; altera_reserved_tck ; altera_reserved_tck ; 0.000        ; 0.061      ; 1.979      ;
; 1.747 ; sld_hub:auto_hub|alt_sld_fab_with_jtag_input:\instrumentation_fabric_with_node_gen:fabric_gen_new_way:with_jtag_input_gen:instrumentation_fabric|alt_sld_fab:instrumentation_fabric|alt_sld_fab_alt_sld_fab:alt_sld_fab|alt_sld_fab_alt_sld_fab_sldfabric:sldfabric|sld_jtag_hub:\jtag_hub_gen:real_sld_jtag_hub|irf_reg[1][0]                      ; RAM_IMG:RAM_INST|altsyncram:altsyncram_component|altsyncram_0kh1:auto_generated|sld_mod_ram_rom:mgl_prim2|ram_rom_addr_reg[12]                                                                                                                                                                                                       ; altera_reserved_tck ; altera_reserved_tck ; 0.000        ; 0.061      ; 1.979      ;
; 1.747 ; sld_hub:auto_hub|alt_sld_fab_with_jtag_input:\instrumentation_fabric_with_node_gen:fabric_gen_new_way:with_jtag_input_gen:instrumentation_fabric|alt_sld_fab:instrumentation_fabric|alt_sld_fab_alt_sld_fab:alt_sld_fab|alt_sld_fab_alt_sld_fab_sldfabric:sldfabric|sld_jtag_hub:\jtag_hub_gen:real_sld_jtag_hub|irf_reg[1][0]                      ; RAM_IMG:RAM_INST|altsyncram:altsyncram_component|altsyncram_0kh1:auto_generated|sld_mod_ram_rom:mgl_prim2|ram_rom_addr_reg[13]                                                                                                                                                                                                       ; altera_reserved_tck ; altera_reserved_tck ; 0.000        ; 0.061      ; 1.979      ;
; 1.747 ; sld_hub:auto_hub|alt_sld_fab_with_jtag_input:\instrumentation_fabric_with_node_gen:fabric_gen_new_way:with_jtag_input_gen:instrumentation_fabric|alt_sld_fab:instrumentation_fabric|alt_sld_fab_alt_sld_fab:alt_sld_fab|alt_sld_fab_alt_sld_fab_sldfabric:sldfabric|sld_jtag_hub:\jtag_hub_gen:real_sld_jtag_hub|irf_reg[1][0]                      ; RAM_IMG:RAM_INST|altsyncram:altsyncram_component|altsyncram_0kh1:auto_generated|sld_mod_ram_rom:mgl_prim2|ram_rom_addr_reg[14]                                                                                                                                                                                                       ; altera_reserved_tck ; altera_reserved_tck ; 0.000        ; 0.061      ; 1.979      ;
; 1.747 ; sld_hub:auto_hub|alt_sld_fab_with_jtag_input:\instrumentation_fabric_with_node_gen:fabric_gen_new_way:with_jtag_input_gen:instrumentation_fabric|alt_sld_fab:instrumentation_fabric|alt_sld_fab_alt_sld_fab:alt_sld_fab|alt_sld_fab_alt_sld_fab_sldfabric:sldfabric|sld_jtag_hub:\jtag_hub_gen:real_sld_jtag_hub|irf_reg[1][0]                      ; RAM_IMG:RAM_INST|altsyncram:altsyncram_component|altsyncram_0kh1:auto_generated|sld_mod_ram_rom:mgl_prim2|ram_rom_addr_reg[15]                                                                                                                                                                                                       ; altera_reserved_tck ; altera_reserved_tck ; 0.000        ; 0.061      ; 1.979      ;
; 1.747 ; sld_hub:auto_hub|alt_sld_fab_with_jtag_input:\instrumentation_fabric_with_node_gen:fabric_gen_new_way:with_jtag_input_gen:instrumentation_fabric|alt_sld_fab:instrumentation_fabric|alt_sld_fab_alt_sld_fab:alt_sld_fab|alt_sld_fab_alt_sld_fab_sldfabric:sldfabric|sld_jtag_hub:\jtag_hub_gen:real_sld_jtag_hub|irf_reg[1][0]                      ; RAM_IMG:RAM_INST|altsyncram:altsyncram_component|altsyncram_0kh1:auto_generated|sld_mod_ram_rom:mgl_prim2|ram_rom_addr_reg[0]                                                                                                                                                                                                        ; altera_reserved_tck ; altera_reserved_tck ; 0.000        ; 0.061      ; 1.979      ;
; 1.814 ; sld_hub:auto_hub|alt_sld_fab_with_jtag_input:\instrumentation_fabric_with_node_gen:fabric_gen_new_way:with_jtag_input_gen:instrumentation_fabric|alt_sld_fab:instrumentation_fabric|alt_sld_fab_alt_sld_fab:alt_sld_fab|alt_sld_fab_alt_sld_fab_sldfabric:sldfabric|sld_jtag_hub:\jtag_hub_gen:real_sld_jtag_hub|irf_reg[1][3]                      ; RAM_IMG:RAM_INST|altsyncram:altsyncram_component|altsyncram_0kh1:auto_generated|sld_mod_ram_rom:mgl_prim2|ram_rom_data_shift_cntr_reg[1]                                                                                                                                                                                             ; altera_reserved_tck ; altera_reserved_tck ; 0.000        ; 0.095      ; 2.080      ;
; 1.814 ; sld_hub:auto_hub|alt_sld_fab_with_jtag_input:\instrumentation_fabric_with_node_gen:fabric_gen_new_way:with_jtag_input_gen:instrumentation_fabric|alt_sld_fab:instrumentation_fabric|alt_sld_fab_alt_sld_fab:alt_sld_fab|alt_sld_fab_alt_sld_fab_sldfabric:sldfabric|sld_jtag_hub:\jtag_hub_gen:real_sld_jtag_hub|irf_reg[1][3]                      ; RAM_IMG:RAM_INST|altsyncram:altsyncram_component|altsyncram_0kh1:auto_generated|sld_mod_ram_rom:mgl_prim2|ram_rom_data_shift_cntr_reg[0]                                                                                                                                                                                             ; altera_reserved_tck ; altera_reserved_tck ; 0.000        ; 0.095      ; 2.080      ;
; 1.814 ; sld_hub:auto_hub|alt_sld_fab_with_jtag_input:\instrumentation_fabric_with_node_gen:fabric_gen_new_way:with_jtag_input_gen:instrumentation_fabric|alt_sld_fab:instrumentation_fabric|alt_sld_fab_alt_sld_fab:alt_sld_fab|alt_sld_fab_alt_sld_fab_sldfabric:sldfabric|sld_jtag_hub:\jtag_hub_gen:real_sld_jtag_hub|irf_reg[1][3]                      ; RAM_IMG:RAM_INST|altsyncram:altsyncram_component|altsyncram_0kh1:auto_generated|sld_mod_ram_rom:mgl_prim2|ram_rom_data_shift_cntr_reg[2]                                                                                                                                                                                             ; altera_reserved_tck ; altera_reserved_tck ; 0.000        ; 0.095      ; 2.080      ;
+-------+-----------------------------------------------------------------------------------------------------------------------------------------------------------------------------------------------------------------------------------------------------------------------------------------------------------------------------------------------------+--------------------------------------------------------------------------------------------------------------------------------------------------------------------------------------------------------------------------------------------------------------------------------------------------------------------------------------+---------------------+---------------------+--------------+------------+------------+


----------------------------------------------
; Slow 1200mV 0C Model Metastability Summary ;
----------------------------------------------
The design MTBF is not calculated because there are no specified synchronizers in the design.
Number of Synchronizer Chains Found: 1
Shortest Synchronizer Chain: 5 Registers
Fraction of Chains for which MTBFs Could Not be Calculated: 1.000
Worst Case Available Settling Time: 344.121 ns




+----------------------------------------------+
; Fast 1200mV 0C Model Setup Summary           ;
+---------------------+--------+---------------+
; Clock               ; Slack  ; End Point TNS ;
+---------------------+--------+---------------+
; altera_reserved_tck ; 47.781 ; 0.000         ;
+---------------------+--------+---------------+


+---------------------------------------------+
; Fast 1200mV 0C Model Hold Summary           ;
+---------------------+-------+---------------+
; Clock               ; Slack ; End Point TNS ;
+---------------------+-------+---------------+
; altera_reserved_tck ; 0.181 ; 0.000         ;
+---------------------+-------+---------------+


+----------------------------------------------+
; Fast 1200mV 0C Model Recovery Summary        ;
+---------------------+--------+---------------+
; Clock               ; Slack  ; End Point TNS ;
+---------------------+--------+---------------+
; altera_reserved_tck ; 98.703 ; 0.000         ;
+---------------------+--------+---------------+


+---------------------------------------------+
; Fast 1200mV 0C Model Removal Summary        ;
+---------------------+-------+---------------+
; Clock               ; Slack ; End Point TNS ;
+---------------------+-------+---------------+
; altera_reserved_tck ; 0.505 ; 0.000         ;
+---------------------+-------+---------------+


+--------------------------------------------------+
; Fast 1200mV 0C Model Minimum Pulse Width Summary ;
+---------------------+--------+-------------------+
; Clock               ; Slack  ; End Point TNS     ;
+---------------------+--------+-------------------+
; altera_reserved_tck ; 49.455 ; 0.000             ;
+---------------------+--------+-------------------+


+--------------------------------------------------------------------------------------------------------------------------------------------------------------------------------------------------------------------------------------------------------------------------------------------------------------------------------------------------------------------------------------------------------------------------------------------------------------------------------------------------------------------------------------------------------------------------------------------------------------------------------------------------------------------------------------------------------------------------------------------------------------------------+
; Fast 1200mV 0C Model Setup: 'altera_reserved_tck'                                                                                                                                                                                                                                                                                                                                                                                                                                                                                                                                                                                                                                                                                                                        ;
+--------+-----------------------------------------------------------------------------------------------------------------------------------------------------------------------------------------------------------------------------------------------------------------------------------------------------------------------------------------------------+----------------------------------------------------------------------------------------------------------------------------------------------------------------------------------------------------------------------------------------------------------------------------------------------------------------------+---------------------+---------------------+--------------+------------+------------+
; Slack  ; From Node                                                                                                                                                                                                                                                                                                                                           ; To Node                                                                                                                                                                                                                                                                                                              ; Launch Clock        ; Latch Clock         ; Relationship ; Clock Skew ; Data Delay ;
+--------+-----------------------------------------------------------------------------------------------------------------------------------------------------------------------------------------------------------------------------------------------------------------------------------------------------------------------------------------------------+----------------------------------------------------------------------------------------------------------------------------------------------------------------------------------------------------------------------------------------------------------------------------------------------------------------------+---------------------+---------------------+--------------+------------+------------+
; 47.781 ; RAM_IMG:RAM_INST|altsyncram:altsyncram_component|altsyncram_0kh1:auto_generated|sld_mod_ram_rom:mgl_prim2|ram_rom_data_reg[0]                                                                                                                                                                                                                       ; sld_hub:auto_hub|alt_sld_fab_with_jtag_input:\instrumentation_fabric_with_node_gen:fabric_gen_new_way:with_jtag_input_gen:instrumentation_fabric|alt_sld_fab:instrumentation_fabric|alt_sld_fab_alt_sld_fab:alt_sld_fab|alt_sld_fab_alt_sld_fab_sldfabric:sldfabric|sld_jtag_hub:\jtag_hub_gen:real_sld_jtag_hub|tdo ; altera_reserved_tck ; altera_reserved_tck ; 50.000       ; 0.239      ; 2.465      ;
; 48.053 ; sld_hub:auto_hub|alt_sld_fab_with_jtag_input:\instrumentation_fabric_with_node_gen:fabric_gen_new_way:with_jtag_input_gen:instrumentation_fabric|alt_sld_fab:instrumentation_fabric|alt_sld_fab_alt_sld_fab:alt_sld_fab|alt_sld_fab_alt_sld_fab_sldfabric:sldfabric|sld_jtag_hub:\jtag_hub_gen:real_sld_jtag_hub|irsr_reg[2]                        ; sld_hub:auto_hub|alt_sld_fab_with_jtag_input:\instrumentation_fabric_with_node_gen:fabric_gen_new_way:with_jtag_input_gen:instrumentation_fabric|alt_sld_fab:instrumentation_fabric|alt_sld_fab_alt_sld_fab:alt_sld_fab|alt_sld_fab_alt_sld_fab_sldfabric:sldfabric|sld_jtag_hub:\jtag_hub_gen:real_sld_jtag_hub|tdo ; altera_reserved_tck ; altera_reserved_tck ; 50.000       ; 0.253      ; 2.207      ;
; 48.306 ; sld_hub:auto_hub|alt_sld_fab_with_jtag_input:\instrumentation_fabric_with_node_gen:fabric_gen_new_way:with_jtag_input_gen:instrumentation_fabric|alt_sld_fab:instrumentation_fabric|alt_sld_fab_alt_sld_fab:alt_sld_fab|alt_sld_fab_alt_sld_fab_sldfabric:sldfabric|sld_jtag_hub:\jtag_hub_gen:real_sld_jtag_hub|irsr_reg[0]                        ; sld_hub:auto_hub|alt_sld_fab_with_jtag_input:\instrumentation_fabric_with_node_gen:fabric_gen_new_way:with_jtag_input_gen:instrumentation_fabric|alt_sld_fab:instrumentation_fabric|alt_sld_fab_alt_sld_fab:alt_sld_fab|alt_sld_fab_alt_sld_fab_sldfabric:sldfabric|sld_jtag_hub:\jtag_hub_gen:real_sld_jtag_hub|tdo ; altera_reserved_tck ; altera_reserved_tck ; 50.000       ; 0.253      ; 1.954      ;
; 48.341 ; sld_hub:auto_hub|alt_sld_fab_with_jtag_input:\instrumentation_fabric_with_node_gen:fabric_gen_new_way:with_jtag_input_gen:instrumentation_fabric|alt_sld_fab:instrumentation_fabric|alt_sld_fab_alt_sld_fab:alt_sld_fab|alt_sld_fab_alt_sld_fab_sldfabric:sldfabric|sld_jtag_hub:\jtag_hub_gen:real_sld_jtag_hub|irf_reg[1][2]                      ; sld_hub:auto_hub|alt_sld_fab_with_jtag_input:\instrumentation_fabric_with_node_gen:fabric_gen_new_way:with_jtag_input_gen:instrumentation_fabric|alt_sld_fab:instrumentation_fabric|alt_sld_fab_alt_sld_fab:alt_sld_fab|alt_sld_fab_alt_sld_fab_sldfabric:sldfabric|sld_jtag_hub:\jtag_hub_gen:real_sld_jtag_hub|tdo ; altera_reserved_tck ; altera_reserved_tck ; 50.000       ; 0.278      ; 1.944      ;
; 48.417 ; sld_hub:auto_hub|alt_sld_fab_with_jtag_input:\instrumentation_fabric_with_node_gen:fabric_gen_new_way:with_jtag_input_gen:instrumentation_fabric|alt_sld_fab:instrumentation_fabric|alt_sld_fab_alt_sld_fab:alt_sld_fab|alt_sld_fab_alt_sld_fab_sldfabric:sldfabric|sld_jtag_hub:\jtag_hub_gen:real_sld_jtag_hub|virtual_ir_scan_reg                ; sld_hub:auto_hub|alt_sld_fab_with_jtag_input:\instrumentation_fabric_with_node_gen:fabric_gen_new_way:with_jtag_input_gen:instrumentation_fabric|alt_sld_fab:instrumentation_fabric|alt_sld_fab_alt_sld_fab:alt_sld_fab|alt_sld_fab_alt_sld_fab_sldfabric:sldfabric|sld_jtag_hub:\jtag_hub_gen:real_sld_jtag_hub|tdo ; altera_reserved_tck ; altera_reserved_tck ; 50.000       ; 0.279      ; 1.869      ;
; 48.441 ; sld_hub:auto_hub|alt_sld_fab_with_jtag_input:\instrumentation_fabric_with_node_gen:fabric_gen_new_way:with_jtag_input_gen:instrumentation_fabric|alt_sld_fab:instrumentation_fabric|alt_sld_fab_alt_sld_fab:alt_sld_fab|alt_sld_fab_alt_sld_fab_sldfabric:sldfabric|sld_jtag_hub:\jtag_hub_gen:real_sld_jtag_hub|sld_shadow_jsm:shadow_jsm|state[3] ; sld_hub:auto_hub|alt_sld_fab_with_jtag_input:\instrumentation_fabric_with_node_gen:fabric_gen_new_way:with_jtag_input_gen:instrumentation_fabric|alt_sld_fab:instrumentation_fabric|alt_sld_fab_alt_sld_fab:alt_sld_fab|alt_sld_fab_alt_sld_fab_sldfabric:sldfabric|sld_jtag_hub:\jtag_hub_gen:real_sld_jtag_hub|tdo ; altera_reserved_tck ; altera_reserved_tck ; 50.000       ; 0.277      ; 1.843      ;
; 48.457 ; sld_hub:auto_hub|alt_sld_fab_with_jtag_input:\instrumentation_fabric_with_node_gen:fabric_gen_new_way:with_jtag_input_gen:instrumentation_fabric|alt_sld_fab:instrumentation_fabric|alt_sld_fab_alt_sld_fab:alt_sld_fab|alt_sld_fab_alt_sld_fab_sldfabric:sldfabric|sld_jtag_hub:\jtag_hub_gen:real_sld_jtag_hub|irf_reg[1][1]                      ; sld_hub:auto_hub|alt_sld_fab_with_jtag_input:\instrumentation_fabric_with_node_gen:fabric_gen_new_way:with_jtag_input_gen:instrumentation_fabric|alt_sld_fab:instrumentation_fabric|alt_sld_fab_alt_sld_fab:alt_sld_fab|alt_sld_fab_alt_sld_fab_sldfabric:sldfabric|sld_jtag_hub:\jtag_hub_gen:real_sld_jtag_hub|tdo ; altera_reserved_tck ; altera_reserved_tck ; 50.000       ; 0.278      ; 1.828      ;
; 48.527 ; sld_hub:auto_hub|alt_sld_fab_with_jtag_input:\instrumentation_fabric_with_node_gen:fabric_gen_new_way:with_jtag_input_gen:instrumentation_fabric|alt_sld_fab:instrumentation_fabric|alt_sld_fab_alt_sld_fab:alt_sld_fab|alt_sld_fab_alt_sld_fab_sldfabric:sldfabric|sld_jtag_hub:\jtag_hub_gen:real_sld_jtag_hub|design_hash_reg[0]                 ; sld_hub:auto_hub|alt_sld_fab_with_jtag_input:\instrumentation_fabric_with_node_gen:fabric_gen_new_way:with_jtag_input_gen:instrumentation_fabric|alt_sld_fab:instrumentation_fabric|alt_sld_fab_alt_sld_fab:alt_sld_fab|alt_sld_fab_alt_sld_fab_sldfabric:sldfabric|sld_jtag_hub:\jtag_hub_gen:real_sld_jtag_hub|tdo ; altera_reserved_tck ; altera_reserved_tck ; 50.000       ; 0.277      ; 1.757      ;
; 48.541 ; sld_hub:auto_hub|alt_sld_fab_with_jtag_input:\instrumentation_fabric_with_node_gen:fabric_gen_new_way:with_jtag_input_gen:instrumentation_fabric|alt_sld_fab:instrumentation_fabric|alt_sld_fab_alt_sld_fab:alt_sld_fab|alt_sld_fab_alt_sld_fab_sldfabric:sldfabric|sld_jtag_hub:\jtag_hub_gen:real_sld_jtag_hub|irf_reg[1][0]                      ; sld_hub:auto_hub|alt_sld_fab_with_jtag_input:\instrumentation_fabric_with_node_gen:fabric_gen_new_way:with_jtag_input_gen:instrumentation_fabric|alt_sld_fab:instrumentation_fabric|alt_sld_fab_alt_sld_fab:alt_sld_fab|alt_sld_fab_alt_sld_fab_sldfabric:sldfabric|sld_jtag_hub:\jtag_hub_gen:real_sld_jtag_hub|tdo ; altera_reserved_tck ; altera_reserved_tck ; 50.000       ; 0.253      ; 1.719      ;
; 48.662 ; sld_hub:auto_hub|alt_sld_fab_with_jtag_input:\instrumentation_fabric_with_node_gen:fabric_gen_new_way:with_jtag_input_gen:instrumentation_fabric|alt_sld_fab:instrumentation_fabric|alt_sld_fab_alt_sld_fab:alt_sld_fab|alt_sld_fab_alt_sld_fab_sldfabric:sldfabric|sld_jtag_hub:\jtag_hub_gen:real_sld_jtag_hub|irsr_reg[1]                        ; sld_hub:auto_hub|alt_sld_fab_with_jtag_input:\instrumentation_fabric_with_node_gen:fabric_gen_new_way:with_jtag_input_gen:instrumentation_fabric|alt_sld_fab:instrumentation_fabric|alt_sld_fab_alt_sld_fab:alt_sld_fab|alt_sld_fab_alt_sld_fab_sldfabric:sldfabric|sld_jtag_hub:\jtag_hub_gen:real_sld_jtag_hub|tdo ; altera_reserved_tck ; altera_reserved_tck ; 50.000       ; 0.253      ; 1.598      ;
; 48.669 ; sld_hub:auto_hub|alt_sld_fab_with_jtag_input:\instrumentation_fabric_with_node_gen:fabric_gen_new_way:with_jtag_input_gen:instrumentation_fabric|alt_sld_fab:instrumentation_fabric|alt_sld_fab_alt_sld_fab:alt_sld_fab|alt_sld_fab_alt_sld_fab_sldfabric:sldfabric|sld_jtag_hub:\jtag_hub_gen:real_sld_jtag_hub|hub_minor_ver_reg[0]               ; sld_hub:auto_hub|alt_sld_fab_with_jtag_input:\instrumentation_fabric_with_node_gen:fabric_gen_new_way:with_jtag_input_gen:instrumentation_fabric|alt_sld_fab:instrumentation_fabric|alt_sld_fab_alt_sld_fab:alt_sld_fab|alt_sld_fab_alt_sld_fab_sldfabric:sldfabric|sld_jtag_hub:\jtag_hub_gen:real_sld_jtag_hub|tdo ; altera_reserved_tck ; altera_reserved_tck ; 50.000       ; 0.275      ; 1.613      ;
; 48.697 ; sld_hub:auto_hub|alt_sld_fab_with_jtag_input:\instrumentation_fabric_with_node_gen:fabric_gen_new_way:with_jtag_input_gen:instrumentation_fabric|alt_sld_fab:instrumentation_fabric|alt_sld_fab_alt_sld_fab:alt_sld_fab|alt_sld_fab_alt_sld_fab_sldfabric:sldfabric|sld_jtag_hub:\jtag_hub_gen:real_sld_jtag_hub|sld_shadow_jsm:shadow_jsm|state[4] ; sld_hub:auto_hub|alt_sld_fab_with_jtag_input:\instrumentation_fabric_with_node_gen:fabric_gen_new_way:with_jtag_input_gen:instrumentation_fabric|alt_sld_fab:instrumentation_fabric|alt_sld_fab_alt_sld_fab:alt_sld_fab|alt_sld_fab_alt_sld_fab_sldfabric:sldfabric|sld_jtag_hub:\jtag_hub_gen:real_sld_jtag_hub|tdo ; altera_reserved_tck ; altera_reserved_tck ; 50.000       ; 0.275      ; 1.585      ;
; 48.747 ; sld_hub:auto_hub|alt_sld_fab_with_jtag_input:\instrumentation_fabric_with_node_gen:fabric_gen_new_way:with_jtag_input_gen:instrumentation_fabric|alt_sld_fab:instrumentation_fabric|alt_sld_fab_alt_sld_fab:alt_sld_fab|alt_sld_fab_alt_sld_fab_sldfabric:sldfabric|sld_jtag_hub:\jtag_hub_gen:real_sld_jtag_hub|irf_reg[1][5]                      ; sld_hub:auto_hub|alt_sld_fab_with_jtag_input:\instrumentation_fabric_with_node_gen:fabric_gen_new_way:with_jtag_input_gen:instrumentation_fabric|alt_sld_fab:instrumentation_fabric|alt_sld_fab_alt_sld_fab:alt_sld_fab|alt_sld_fab_alt_sld_fab_sldfabric:sldfabric|sld_jtag_hub:\jtag_hub_gen:real_sld_jtag_hub|tdo ; altera_reserved_tck ; altera_reserved_tck ; 50.000       ; 0.278      ; 1.538      ;
; 48.759 ; RAM_IMG:RAM_INST|altsyncram:altsyncram_component|altsyncram_0kh1:auto_generated|sld_mod_ram_rom:mgl_prim2|sld_rom_sr:\ram_rom_logic_gen:no_name_gen:info_rom_sr|WORD_SR[0]                                                                                                                                                                          ; sld_hub:auto_hub|alt_sld_fab_with_jtag_input:\instrumentation_fabric_with_node_gen:fabric_gen_new_way:with_jtag_input_gen:instrumentation_fabric|alt_sld_fab:instrumentation_fabric|alt_sld_fab_alt_sld_fab:alt_sld_fab|alt_sld_fab_alt_sld_fab_sldfabric:sldfabric|sld_jtag_hub:\jtag_hub_gen:real_sld_jtag_hub|tdo ; altera_reserved_tck ; altera_reserved_tck ; 50.000       ; 0.274      ; 1.522      ;
; 48.845 ; RAM_IMG:RAM_INST|altsyncram:altsyncram_component|altsyncram_0kh1:auto_generated|sld_mod_ram_rom:mgl_prim2|bypass_reg_out                                                                                                                                                                                                                            ; sld_hub:auto_hub|alt_sld_fab_with_jtag_input:\instrumentation_fabric_with_node_gen:fabric_gen_new_way:with_jtag_input_gen:instrumentation_fabric|alt_sld_fab:instrumentation_fabric|alt_sld_fab_alt_sld_fab:alt_sld_fab|alt_sld_fab_alt_sld_fab_sldfabric:sldfabric|sld_jtag_hub:\jtag_hub_gen:real_sld_jtag_hub|tdo ; altera_reserved_tck ; altera_reserved_tck ; 50.000       ; 0.278      ; 1.440      ;
; 48.960 ; sld_hub:auto_hub|alt_sld_fab_with_jtag_input:\instrumentation_fabric_with_node_gen:fabric_gen_new_way:with_jtag_input_gen:instrumentation_fabric|alt_sld_fab:instrumentation_fabric|alt_sld_fab_alt_sld_fab:alt_sld_fab|alt_sld_fab_alt_sld_fab_sldfabric:sldfabric|sld_jtag_hub:\jtag_hub_gen:real_sld_jtag_hub|sld_rom_sr:hub_info_reg|WORD_SR[0] ; sld_hub:auto_hub|alt_sld_fab_with_jtag_input:\instrumentation_fabric_with_node_gen:fabric_gen_new_way:with_jtag_input_gen:instrumentation_fabric|alt_sld_fab:instrumentation_fabric|alt_sld_fab_alt_sld_fab:alt_sld_fab|alt_sld_fab_alt_sld_fab_sldfabric:sldfabric|sld_jtag_hub:\jtag_hub_gen:real_sld_jtag_hub|tdo ; altera_reserved_tck ; altera_reserved_tck ; 50.000       ; 0.276      ; 1.323      ;
; 48.973 ; sld_hub:auto_hub|alt_sld_fab_with_jtag_input:\instrumentation_fabric_with_node_gen:fabric_gen_new_way:with_jtag_input_gen:instrumentation_fabric|alt_sld_fab:instrumentation_fabric|alt_sld_fab_alt_sld_fab:alt_sld_fab|alt_sld_fab_alt_sld_fab_sldfabric:sldfabric|sld_jtag_hub:\jtag_hub_gen:real_sld_jtag_hub|irsr_reg[8]                        ; sld_hub:auto_hub|alt_sld_fab_with_jtag_input:\instrumentation_fabric_with_node_gen:fabric_gen_new_way:with_jtag_input_gen:instrumentation_fabric|alt_sld_fab:instrumentation_fabric|alt_sld_fab_alt_sld_fab:alt_sld_fab|alt_sld_fab_alt_sld_fab_sldfabric:sldfabric|sld_jtag_hub:\jtag_hub_gen:real_sld_jtag_hub|tdo ; altera_reserved_tck ; altera_reserved_tck ; 50.000       ; 0.277      ; 1.311      ;
; 49.056 ; sld_hub:auto_hub|alt_sld_fab_with_jtag_input:\instrumentation_fabric_with_node_gen:fabric_gen_new_way:with_jtag_input_gen:instrumentation_fabric|alt_sld_fab:instrumentation_fabric|alt_sld_fab_alt_sld_fab:alt_sld_fab|alt_sld_fab_alt_sld_fab_sldfabric:sldfabric|sld_jtag_hub:\jtag_hub_gen:real_sld_jtag_hub|tdo_bypass_reg                     ; sld_hub:auto_hub|alt_sld_fab_with_jtag_input:\instrumentation_fabric_with_node_gen:fabric_gen_new_way:with_jtag_input_gen:instrumentation_fabric|alt_sld_fab:instrumentation_fabric|alt_sld_fab_alt_sld_fab:alt_sld_fab|alt_sld_fab_alt_sld_fab_sldfabric:sldfabric|sld_jtag_hub:\jtag_hub_gen:real_sld_jtag_hub|tdo ; altera_reserved_tck ; altera_reserved_tck ; 50.000       ; 0.275      ; 1.226      ;
; 49.122 ; sld_hub:auto_hub|alt_sld_fab_with_jtag_input:\instrumentation_fabric_with_node_gen:fabric_gen_new_way:with_jtag_input_gen:instrumentation_fabric|alt_sld_fab:instrumentation_fabric|alt_sld_fab_alt_sld_fab:alt_sld_fab|alt_sld_fab_alt_sld_fab_sldfabric:sldfabric|sld_jtag_hub:\jtag_hub_gen:real_sld_jtag_hub|sld_shadow_jsm:shadow_jsm|state[8] ; sld_hub:auto_hub|alt_sld_fab_with_jtag_input:\instrumentation_fabric_with_node_gen:fabric_gen_new_way:with_jtag_input_gen:instrumentation_fabric|alt_sld_fab:instrumentation_fabric|alt_sld_fab_alt_sld_fab:alt_sld_fab|alt_sld_fab_alt_sld_fab_sldfabric:sldfabric|sld_jtag_hub:\jtag_hub_gen:real_sld_jtag_hub|tdo ; altera_reserved_tck ; altera_reserved_tck ; 50.000       ; 0.275      ; 1.160      ;
; 96.275 ; RAM_IMG:RAM_INST|altsyncram:altsyncram_component|altsyncram_0kh1:auto_generated|altsyncram_2u72:altsyncram1|ram_block3a16~portb_we_reg                                                                                                                                                                                                              ; RAM_IMG:RAM_INST|altsyncram:altsyncram_component|altsyncram_0kh1:auto_generated|sld_mod_ram_rom:mgl_prim2|ram_rom_data_reg[0]                                                                                                                                                                                        ; altera_reserved_tck ; altera_reserved_tck ; 100.000      ; -0.173     ; 3.559      ;
; 96.403 ; sld_hub:auto_hub|alt_sld_fab_with_jtag_input:\instrumentation_fabric_with_node_gen:fabric_gen_new_way:with_jtag_input_gen:instrumentation_fabric|alt_sld_fab:instrumentation_fabric|alt_sld_fab_alt_sld_fab:alt_sld_fab|splitter_nodes_receive_0[3]                                                                                                 ; RAM_IMG:RAM_INST|altsyncram:altsyncram_component|altsyncram_0kh1:auto_generated|altsyncram_2u72:altsyncram1|ram_block3a13~portb_we_reg                                                                                                                                                                               ; altera_reserved_tck ; altera_reserved_tck ; 100.000      ; 0.127      ; 3.753      ;
; 96.453 ; sld_hub:auto_hub|alt_sld_fab_with_jtag_input:\instrumentation_fabric_with_node_gen:fabric_gen_new_way:with_jtag_input_gen:instrumentation_fabric|alt_sld_fab:instrumentation_fabric|alt_sld_fab_alt_sld_fab:alt_sld_fab|alt_sld_fab_alt_sld_fab_sldfabric:sldfabric|sld_jtag_hub:\jtag_hub_gen:real_sld_jtag_hub|virtual_ir_scan_reg                ; RAM_IMG:RAM_INST|altsyncram:altsyncram_component|altsyncram_0kh1:auto_generated|altsyncram_2u72:altsyncram1|ram_block3a13~portb_we_reg                                                                                                                                                                               ; altera_reserved_tck ; altera_reserved_tck ; 100.000      ; 0.129      ; 3.705      ;
; 96.463 ; sld_hub:auto_hub|alt_sld_fab_with_jtag_input:\instrumentation_fabric_with_node_gen:fabric_gen_new_way:with_jtag_input_gen:instrumentation_fabric|alt_sld_fab:instrumentation_fabric|alt_sld_fab_alt_sld_fab:alt_sld_fab|alt_sld_fab_alt_sld_fab_sldfabric:sldfabric|sld_jtag_hub:\jtag_hub_gen:real_sld_jtag_hub|sld_shadow_jsm:shadow_jsm|state[5] ; RAM_IMG:RAM_INST|altsyncram:altsyncram_component|altsyncram_0kh1:auto_generated|altsyncram_2u72:altsyncram1|ram_block3a13~portb_we_reg                                                                                                                                                                               ; altera_reserved_tck ; altera_reserved_tck ; 100.000      ; 0.129      ; 3.695      ;
; 96.532 ; RAM_IMG:RAM_INST|altsyncram:altsyncram_component|altsyncram_0kh1:auto_generated|altsyncram_2u72:altsyncram1|ram_block3a11~portb_we_reg                                                                                                                                                                                                              ; RAM_IMG:RAM_INST|altsyncram:altsyncram_component|altsyncram_0kh1:auto_generated|sld_mod_ram_rom:mgl_prim2|ram_rom_data_reg[3]                                                                                                                                                                                        ; altera_reserved_tck ; altera_reserved_tck ; 100.000      ; -0.187     ; 3.288      ;
; 96.592 ; RAM_IMG:RAM_INST|altsyncram:altsyncram_component|altsyncram_0kh1:auto_generated|altsyncram_2u72:altsyncram1|ram_block3a0~portb_we_reg                                                                                                                                                                                                               ; RAM_IMG:RAM_INST|altsyncram:altsyncram_component|altsyncram_0kh1:auto_generated|sld_mod_ram_rom:mgl_prim2|ram_rom_data_reg[0]                                                                                                                                                                                        ; altera_reserved_tck ; altera_reserved_tck ; 100.000      ; -0.191     ; 3.224      ;
; 96.612 ; sld_hub:auto_hub|alt_sld_fab_with_jtag_input:\instrumentation_fabric_with_node_gen:fabric_gen_new_way:with_jtag_input_gen:instrumentation_fabric|alt_sld_fab:instrumentation_fabric|alt_sld_fab_alt_sld_fab:alt_sld_fab|splitter_nodes_receive_0[3]                                                                                                 ; RAM_IMG:RAM_INST|altsyncram:altsyncram_component|altsyncram_0kh1:auto_generated|altsyncram_2u72:altsyncram1|ram_block3a12~portb_we_reg                                                                                                                                                                               ; altera_reserved_tck ; altera_reserved_tck ; 100.000      ; 0.119      ; 3.536      ;
; 96.637 ; RAM_IMG:RAM_INST|altsyncram:altsyncram_component|altsyncram_0kh1:auto_generated|altsyncram_2u72:altsyncram1|ram_block3a3~portb_we_reg                                                                                                                                                                                                               ; RAM_IMG:RAM_INST|altsyncram:altsyncram_component|altsyncram_0kh1:auto_generated|sld_mod_ram_rom:mgl_prim2|ram_rom_data_reg[3]                                                                                                                                                                                        ; altera_reserved_tck ; altera_reserved_tck ; 100.000      ; -0.157     ; 3.213      ;
; 96.643 ; RAM_IMG:RAM_INST|altsyncram:altsyncram_component|altsyncram_0kh1:auto_generated|altsyncram_2u72:altsyncram1|ram_block3a18~portb_we_reg                                                                                                                                                                                                              ; RAM_IMG:RAM_INST|altsyncram:altsyncram_component|altsyncram_0kh1:auto_generated|sld_mod_ram_rom:mgl_prim2|ram_rom_data_reg[2]                                                                                                                                                                                        ; altera_reserved_tck ; altera_reserved_tck ; 100.000      ; -0.193     ; 3.171      ;
; 96.662 ; sld_hub:auto_hub|alt_sld_fab_with_jtag_input:\instrumentation_fabric_with_node_gen:fabric_gen_new_way:with_jtag_input_gen:instrumentation_fabric|alt_sld_fab:instrumentation_fabric|alt_sld_fab_alt_sld_fab:alt_sld_fab|alt_sld_fab_alt_sld_fab_sldfabric:sldfabric|sld_jtag_hub:\jtag_hub_gen:real_sld_jtag_hub|virtual_ir_scan_reg                ; RAM_IMG:RAM_INST|altsyncram:altsyncram_component|altsyncram_0kh1:auto_generated|altsyncram_2u72:altsyncram1|ram_block3a12~portb_we_reg                                                                                                                                                                               ; altera_reserved_tck ; altera_reserved_tck ; 100.000      ; 0.121      ; 3.488      ;
; 96.672 ; sld_hub:auto_hub|alt_sld_fab_with_jtag_input:\instrumentation_fabric_with_node_gen:fabric_gen_new_way:with_jtag_input_gen:instrumentation_fabric|alt_sld_fab:instrumentation_fabric|alt_sld_fab_alt_sld_fab:alt_sld_fab|alt_sld_fab_alt_sld_fab_sldfabric:sldfabric|sld_jtag_hub:\jtag_hub_gen:real_sld_jtag_hub|sld_shadow_jsm:shadow_jsm|state[5] ; RAM_IMG:RAM_INST|altsyncram:altsyncram_component|altsyncram_0kh1:auto_generated|altsyncram_2u72:altsyncram1|ram_block3a12~portb_we_reg                                                                                                                                                                               ; altera_reserved_tck ; altera_reserved_tck ; 100.000      ; 0.121      ; 3.478      ;
; 96.674 ; RAM_IMG:RAM_INST|altsyncram:altsyncram_component|altsyncram_0kh1:auto_generated|altsyncram_2u72:altsyncram1|ram_block3a5~portb_we_reg                                                                                                                                                                                                               ; RAM_IMG:RAM_INST|altsyncram:altsyncram_component|altsyncram_0kh1:auto_generated|sld_mod_ram_rom:mgl_prim2|ram_rom_data_reg[5]                                                                                                                                                                                        ; altera_reserved_tck ; altera_reserved_tck ; 100.000      ; -0.175     ; 3.158      ;
; 96.695 ; sld_hub:auto_hub|alt_sld_fab_with_jtag_input:\instrumentation_fabric_with_node_gen:fabric_gen_new_way:with_jtag_input_gen:instrumentation_fabric|alt_sld_fab:instrumentation_fabric|alt_sld_fab_alt_sld_fab:alt_sld_fab|splitter_nodes_receive_0[3]                                                                                                 ; RAM_IMG:RAM_INST|altsyncram:altsyncram_component|altsyncram_0kh1:auto_generated|altsyncram_2u72:altsyncram1|ram_block3a21~portb_we_reg                                                                                                                                                                               ; altera_reserved_tck ; altera_reserved_tck ; 100.000      ; 0.127      ; 3.461      ;
; 96.710 ; sld_hub:auto_hub|alt_sld_fab_with_jtag_input:\instrumentation_fabric_with_node_gen:fabric_gen_new_way:with_jtag_input_gen:instrumentation_fabric|alt_sld_fab:instrumentation_fabric|alt_sld_fab_alt_sld_fab:alt_sld_fab|splitter_nodes_receive_0[3]                                                                                                 ; RAM_IMG:RAM_INST|altsyncram:altsyncram_component|altsyncram_0kh1:auto_generated|altsyncram_2u72:altsyncram1|ram_block3a28~portb_we_reg                                                                                                                                                                               ; altera_reserved_tck ; altera_reserved_tck ; 100.000      ; 0.104      ; 3.423      ;
; 96.712 ; RAM_IMG:RAM_INST|altsyncram:altsyncram_component|altsyncram_0kh1:auto_generated|altsyncram_2u72:altsyncram1|ram_block3a2~portb_we_reg                                                                                                                                                                                                               ; RAM_IMG:RAM_INST|altsyncram:altsyncram_component|altsyncram_0kh1:auto_generated|sld_mod_ram_rom:mgl_prim2|ram_rom_data_reg[2]                                                                                                                                                                                        ; altera_reserved_tck ; altera_reserved_tck ; 100.000      ; -0.189     ; 3.106      ;
; 96.719 ; sld_hub:auto_hub|alt_sld_fab_with_jtag_input:\instrumentation_fabric_with_node_gen:fabric_gen_new_way:with_jtag_input_gen:instrumentation_fabric|alt_sld_fab:instrumentation_fabric|alt_sld_fab_alt_sld_fab:alt_sld_fab|alt_sld_fab_alt_sld_fab_sldfabric:sldfabric|sld_jtag_hub:\jtag_hub_gen:real_sld_jtag_hub|irf_reg[1][2]                      ; RAM_IMG:RAM_INST|altsyncram:altsyncram_component|altsyncram_0kh1:auto_generated|altsyncram_2u72:altsyncram1|ram_block3a13~portb_we_reg                                                                                                                                                                               ; altera_reserved_tck ; altera_reserved_tck ; 100.000      ; 0.128      ; 3.438      ;
; 96.738 ; RAM_IMG:RAM_INST|altsyncram:altsyncram_component|altsyncram_0kh1:auto_generated|altsyncram_2u72:altsyncram1|ram_block3a4~portb_we_reg                                                                                                                                                                                                               ; RAM_IMG:RAM_INST|altsyncram:altsyncram_component|altsyncram_0kh1:auto_generated|sld_mod_ram_rom:mgl_prim2|ram_rom_data_reg[4]                                                                                                                                                                                        ; altera_reserved_tck ; altera_reserved_tck ; 100.000      ; -0.182     ; 3.087      ;
; 96.745 ; sld_hub:auto_hub|alt_sld_fab_with_jtag_input:\instrumentation_fabric_with_node_gen:fabric_gen_new_way:with_jtag_input_gen:instrumentation_fabric|alt_sld_fab:instrumentation_fabric|alt_sld_fab_alt_sld_fab:alt_sld_fab|alt_sld_fab_alt_sld_fab_sldfabric:sldfabric|sld_jtag_hub:\jtag_hub_gen:real_sld_jtag_hub|virtual_ir_scan_reg                ; RAM_IMG:RAM_INST|altsyncram:altsyncram_component|altsyncram_0kh1:auto_generated|altsyncram_2u72:altsyncram1|ram_block3a21~portb_we_reg                                                                                                                                                                               ; altera_reserved_tck ; altera_reserved_tck ; 100.000      ; 0.129      ; 3.413      ;
; 96.751 ; RAM_IMG:RAM_INST|altsyncram:altsyncram_component|altsyncram_0kh1:auto_generated|altsyncram_2u72:altsyncram1|ram_block3a24~portb_we_reg                                                                                                                                                                                                              ; RAM_IMG:RAM_INST|altsyncram:altsyncram_component|altsyncram_0kh1:auto_generated|sld_mod_ram_rom:mgl_prim2|ram_rom_data_reg[0]                                                                                                                                                                                        ; altera_reserved_tck ; altera_reserved_tck ; 100.000      ; -0.196     ; 3.060      ;
; 96.755 ; sld_hub:auto_hub|alt_sld_fab_with_jtag_input:\instrumentation_fabric_with_node_gen:fabric_gen_new_way:with_jtag_input_gen:instrumentation_fabric|alt_sld_fab:instrumentation_fabric|alt_sld_fab_alt_sld_fab:alt_sld_fab|alt_sld_fab_alt_sld_fab_sldfabric:sldfabric|sld_jtag_hub:\jtag_hub_gen:real_sld_jtag_hub|sld_shadow_jsm:shadow_jsm|state[5] ; RAM_IMG:RAM_INST|altsyncram:altsyncram_component|altsyncram_0kh1:auto_generated|altsyncram_2u72:altsyncram1|ram_block3a21~portb_we_reg                                                                                                                                                                               ; altera_reserved_tck ; altera_reserved_tck ; 100.000      ; 0.129      ; 3.403      ;
; 96.757 ; RAM_IMG:RAM_INST|altsyncram:altsyncram_component|altsyncram_0kh1:auto_generated|altsyncram_2u72:altsyncram1|ram_block3a20~portb_we_reg                                                                                                                                                                                                              ; RAM_IMG:RAM_INST|altsyncram:altsyncram_component|altsyncram_0kh1:auto_generated|sld_mod_ram_rom:mgl_prim2|ram_rom_data_reg[4]                                                                                                                                                                                        ; altera_reserved_tck ; altera_reserved_tck ; 100.000      ; -0.192     ; 3.058      ;
; 96.760 ; sld_hub:auto_hub|alt_sld_fab_with_jtag_input:\instrumentation_fabric_with_node_gen:fabric_gen_new_way:with_jtag_input_gen:instrumentation_fabric|alt_sld_fab:instrumentation_fabric|alt_sld_fab_alt_sld_fab:alt_sld_fab|alt_sld_fab_alt_sld_fab_sldfabric:sldfabric|sld_jtag_hub:\jtag_hub_gen:real_sld_jtag_hub|virtual_ir_scan_reg                ; RAM_IMG:RAM_INST|altsyncram:altsyncram_component|altsyncram_0kh1:auto_generated|altsyncram_2u72:altsyncram1|ram_block3a28~portb_we_reg                                                                                                                                                                               ; altera_reserved_tck ; altera_reserved_tck ; 100.000      ; 0.106      ; 3.375      ;
; 96.770 ; sld_hub:auto_hub|alt_sld_fab_with_jtag_input:\instrumentation_fabric_with_node_gen:fabric_gen_new_way:with_jtag_input_gen:instrumentation_fabric|alt_sld_fab:instrumentation_fabric|alt_sld_fab_alt_sld_fab:alt_sld_fab|alt_sld_fab_alt_sld_fab_sldfabric:sldfabric|sld_jtag_hub:\jtag_hub_gen:real_sld_jtag_hub|sld_shadow_jsm:shadow_jsm|state[5] ; RAM_IMG:RAM_INST|altsyncram:altsyncram_component|altsyncram_0kh1:auto_generated|altsyncram_2u72:altsyncram1|ram_block3a28~portb_we_reg                                                                                                                                                                               ; altera_reserved_tck ; altera_reserved_tck ; 100.000      ; 0.106      ; 3.365      ;
; 96.775 ; sld_hub:auto_hub|alt_sld_fab_with_jtag_input:\instrumentation_fabric_with_node_gen:fabric_gen_new_way:with_jtag_input_gen:instrumentation_fabric|alt_sld_fab:instrumentation_fabric|alt_sld_fab_alt_sld_fab:alt_sld_fab|splitter_nodes_receive_0[3]                                                                                                 ; RAM_IMG:RAM_INST|altsyncram:altsyncram_component|altsyncram_0kh1:auto_generated|altsyncram_2u72:altsyncram1|ram_block3a6~portb_we_reg                                                                                                                                                                                ; altera_reserved_tck ; altera_reserved_tck ; 100.000      ; 0.121      ; 3.375      ;
; 96.779 ; RAM_IMG:RAM_INST|altsyncram:altsyncram_component|altsyncram_0kh1:auto_generated|altsyncram_2u72:altsyncram1|ram_block3a22~portb_we_reg                                                                                                                                                                                                              ; RAM_IMG:RAM_INST|altsyncram:altsyncram_component|altsyncram_0kh1:auto_generated|sld_mod_ram_rom:mgl_prim2|ram_rom_data_reg[6]                                                                                                                                                                                        ; altera_reserved_tck ; altera_reserved_tck ; 100.000      ; -0.171     ; 3.057      ;
; 96.788 ; sld_hub:auto_hub|alt_sld_fab_with_jtag_input:\instrumentation_fabric_with_node_gen:fabric_gen_new_way:with_jtag_input_gen:instrumentation_fabric|alt_sld_fab:instrumentation_fabric|alt_sld_fab_alt_sld_fab:alt_sld_fab|splitter_nodes_receive_0[3]                                                                                                 ; RAM_IMG:RAM_INST|altsyncram:altsyncram_component|altsyncram_0kh1:auto_generated|altsyncram_2u72:altsyncram1|ram_block3a0~portb_we_reg                                                                                                                                                                                ; altera_reserved_tck ; altera_reserved_tck ; 100.000      ; 0.115      ; 3.356      ;
; 96.808 ; RAM_IMG:RAM_INST|altsyncram:altsyncram_component|altsyncram_0kh1:auto_generated|altsyncram_2u72:altsyncram1|ram_block3a30~portb_we_reg                                                                                                                                                                                                              ; RAM_IMG:RAM_INST|altsyncram:altsyncram_component|altsyncram_0kh1:auto_generated|sld_mod_ram_rom:mgl_prim2|ram_rom_data_reg[6]                                                                                                                                                                                        ; altera_reserved_tck ; altera_reserved_tck ; 100.000      ; -0.196     ; 3.003      ;
; 96.811 ; RAM_IMG:RAM_INST|altsyncram:altsyncram_component|altsyncram_0kh1:auto_generated|altsyncram_2u72:altsyncram1|ram_block3a6~portb_we_reg                                                                                                                                                                                                               ; RAM_IMG:RAM_INST|altsyncram:altsyncram_component|altsyncram_0kh1:auto_generated|sld_mod_ram_rom:mgl_prim2|ram_rom_data_reg[6]                                                                                                                                                                                        ; altera_reserved_tck ; altera_reserved_tck ; 100.000      ; -0.197     ; 2.999      ;
; 96.819 ; sld_hub:auto_hub|alt_sld_fab_with_jtag_input:\instrumentation_fabric_with_node_gen:fabric_gen_new_way:with_jtag_input_gen:instrumentation_fabric|alt_sld_fab:instrumentation_fabric|alt_sld_fab_alt_sld_fab:alt_sld_fab|splitter_nodes_receive_0[3]                                                                                                 ; RAM_IMG:RAM_INST|altsyncram:altsyncram_component|altsyncram_0kh1:auto_generated|altsyncram_2u72:altsyncram1|ram_block3a24~portb_we_reg                                                                                                                                                                               ; altera_reserved_tck ; altera_reserved_tck ; 100.000      ; 0.120      ; 3.330      ;
; 96.825 ; sld_hub:auto_hub|alt_sld_fab_with_jtag_input:\instrumentation_fabric_with_node_gen:fabric_gen_new_way:with_jtag_input_gen:instrumentation_fabric|alt_sld_fab:instrumentation_fabric|alt_sld_fab_alt_sld_fab:alt_sld_fab|alt_sld_fab_alt_sld_fab_sldfabric:sldfabric|sld_jtag_hub:\jtag_hub_gen:real_sld_jtag_hub|virtual_ir_scan_reg                ; RAM_IMG:RAM_INST|altsyncram:altsyncram_component|altsyncram_0kh1:auto_generated|altsyncram_2u72:altsyncram1|ram_block3a6~portb_we_reg                                                                                                                                                                                ; altera_reserved_tck ; altera_reserved_tck ; 100.000      ; 0.123      ; 3.327      ;
; 96.835 ; sld_hub:auto_hub|alt_sld_fab_with_jtag_input:\instrumentation_fabric_with_node_gen:fabric_gen_new_way:with_jtag_input_gen:instrumentation_fabric|alt_sld_fab:instrumentation_fabric|alt_sld_fab_alt_sld_fab:alt_sld_fab|alt_sld_fab_alt_sld_fab_sldfabric:sldfabric|sld_jtag_hub:\jtag_hub_gen:real_sld_jtag_hub|sld_shadow_jsm:shadow_jsm|state[5] ; RAM_IMG:RAM_INST|altsyncram:altsyncram_component|altsyncram_0kh1:auto_generated|altsyncram_2u72:altsyncram1|ram_block3a6~portb_we_reg                                                                                                                                                                                ; altera_reserved_tck ; altera_reserved_tck ; 100.000      ; 0.123      ; 3.317      ;
; 96.838 ; sld_hub:auto_hub|alt_sld_fab_with_jtag_input:\instrumentation_fabric_with_node_gen:fabric_gen_new_way:with_jtag_input_gen:instrumentation_fabric|alt_sld_fab:instrumentation_fabric|alt_sld_fab_alt_sld_fab:alt_sld_fab|alt_sld_fab_alt_sld_fab_sldfabric:sldfabric|sld_jtag_hub:\jtag_hub_gen:real_sld_jtag_hub|virtual_ir_scan_reg                ; RAM_IMG:RAM_INST|altsyncram:altsyncram_component|altsyncram_0kh1:auto_generated|altsyncram_2u72:altsyncram1|ram_block3a0~portb_we_reg                                                                                                                                                                                ; altera_reserved_tck ; altera_reserved_tck ; 100.000      ; 0.117      ; 3.308      ;
; 96.848 ; sld_hub:auto_hub|alt_sld_fab_with_jtag_input:\instrumentation_fabric_with_node_gen:fabric_gen_new_way:with_jtag_input_gen:instrumentation_fabric|alt_sld_fab:instrumentation_fabric|alt_sld_fab_alt_sld_fab:alt_sld_fab|alt_sld_fab_alt_sld_fab_sldfabric:sldfabric|sld_jtag_hub:\jtag_hub_gen:real_sld_jtag_hub|sld_shadow_jsm:shadow_jsm|state[5] ; RAM_IMG:RAM_INST|altsyncram:altsyncram_component|altsyncram_0kh1:auto_generated|altsyncram_2u72:altsyncram1|ram_block3a0~portb_we_reg                                                                                                                                                                                ; altera_reserved_tck ; altera_reserved_tck ; 100.000      ; 0.117      ; 3.298      ;
; 96.869 ; sld_hub:auto_hub|alt_sld_fab_with_jtag_input:\instrumentation_fabric_with_node_gen:fabric_gen_new_way:with_jtag_input_gen:instrumentation_fabric|alt_sld_fab:instrumentation_fabric|alt_sld_fab_alt_sld_fab:alt_sld_fab|alt_sld_fab_alt_sld_fab_sldfabric:sldfabric|sld_jtag_hub:\jtag_hub_gen:real_sld_jtag_hub|virtual_ir_scan_reg                ; RAM_IMG:RAM_INST|altsyncram:altsyncram_component|altsyncram_0kh1:auto_generated|altsyncram_2u72:altsyncram1|ram_block3a24~portb_we_reg                                                                                                                                                                               ; altera_reserved_tck ; altera_reserved_tck ; 100.000      ; 0.122      ; 3.282      ;
; 96.873 ; sld_hub:auto_hub|alt_sld_fab_with_jtag_input:\instrumentation_fabric_with_node_gen:fabric_gen_new_way:with_jtag_input_gen:instrumentation_fabric|alt_sld_fab:instrumentation_fabric|alt_sld_fab_alt_sld_fab:alt_sld_fab|splitter_nodes_receive_0[3]                                                                                                 ; RAM_IMG:RAM_INST|altsyncram:altsyncram_component|altsyncram_0kh1:auto_generated|altsyncram_2u72:altsyncram1|ram_block3a17~portb_we_reg                                                                                                                                                                               ; altera_reserved_tck ; altera_reserved_tck ; 100.000      ; 0.126      ; 3.282      ;
; 96.876 ; RAM_IMG:RAM_INST|altsyncram:altsyncram_component|altsyncram_0kh1:auto_generated|altsyncram_2u72:altsyncram1|ram_block3a29~portb_we_reg                                                                                                                                                                                                              ; RAM_IMG:RAM_INST|altsyncram:altsyncram_component|altsyncram_0kh1:auto_generated|sld_mod_ram_rom:mgl_prim2|ram_rom_data_reg[5]                                                                                                                                                                                        ; altera_reserved_tck ; altera_reserved_tck ; 100.000      ; -0.172     ; 2.959      ;
; 96.879 ; sld_hub:auto_hub|alt_sld_fab_with_jtag_input:\instrumentation_fabric_with_node_gen:fabric_gen_new_way:with_jtag_input_gen:instrumentation_fabric|alt_sld_fab:instrumentation_fabric|alt_sld_fab_alt_sld_fab:alt_sld_fab|alt_sld_fab_alt_sld_fab_sldfabric:sldfabric|sld_jtag_hub:\jtag_hub_gen:real_sld_jtag_hub|sld_shadow_jsm:shadow_jsm|state[5] ; RAM_IMG:RAM_INST|altsyncram:altsyncram_component|altsyncram_0kh1:auto_generated|altsyncram_2u72:altsyncram1|ram_block3a24~portb_we_reg                                                                                                                                                                               ; altera_reserved_tck ; altera_reserved_tck ; 100.000      ; 0.122      ; 3.272      ;
; 96.880 ; sld_hub:auto_hub|alt_sld_fab_with_jtag_input:\instrumentation_fabric_with_node_gen:fabric_gen_new_way:with_jtag_input_gen:instrumentation_fabric|alt_sld_fab:instrumentation_fabric|alt_sld_fab_alt_sld_fab:alt_sld_fab|splitter_nodes_receive_0[3]                                                                                                 ; RAM_IMG:RAM_INST|altsyncram:altsyncram_component|altsyncram_0kh1:auto_generated|altsyncram_2u72:altsyncram1|ram_block3a18~portb_we_reg                                                                                                                                                                               ; altera_reserved_tck ; altera_reserved_tck ; 100.000      ; 0.118      ; 3.267      ;
; 96.883 ; sld_hub:auto_hub|alt_sld_fab_with_jtag_input:\instrumentation_fabric_with_node_gen:fabric_gen_new_way:with_jtag_input_gen:instrumentation_fabric|alt_sld_fab:instrumentation_fabric|alt_sld_fab_alt_sld_fab:alt_sld_fab|splitter_nodes_receive_0[3]                                                                                                 ; RAM_IMG:RAM_INST|altsyncram:altsyncram_component|altsyncram_0kh1:auto_generated|altsyncram_2u72:altsyncram1|ram_block3a38~portb_we_reg                                                                                                                                                                               ; altera_reserved_tck ; altera_reserved_tck ; 100.000      ; 0.114      ; 3.260      ;
; 96.889 ; sld_hub:auto_hub|alt_sld_fab_with_jtag_input:\instrumentation_fabric_with_node_gen:fabric_gen_new_way:with_jtag_input_gen:instrumentation_fabric|alt_sld_fab:instrumentation_fabric|alt_sld_fab_alt_sld_fab:alt_sld_fab|splitter_nodes_receive_0[3]                                                                                                 ; RAM_IMG:RAM_INST|altsyncram:altsyncram_component|altsyncram_0kh1:auto_generated|altsyncram_2u72:altsyncram1|ram_block3a20~portb_we_reg                                                                                                                                                                               ; altera_reserved_tck ; altera_reserved_tck ; 100.000      ; 0.116      ; 3.256      ;
; 96.895 ; RAM_IMG:RAM_INST|altsyncram:altsyncram_component|altsyncram_0kh1:auto_generated|altsyncram_2u72:altsyncram1|ram_block3a8~portb_we_reg                                                                                                                                                                                                               ; RAM_IMG:RAM_INST|altsyncram:altsyncram_component|altsyncram_0kh1:auto_generated|sld_mod_ram_rom:mgl_prim2|ram_rom_data_reg[0]                                                                                                                                                                                        ; altera_reserved_tck ; altera_reserved_tck ; 100.000      ; -0.184     ; 2.928      ;
; 96.908 ; sld_hub:auto_hub|alt_sld_fab_with_jtag_input:\instrumentation_fabric_with_node_gen:fabric_gen_new_way:with_jtag_input_gen:instrumentation_fabric|alt_sld_fab:instrumentation_fabric|alt_sld_fab_alt_sld_fab:alt_sld_fab|splitter_nodes_receive_0[3]                                                                                                 ; RAM_IMG:RAM_INST|altsyncram:altsyncram_component|altsyncram_0kh1:auto_generated|altsyncram_2u72:altsyncram1|ram_block3a11~portb_we_reg                                                                                                                                                                               ; altera_reserved_tck ; altera_reserved_tck ; 100.000      ; 0.111      ; 3.232      ;
; 96.923 ; sld_hub:auto_hub|alt_sld_fab_with_jtag_input:\instrumentation_fabric_with_node_gen:fabric_gen_new_way:with_jtag_input_gen:instrumentation_fabric|alt_sld_fab:instrumentation_fabric|alt_sld_fab_alt_sld_fab:alt_sld_fab|alt_sld_fab_alt_sld_fab_sldfabric:sldfabric|sld_jtag_hub:\jtag_hub_gen:real_sld_jtag_hub|virtual_ir_scan_reg                ; RAM_IMG:RAM_INST|altsyncram:altsyncram_component|altsyncram_0kh1:auto_generated|altsyncram_2u72:altsyncram1|ram_block3a17~portb_we_reg                                                                                                                                                                               ; altera_reserved_tck ; altera_reserved_tck ; 100.000      ; 0.128      ; 3.234      ;
; 96.928 ; sld_hub:auto_hub|alt_sld_fab_with_jtag_input:\instrumentation_fabric_with_node_gen:fabric_gen_new_way:with_jtag_input_gen:instrumentation_fabric|alt_sld_fab:instrumentation_fabric|alt_sld_fab_alt_sld_fab:alt_sld_fab|alt_sld_fab_alt_sld_fab_sldfabric:sldfabric|sld_jtag_hub:\jtag_hub_gen:real_sld_jtag_hub|irf_reg[1][2]                      ; RAM_IMG:RAM_INST|altsyncram:altsyncram_component|altsyncram_0kh1:auto_generated|altsyncram_2u72:altsyncram1|ram_block3a12~portb_we_reg                                                                                                                                                                               ; altera_reserved_tck ; altera_reserved_tck ; 100.000      ; 0.120      ; 3.221      ;
; 96.929 ; RAM_IMG:RAM_INST|altsyncram:altsyncram_component|altsyncram_0kh1:auto_generated|altsyncram_2u72:altsyncram1|ram_block3a27~portb_we_reg                                                                                                                                                                                                              ; RAM_IMG:RAM_INST|altsyncram:altsyncram_component|altsyncram_0kh1:auto_generated|sld_mod_ram_rom:mgl_prim2|ram_rom_data_reg[3]                                                                                                                                                                                        ; altera_reserved_tck ; altera_reserved_tck ; 100.000      ; -0.154     ; 2.924      ;
; 96.930 ; sld_hub:auto_hub|alt_sld_fab_with_jtag_input:\instrumentation_fabric_with_node_gen:fabric_gen_new_way:with_jtag_input_gen:instrumentation_fabric|alt_sld_fab:instrumentation_fabric|alt_sld_fab_alt_sld_fab:alt_sld_fab|alt_sld_fab_alt_sld_fab_sldfabric:sldfabric|sld_jtag_hub:\jtag_hub_gen:real_sld_jtag_hub|virtual_ir_scan_reg                ; RAM_IMG:RAM_INST|altsyncram:altsyncram_component|altsyncram_0kh1:auto_generated|altsyncram_2u72:altsyncram1|ram_block3a18~portb_we_reg                                                                                                                                                                               ; altera_reserved_tck ; altera_reserved_tck ; 100.000      ; 0.120      ; 3.219      ;
; 96.933 ; sld_hub:auto_hub|alt_sld_fab_with_jtag_input:\instrumentation_fabric_with_node_gen:fabric_gen_new_way:with_jtag_input_gen:instrumentation_fabric|alt_sld_fab:instrumentation_fabric|alt_sld_fab_alt_sld_fab:alt_sld_fab|alt_sld_fab_alt_sld_fab_sldfabric:sldfabric|sld_jtag_hub:\jtag_hub_gen:real_sld_jtag_hub|sld_shadow_jsm:shadow_jsm|state[5] ; RAM_IMG:RAM_INST|altsyncram:altsyncram_component|altsyncram_0kh1:auto_generated|altsyncram_2u72:altsyncram1|ram_block3a17~portb_we_reg                                                                                                                                                                               ; altera_reserved_tck ; altera_reserved_tck ; 100.000      ; 0.128      ; 3.224      ;
; 96.933 ; sld_hub:auto_hub|alt_sld_fab_with_jtag_input:\instrumentation_fabric_with_node_gen:fabric_gen_new_way:with_jtag_input_gen:instrumentation_fabric|alt_sld_fab:instrumentation_fabric|alt_sld_fab_alt_sld_fab:alt_sld_fab|alt_sld_fab_alt_sld_fab_sldfabric:sldfabric|sld_jtag_hub:\jtag_hub_gen:real_sld_jtag_hub|virtual_ir_scan_reg                ; RAM_IMG:RAM_INST|altsyncram:altsyncram_component|altsyncram_0kh1:auto_generated|altsyncram_2u72:altsyncram1|ram_block3a38~portb_we_reg                                                                                                                                                                               ; altera_reserved_tck ; altera_reserved_tck ; 100.000      ; 0.116      ; 3.212      ;
; 96.939 ; sld_hub:auto_hub|alt_sld_fab_with_jtag_input:\instrumentation_fabric_with_node_gen:fabric_gen_new_way:with_jtag_input_gen:instrumentation_fabric|alt_sld_fab:instrumentation_fabric|alt_sld_fab_alt_sld_fab:alt_sld_fab|alt_sld_fab_alt_sld_fab_sldfabric:sldfabric|sld_jtag_hub:\jtag_hub_gen:real_sld_jtag_hub|virtual_ir_scan_reg                ; RAM_IMG:RAM_INST|altsyncram:altsyncram_component|altsyncram_0kh1:auto_generated|altsyncram_2u72:altsyncram1|ram_block3a20~portb_we_reg                                                                                                                                                                               ; altera_reserved_tck ; altera_reserved_tck ; 100.000      ; 0.118      ; 3.208      ;
; 96.940 ; sld_hub:auto_hub|alt_sld_fab_with_jtag_input:\instrumentation_fabric_with_node_gen:fabric_gen_new_way:with_jtag_input_gen:instrumentation_fabric|alt_sld_fab:instrumentation_fabric|alt_sld_fab_alt_sld_fab:alt_sld_fab|alt_sld_fab_alt_sld_fab_sldfabric:sldfabric|sld_jtag_hub:\jtag_hub_gen:real_sld_jtag_hub|sld_shadow_jsm:shadow_jsm|state[5] ; RAM_IMG:RAM_INST|altsyncram:altsyncram_component|altsyncram_0kh1:auto_generated|altsyncram_2u72:altsyncram1|ram_block3a18~portb_we_reg                                                                                                                                                                               ; altera_reserved_tck ; altera_reserved_tck ; 100.000      ; 0.120      ; 3.209      ;
; 96.943 ; sld_hub:auto_hub|alt_sld_fab_with_jtag_input:\instrumentation_fabric_with_node_gen:fabric_gen_new_way:with_jtag_input_gen:instrumentation_fabric|alt_sld_fab:instrumentation_fabric|alt_sld_fab_alt_sld_fab:alt_sld_fab|alt_sld_fab_alt_sld_fab_sldfabric:sldfabric|sld_jtag_hub:\jtag_hub_gen:real_sld_jtag_hub|sld_shadow_jsm:shadow_jsm|state[5] ; RAM_IMG:RAM_INST|altsyncram:altsyncram_component|altsyncram_0kh1:auto_generated|altsyncram_2u72:altsyncram1|ram_block3a38~portb_we_reg                                                                                                                                                                               ; altera_reserved_tck ; altera_reserved_tck ; 100.000      ; 0.116      ; 3.202      ;
; 96.949 ; sld_hub:auto_hub|alt_sld_fab_with_jtag_input:\instrumentation_fabric_with_node_gen:fabric_gen_new_way:with_jtag_input_gen:instrumentation_fabric|alt_sld_fab:instrumentation_fabric|alt_sld_fab_alt_sld_fab:alt_sld_fab|alt_sld_fab_alt_sld_fab_sldfabric:sldfabric|sld_jtag_hub:\jtag_hub_gen:real_sld_jtag_hub|sld_shadow_jsm:shadow_jsm|state[5] ; RAM_IMG:RAM_INST|altsyncram:altsyncram_component|altsyncram_0kh1:auto_generated|altsyncram_2u72:altsyncram1|ram_block3a20~portb_we_reg                                                                                                                                                                               ; altera_reserved_tck ; altera_reserved_tck ; 100.000      ; 0.118      ; 3.198      ;
; 96.958 ; sld_hub:auto_hub|alt_sld_fab_with_jtag_input:\instrumentation_fabric_with_node_gen:fabric_gen_new_way:with_jtag_input_gen:instrumentation_fabric|alt_sld_fab:instrumentation_fabric|alt_sld_fab_alt_sld_fab:alt_sld_fab|alt_sld_fab_alt_sld_fab_sldfabric:sldfabric|sld_jtag_hub:\jtag_hub_gen:real_sld_jtag_hub|virtual_ir_scan_reg                ; RAM_IMG:RAM_INST|altsyncram:altsyncram_component|altsyncram_0kh1:auto_generated|altsyncram_2u72:altsyncram1|ram_block3a11~portb_we_reg                                                                                                                                                                               ; altera_reserved_tck ; altera_reserved_tck ; 100.000      ; 0.113      ; 3.184      ;
; 96.963 ; sld_hub:auto_hub|alt_sld_fab_with_jtag_input:\instrumentation_fabric_with_node_gen:fabric_gen_new_way:with_jtag_input_gen:instrumentation_fabric|alt_sld_fab:instrumentation_fabric|alt_sld_fab_alt_sld_fab:alt_sld_fab|splitter_nodes_receive_0[3]                                                                                                 ; RAM_IMG:RAM_INST|altsyncram:altsyncram_component|altsyncram_0kh1:auto_generated|altsyncram_2u72:altsyncram1|ram_block3a2~portb_we_reg                                                                                                                                                                                ; altera_reserved_tck ; altera_reserved_tck ; 100.000      ; 0.113      ; 3.179      ;
; 96.968 ; sld_hub:auto_hub|alt_sld_fab_with_jtag_input:\instrumentation_fabric_with_node_gen:fabric_gen_new_way:with_jtag_input_gen:instrumentation_fabric|alt_sld_fab:instrumentation_fabric|alt_sld_fab_alt_sld_fab:alt_sld_fab|alt_sld_fab_alt_sld_fab_sldfabric:sldfabric|sld_jtag_hub:\jtag_hub_gen:real_sld_jtag_hub|sld_shadow_jsm:shadow_jsm|state[5] ; RAM_IMG:RAM_INST|altsyncram:altsyncram_component|altsyncram_0kh1:auto_generated|altsyncram_2u72:altsyncram1|ram_block3a11~portb_we_reg                                                                                                                                                                               ; altera_reserved_tck ; altera_reserved_tck ; 100.000      ; 0.113      ; 3.174      ;
; 96.979 ; sld_hub:auto_hub|alt_sld_fab_with_jtag_input:\instrumentation_fabric_with_node_gen:fabric_gen_new_way:with_jtag_input_gen:instrumentation_fabric|alt_sld_fab:instrumentation_fabric|alt_sld_fab_alt_sld_fab:alt_sld_fab|splitter_nodes_receive_0[3]                                                                                                 ; RAM_IMG:RAM_INST|altsyncram:altsyncram_component|altsyncram_0kh1:auto_generated|altsyncram_2u72:altsyncram1|ram_block3a31~portb_we_reg                                                                                                                                                                               ; altera_reserved_tck ; altera_reserved_tck ; 100.000      ; 0.089      ; 3.139      ;
; 96.980 ; RAM_IMG:RAM_INST|altsyncram:altsyncram_component|altsyncram_0kh1:auto_generated|altsyncram_2u72:altsyncram1|ram_block3a13~portb_we_reg                                                                                                                                                                                                              ; RAM_IMG:RAM_INST|altsyncram:altsyncram_component|altsyncram_0kh1:auto_generated|sld_mod_ram_rom:mgl_prim2|ram_rom_data_reg[5]                                                                                                                                                                                        ; altera_reserved_tck ; altera_reserved_tck ; 100.000      ; -0.203     ; 2.824      ;
; 96.989 ; sld_hub:auto_hub|alt_sld_fab_with_jtag_input:\instrumentation_fabric_with_node_gen:fabric_gen_new_way:with_jtag_input_gen:instrumentation_fabric|alt_sld_fab:instrumentation_fabric|alt_sld_fab_alt_sld_fab:alt_sld_fab|splitter_nodes_receive_0[3]                                                                                                 ; RAM_IMG:RAM_INST|altsyncram:altsyncram_component|altsyncram_0kh1:auto_generated|altsyncram_2u72:altsyncram1|ram_block3a29~portb_we_reg                                                                                                                                                                               ; altera_reserved_tck ; altera_reserved_tck ; 100.000      ; 0.097      ; 3.137      ;
; 96.998 ; RAM_IMG:RAM_INST|altsyncram:altsyncram_component|altsyncram_0kh1:auto_generated|altsyncram_2u72:altsyncram1|ram_block3a37~portb_we_reg                                                                                                                                                                                                              ; RAM_IMG:RAM_INST|altsyncram:altsyncram_component|altsyncram_0kh1:auto_generated|sld_mod_ram_rom:mgl_prim2|ram_rom_data_reg[5]                                                                                                                                                                                        ; altera_reserved_tck ; altera_reserved_tck ; 100.000      ; -0.186     ; 2.823      ;
; 97.011 ; sld_hub:auto_hub|alt_sld_fab_with_jtag_input:\instrumentation_fabric_with_node_gen:fabric_gen_new_way:with_jtag_input_gen:instrumentation_fabric|alt_sld_fab:instrumentation_fabric|alt_sld_fab_alt_sld_fab:alt_sld_fab|alt_sld_fab_alt_sld_fab_sldfabric:sldfabric|sld_jtag_hub:\jtag_hub_gen:real_sld_jtag_hub|irf_reg[1][2]                      ; RAM_IMG:RAM_INST|altsyncram:altsyncram_component|altsyncram_0kh1:auto_generated|altsyncram_2u72:altsyncram1|ram_block3a21~portb_we_reg                                                                                                                                                                               ; altera_reserved_tck ; altera_reserved_tck ; 100.000      ; 0.128      ; 3.146      ;
; 97.013 ; sld_hub:auto_hub|alt_sld_fab_with_jtag_input:\instrumentation_fabric_with_node_gen:fabric_gen_new_way:with_jtag_input_gen:instrumentation_fabric|alt_sld_fab:instrumentation_fabric|alt_sld_fab_alt_sld_fab:alt_sld_fab|alt_sld_fab_alt_sld_fab_sldfabric:sldfabric|sld_jtag_hub:\jtag_hub_gen:real_sld_jtag_hub|virtual_ir_scan_reg                ; RAM_IMG:RAM_INST|altsyncram:altsyncram_component|altsyncram_0kh1:auto_generated|altsyncram_2u72:altsyncram1|ram_block3a2~portb_we_reg                                                                                                                                                                                ; altera_reserved_tck ; altera_reserved_tck ; 100.000      ; 0.115      ; 3.131      ;
; 97.020 ; RAM_IMG:RAM_INST|altsyncram:altsyncram_component|altsyncram_0kh1:auto_generated|sld_mod_ram_rom:mgl_prim2|ram_rom_addr_reg[14]                                                                                                                                                                                                                      ; RAM_IMG:RAM_INST|altsyncram:altsyncram_component|altsyncram_0kh1:auto_generated|altsyncram_2u72:altsyncram1|ram_block3a26~portb_address_reg0                                                                                                                                                                         ; altera_reserved_tck ; altera_reserved_tck ; 100.000      ; 0.108      ; 3.117      ;
; 97.020 ; RAM_IMG:RAM_INST|altsyncram:altsyncram_component|altsyncram_0kh1:auto_generated|sld_mod_ram_rom:mgl_prim2|ram_rom_addr_reg[14]                                                                                                                                                                                                                      ; RAM_IMG:RAM_INST|altsyncram:altsyncram_component|altsyncram_0kh1:auto_generated|altsyncram_2u72:altsyncram1|ram_block3a26~portb_we_reg                                                                                                                                                                               ; altera_reserved_tck ; altera_reserved_tck ; 100.000      ; 0.108      ; 3.117      ;
; 97.022 ; sld_hub:auto_hub|alt_sld_fab_with_jtag_input:\instrumentation_fabric_with_node_gen:fabric_gen_new_way:with_jtag_input_gen:instrumentation_fabric|alt_sld_fab:instrumentation_fabric|alt_sld_fab_alt_sld_fab:alt_sld_fab|splitter_nodes_receive_0[3]                                                                                                 ; RAM_IMG:RAM_INST|altsyncram:altsyncram_component|altsyncram_0kh1:auto_generated|altsyncram_2u72:altsyncram1|ram_block3a5~portb_we_reg                                                                                                                                                                                ; altera_reserved_tck ; altera_reserved_tck ; 100.000      ; 0.100      ; 3.107      ;
; 97.022 ; RAM_IMG:RAM_INST|altsyncram:altsyncram_component|altsyncram_0kh1:auto_generated|sld_mod_ram_rom:mgl_prim2|ram_rom_addr_reg[14]                                                                                                                                                                                                                      ; RAM_IMG:RAM_INST|altsyncram:altsyncram_component|altsyncram_0kh1:auto_generated|altsyncram_2u72:altsyncram1|ram_block3a26~portb_datain_reg0                                                                                                                                                                          ; altera_reserved_tck ; altera_reserved_tck ; 100.000      ; 0.111      ; 3.118      ;
; 97.023 ; RAM_IMG:RAM_INST|altsyncram:altsyncram_component|altsyncram_0kh1:auto_generated|altsyncram_2u72:altsyncram1|ram_block3a36~portb_we_reg                                                                                                                                                                                                              ; RAM_IMG:RAM_INST|altsyncram:altsyncram_component|altsyncram_0kh1:auto_generated|sld_mod_ram_rom:mgl_prim2|ram_rom_data_reg[4]                                                                                                                                                                                        ; altera_reserved_tck ; altera_reserved_tck ; 100.000      ; -0.184     ; 2.800      ;
; 97.023 ; sld_hub:auto_hub|alt_sld_fab_with_jtag_input:\instrumentation_fabric_with_node_gen:fabric_gen_new_way:with_jtag_input_gen:instrumentation_fabric|alt_sld_fab:instrumentation_fabric|alt_sld_fab_alt_sld_fab:alt_sld_fab|alt_sld_fab_alt_sld_fab_sldfabric:sldfabric|sld_jtag_hub:\jtag_hub_gen:real_sld_jtag_hub|sld_shadow_jsm:shadow_jsm|state[5] ; RAM_IMG:RAM_INST|altsyncram:altsyncram_component|altsyncram_0kh1:auto_generated|altsyncram_2u72:altsyncram1|ram_block3a2~portb_we_reg                                                                                                                                                                                ; altera_reserved_tck ; altera_reserved_tck ; 100.000      ; 0.115      ; 3.121      ;
; 97.026 ; sld_hub:auto_hub|alt_sld_fab_with_jtag_input:\instrumentation_fabric_with_node_gen:fabric_gen_new_way:with_jtag_input_gen:instrumentation_fabric|alt_sld_fab:instrumentation_fabric|alt_sld_fab_alt_sld_fab:alt_sld_fab|alt_sld_fab_alt_sld_fab_sldfabric:sldfabric|sld_jtag_hub:\jtag_hub_gen:real_sld_jtag_hub|irf_reg[1][2]                      ; RAM_IMG:RAM_INST|altsyncram:altsyncram_component|altsyncram_0kh1:auto_generated|altsyncram_2u72:altsyncram1|ram_block3a28~portb_we_reg                                                                                                                                                                               ; altera_reserved_tck ; altera_reserved_tck ; 100.000      ; 0.105      ; 3.108      ;
; 97.027 ; RAM_IMG:RAM_INST|altsyncram:altsyncram_component|altsyncram_0kh1:auto_generated|sld_mod_ram_rom:mgl_prim2|ram_rom_addr_reg[14]                                                                                                                                                                                                                      ; RAM_IMG:RAM_INST|altsyncram:altsyncram_component|altsyncram_0kh1:auto_generated|altsyncram_2u72:altsyncram1|ram_block3a31~portb_address_reg0                                                                                                                                                                         ; altera_reserved_tck ; altera_reserved_tck ; 100.000      ; 0.102      ; 3.104      ;
; 97.027 ; RAM_IMG:RAM_INST|altsyncram:altsyncram_component|altsyncram_0kh1:auto_generated|sld_mod_ram_rom:mgl_prim2|ram_rom_addr_reg[14]                                                                                                                                                                                                                      ; RAM_IMG:RAM_INST|altsyncram:altsyncram_component|altsyncram_0kh1:auto_generated|altsyncram_2u72:altsyncram1|ram_block3a31~portb_we_reg                                                                                                                                                                               ; altera_reserved_tck ; altera_reserved_tck ; 100.000      ; 0.102      ; 3.104      ;
; 97.029 ; sld_hub:auto_hub|alt_sld_fab_with_jtag_input:\instrumentation_fabric_with_node_gen:fabric_gen_new_way:with_jtag_input_gen:instrumentation_fabric|alt_sld_fab:instrumentation_fabric|alt_sld_fab_alt_sld_fab:alt_sld_fab|alt_sld_fab_alt_sld_fab_sldfabric:sldfabric|sld_jtag_hub:\jtag_hub_gen:real_sld_jtag_hub|virtual_ir_scan_reg                ; RAM_IMG:RAM_INST|altsyncram:altsyncram_component|altsyncram_0kh1:auto_generated|altsyncram_2u72:altsyncram1|ram_block3a31~portb_we_reg                                                                                                                                                                               ; altera_reserved_tck ; altera_reserved_tck ; 100.000      ; 0.091      ; 3.091      ;
; 97.029 ; RAM_IMG:RAM_INST|altsyncram:altsyncram_component|altsyncram_0kh1:auto_generated|sld_mod_ram_rom:mgl_prim2|ram_rom_addr_reg[14]                                                                                                                                                                                                                      ; RAM_IMG:RAM_INST|altsyncram:altsyncram_component|altsyncram_0kh1:auto_generated|altsyncram_2u72:altsyncram1|ram_block3a31~portb_datain_reg0                                                                                                                                                                          ; altera_reserved_tck ; altera_reserved_tck ; 100.000      ; 0.105      ; 3.105      ;
; 97.030 ; RAM_IMG:RAM_INST|altsyncram:altsyncram_component|altsyncram_0kh1:auto_generated|altsyncram_2u72:altsyncram1|ram_block3a10~portb_we_reg                                                                                                                                                                                                              ; RAM_IMG:RAM_INST|altsyncram:altsyncram_component|altsyncram_0kh1:auto_generated|sld_mod_ram_rom:mgl_prim2|ram_rom_data_reg[2]                                                                                                                                                                                        ; altera_reserved_tck ; altera_reserved_tck ; 100.000      ; -0.175     ; 2.802      ;
; 97.030 ; RAM_IMG:RAM_INST|altsyncram:altsyncram_component|altsyncram_0kh1:auto_generated|sld_mod_ram_rom:mgl_prim2|ram_rom_addr_reg[14]                                                                                                                                                                                                                      ; RAM_IMG:RAM_INST|altsyncram:altsyncram_component|altsyncram_0kh1:auto_generated|altsyncram_2u72:altsyncram1|ram_block3a27~portb_address_reg0                                                                                                                                                                         ; altera_reserved_tck ; altera_reserved_tck ; 100.000      ; 0.092      ; 3.091      ;
; 97.030 ; RAM_IMG:RAM_INST|altsyncram:altsyncram_component|altsyncram_0kh1:auto_generated|sld_mod_ram_rom:mgl_prim2|ram_rom_addr_reg[14]                                                                                                                                                                                                                      ; RAM_IMG:RAM_INST|altsyncram:altsyncram_component|altsyncram_0kh1:auto_generated|altsyncram_2u72:altsyncram1|ram_block3a27~portb_we_reg                                                                                                                                                                               ; altera_reserved_tck ; altera_reserved_tck ; 100.000      ; 0.092      ; 3.091      ;
; 97.030 ; RAM_IMG:RAM_INST|altsyncram:altsyncram_component|altsyncram_0kh1:auto_generated|sld_mod_ram_rom:mgl_prim2|ram_rom_addr_reg[13]                                                                                                                                                                                                                      ; RAM_IMG:RAM_INST|altsyncram:altsyncram_component|altsyncram_0kh1:auto_generated|altsyncram_2u72:altsyncram1|ram_block3a26~portb_address_reg0                                                                                                                                                                         ; altera_reserved_tck ; altera_reserved_tck ; 100.000      ; 0.108      ; 3.107      ;
; 97.030 ; RAM_IMG:RAM_INST|altsyncram:altsyncram_component|altsyncram_0kh1:auto_generated|sld_mod_ram_rom:mgl_prim2|ram_rom_addr_reg[13]                                                                                                                                                                                                                      ; RAM_IMG:RAM_INST|altsyncram:altsyncram_component|altsyncram_0kh1:auto_generated|altsyncram_2u72:altsyncram1|ram_block3a26~portb_we_reg                                                                                                                                                                               ; altera_reserved_tck ; altera_reserved_tck ; 100.000      ; 0.108      ; 3.107      ;
; 97.031 ; RAM_IMG:RAM_INST|altsyncram:altsyncram_component|altsyncram_0kh1:auto_generated|altsyncram_2u72:altsyncram1|ram_block3a40~portb_we_reg                                                                                                                                                                                                              ; RAM_IMG:RAM_INST|altsyncram:altsyncram_component|altsyncram_0kh1:auto_generated|sld_mod_ram_rom:mgl_prim2|ram_rom_data_reg[6]                                                                                                                                                                                        ; altera_reserved_tck ; altera_reserved_tck ; 100.000      ; -0.197     ; 2.779      ;
; 97.032 ; RAM_IMG:RAM_INST|altsyncram:altsyncram_component|altsyncram_0kh1:auto_generated|sld_mod_ram_rom:mgl_prim2|ram_rom_addr_reg[14]                                                                                                                                                                                                                      ; RAM_IMG:RAM_INST|altsyncram:altsyncram_component|altsyncram_0kh1:auto_generated|altsyncram_2u72:altsyncram1|ram_block3a27~portb_datain_reg0                                                                                                                                                                          ; altera_reserved_tck ; altera_reserved_tck ; 100.000      ; 0.095      ; 3.092      ;
; 97.032 ; RAM_IMG:RAM_INST|altsyncram:altsyncram_component|altsyncram_0kh1:auto_generated|sld_mod_ram_rom:mgl_prim2|ram_rom_addr_reg[13]                                                                                                                                                                                                                      ; RAM_IMG:RAM_INST|altsyncram:altsyncram_component|altsyncram_0kh1:auto_generated|altsyncram_2u72:altsyncram1|ram_block3a26~portb_datain_reg0                                                                                                                                                                          ; altera_reserved_tck ; altera_reserved_tck ; 100.000      ; 0.111      ; 3.108      ;
; 97.037 ; RAM_IMG:RAM_INST|altsyncram:altsyncram_component|altsyncram_0kh1:auto_generated|sld_mod_ram_rom:mgl_prim2|ram_rom_addr_reg[13]                                                                                                                                                                                                                      ; RAM_IMG:RAM_INST|altsyncram:altsyncram_component|altsyncram_0kh1:auto_generated|altsyncram_2u72:altsyncram1|ram_block3a31~portb_address_reg0                                                                                                                                                                         ; altera_reserved_tck ; altera_reserved_tck ; 100.000      ; 0.102      ; 3.094      ;
+--------+-----------------------------------------------------------------------------------------------------------------------------------------------------------------------------------------------------------------------------------------------------------------------------------------------------------------------------------------------------+----------------------------------------------------------------------------------------------------------------------------------------------------------------------------------------------------------------------------------------------------------------------------------------------------------------------+---------------------+---------------------+--------------+------------+------------+


+------------------------------------------------------------------------------------------------------------------------------------------------------------------------------------------------------------------------------------------------------------------------------------------------------------------------------------------------------------------------------------------------------------------------------------------------------------------------------------------------------------------------------------------------------------------------------------------------------------------------------------------------------------------------------------------------------------------------------------------------------------------------------------------------------------+
; Fast 1200mV 0C Model Hold: 'altera_reserved_tck'                                                                                                                                                                                                                                                                                                                                                                                                                                                                                                                                                                                                                                                                                                                                                           ;
+-------+-------------------------------------------------------------------------------------------------------------------------------------------------------------------------------------------------------------------------------------------------------------------------------------------------------------------------------------------------------+-------------------------------------------------------------------------------------------------------------------------------------------------------------------------------------------------------------------------------------------------------------------------------------------------------------------------------------------------------+---------------------+---------------------+--------------+------------+------------+
; Slack ; From Node                                                                                                                                                                                                                                                                                                                                             ; To Node                                                                                                                                                                                                                                                                                                                                               ; Launch Clock        ; Latch Clock         ; Relationship ; Clock Skew ; Data Delay ;
+-------+-------------------------------------------------------------------------------------------------------------------------------------------------------------------------------------------------------------------------------------------------------------------------------------------------------------------------------------------------------+-------------------------------------------------------------------------------------------------------------------------------------------------------------------------------------------------------------------------------------------------------------------------------------------------------------------------------------------------------+---------------------+---------------------+--------------+------------+------------+
; 0.181 ; sld_hub:auto_hub|alt_sld_fab_with_jtag_input:\instrumentation_fabric_with_node_gen:fabric_gen_new_way:with_jtag_input_gen:instrumentation_fabric|alt_sld_fab:instrumentation_fabric|alt_sld_fab_alt_sld_fab:alt_sld_fab|alt_sld_fab_alt_sld_fab_sldfabric:sldfabric|sld_jtag_hub:\jtag_hub_gen:real_sld_jtag_hub|irsr_reg[8]                          ; sld_hub:auto_hub|alt_sld_fab_with_jtag_input:\instrumentation_fabric_with_node_gen:fabric_gen_new_way:with_jtag_input_gen:instrumentation_fabric|alt_sld_fab:instrumentation_fabric|alt_sld_fab_alt_sld_fab:alt_sld_fab|alt_sld_fab_alt_sld_fab_sldfabric:sldfabric|sld_jtag_hub:\jtag_hub_gen:real_sld_jtag_hub|irsr_reg[8]                          ; altera_reserved_tck ; altera_reserved_tck ; 0.000        ; 0.042      ; 0.307      ;
; 0.181 ; sld_hub:auto_hub|alt_sld_fab_with_jtag_input:\instrumentation_fabric_with_node_gen:fabric_gen_new_way:with_jtag_input_gen:instrumentation_fabric|alt_sld_fab:instrumentation_fabric|alt_sld_fab_alt_sld_fab:alt_sld_fab|alt_sld_fab_alt_sld_fab_sldfabric:sldfabric|sld_jtag_hub:\jtag_hub_gen:real_sld_jtag_hub|irsr_reg[3]                          ; sld_hub:auto_hub|alt_sld_fab_with_jtag_input:\instrumentation_fabric_with_node_gen:fabric_gen_new_way:with_jtag_input_gen:instrumentation_fabric|alt_sld_fab:instrumentation_fabric|alt_sld_fab_alt_sld_fab:alt_sld_fab|alt_sld_fab_alt_sld_fab_sldfabric:sldfabric|sld_jtag_hub:\jtag_hub_gen:real_sld_jtag_hub|irsr_reg[3]                          ; altera_reserved_tck ; altera_reserved_tck ; 0.000        ; 0.042      ; 0.307      ;
; 0.181 ; sld_hub:auto_hub|alt_sld_fab_with_jtag_input:\instrumentation_fabric_with_node_gen:fabric_gen_new_way:with_jtag_input_gen:instrumentation_fabric|alt_sld_fab:instrumentation_fabric|alt_sld_fab_alt_sld_fab:alt_sld_fab|alt_sld_fab_alt_sld_fab_sldfabric:sldfabric|sld_jtag_hub:\jtag_hub_gen:real_sld_jtag_hub|hub_mode_reg[0]                      ; sld_hub:auto_hub|alt_sld_fab_with_jtag_input:\instrumentation_fabric_with_node_gen:fabric_gen_new_way:with_jtag_input_gen:instrumentation_fabric|alt_sld_fab:instrumentation_fabric|alt_sld_fab_alt_sld_fab:alt_sld_fab|alt_sld_fab_alt_sld_fab_sldfabric:sldfabric|sld_jtag_hub:\jtag_hub_gen:real_sld_jtag_hub|hub_mode_reg[0]                      ; altera_reserved_tck ; altera_reserved_tck ; 0.000        ; 0.042      ; 0.307      ;
; 0.181 ; sld_hub:auto_hub|alt_sld_fab_with_jtag_input:\instrumentation_fabric_with_node_gen:fabric_gen_new_way:with_jtag_input_gen:instrumentation_fabric|alt_sld_fab:instrumentation_fabric|alt_sld_fab_alt_sld_fab:alt_sld_fab|alt_sld_fab_alt_sld_fab_sldfabric:sldfabric|sld_jtag_hub:\jtag_hub_gen:real_sld_jtag_hub|hub_mode_reg[2]                      ; sld_hub:auto_hub|alt_sld_fab_with_jtag_input:\instrumentation_fabric_with_node_gen:fabric_gen_new_way:with_jtag_input_gen:instrumentation_fabric|alt_sld_fab:instrumentation_fabric|alt_sld_fab_alt_sld_fab:alt_sld_fab|alt_sld_fab_alt_sld_fab_sldfabric:sldfabric|sld_jtag_hub:\jtag_hub_gen:real_sld_jtag_hub|hub_mode_reg[2]                      ; altera_reserved_tck ; altera_reserved_tck ; 0.000        ; 0.042      ; 0.307      ;
; 0.181 ; sld_hub:auto_hub|alt_sld_fab_with_jtag_input:\instrumentation_fabric_with_node_gen:fabric_gen_new_way:with_jtag_input_gen:instrumentation_fabric|alt_sld_fab:instrumentation_fabric|alt_sld_fab_alt_sld_fab:alt_sld_fab|alt_sld_fab_alt_sld_fab_sldfabric:sldfabric|sld_jtag_hub:\jtag_hub_gen:real_sld_jtag_hub|hub_mode_reg[1]                      ; sld_hub:auto_hub|alt_sld_fab_with_jtag_input:\instrumentation_fabric_with_node_gen:fabric_gen_new_way:with_jtag_input_gen:instrumentation_fabric|alt_sld_fab:instrumentation_fabric|alt_sld_fab_alt_sld_fab:alt_sld_fab|alt_sld_fab_alt_sld_fab_sldfabric:sldfabric|sld_jtag_hub:\jtag_hub_gen:real_sld_jtag_hub|hub_mode_reg[1]                      ; altera_reserved_tck ; altera_reserved_tck ; 0.000        ; 0.042      ; 0.307      ;
; 0.181 ; sld_hub:auto_hub|alt_sld_fab_with_jtag_input:\instrumentation_fabric_with_node_gen:fabric_gen_new_way:with_jtag_input_gen:instrumentation_fabric|alt_sld_fab:instrumentation_fabric|alt_sld_fab_alt_sld_fab:alt_sld_fab|splitter_nodes_receive_0[3]                                                                                                   ; sld_hub:auto_hub|alt_sld_fab_with_jtag_input:\instrumentation_fabric_with_node_gen:fabric_gen_new_way:with_jtag_input_gen:instrumentation_fabric|alt_sld_fab:instrumentation_fabric|alt_sld_fab_alt_sld_fab:alt_sld_fab|splitter_nodes_receive_0[3]                                                                                                   ; altera_reserved_tck ; altera_reserved_tck ; 0.000        ; 0.042      ; 0.307      ;
; 0.181 ; RAM_IMG:RAM_INST|altsyncram:altsyncram_component|altsyncram_0kh1:auto_generated|sld_mod_ram_rom:mgl_prim2|sld_rom_sr:\ram_rom_logic_gen:no_name_gen:info_rom_sr|WORD_SR[2]                                                                                                                                                                            ; RAM_IMG:RAM_INST|altsyncram:altsyncram_component|altsyncram_0kh1:auto_generated|sld_mod_ram_rom:mgl_prim2|sld_rom_sr:\ram_rom_logic_gen:no_name_gen:info_rom_sr|WORD_SR[2]                                                                                                                                                                            ; altera_reserved_tck ; altera_reserved_tck ; 0.000        ; 0.042      ; 0.307      ;
; 0.181 ; RAM_IMG:RAM_INST|altsyncram:altsyncram_component|altsyncram_0kh1:auto_generated|sld_mod_ram_rom:mgl_prim2|sld_rom_sr:\ram_rom_logic_gen:no_name_gen:info_rom_sr|word_counter[1]                                                                                                                                                                       ; RAM_IMG:RAM_INST|altsyncram:altsyncram_component|altsyncram_0kh1:auto_generated|sld_mod_ram_rom:mgl_prim2|sld_rom_sr:\ram_rom_logic_gen:no_name_gen:info_rom_sr|word_counter[1]                                                                                                                                                                       ; altera_reserved_tck ; altera_reserved_tck ; 0.000        ; 0.042      ; 0.307      ;
; 0.181 ; RAM_IMG:RAM_INST|altsyncram:altsyncram_component|altsyncram_0kh1:auto_generated|sld_mod_ram_rom:mgl_prim2|sld_rom_sr:\ram_rom_logic_gen:no_name_gen:info_rom_sr|word_counter[3]                                                                                                                                                                       ; RAM_IMG:RAM_INST|altsyncram:altsyncram_component|altsyncram_0kh1:auto_generated|sld_mod_ram_rom:mgl_prim2|sld_rom_sr:\ram_rom_logic_gen:no_name_gen:info_rom_sr|word_counter[3]                                                                                                                                                                       ; altera_reserved_tck ; altera_reserved_tck ; 0.000        ; 0.042      ; 0.307      ;
; 0.181 ; RAM_IMG:RAM_INST|altsyncram:altsyncram_component|altsyncram_0kh1:auto_generated|sld_mod_ram_rom:mgl_prim2|sld_rom_sr:\ram_rom_logic_gen:no_name_gen:info_rom_sr|word_counter[2]                                                                                                                                                                       ; RAM_IMG:RAM_INST|altsyncram:altsyncram_component|altsyncram_0kh1:auto_generated|sld_mod_ram_rom:mgl_prim2|sld_rom_sr:\ram_rom_logic_gen:no_name_gen:info_rom_sr|word_counter[2]                                                                                                                                                                       ; altera_reserved_tck ; altera_reserved_tck ; 0.000        ; 0.042      ; 0.307      ;
; 0.181 ; sld_hub:auto_hub|alt_sld_fab_with_jtag_input:\instrumentation_fabric_with_node_gen:fabric_gen_new_way:with_jtag_input_gen:instrumentation_fabric|alt_sld_fab:instrumentation_fabric|alt_sld_fab_alt_sld_fab:alt_sld_fab|alt_sld_fab_alt_sld_fab_sldfabric:sldfabric|sld_jtag_hub:\jtag_hub_gen:real_sld_jtag_hub|tdo_bypass_reg                       ; sld_hub:auto_hub|alt_sld_fab_with_jtag_input:\instrumentation_fabric_with_node_gen:fabric_gen_new_way:with_jtag_input_gen:instrumentation_fabric|alt_sld_fab:instrumentation_fabric|alt_sld_fab_alt_sld_fab:alt_sld_fab|alt_sld_fab_alt_sld_fab_sldfabric:sldfabric|sld_jtag_hub:\jtag_hub_gen:real_sld_jtag_hub|tdo_bypass_reg                       ; altera_reserved_tck ; altera_reserved_tck ; 0.000        ; 0.042      ; 0.307      ;
; 0.181 ; RAM_IMG:RAM_INST|altsyncram:altsyncram_component|altsyncram_0kh1:auto_generated|sld_mod_ram_rom:mgl_prim2|bypass_reg_out                                                                                                                                                                                                                              ; RAM_IMG:RAM_INST|altsyncram:altsyncram_component|altsyncram_0kh1:auto_generated|sld_mod_ram_rom:mgl_prim2|bypass_reg_out                                                                                                                                                                                                                              ; altera_reserved_tck ; altera_reserved_tck ; 0.000        ; 0.042      ; 0.307      ;
; 0.181 ; sld_hub:auto_hub|alt_sld_fab_with_jtag_input:\instrumentation_fabric_with_node_gen:fabric_gen_new_way:with_jtag_input_gen:instrumentation_fabric|alt_sld_fab:instrumentation_fabric|alt_sld_fab_alt_sld_fab:alt_sld_fab|alt_sld_fab_alt_sld_fab_sldfabric:sldfabric|sld_jtag_hub:\jtag_hub_gen:real_sld_jtag_hub|sld_shadow_jsm:shadow_jsm|state[11]  ; sld_hub:auto_hub|alt_sld_fab_with_jtag_input:\instrumentation_fabric_with_node_gen:fabric_gen_new_way:with_jtag_input_gen:instrumentation_fabric|alt_sld_fab:instrumentation_fabric|alt_sld_fab_alt_sld_fab:alt_sld_fab|alt_sld_fab_alt_sld_fab_sldfabric:sldfabric|sld_jtag_hub:\jtag_hub_gen:real_sld_jtag_hub|sld_shadow_jsm:shadow_jsm|state[11]  ; altera_reserved_tck ; altera_reserved_tck ; 0.000        ; 0.042      ; 0.307      ;
; 0.181 ; sld_hub:auto_hub|alt_sld_fab_with_jtag_input:\instrumentation_fabric_with_node_gen:fabric_gen_new_way:with_jtag_input_gen:instrumentation_fabric|alt_sld_fab:instrumentation_fabric|alt_sld_fab_alt_sld_fab:alt_sld_fab|alt_sld_fab_alt_sld_fab_sldfabric:sldfabric|sld_jtag_hub:\jtag_hub_gen:real_sld_jtag_hub|sld_shadow_jsm:shadow_jsm|state[13]  ; sld_hub:auto_hub|alt_sld_fab_with_jtag_input:\instrumentation_fabric_with_node_gen:fabric_gen_new_way:with_jtag_input_gen:instrumentation_fabric|alt_sld_fab:instrumentation_fabric|alt_sld_fab_alt_sld_fab:alt_sld_fab|alt_sld_fab_alt_sld_fab_sldfabric:sldfabric|sld_jtag_hub:\jtag_hub_gen:real_sld_jtag_hub|sld_shadow_jsm:shadow_jsm|state[13]  ; altera_reserved_tck ; altera_reserved_tck ; 0.000        ; 0.042      ; 0.307      ;
; 0.181 ; sld_hub:auto_hub|alt_sld_fab_with_jtag_input:\instrumentation_fabric_with_node_gen:fabric_gen_new_way:with_jtag_input_gen:instrumentation_fabric|alt_sld_fab:instrumentation_fabric|alt_sld_fab_alt_sld_fab:alt_sld_fab|alt_sld_fab_alt_sld_fab_sldfabric:sldfabric|sld_jtag_hub:\jtag_hub_gen:real_sld_jtag_hub|sld_shadow_jsm:shadow_jsm|state[4]   ; sld_hub:auto_hub|alt_sld_fab_with_jtag_input:\instrumentation_fabric_with_node_gen:fabric_gen_new_way:with_jtag_input_gen:instrumentation_fabric|alt_sld_fab:instrumentation_fabric|alt_sld_fab_alt_sld_fab:alt_sld_fab|alt_sld_fab_alt_sld_fab_sldfabric:sldfabric|sld_jtag_hub:\jtag_hub_gen:real_sld_jtag_hub|sld_shadow_jsm:shadow_jsm|state[4]   ; altera_reserved_tck ; altera_reserved_tck ; 0.000        ; 0.042      ; 0.307      ;
; 0.181 ; sld_hub:auto_hub|alt_sld_fab_with_jtag_input:\instrumentation_fabric_with_node_gen:fabric_gen_new_way:with_jtag_input_gen:instrumentation_fabric|alt_sld_fab:instrumentation_fabric|alt_sld_fab_alt_sld_fab:alt_sld_fab|alt_sld_fab_alt_sld_fab_sldfabric:sldfabric|sld_jtag_hub:\jtag_hub_gen:real_sld_jtag_hub|sld_shadow_jsm:shadow_jsm|state[1]   ; sld_hub:auto_hub|alt_sld_fab_with_jtag_input:\instrumentation_fabric_with_node_gen:fabric_gen_new_way:with_jtag_input_gen:instrumentation_fabric|alt_sld_fab:instrumentation_fabric|alt_sld_fab_alt_sld_fab:alt_sld_fab|alt_sld_fab_alt_sld_fab_sldfabric:sldfabric|sld_jtag_hub:\jtag_hub_gen:real_sld_jtag_hub|sld_shadow_jsm:shadow_jsm|state[1]   ; altera_reserved_tck ; altera_reserved_tck ; 0.000        ; 0.042      ; 0.307      ;
; 0.181 ; sld_hub:auto_hub|alt_sld_fab_with_jtag_input:\instrumentation_fabric_with_node_gen:fabric_gen_new_way:with_jtag_input_gen:instrumentation_fabric|alt_sld_fab:instrumentation_fabric|alt_sld_fab_alt_sld_fab:alt_sld_fab|alt_sld_fab_alt_sld_fab_sldfabric:sldfabric|sld_jtag_hub:\jtag_hub_gen:real_sld_jtag_hub|sld_shadow_jsm:shadow_jsm|state[6]   ; sld_hub:auto_hub|alt_sld_fab_with_jtag_input:\instrumentation_fabric_with_node_gen:fabric_gen_new_way:with_jtag_input_gen:instrumentation_fabric|alt_sld_fab:instrumentation_fabric|alt_sld_fab_alt_sld_fab:alt_sld_fab|alt_sld_fab_alt_sld_fab_sldfabric:sldfabric|sld_jtag_hub:\jtag_hub_gen:real_sld_jtag_hub|sld_shadow_jsm:shadow_jsm|state[6]   ; altera_reserved_tck ; altera_reserved_tck ; 0.000        ; 0.042      ; 0.307      ;
; 0.181 ; sld_hub:auto_hub|alt_sld_fab_with_jtag_input:\instrumentation_fabric_with_node_gen:fabric_gen_new_way:with_jtag_input_gen:instrumentation_fabric|alt_sld_fab:instrumentation_fabric|alt_sld_fab_alt_sld_fab:alt_sld_fab|alt_sld_fab_alt_sld_fab_sldfabric:sldfabric|sld_jtag_hub:\jtag_hub_gen:real_sld_jtag_hub|sld_shadow_jsm:shadow_jsm|state[0]   ; sld_hub:auto_hub|alt_sld_fab_with_jtag_input:\instrumentation_fabric_with_node_gen:fabric_gen_new_way:with_jtag_input_gen:instrumentation_fabric|alt_sld_fab:instrumentation_fabric|alt_sld_fab_alt_sld_fab:alt_sld_fab|alt_sld_fab_alt_sld_fab_sldfabric:sldfabric|sld_jtag_hub:\jtag_hub_gen:real_sld_jtag_hub|sld_shadow_jsm:shadow_jsm|state[0]   ; altera_reserved_tck ; altera_reserved_tck ; 0.000        ; 0.042      ; 0.307      ;
; 0.181 ; sld_hub:auto_hub|alt_sld_fab_with_jtag_input:\instrumentation_fabric_with_node_gen:fabric_gen_new_way:with_jtag_input_gen:instrumentation_fabric|alt_sld_fab:instrumentation_fabric|alt_sld_fab_alt_sld_fab:alt_sld_fab|alt_sld_fab_alt_sld_fab_sldfabric:sldfabric|sld_jtag_hub:\jtag_hub_gen:real_sld_jtag_hub|sld_shadow_jsm:shadow_jsm|tms_cnt[2] ; sld_hub:auto_hub|alt_sld_fab_with_jtag_input:\instrumentation_fabric_with_node_gen:fabric_gen_new_way:with_jtag_input_gen:instrumentation_fabric|alt_sld_fab:instrumentation_fabric|alt_sld_fab_alt_sld_fab:alt_sld_fab|alt_sld_fab_alt_sld_fab_sldfabric:sldfabric|sld_jtag_hub:\jtag_hub_gen:real_sld_jtag_hub|sld_shadow_jsm:shadow_jsm|tms_cnt[2] ; altera_reserved_tck ; altera_reserved_tck ; 0.000        ; 0.042      ; 0.307      ;
; 0.181 ; sld_hub:auto_hub|alt_sld_fab_with_jtag_input:\instrumentation_fabric_with_node_gen:fabric_gen_new_way:with_jtag_input_gen:instrumentation_fabric|alt_sld_fab:instrumentation_fabric|alt_sld_fab_alt_sld_fab:alt_sld_fab|alt_sld_fab_alt_sld_fab_sldfabric:sldfabric|sld_jtag_hub:\jtag_hub_gen:real_sld_jtag_hub|sld_shadow_jsm:shadow_jsm|tms_cnt[1] ; sld_hub:auto_hub|alt_sld_fab_with_jtag_input:\instrumentation_fabric_with_node_gen:fabric_gen_new_way:with_jtag_input_gen:instrumentation_fabric|alt_sld_fab:instrumentation_fabric|alt_sld_fab_alt_sld_fab:alt_sld_fab|alt_sld_fab_alt_sld_fab_sldfabric:sldfabric|sld_jtag_hub:\jtag_hub_gen:real_sld_jtag_hub|sld_shadow_jsm:shadow_jsm|tms_cnt[1] ; altera_reserved_tck ; altera_reserved_tck ; 0.000        ; 0.042      ; 0.307      ;
; 0.181 ; RAM_IMG:RAM_INST|altsyncram:altsyncram_component|altsyncram_0kh1:auto_generated|sld_mod_ram_rom:mgl_prim2|is_in_use_reg                                                                                                                                                                                                                               ; RAM_IMG:RAM_INST|altsyncram:altsyncram_component|altsyncram_0kh1:auto_generated|sld_mod_ram_rom:mgl_prim2|is_in_use_reg                                                                                                                                                                                                                               ; altera_reserved_tck ; altera_reserved_tck ; 0.000        ; 0.042      ; 0.307      ;
; 0.181 ; RAM_IMG:RAM_INST|altsyncram:altsyncram_component|altsyncram_0kh1:auto_generated|sld_mod_ram_rom:mgl_prim2|ram_rom_data_shift_cntr_reg[2]                                                                                                                                                                                                              ; RAM_IMG:RAM_INST|altsyncram:altsyncram_component|altsyncram_0kh1:auto_generated|sld_mod_ram_rom:mgl_prim2|ram_rom_data_shift_cntr_reg[2]                                                                                                                                                                                                              ; altera_reserved_tck ; altera_reserved_tck ; 0.000        ; 0.042      ; 0.307      ;
; 0.181 ; RAM_IMG:RAM_INST|altsyncram:altsyncram_component|altsyncram_0kh1:auto_generated|sld_mod_ram_rom:mgl_prim2|ram_rom_data_shift_cntr_reg[0]                                                                                                                                                                                                              ; RAM_IMG:RAM_INST|altsyncram:altsyncram_component|altsyncram_0kh1:auto_generated|sld_mod_ram_rom:mgl_prim2|ram_rom_data_shift_cntr_reg[0]                                                                                                                                                                                                              ; altera_reserved_tck ; altera_reserved_tck ; 0.000        ; 0.042      ; 0.307      ;
; 0.181 ; RAM_IMG:RAM_INST|altsyncram:altsyncram_component|altsyncram_0kh1:auto_generated|sld_mod_ram_rom:mgl_prim2|ram_rom_data_shift_cntr_reg[1]                                                                                                                                                                                                              ; RAM_IMG:RAM_INST|altsyncram:altsyncram_component|altsyncram_0kh1:auto_generated|sld_mod_ram_rom:mgl_prim2|ram_rom_data_shift_cntr_reg[1]                                                                                                                                                                                                              ; altera_reserved_tck ; altera_reserved_tck ; 0.000        ; 0.042      ; 0.307      ;
; 0.185 ; RAM_IMG:RAM_INST|altsyncram:altsyncram_component|altsyncram_0kh1:auto_generated|sld_mod_ram_rom:mgl_prim2|ram_rom_addr_reg[3]                                                                                                                                                                                                                         ; RAM_IMG:RAM_INST|altsyncram:altsyncram_component|altsyncram_0kh1:auto_generated|altsyncram_2u72:altsyncram1|ram_block3a25~portb_address_reg0                                                                                                                                                                                                          ; altera_reserved_tck ; altera_reserved_tck ; 0.000        ; 0.199      ; 0.488      ;
; 0.186 ; RAM_IMG:RAM_INST|altsyncram:altsyncram_component|altsyncram_0kh1:auto_generated|sld_mod_ram_rom:mgl_prim2|ram_rom_addr_reg[2]                                                                                                                                                                                                                         ; RAM_IMG:RAM_INST|altsyncram:altsyncram_component|altsyncram_0kh1:auto_generated|altsyncram_2u72:altsyncram1|ram_block3a25~portb_address_reg0                                                                                                                                                                                                          ; altera_reserved_tck ; altera_reserved_tck ; 0.000        ; 0.199      ; 0.489      ;
; 0.188 ; RAM_IMG:RAM_INST|altsyncram:altsyncram_component|altsyncram_0kh1:auto_generated|sld_mod_ram_rom:mgl_prim2|sld_rom_sr:\ram_rom_logic_gen:no_name_gen:info_rom_sr|word_counter[0]                                                                                                                                                                       ; RAM_IMG:RAM_INST|altsyncram:altsyncram_component|altsyncram_0kh1:auto_generated|sld_mod_ram_rom:mgl_prim2|sld_rom_sr:\ram_rom_logic_gen:no_name_gen:info_rom_sr|word_counter[0]                                                                                                                                                                       ; altera_reserved_tck ; altera_reserved_tck ; 0.000        ; 0.042      ; 0.314      ;
; 0.188 ; sld_hub:auto_hub|alt_sld_fab_with_jtag_input:\instrumentation_fabric_with_node_gen:fabric_gen_new_way:with_jtag_input_gen:instrumentation_fabric|alt_sld_fab:instrumentation_fabric|alt_sld_fab_alt_sld_fab:alt_sld_fab|sldfabric_ident_writedata[3]                                                                                                  ; sld_hub:auto_hub|alt_sld_fab_with_jtag_input:\instrumentation_fabric_with_node_gen:fabric_gen_new_way:with_jtag_input_gen:instrumentation_fabric|alt_sld_fab:instrumentation_fabric|alt_sld_fab_alt_sld_fab:alt_sld_fab|alt_sld_fab_alt_sld_fab_sldfabric:sldfabric|sld_jtag_hub:\jtag_hub_gen:real_sld_jtag_hub|design_hash_reg[3]                   ; altera_reserved_tck ; altera_reserved_tck ; 0.000        ; 0.042      ; 0.314      ;
; 0.188 ; sld_hub:auto_hub|alt_sld_fab_with_jtag_input:\instrumentation_fabric_with_node_gen:fabric_gen_new_way:with_jtag_input_gen:instrumentation_fabric|alt_sld_fab:instrumentation_fabric|alt_sld_fab_alt_sld_fab:alt_sld_fab|alt_sld_fab_alt_sld_fab_sldfabric:sldfabric|sld_jtag_hub:\jtag_hub_gen:real_sld_jtag_hub|hub_minor_ver_reg[2]                 ; sld_hub:auto_hub|alt_sld_fab_with_jtag_input:\instrumentation_fabric_with_node_gen:fabric_gen_new_way:with_jtag_input_gen:instrumentation_fabric|alt_sld_fab:instrumentation_fabric|alt_sld_fab_alt_sld_fab:alt_sld_fab|alt_sld_fab_alt_sld_fab_sldfabric:sldfabric|sld_jtag_hub:\jtag_hub_gen:real_sld_jtag_hub|hub_minor_ver_reg[1]                 ; altera_reserved_tck ; altera_reserved_tck ; 0.000        ; 0.042      ; 0.314      ;
; 0.188 ; sld_hub:auto_hub|alt_sld_fab_with_jtag_input:\instrumentation_fabric_with_node_gen:fabric_gen_new_way:with_jtag_input_gen:instrumentation_fabric|alt_sld_fab:instrumentation_fabric|alt_sld_fab_alt_sld_fab:alt_sld_fab|alt_sld_fab_alt_sld_fab_sldfabric:sldfabric|sld_jtag_hub:\jtag_hub_gen:real_sld_jtag_hub|hub_mode_reg[2]                      ; sld_hub:auto_hub|alt_sld_fab_with_jtag_input:\instrumentation_fabric_with_node_gen:fabric_gen_new_way:with_jtag_input_gen:instrumentation_fabric|alt_sld_fab:instrumentation_fabric|alt_sld_fab_alt_sld_fab:alt_sld_fab|alt_sld_fab_alt_sld_fab_sldfabric:sldfabric|sld_jtag_hub:\jtag_hub_gen:real_sld_jtag_hub|clr_reg                              ; altera_reserved_tck ; altera_reserved_tck ; 0.000        ; 0.042      ; 0.314      ;
; 0.188 ; sld_hub:auto_hub|alt_sld_fab_with_jtag_input:\instrumentation_fabric_with_node_gen:fabric_gen_new_way:with_jtag_input_gen:instrumentation_fabric|alt_sld_fab:instrumentation_fabric|alt_sld_fab_alt_sld_fab:alt_sld_fab|alt_sld_fab_alt_sld_fab_sldfabric:sldfabric|sld_jtag_hub:\jtag_hub_gen:real_sld_jtag_hub|sld_shadow_jsm:shadow_jsm|tms_cnt[0] ; sld_hub:auto_hub|alt_sld_fab_with_jtag_input:\instrumentation_fabric_with_node_gen:fabric_gen_new_way:with_jtag_input_gen:instrumentation_fabric|alt_sld_fab:instrumentation_fabric|alt_sld_fab_alt_sld_fab:alt_sld_fab|alt_sld_fab_alt_sld_fab_sldfabric:sldfabric|sld_jtag_hub:\jtag_hub_gen:real_sld_jtag_hub|sld_shadow_jsm:shadow_jsm|tms_cnt[0] ; altera_reserved_tck ; altera_reserved_tck ; 0.000        ; 0.042      ; 0.314      ;
; 0.189 ; sld_hub:auto_hub|alt_sld_fab_with_jtag_input:\instrumentation_fabric_with_node_gen:fabric_gen_new_way:with_jtag_input_gen:instrumentation_fabric|alt_sld_fab:instrumentation_fabric|alt_sld_fab_alt_sld_fab:alt_sld_fab|sldfabric_ident_writedata[0]                                                                                                  ; sld_hub:auto_hub|alt_sld_fab_with_jtag_input:\instrumentation_fabric_with_node_gen:fabric_gen_new_way:with_jtag_input_gen:instrumentation_fabric|alt_sld_fab:instrumentation_fabric|alt_sld_fab_alt_sld_fab:alt_sld_fab|alt_sld_fab_alt_sld_fab_sldfabric:sldfabric|sld_jtag_hub:\jtag_hub_gen:real_sld_jtag_hub|design_hash_reg[0]                   ; altera_reserved_tck ; altera_reserved_tck ; 0.000        ; 0.042      ; 0.315      ;
; 0.189 ; sld_hub:auto_hub|alt_sld_fab_with_jtag_input:\instrumentation_fabric_with_node_gen:fabric_gen_new_way:with_jtag_input_gen:instrumentation_fabric|alt_sld_fab:instrumentation_fabric|alt_sld_fab_alt_sld_fab:alt_sld_fab|sldfabric_ident_writedata[1]                                                                                                  ; sld_hub:auto_hub|alt_sld_fab_with_jtag_input:\instrumentation_fabric_with_node_gen:fabric_gen_new_way:with_jtag_input_gen:instrumentation_fabric|alt_sld_fab:instrumentation_fabric|alt_sld_fab_alt_sld_fab:alt_sld_fab|alt_sld_fab_alt_sld_fab_sldfabric:sldfabric|sld_jtag_hub:\jtag_hub_gen:real_sld_jtag_hub|design_hash_reg[1]                   ; altera_reserved_tck ; altera_reserved_tck ; 0.000        ; 0.042      ; 0.315      ;
; 0.189 ; sld_hub:auto_hub|alt_sld_fab_with_jtag_input:\instrumentation_fabric_with_node_gen:fabric_gen_new_way:with_jtag_input_gen:instrumentation_fabric|alt_sld_fab:instrumentation_fabric|alt_sld_fab_alt_sld_fab:alt_sld_fab|sldfabric_ident_writedata[2]                                                                                                  ; sld_hub:auto_hub|alt_sld_fab_with_jtag_input:\instrumentation_fabric_with_node_gen:fabric_gen_new_way:with_jtag_input_gen:instrumentation_fabric|alt_sld_fab:instrumentation_fabric|alt_sld_fab_alt_sld_fab:alt_sld_fab|alt_sld_fab_alt_sld_fab_sldfabric:sldfabric|sld_jtag_hub:\jtag_hub_gen:real_sld_jtag_hub|design_hash_reg[2]                   ; altera_reserved_tck ; altera_reserved_tck ; 0.000        ; 0.042      ; 0.315      ;
; 0.189 ; sld_hub:auto_hub|alt_sld_fab_with_jtag_input:\instrumentation_fabric_with_node_gen:fabric_gen_new_way:with_jtag_input_gen:instrumentation_fabric|alt_sld_fab:instrumentation_fabric|alt_sld_fab_alt_sld_fab:alt_sld_fab|alt_sld_fab_alt_sld_fab_sldfabric:sldfabric|sld_jtag_hub:\jtag_hub_gen:real_sld_jtag_hub|jtag_ir_reg[9]                       ; sld_hub:auto_hub|alt_sld_fab_with_jtag_input:\instrumentation_fabric_with_node_gen:fabric_gen_new_way:with_jtag_input_gen:instrumentation_fabric|alt_sld_fab:instrumentation_fabric|alt_sld_fab_alt_sld_fab:alt_sld_fab|alt_sld_fab_alt_sld_fab_sldfabric:sldfabric|sld_jtag_hub:\jtag_hub_gen:real_sld_jtag_hub|jtag_ir_reg[8]                       ; altera_reserved_tck ; altera_reserved_tck ; 0.000        ; 0.041      ; 0.314      ;
; 0.190 ; sld_hub:auto_hub|alt_sld_fab_with_jtag_input:\instrumentation_fabric_with_node_gen:fabric_gen_new_way:with_jtag_input_gen:instrumentation_fabric|alt_sld_fab:instrumentation_fabric|alt_sld_fab_alt_sld_fab:alt_sld_fab|alt_sld_fab_alt_sld_fab_sldfabric:sldfabric|sld_jtag_hub:\jtag_hub_gen:real_sld_jtag_hub|hub_minor_ver_reg[3]                 ; sld_hub:auto_hub|alt_sld_fab_with_jtag_input:\instrumentation_fabric_with_node_gen:fabric_gen_new_way:with_jtag_input_gen:instrumentation_fabric|alt_sld_fab:instrumentation_fabric|alt_sld_fab_alt_sld_fab:alt_sld_fab|alt_sld_fab_alt_sld_fab_sldfabric:sldfabric|sld_jtag_hub:\jtag_hub_gen:real_sld_jtag_hub|hub_minor_ver_reg[2]                 ; altera_reserved_tck ; altera_reserved_tck ; 0.000        ; 0.042      ; 0.316      ;
; 0.190 ; sld_hub:auto_hub|alt_sld_fab_with_jtag_input:\instrumentation_fabric_with_node_gen:fabric_gen_new_way:with_jtag_input_gen:instrumentation_fabric|alt_sld_fab:instrumentation_fabric|alt_sld_fab_alt_sld_fab:alt_sld_fab|alt_sld_fab_alt_sld_fab_sldfabric:sldfabric|sld_jtag_hub:\jtag_hub_gen:real_sld_jtag_hub|jtag_ir_reg[5]                       ; sld_hub:auto_hub|alt_sld_fab_with_jtag_input:\instrumentation_fabric_with_node_gen:fabric_gen_new_way:with_jtag_input_gen:instrumentation_fabric|alt_sld_fab:instrumentation_fabric|alt_sld_fab_alt_sld_fab:alt_sld_fab|alt_sld_fab_alt_sld_fab_sldfabric:sldfabric|sld_jtag_hub:\jtag_hub_gen:real_sld_jtag_hub|jtag_ir_reg[4]                       ; altera_reserved_tck ; altera_reserved_tck ; 0.000        ; 0.041      ; 0.315      ;
; 0.192 ; sld_hub:auto_hub|alt_sld_fab_with_jtag_input:\instrumentation_fabric_with_node_gen:fabric_gen_new_way:with_jtag_input_gen:instrumentation_fabric|alt_sld_fab:instrumentation_fabric|alt_sld_fab_alt_sld_fab:alt_sld_fab|alt_sld_fab_alt_sld_fab_sldfabric:sldfabric|sld_jtag_hub:\jtag_hub_gen:real_sld_jtag_hub|jtag_ir_reg[7]                       ; sld_hub:auto_hub|alt_sld_fab_with_jtag_input:\instrumentation_fabric_with_node_gen:fabric_gen_new_way:with_jtag_input_gen:instrumentation_fabric|alt_sld_fab:instrumentation_fabric|alt_sld_fab_alt_sld_fab:alt_sld_fab|alt_sld_fab_alt_sld_fab_sldfabric:sldfabric|sld_jtag_hub:\jtag_hub_gen:real_sld_jtag_hub|jtag_ir_reg[6]                       ; altera_reserved_tck ; altera_reserved_tck ; 0.000        ; 0.041      ; 0.317      ;
; 0.192 ; sld_hub:auto_hub|alt_sld_fab_with_jtag_input:\instrumentation_fabric_with_node_gen:fabric_gen_new_way:with_jtag_input_gen:instrumentation_fabric|alt_sld_fab:instrumentation_fabric|alt_sld_fab_alt_sld_fab:alt_sld_fab|alt_sld_fab_alt_sld_fab_sldfabric:sldfabric|sld_jtag_hub:\jtag_hub_gen:real_sld_jtag_hub|sld_shadow_jsm:shadow_jsm|state[12]  ; sld_hub:auto_hub|alt_sld_fab_with_jtag_input:\instrumentation_fabric_with_node_gen:fabric_gen_new_way:with_jtag_input_gen:instrumentation_fabric|alt_sld_fab:instrumentation_fabric|alt_sld_fab_alt_sld_fab:alt_sld_fab|alt_sld_fab_alt_sld_fab_sldfabric:sldfabric|sld_jtag_hub:\jtag_hub_gen:real_sld_jtag_hub|sld_shadow_jsm:shadow_jsm|state[13]  ; altera_reserved_tck ; altera_reserved_tck ; 0.000        ; 0.042      ; 0.318      ;
; 0.192 ; sld_hub:auto_hub|alt_sld_fab_with_jtag_input:\instrumentation_fabric_with_node_gen:fabric_gen_new_way:with_jtag_input_gen:instrumentation_fabric|alt_sld_fab:instrumentation_fabric|alt_sld_fab_alt_sld_fab:alt_sld_fab|alt_sld_fab_alt_sld_fab_sldfabric:sldfabric|sld_jtag_hub:\jtag_hub_gen:real_sld_jtag_hub|sld_shadow_jsm:shadow_jsm|tms_cnt[0] ; sld_hub:auto_hub|alt_sld_fab_with_jtag_input:\instrumentation_fabric_with_node_gen:fabric_gen_new_way:with_jtag_input_gen:instrumentation_fabric|alt_sld_fab:instrumentation_fabric|alt_sld_fab_alt_sld_fab:alt_sld_fab|alt_sld_fab_alt_sld_fab_sldfabric:sldfabric|sld_jtag_hub:\jtag_hub_gen:real_sld_jtag_hub|sld_shadow_jsm:shadow_jsm|tms_cnt[2] ; altera_reserved_tck ; altera_reserved_tck ; 0.000        ; 0.042      ; 0.318      ;
; 0.192 ; sld_hub:auto_hub|alt_sld_fab_with_jtag_input:\instrumentation_fabric_with_node_gen:fabric_gen_new_way:with_jtag_input_gen:instrumentation_fabric|alt_sld_fab:instrumentation_fabric|alt_sld_fab_alt_sld_fab:alt_sld_fab|alt_sld_fab_alt_sld_fab_sldfabric:sldfabric|sld_jtag_hub:\jtag_hub_gen:real_sld_jtag_hub|sld_shadow_jsm:shadow_jsm|tms_cnt[0] ; sld_hub:auto_hub|alt_sld_fab_with_jtag_input:\instrumentation_fabric_with_node_gen:fabric_gen_new_way:with_jtag_input_gen:instrumentation_fabric|alt_sld_fab:instrumentation_fabric|alt_sld_fab_alt_sld_fab:alt_sld_fab|alt_sld_fab_alt_sld_fab_sldfabric:sldfabric|sld_jtag_hub:\jtag_hub_gen:real_sld_jtag_hub|sld_shadow_jsm:shadow_jsm|tms_cnt[1] ; altera_reserved_tck ; altera_reserved_tck ; 0.000        ; 0.042      ; 0.318      ;
; 0.192 ; sld_hub:auto_hub|alt_sld_fab_with_jtag_input:\instrumentation_fabric_with_node_gen:fabric_gen_new_way:with_jtag_input_gen:instrumentation_fabric|alt_sld_fab:instrumentation_fabric|alt_sld_fab_alt_sld_fab:alt_sld_fab|alt_sld_fab_alt_sld_fab_sldfabric:sldfabric|sld_jtag_hub:\jtag_hub_gen:real_sld_jtag_hub|irsr_reg[6]                          ; sld_hub:auto_hub|alt_sld_fab_with_jtag_input:\instrumentation_fabric_with_node_gen:fabric_gen_new_way:with_jtag_input_gen:instrumentation_fabric|alt_sld_fab:instrumentation_fabric|alt_sld_fab_alt_sld_fab:alt_sld_fab|alt_sld_fab_alt_sld_fab_sldfabric:sldfabric|sld_jtag_hub:\jtag_hub_gen:real_sld_jtag_hub|irf_reg[1][6]                        ; altera_reserved_tck ; altera_reserved_tck ; 0.000        ; 0.043      ; 0.319      ;
; 0.192 ; sld_hub:auto_hub|alt_sld_fab_with_jtag_input:\instrumentation_fabric_with_node_gen:fabric_gen_new_way:with_jtag_input_gen:instrumentation_fabric|alt_sld_fab:instrumentation_fabric|alt_sld_fab_alt_sld_fab:alt_sld_fab|alt_sld_fab_alt_sld_fab_sldfabric:sldfabric|sld_jtag_hub:\jtag_hub_gen:real_sld_jtag_hub|irsr_reg[7]                          ; sld_hub:auto_hub|alt_sld_fab_with_jtag_input:\instrumentation_fabric_with_node_gen:fabric_gen_new_way:with_jtag_input_gen:instrumentation_fabric|alt_sld_fab:instrumentation_fabric|alt_sld_fab_alt_sld_fab:alt_sld_fab|alt_sld_fab_alt_sld_fab_sldfabric:sldfabric|sld_jtag_hub:\jtag_hub_gen:real_sld_jtag_hub|irf_reg[1][7]                        ; altera_reserved_tck ; altera_reserved_tck ; 0.000        ; 0.043      ; 0.319      ;
; 0.194 ; sld_hub:auto_hub|alt_sld_fab_with_jtag_input:\instrumentation_fabric_with_node_gen:fabric_gen_new_way:with_jtag_input_gen:instrumentation_fabric|alt_sld_fab:instrumentation_fabric|alt_sld_fab_alt_sld_fab:alt_sld_fab|alt_sld_fab_alt_sld_fab_sldfabric:sldfabric|sld_jtag_hub:\jtag_hub_gen:real_sld_jtag_hub|jtag_ir_reg[4]                       ; sld_hub:auto_hub|alt_sld_fab_with_jtag_input:\instrumentation_fabric_with_node_gen:fabric_gen_new_way:with_jtag_input_gen:instrumentation_fabric|alt_sld_fab:instrumentation_fabric|alt_sld_fab_alt_sld_fab:alt_sld_fab|alt_sld_fab_alt_sld_fab_sldfabric:sldfabric|sld_jtag_hub:\jtag_hub_gen:real_sld_jtag_hub|jtag_ir_reg[3]                       ; altera_reserved_tck ; altera_reserved_tck ; 0.000        ; 0.041      ; 0.319      ;
; 0.194 ; sld_hub:auto_hub|alt_sld_fab_with_jtag_input:\instrumentation_fabric_with_node_gen:fabric_gen_new_way:with_jtag_input_gen:instrumentation_fabric|alt_sld_fab:instrumentation_fabric|alt_sld_fab_alt_sld_fab:alt_sld_fab|alt_sld_fab_alt_sld_fab_sldfabric:sldfabric|sld_jtag_hub:\jtag_hub_gen:real_sld_jtag_hub|sld_shadow_jsm:shadow_jsm|state[9]   ; sld_hub:auto_hub|alt_sld_fab_with_jtag_input:\instrumentation_fabric_with_node_gen:fabric_gen_new_way:with_jtag_input_gen:instrumentation_fabric|alt_sld_fab:instrumentation_fabric|alt_sld_fab_alt_sld_fab:alt_sld_fab|alt_sld_fab_alt_sld_fab_sldfabric:sldfabric|sld_jtag_hub:\jtag_hub_gen:real_sld_jtag_hub|sld_shadow_jsm:shadow_jsm|state[10]  ; altera_reserved_tck ; altera_reserved_tck ; 0.000        ; 0.042      ; 0.320      ;
; 0.195 ; sld_hub:auto_hub|alt_sld_fab_with_jtag_input:\instrumentation_fabric_with_node_gen:fabric_gen_new_way:with_jtag_input_gen:instrumentation_fabric|alt_sld_fab:instrumentation_fabric|alt_sld_fab_alt_sld_fab:alt_sld_fab|alt_sld_fab_alt_sld_fab_sldfabric:sldfabric|sld_jtag_hub:\jtag_hub_gen:real_sld_jtag_hub|sld_shadow_jsm:shadow_jsm|state[10]  ; sld_hub:auto_hub|alt_sld_fab_with_jtag_input:\instrumentation_fabric_with_node_gen:fabric_gen_new_way:with_jtag_input_gen:instrumentation_fabric|alt_sld_fab:instrumentation_fabric|alt_sld_fab_alt_sld_fab:alt_sld_fab|alt_sld_fab_alt_sld_fab_sldfabric:sldfabric|sld_jtag_hub:\jtag_hub_gen:real_sld_jtag_hub|sld_shadow_jsm:shadow_jsm|state[11]  ; altera_reserved_tck ; altera_reserved_tck ; 0.000        ; 0.042      ; 0.321      ;
; 0.195 ; RAM_IMG:RAM_INST|altsyncram:altsyncram_component|altsyncram_0kh1:auto_generated|sld_mod_ram_rom:mgl_prim2|ram_rom_addr_reg[7]                                                                                                                                                                                                                         ; RAM_IMG:RAM_INST|altsyncram:altsyncram_component|altsyncram_0kh1:auto_generated|altsyncram_2u72:altsyncram1|ram_block3a25~portb_address_reg0                                                                                                                                                                                                          ; altera_reserved_tck ; altera_reserved_tck ; 0.000        ; 0.199      ; 0.498      ;
; 0.198 ; sld_hub:auto_hub|alt_sld_fab_with_jtag_input:\instrumentation_fabric_with_node_gen:fabric_gen_new_way:with_jtag_input_gen:instrumentation_fabric|alt_sld_fab:instrumentation_fabric|alt_sld_fab_alt_sld_fab:alt_sld_fab|alt_sld_fab_alt_sld_fab_sldfabric:sldfabric|sld_jtag_hub:\jtag_hub_gen:real_sld_jtag_hub|sld_shadow_jsm:shadow_jsm|state[1]   ; sld_hub:auto_hub|alt_sld_fab_with_jtag_input:\instrumentation_fabric_with_node_gen:fabric_gen_new_way:with_jtag_input_gen:instrumentation_fabric|alt_sld_fab:instrumentation_fabric|alt_sld_fab_alt_sld_fab:alt_sld_fab|alt_sld_fab_alt_sld_fab_sldfabric:sldfabric|sld_jtag_hub:\jtag_hub_gen:real_sld_jtag_hub|sld_shadow_jsm:shadow_jsm|state[2]   ; altera_reserved_tck ; altera_reserved_tck ; 0.000        ; 0.042      ; 0.324      ;
; 0.199 ; sld_hub:auto_hub|alt_sld_fab_with_jtag_input:\instrumentation_fabric_with_node_gen:fabric_gen_new_way:with_jtag_input_gen:instrumentation_fabric|alt_sld_fab:instrumentation_fabric|alt_sld_fab_alt_sld_fab:alt_sld_fab|alt_sld_fab_alt_sld_fab_sldfabric:sldfabric|sld_jtag_hub:\jtag_hub_gen:real_sld_jtag_hub|sld_shadow_jsm:shadow_jsm|state[11]  ; sld_hub:auto_hub|alt_sld_fab_with_jtag_input:\instrumentation_fabric_with_node_gen:fabric_gen_new_way:with_jtag_input_gen:instrumentation_fabric|alt_sld_fab:instrumentation_fabric|alt_sld_fab_alt_sld_fab:alt_sld_fab|alt_sld_fab_alt_sld_fab_sldfabric:sldfabric|sld_jtag_hub:\jtag_hub_gen:real_sld_jtag_hub|sld_shadow_jsm:shadow_jsm|state[12]  ; altera_reserved_tck ; altera_reserved_tck ; 0.000        ; 0.042      ; 0.325      ;
; 0.200 ; sld_hub:auto_hub|alt_sld_fab_with_jtag_input:\instrumentation_fabric_with_node_gen:fabric_gen_new_way:with_jtag_input_gen:instrumentation_fabric|alt_sld_fab:instrumentation_fabric|alt_sld_fab_alt_sld_fab:alt_sld_fab|alt_sld_fab_alt_sld_fab_sldfabric:sldfabric|sld_jtag_hub:\jtag_hub_gen:real_sld_jtag_hub|identity_contrib_shift_reg[3]        ; sld_hub:auto_hub|alt_sld_fab_with_jtag_input:\instrumentation_fabric_with_node_gen:fabric_gen_new_way:with_jtag_input_gen:instrumentation_fabric|alt_sld_fab:instrumentation_fabric|alt_sld_fab_alt_sld_fab:alt_sld_fab|alt_sld_fab_alt_sld_fab_sldfabric:sldfabric|sld_jtag_hub:\jtag_hub_gen:real_sld_jtag_hub|identity_contrib_shift_reg[2]        ; altera_reserved_tck ; altera_reserved_tck ; 0.000        ; 0.041      ; 0.325      ;
; 0.200 ; sld_hub:auto_hub|alt_sld_fab_with_jtag_input:\instrumentation_fabric_with_node_gen:fabric_gen_new_way:with_jtag_input_gen:instrumentation_fabric|alt_sld_fab:instrumentation_fabric|alt_sld_fab_alt_sld_fab:alt_sld_fab|alt_sld_fab_alt_sld_fab_sldfabric:sldfabric|sld_jtag_hub:\jtag_hub_gen:real_sld_jtag_hub|identity_contrib_shift_reg[1]        ; sld_hub:auto_hub|alt_sld_fab_with_jtag_input:\instrumentation_fabric_with_node_gen:fabric_gen_new_way:with_jtag_input_gen:instrumentation_fabric|alt_sld_fab:instrumentation_fabric|alt_sld_fab_alt_sld_fab:alt_sld_fab|alt_sld_fab_alt_sld_fab_sldfabric:sldfabric|sld_jtag_hub:\jtag_hub_gen:real_sld_jtag_hub|identity_contrib_shift_reg[0]        ; altera_reserved_tck ; altera_reserved_tck ; 0.000        ; 0.041      ; 0.325      ;
; 0.200 ; sld_hub:auto_hub|alt_sld_fab_with_jtag_input:\instrumentation_fabric_with_node_gen:fabric_gen_new_way:with_jtag_input_gen:instrumentation_fabric|alt_sld_fab:instrumentation_fabric|alt_sld_fab_alt_sld_fab:alt_sld_fab|alt_sld_fab_alt_sld_fab_sldfabric:sldfabric|sld_jtag_hub:\jtag_hub_gen:real_sld_jtag_hub|sld_shadow_jsm:shadow_jsm|state[5]   ; sld_hub:auto_hub|alt_sld_fab_with_jtag_input:\instrumentation_fabric_with_node_gen:fabric_gen_new_way:with_jtag_input_gen:instrumentation_fabric|alt_sld_fab:instrumentation_fabric|alt_sld_fab_alt_sld_fab:alt_sld_fab|alt_sld_fab_alt_sld_fab_sldfabric:sldfabric|sld_jtag_hub:\jtag_hub_gen:real_sld_jtag_hub|sld_shadow_jsm:shadow_jsm|state[6]   ; altera_reserved_tck ; altera_reserved_tck ; 0.000        ; 0.042      ; 0.326      ;
; 0.200 ; sld_hub:auto_hub|alt_sld_fab_with_jtag_input:\instrumentation_fabric_with_node_gen:fabric_gen_new_way:with_jtag_input_gen:instrumentation_fabric|alt_sld_fab:instrumentation_fabric|alt_sld_fab_alt_sld_fab:alt_sld_fab|alt_sld_fab_alt_sld_fab_sldfabric:sldfabric|sld_jtag_hub:\jtag_hub_gen:real_sld_jtag_hub|irsr_reg[0]                          ; sld_hub:auto_hub|alt_sld_fab_with_jtag_input:\instrumentation_fabric_with_node_gen:fabric_gen_new_way:with_jtag_input_gen:instrumentation_fabric|alt_sld_fab:instrumentation_fabric|alt_sld_fab_alt_sld_fab:alt_sld_fab|alt_sld_fab_alt_sld_fab_sldfabric:sldfabric|sld_jtag_hub:\jtag_hub_gen:real_sld_jtag_hub|irf_reg[1][0]                        ; altera_reserved_tck ; altera_reserved_tck ; 0.000        ; 0.043      ; 0.327      ;
; 0.200 ; RAM_IMG:RAM_INST|altsyncram:altsyncram_component|altsyncram_0kh1:auto_generated|sld_mod_ram_rom:mgl_prim2|ram_rom_addr_reg[12]                                                                                                                                                                                                                        ; RAM_IMG:RAM_INST|altsyncram:altsyncram_component|altsyncram_0kh1:auto_generated|altsyncram_2u72:altsyncram1|ram_block3a25~portb_address_reg0                                                                                                                                                                                                          ; altera_reserved_tck ; altera_reserved_tck ; 0.000        ; 0.199      ; 0.503      ;
; 0.201 ; sld_hub:auto_hub|alt_sld_fab_with_jtag_input:\instrumentation_fabric_with_node_gen:fabric_gen_new_way:with_jtag_input_gen:instrumentation_fabric|alt_sld_fab:instrumentation_fabric|alt_sld_fab_alt_sld_fab:alt_sld_fab|alt_sld_fab_alt_sld_fab_sldfabric:sldfabric|sld_jtag_hub:\jtag_hub_gen:real_sld_jtag_hub|irsr_reg[5]                          ; sld_hub:auto_hub|alt_sld_fab_with_jtag_input:\instrumentation_fabric_with_node_gen:fabric_gen_new_way:with_jtag_input_gen:instrumentation_fabric|alt_sld_fab:instrumentation_fabric|alt_sld_fab_alt_sld_fab:alt_sld_fab|alt_sld_fab_alt_sld_fab_sldfabric:sldfabric|sld_jtag_hub:\jtag_hub_gen:real_sld_jtag_hub|irsr_reg[4]                          ; altera_reserved_tck ; altera_reserved_tck ; 0.000        ; 0.043      ; 0.328      ;
; 0.202 ; sld_hub:auto_hub|alt_sld_fab_with_jtag_input:\instrumentation_fabric_with_node_gen:fabric_gen_new_way:with_jtag_input_gen:instrumentation_fabric|alt_sld_fab:instrumentation_fabric|alt_sld_fab_alt_sld_fab:alt_sld_fab|alt_sld_fab_alt_sld_fab_sldfabric:sldfabric|sld_jtag_hub:\jtag_hub_gen:real_sld_jtag_hub|identity_contrib_shift_reg[2]        ; sld_hub:auto_hub|alt_sld_fab_with_jtag_input:\instrumentation_fabric_with_node_gen:fabric_gen_new_way:with_jtag_input_gen:instrumentation_fabric|alt_sld_fab:instrumentation_fabric|alt_sld_fab_alt_sld_fab:alt_sld_fab|alt_sld_fab_alt_sld_fab_sldfabric:sldfabric|sld_jtag_hub:\jtag_hub_gen:real_sld_jtag_hub|identity_contrib_shift_reg[1]        ; altera_reserved_tck ; altera_reserved_tck ; 0.000        ; 0.041      ; 0.327      ;
; 0.202 ; RAM_IMG:RAM_INST|altsyncram:altsyncram_component|altsyncram_0kh1:auto_generated|sld_mod_ram_rom:mgl_prim2|ram_rom_data_shift_cntr_reg[1]                                                                                                                                                                                                              ; RAM_IMG:RAM_INST|altsyncram:altsyncram_component|altsyncram_0kh1:auto_generated|sld_mod_ram_rom:mgl_prim2|ram_rom_data_shift_cntr_reg[2]                                                                                                                                                                                                              ; altera_reserved_tck ; altera_reserved_tck ; 0.000        ; 0.042      ; 0.328      ;
; 0.203 ; sld_hub:auto_hub|alt_sld_fab_with_jtag_input:\instrumentation_fabric_with_node_gen:fabric_gen_new_way:with_jtag_input_gen:instrumentation_fabric|alt_sld_fab:instrumentation_fabric|alt_sld_fab_alt_sld_fab:alt_sld_fab|alt_sld_fab_alt_sld_fab_sldfabric:sldfabric|sld_jtag_hub:\jtag_hub_gen:real_sld_jtag_hub|jtag_ir_reg[1]                       ; sld_hub:auto_hub|alt_sld_fab_with_jtag_input:\instrumentation_fabric_with_node_gen:fabric_gen_new_way:with_jtag_input_gen:instrumentation_fabric|alt_sld_fab:instrumentation_fabric|alt_sld_fab_alt_sld_fab:alt_sld_fab|alt_sld_fab_alt_sld_fab_sldfabric:sldfabric|sld_jtag_hub:\jtag_hub_gen:real_sld_jtag_hub|jtag_ir_reg[0]                       ; altera_reserved_tck ; altera_reserved_tck ; 0.000        ; 0.041      ; 0.328      ;
; 0.205 ; RAM_IMG:RAM_INST|altsyncram:altsyncram_component|altsyncram_0kh1:auto_generated|sld_mod_ram_rom:mgl_prim2|ram_rom_data_shift_cntr_reg[2]                                                                                                                                                                                                              ; RAM_IMG:RAM_INST|altsyncram:altsyncram_component|altsyncram_0kh1:auto_generated|sld_mod_ram_rom:mgl_prim2|ram_rom_data_shift_cntr_reg[1]                                                                                                                                                                                                              ; altera_reserved_tck ; altera_reserved_tck ; 0.000        ; 0.042      ; 0.331      ;
; 0.206 ; RAM_IMG:RAM_INST|altsyncram:altsyncram_component|altsyncram_0kh1:auto_generated|sld_mod_ram_rom:mgl_prim2|ram_rom_data_shift_cntr_reg[1]                                                                                                                                                                                                              ; RAM_IMG:RAM_INST|altsyncram:altsyncram_component|altsyncram_0kh1:auto_generated|sld_mod_ram_rom:mgl_prim2|ram_rom_data_shift_cntr_reg[0]                                                                                                                                                                                                              ; altera_reserved_tck ; altera_reserved_tck ; 0.000        ; 0.042      ; 0.332      ;
; 0.210 ; sld_hub:auto_hub|alt_sld_fab_with_jtag_input:\instrumentation_fabric_with_node_gen:fabric_gen_new_way:with_jtag_input_gen:instrumentation_fabric|alt_sld_fab:instrumentation_fabric|alt_sld_fab_alt_sld_fab:alt_sld_fab|alt_sld_fab_alt_sld_fab_sldfabric:sldfabric|sld_jtag_hub:\jtag_hub_gen:real_sld_jtag_hub|sld_shadow_jsm:shadow_jsm|state[0]   ; sld_hub:auto_hub|alt_sld_fab_with_jtag_input:\instrumentation_fabric_with_node_gen:fabric_gen_new_way:with_jtag_input_gen:instrumentation_fabric|alt_sld_fab:instrumentation_fabric|alt_sld_fab_alt_sld_fab:alt_sld_fab|alt_sld_fab_alt_sld_fab_sldfabric:sldfabric|sld_jtag_hub:\jtag_hub_gen:real_sld_jtag_hub|sld_shadow_jsm:shadow_jsm|state[1]   ; altera_reserved_tck ; altera_reserved_tck ; 0.000        ; 0.042      ; 0.336      ;
; 0.210 ; RAM_IMG:RAM_INST|altsyncram:altsyncram_component|altsyncram_0kh1:auto_generated|sld_mod_ram_rom:mgl_prim2|ram_rom_addr_reg[0]                                                                                                                                                                                                                         ; RAM_IMG:RAM_INST|altsyncram:altsyncram_component|altsyncram_0kh1:auto_generated|altsyncram_2u72:altsyncram1|ram_block3a25~portb_address_reg0                                                                                                                                                                                                          ; altera_reserved_tck ; altera_reserved_tck ; 0.000        ; 0.199      ; 0.513      ;
; 0.219 ; sld_hub:auto_hub|alt_sld_fab_with_jtag_input:\instrumentation_fabric_with_node_gen:fabric_gen_new_way:with_jtag_input_gen:instrumentation_fabric|alt_sld_fab:instrumentation_fabric|alt_sld_fab_alt_sld_fab:alt_sld_fab|alt_sld_fab_alt_sld_fab_sldfabric:sldfabric|sld_jtag_hub:\jtag_hub_gen:real_sld_jtag_hub|mixer_addr_reg_internal[4]           ; sld_hub:auto_hub|alt_sld_fab_with_jtag_input:\instrumentation_fabric_with_node_gen:fabric_gen_new_way:with_jtag_input_gen:instrumentation_fabric|alt_sld_fab:instrumentation_fabric|alt_sld_fab_alt_sld_fab:alt_sld_fab|alt_sld_fab_alt_sld_fab_sldfabric:sldfabric|sld_jtag_hub:\jtag_hub_gen:real_sld_jtag_hub|mixer_addr_reg_internal[4]           ; altera_reserved_tck ; altera_reserved_tck ; 0.000        ; 0.042      ; 0.345      ;
; 0.219 ; RAM_IMG:RAM_INST|altsyncram:altsyncram_component|altsyncram_0kh1:auto_generated|altsyncram_2u72:altsyncram1|address_reg_b[2]                                                                                                                                                                                                                          ; RAM_IMG:RAM_INST|altsyncram:altsyncram_component|altsyncram_0kh1:auto_generated|sld_mod_ram_rom:mgl_prim2|ram_rom_data_reg[3]                                                                                                                                                                                                                         ; altera_reserved_tck ; altera_reserved_tck ; 0.000        ; 0.043      ; 0.346      ;
; 0.251 ; RAM_IMG:RAM_INST|altsyncram:altsyncram_component|altsyncram_0kh1:auto_generated|sld_mod_ram_rom:mgl_prim2|ram_rom_data_reg[0]                                                                                                                                                                                                                         ; RAM_IMG:RAM_INST|altsyncram:altsyncram_component|altsyncram_0kh1:auto_generated|altsyncram_2u72:altsyncram1|ram_block3a40~portb_datain_reg0                                                                                                                                                                                                           ; altera_reserved_tck ; altera_reserved_tck ; 0.000        ; 0.200      ; 0.555      ;
; 0.253 ; sld_hub:auto_hub|alt_sld_fab_with_jtag_input:\instrumentation_fabric_with_node_gen:fabric_gen_new_way:with_jtag_input_gen:instrumentation_fabric|alt_sld_fab:instrumentation_fabric|alt_sld_fab_alt_sld_fab:alt_sld_fab|alt_sld_fab_alt_sld_fab_sldfabric:sldfabric|sld_jtag_hub:\jtag_hub_gen:real_sld_jtag_hub|jtag_ir_reg[3]                       ; sld_hub:auto_hub|alt_sld_fab_with_jtag_input:\instrumentation_fabric_with_node_gen:fabric_gen_new_way:with_jtag_input_gen:instrumentation_fabric|alt_sld_fab:instrumentation_fabric|alt_sld_fab_alt_sld_fab:alt_sld_fab|alt_sld_fab_alt_sld_fab_sldfabric:sldfabric|sld_jtag_hub:\jtag_hub_gen:real_sld_jtag_hub|jtag_ir_reg[2]                       ; altera_reserved_tck ; altera_reserved_tck ; 0.000        ; 0.041      ; 0.378      ;
; 0.255 ; RAM_IMG:RAM_INST|altsyncram:altsyncram_component|altsyncram_0kh1:auto_generated|sld_mod_ram_rom:mgl_prim2|ir_loaded_address_reg[6]                                                                                                                                                                                                                    ; sld_hub:auto_hub|alt_sld_fab_with_jtag_input:\instrumentation_fabric_with_node_gen:fabric_gen_new_way:with_jtag_input_gen:instrumentation_fabric|alt_sld_fab:instrumentation_fabric|alt_sld_fab_alt_sld_fab:alt_sld_fab|alt_sld_fab_alt_sld_fab_sldfabric:sldfabric|sld_jtag_hub:\jtag_hub_gen:real_sld_jtag_hub|irsr_reg[7]                          ; altera_reserved_tck ; altera_reserved_tck ; 0.000        ; 0.045      ; 0.384      ;
; 0.256 ; RAM_IMG:RAM_INST|altsyncram:altsyncram_component|altsyncram_0kh1:auto_generated|sld_mod_ram_rom:mgl_prim2|ram_rom_data_reg[7]                                                                                                                                                                                                                         ; RAM_IMG:RAM_INST|altsyncram:altsyncram_component|altsyncram_0kh1:auto_generated|altsyncram_2u72:altsyncram1|ram_block3a40~portb_datain_reg0                                                                                                                                                                                                           ; altera_reserved_tck ; altera_reserved_tck ; 0.000        ; 0.200      ; 0.560      ;
; 0.261 ; sld_hub:auto_hub|alt_sld_fab_with_jtag_input:\instrumentation_fabric_with_node_gen:fabric_gen_new_way:with_jtag_input_gen:instrumentation_fabric|alt_sld_fab:instrumentation_fabric|alt_sld_fab_alt_sld_fab:alt_sld_fab|alt_sld_fab_alt_sld_fab_sldfabric:sldfabric|sld_jtag_hub:\jtag_hub_gen:real_sld_jtag_hub|design_hash_reg[1]                   ; sld_hub:auto_hub|alt_sld_fab_with_jtag_input:\instrumentation_fabric_with_node_gen:fabric_gen_new_way:with_jtag_input_gen:instrumentation_fabric|alt_sld_fab:instrumentation_fabric|alt_sld_fab_alt_sld_fab:alt_sld_fab|alt_sld_fab_alt_sld_fab_sldfabric:sldfabric|sld_jtag_hub:\jtag_hub_gen:real_sld_jtag_hub|design_hash_reg[0]                   ; altera_reserved_tck ; altera_reserved_tck ; 0.000        ; 0.042      ; 0.387      ;
; 0.261 ; sld_hub:auto_hub|alt_sld_fab_with_jtag_input:\instrumentation_fabric_with_node_gen:fabric_gen_new_way:with_jtag_input_gen:instrumentation_fabric|alt_sld_fab:instrumentation_fabric|alt_sld_fab_alt_sld_fab:alt_sld_fab|alt_sld_fab_alt_sld_fab_sldfabric:sldfabric|sld_jtag_hub:\jtag_hub_gen:real_sld_jtag_hub|design_hash_reg[2]                   ; sld_hub:auto_hub|alt_sld_fab_with_jtag_input:\instrumentation_fabric_with_node_gen:fabric_gen_new_way:with_jtag_input_gen:instrumentation_fabric|alt_sld_fab:instrumentation_fabric|alt_sld_fab_alt_sld_fab:alt_sld_fab|alt_sld_fab_alt_sld_fab_sldfabric:sldfabric|sld_jtag_hub:\jtag_hub_gen:real_sld_jtag_hub|design_hash_reg[1]                   ; altera_reserved_tck ; altera_reserved_tck ; 0.000        ; 0.042      ; 0.387      ;
; 0.261 ; sld_hub:auto_hub|alt_sld_fab_with_jtag_input:\instrumentation_fabric_with_node_gen:fabric_gen_new_way:with_jtag_input_gen:instrumentation_fabric|alt_sld_fab:instrumentation_fabric|alt_sld_fab_alt_sld_fab:alt_sld_fab|alt_sld_fab_alt_sld_fab_sldfabric:sldfabric|sld_jtag_hub:\jtag_hub_gen:real_sld_jtag_hub|design_hash_reg[3]                   ; sld_hub:auto_hub|alt_sld_fab_with_jtag_input:\instrumentation_fabric_with_node_gen:fabric_gen_new_way:with_jtag_input_gen:instrumentation_fabric|alt_sld_fab:instrumentation_fabric|alt_sld_fab_alt_sld_fab:alt_sld_fab|alt_sld_fab_alt_sld_fab_sldfabric:sldfabric|sld_jtag_hub:\jtag_hub_gen:real_sld_jtag_hub|design_hash_reg[2]                   ; altera_reserved_tck ; altera_reserved_tck ; 0.000        ; 0.042      ; 0.387      ;
; 0.262 ; RAM_IMG:RAM_INST|altsyncram:altsyncram_component|altsyncram_0kh1:auto_generated|sld_mod_ram_rom:mgl_prim2|is_in_use_reg                                                                                                                                                                                                                               ; sld_hub:auto_hub|alt_sld_fab_with_jtag_input:\instrumentation_fabric_with_node_gen:fabric_gen_new_way:with_jtag_input_gen:instrumentation_fabric|alt_sld_fab:instrumentation_fabric|alt_sld_fab_alt_sld_fab:alt_sld_fab|alt_sld_fab_alt_sld_fab_sldfabric:sldfabric|sld_jtag_hub:\jtag_hub_gen:real_sld_jtag_hub|irsr_reg[0]                          ; altera_reserved_tck ; altera_reserved_tck ; 0.000        ; 0.045      ; 0.391      ;
; 0.263 ; RAM_IMG:RAM_INST|altsyncram:altsyncram_component|altsyncram_0kh1:auto_generated|sld_mod_ram_rom:mgl_prim2|ir_loaded_address_reg[0]                                                                                                                                                                                                                    ; sld_hub:auto_hub|alt_sld_fab_with_jtag_input:\instrumentation_fabric_with_node_gen:fabric_gen_new_way:with_jtag_input_gen:instrumentation_fabric|alt_sld_fab:instrumentation_fabric|alt_sld_fab_alt_sld_fab:alt_sld_fab|alt_sld_fab_alt_sld_fab_sldfabric:sldfabric|sld_jtag_hub:\jtag_hub_gen:real_sld_jtag_hub|irsr_reg[1]                          ; altera_reserved_tck ; altera_reserved_tck ; 0.000        ; 0.045      ; 0.392      ;
; 0.264 ; sld_hub:auto_hub|alt_sld_fab_with_jtag_input:\instrumentation_fabric_with_node_gen:fabric_gen_new_way:with_jtag_input_gen:instrumentation_fabric|alt_sld_fab:instrumentation_fabric|alt_sld_fab_alt_sld_fab:alt_sld_fab|alt_sld_fab_alt_sld_fab_sldfabric:sldfabric|sld_jtag_hub:\jtag_hub_gen:real_sld_jtag_hub|sld_shadow_jsm:shadow_jsm|state[6]   ; sld_hub:auto_hub|alt_sld_fab_with_jtag_input:\instrumentation_fabric_with_node_gen:fabric_gen_new_way:with_jtag_input_gen:instrumentation_fabric|alt_sld_fab:instrumentation_fabric|alt_sld_fab_alt_sld_fab:alt_sld_fab|alt_sld_fab_alt_sld_fab_sldfabric:sldfabric|sld_jtag_hub:\jtag_hub_gen:real_sld_jtag_hub|sld_shadow_jsm:shadow_jsm|state[7]   ; altera_reserved_tck ; altera_reserved_tck ; 0.000        ; 0.044      ; 0.392      ;
; 0.266 ; sld_hub:auto_hub|alt_sld_fab_with_jtag_input:\instrumentation_fabric_with_node_gen:fabric_gen_new_way:with_jtag_input_gen:instrumentation_fabric|alt_sld_fab:instrumentation_fabric|alt_sld_fab_alt_sld_fab:alt_sld_fab|alt_sld_fab_alt_sld_fab_sldfabric:sldfabric|sld_jtag_hub:\jtag_hub_gen:real_sld_jtag_hub|identity_contrib_shift_reg[0]        ; sld_hub:auto_hub|alt_sld_fab_with_jtag_input:\instrumentation_fabric_with_node_gen:fabric_gen_new_way:with_jtag_input_gen:instrumentation_fabric|alt_sld_fab:instrumentation_fabric|alt_sld_fab_alt_sld_fab:alt_sld_fab|sldfabric_ident_writedata[0]                                                                                                  ; altera_reserved_tck ; altera_reserved_tck ; 0.000        ; 0.043      ; 0.393      ;
; 0.267 ; sld_hub:auto_hub|alt_sld_fab_with_jtag_input:\instrumentation_fabric_with_node_gen:fabric_gen_new_way:with_jtag_input_gen:instrumentation_fabric|alt_sld_fab:instrumentation_fabric|alt_sld_fab_alt_sld_fab:alt_sld_fab|alt_sld_fab_alt_sld_fab_sldfabric:sldfabric|sld_jtag_hub:\jtag_hub_gen:real_sld_jtag_hub|irsr_reg[4]                          ; sld_hub:auto_hub|alt_sld_fab_with_jtag_input:\instrumentation_fabric_with_node_gen:fabric_gen_new_way:with_jtag_input_gen:instrumentation_fabric|alt_sld_fab:instrumentation_fabric|alt_sld_fab_alt_sld_fab:alt_sld_fab|alt_sld_fab_alt_sld_fab_sldfabric:sldfabric|sld_jtag_hub:\jtag_hub_gen:real_sld_jtag_hub|irf_reg[1][4]                        ; altera_reserved_tck ; altera_reserved_tck ; 0.000        ; 0.043      ; 0.394      ;
; 0.268 ; sld_hub:auto_hub|alt_sld_fab_with_jtag_input:\instrumentation_fabric_with_node_gen:fabric_gen_new_way:with_jtag_input_gen:instrumentation_fabric|alt_sld_fab:instrumentation_fabric|alt_sld_fab_alt_sld_fab:alt_sld_fab|alt_sld_fab_alt_sld_fab_sldfabric:sldfabric|sld_jtag_hub:\jtag_hub_gen:real_sld_jtag_hub|identity_contrib_shift_reg[1]        ; sld_hub:auto_hub|alt_sld_fab_with_jtag_input:\instrumentation_fabric_with_node_gen:fabric_gen_new_way:with_jtag_input_gen:instrumentation_fabric|alt_sld_fab:instrumentation_fabric|alt_sld_fab_alt_sld_fab:alt_sld_fab|sldfabric_ident_writedata[1]                                                                                                  ; altera_reserved_tck ; altera_reserved_tck ; 0.000        ; 0.043      ; 0.395      ;
; 0.269 ; sld_hub:auto_hub|alt_sld_fab_with_jtag_input:\instrumentation_fabric_with_node_gen:fabric_gen_new_way:with_jtag_input_gen:instrumentation_fabric|alt_sld_fab:instrumentation_fabric|alt_sld_fab_alt_sld_fab:alt_sld_fab|alt_sld_fab_alt_sld_fab_sldfabric:sldfabric|sld_jtag_hub:\jtag_hub_gen:real_sld_jtag_hub|jtag_ir_reg[6]                       ; sld_hub:auto_hub|alt_sld_fab_with_jtag_input:\instrumentation_fabric_with_node_gen:fabric_gen_new_way:with_jtag_input_gen:instrumentation_fabric|alt_sld_fab:instrumentation_fabric|alt_sld_fab_alt_sld_fab:alt_sld_fab|alt_sld_fab_alt_sld_fab_sldfabric:sldfabric|sld_jtag_hub:\jtag_hub_gen:real_sld_jtag_hub|jtag_ir_reg[5]                       ; altera_reserved_tck ; altera_reserved_tck ; 0.000        ; 0.041      ; 0.394      ;
; 0.270 ; sld_hub:auto_hub|alt_sld_fab_with_jtag_input:\instrumentation_fabric_with_node_gen:fabric_gen_new_way:with_jtag_input_gen:instrumentation_fabric|alt_sld_fab:instrumentation_fabric|alt_sld_fab_alt_sld_fab:alt_sld_fab|alt_sld_fab_alt_sld_fab_sldfabric:sldfabric|sld_jtag_hub:\jtag_hub_gen:real_sld_jtag_hub|jtag_ir_reg[2]                       ; sld_hub:auto_hub|alt_sld_fab_with_jtag_input:\instrumentation_fabric_with_node_gen:fabric_gen_new_way:with_jtag_input_gen:instrumentation_fabric|alt_sld_fab:instrumentation_fabric|alt_sld_fab_alt_sld_fab:alt_sld_fab|alt_sld_fab_alt_sld_fab_sldfabric:sldfabric|sld_jtag_hub:\jtag_hub_gen:real_sld_jtag_hub|jtag_ir_reg[1]                       ; altera_reserved_tck ; altera_reserved_tck ; 0.000        ; 0.041      ; 0.395      ;
; 0.271 ; sld_hub:auto_hub|alt_sld_fab_with_jtag_input:\instrumentation_fabric_with_node_gen:fabric_gen_new_way:with_jtag_input_gen:instrumentation_fabric|alt_sld_fab:instrumentation_fabric|alt_sld_fab_alt_sld_fab:alt_sld_fab|alt_sld_fab_alt_sld_fab_sldfabric:sldfabric|sld_jtag_hub:\jtag_hub_gen:real_sld_jtag_hub|jtag_ir_reg[1]                       ; sld_hub:auto_hub|alt_sld_fab_with_jtag_input:\instrumentation_fabric_with_node_gen:fabric_gen_new_way:with_jtag_input_gen:instrumentation_fabric|alt_sld_fab:instrumentation_fabric|alt_sld_fab_alt_sld_fab:alt_sld_fab|alt_sld_fab_alt_sld_fab_sldfabric:sldfabric|sld_jtag_hub:\jtag_hub_gen:real_sld_jtag_hub|virtual_dr_scan_reg                  ; altera_reserved_tck ; altera_reserved_tck ; 0.000        ; 0.041      ; 0.396      ;
; 0.272 ; RAM_IMG:RAM_INST|altsyncram:altsyncram_component|altsyncram_0kh1:auto_generated|sld_mod_ram_rom:mgl_prim2|ram_rom_data_reg[1]                                                                                                                                                                                                                         ; RAM_IMG:RAM_INST|altsyncram:altsyncram_component|altsyncram_0kh1:auto_generated|sld_mod_ram_rom:mgl_prim2|ram_rom_data_reg[0]                                                                                                                                                                                                                         ; altera_reserved_tck ; altera_reserved_tck ; 0.000        ; 0.043      ; 0.399      ;
; 0.273 ; sld_hub:auto_hub|alt_sld_fab_with_jtag_input:\instrumentation_fabric_with_node_gen:fabric_gen_new_way:with_jtag_input_gen:instrumentation_fabric|alt_sld_fab:instrumentation_fabric|alt_sld_fab_alt_sld_fab:alt_sld_fab|alt_sld_fab_alt_sld_fab_sldfabric:sldfabric|sld_jtag_hub:\jtag_hub_gen:real_sld_jtag_hub|jtag_ir_reg[8]                       ; sld_hub:auto_hub|alt_sld_fab_with_jtag_input:\instrumentation_fabric_with_node_gen:fabric_gen_new_way:with_jtag_input_gen:instrumentation_fabric|alt_sld_fab:instrumentation_fabric|alt_sld_fab_alt_sld_fab:alt_sld_fab|alt_sld_fab_alt_sld_fab_sldfabric:sldfabric|sld_jtag_hub:\jtag_hub_gen:real_sld_jtag_hub|jtag_ir_reg[7]                       ; altera_reserved_tck ; altera_reserved_tck ; 0.000        ; 0.041      ; 0.398      ;
; 0.273 ; RAM_IMG:RAM_INST|altsyncram:altsyncram_component|altsyncram_0kh1:auto_generated|sld_mod_ram_rom:mgl_prim2|ram_rom_data_reg[2]                                                                                                                                                                                                                         ; RAM_IMG:RAM_INST|altsyncram:altsyncram_component|altsyncram_0kh1:auto_generated|sld_mod_ram_rom:mgl_prim2|ram_rom_data_reg[1]                                                                                                                                                                                                                         ; altera_reserved_tck ; altera_reserved_tck ; 0.000        ; 0.043      ; 0.400      ;
; 0.273 ; sld_hub:auto_hub|alt_sld_fab_with_jtag_input:\instrumentation_fabric_with_node_gen:fabric_gen_new_way:with_jtag_input_gen:instrumentation_fabric|alt_sld_fab:instrumentation_fabric|alt_sld_fab_alt_sld_fab:alt_sld_fab|alt_sld_fab_alt_sld_fab_sldfabric:sldfabric|sld_jtag_hub:\jtag_hub_gen:real_sld_jtag_hub|irf_reg[1][4]                        ; RAM_IMG:RAM_INST|altsyncram:altsyncram_component|altsyncram_0kh1:auto_generated|sld_mod_ram_rom:mgl_prim2|is_in_use_reg                                                                                                                                                                                                                               ; altera_reserved_tck ; altera_reserved_tck ; 0.000        ; 0.040      ; 0.397      ;
; 0.274 ; RAM_IMG:RAM_INST|altsyncram:altsyncram_component|altsyncram_0kh1:auto_generated|sld_mod_ram_rom:mgl_prim2|ram_rom_data_reg[4]                                                                                                                                                                                                                         ; RAM_IMG:RAM_INST|altsyncram:altsyncram_component|altsyncram_0kh1:auto_generated|sld_mod_ram_rom:mgl_prim2|ram_rom_data_reg[3]                                                                                                                                                                                                                         ; altera_reserved_tck ; altera_reserved_tck ; 0.000        ; 0.043      ; 0.401      ;
; 0.276 ; sld_hub:auto_hub|alt_sld_fab_with_jtag_input:\instrumentation_fabric_with_node_gen:fabric_gen_new_way:with_jtag_input_gen:instrumentation_fabric|alt_sld_fab:instrumentation_fabric|alt_sld_fab_alt_sld_fab:alt_sld_fab|alt_sld_fab_alt_sld_fab_sldfabric:sldfabric|sld_jtag_hub:\jtag_hub_gen:real_sld_jtag_hub|identity_contrib_shift_reg[2]        ; sld_hub:auto_hub|alt_sld_fab_with_jtag_input:\instrumentation_fabric_with_node_gen:fabric_gen_new_way:with_jtag_input_gen:instrumentation_fabric|alt_sld_fab:instrumentation_fabric|alt_sld_fab_alt_sld_fab:alt_sld_fab|sldfabric_ident_writedata[2]                                                                                                  ; altera_reserved_tck ; altera_reserved_tck ; 0.000        ; 0.043      ; 0.403      ;
; 0.276 ; RAM_IMG:RAM_INST|altsyncram:altsyncram_component|altsyncram_0kh1:auto_generated|sld_mod_ram_rom:mgl_prim2|ram_rom_addr_reg[2]                                                                                                                                                                                                                         ; RAM_IMG:RAM_INST|altsyncram:altsyncram_component|altsyncram_0kh1:auto_generated|sld_mod_ram_rom:mgl_prim2|ram_rom_addr_reg[1]                                                                                                                                                                                                                         ; altera_reserved_tck ; altera_reserved_tck ; 0.000        ; 0.042      ; 0.402      ;
; 0.276 ; RAM_IMG:RAM_INST|altsyncram:altsyncram_component|altsyncram_0kh1:auto_generated|sld_mod_ram_rom:mgl_prim2|ram_rom_addr_reg[15]                                                                                                                                                                                                                        ; RAM_IMG:RAM_INST|altsyncram:altsyncram_component|altsyncram_0kh1:auto_generated|sld_mod_ram_rom:mgl_prim2|ram_rom_addr_reg[14]                                                                                                                                                                                                                        ; altera_reserved_tck ; altera_reserved_tck ; 0.000        ; 0.042      ; 0.402      ;
; 0.277 ; sld_hub:auto_hub|alt_sld_fab_with_jtag_input:\instrumentation_fabric_with_node_gen:fabric_gen_new_way:with_jtag_input_gen:instrumentation_fabric|alt_sld_fab:instrumentation_fabric|alt_sld_fab_alt_sld_fab:alt_sld_fab|alt_sld_fab_alt_sld_fab_sldfabric:sldfabric|sld_jtag_hub:\jtag_hub_gen:real_sld_jtag_hub|identity_contrib_shift_reg[3]        ; sld_hub:auto_hub|alt_sld_fab_with_jtag_input:\instrumentation_fabric_with_node_gen:fabric_gen_new_way:with_jtag_input_gen:instrumentation_fabric|alt_sld_fab:instrumentation_fabric|alt_sld_fab_alt_sld_fab:alt_sld_fab|sldfabric_ident_writedata[3]                                                                                                  ; altera_reserved_tck ; altera_reserved_tck ; 0.000        ; 0.043      ; 0.404      ;
; 0.277 ; sld_hub:auto_hub|alt_sld_fab_with_jtag_input:\instrumentation_fabric_with_node_gen:fabric_gen_new_way:with_jtag_input_gen:instrumentation_fabric|alt_sld_fab:instrumentation_fabric|alt_sld_fab_alt_sld_fab:alt_sld_fab|alt_sld_fab_alt_sld_fab_sldfabric:sldfabric|sld_jtag_hub:\jtag_hub_gen:real_sld_jtag_hub|jtag_ir_reg[1]                       ; sld_hub:auto_hub|alt_sld_fab_with_jtag_input:\instrumentation_fabric_with_node_gen:fabric_gen_new_way:with_jtag_input_gen:instrumentation_fabric|alt_sld_fab:instrumentation_fabric|alt_sld_fab_alt_sld_fab:alt_sld_fab|alt_sld_fab_alt_sld_fab_sldfabric:sldfabric|sld_jtag_hub:\jtag_hub_gen:real_sld_jtag_hub|virtual_ir_scan_reg                  ; altera_reserved_tck ; altera_reserved_tck ; 0.000        ; 0.041      ; 0.402      ;
; 0.277 ; sld_hub:auto_hub|alt_sld_fab_with_jtag_input:\instrumentation_fabric_with_node_gen:fabric_gen_new_way:with_jtag_input_gen:instrumentation_fabric|alt_sld_fab:instrumentation_fabric|alt_sld_fab_alt_sld_fab:alt_sld_fab|alt_sld_fab_alt_sld_fab_sldfabric:sldfabric|sld_jtag_hub:\jtag_hub_gen:real_sld_jtag_hub|sld_shadow_jsm:shadow_jsm|state[7]   ; sld_hub:auto_hub|alt_sld_fab_with_jtag_input:\instrumentation_fabric_with_node_gen:fabric_gen_new_way:with_jtag_input_gen:instrumentation_fabric|alt_sld_fab:instrumentation_fabric|alt_sld_fab_alt_sld_fab:alt_sld_fab|alt_sld_fab_alt_sld_fab_sldfabric:sldfabric|sld_jtag_hub:\jtag_hub_gen:real_sld_jtag_hub|sld_shadow_jsm:shadow_jsm|state[8]   ; altera_reserved_tck ; altera_reserved_tck ; 0.000        ; 0.044      ; 0.405      ;
; 0.277 ; sld_hub:auto_hub|alt_sld_fab_with_jtag_input:\instrumentation_fabric_with_node_gen:fabric_gen_new_way:with_jtag_input_gen:instrumentation_fabric|alt_sld_fab:instrumentation_fabric|alt_sld_fab_alt_sld_fab:alt_sld_fab|alt_sld_fab_alt_sld_fab_sldfabric:sldfabric|sld_jtag_hub:\jtag_hub_gen:real_sld_jtag_hub|sld_shadow_jsm:shadow_jsm|state[7]   ; sld_hub:auto_hub|alt_sld_fab_with_jtag_input:\instrumentation_fabric_with_node_gen:fabric_gen_new_way:with_jtag_input_gen:instrumentation_fabric|alt_sld_fab:instrumentation_fabric|alt_sld_fab_alt_sld_fab:alt_sld_fab|alt_sld_fab_alt_sld_fab_sldfabric:sldfabric|sld_jtag_hub:\jtag_hub_gen:real_sld_jtag_hub|sld_shadow_jsm:shadow_jsm|state[4]   ; altera_reserved_tck ; altera_reserved_tck ; 0.000        ; 0.044      ; 0.405      ;
; 0.277 ; RAM_IMG:RAM_INST|altsyncram:altsyncram_component|altsyncram_0kh1:auto_generated|sld_mod_ram_rom:mgl_prim2|ram_rom_addr_reg[4]                                                                                                                                                                                                                         ; RAM_IMG:RAM_INST|altsyncram:altsyncram_component|altsyncram_0kh1:auto_generated|sld_mod_ram_rom:mgl_prim2|ram_rom_addr_reg[3]                                                                                                                                                                                                                         ; altera_reserved_tck ; altera_reserved_tck ; 0.000        ; 0.042      ; 0.403      ;
; 0.277 ; RAM_IMG:RAM_INST|altsyncram:altsyncram_component|altsyncram_0kh1:auto_generated|sld_mod_ram_rom:mgl_prim2|ram_rom_addr_reg[7]                                                                                                                                                                                                                         ; RAM_IMG:RAM_INST|altsyncram:altsyncram_component|altsyncram_0kh1:auto_generated|sld_mod_ram_rom:mgl_prim2|ram_rom_addr_reg[6]                                                                                                                                                                                                                         ; altera_reserved_tck ; altera_reserved_tck ; 0.000        ; 0.042      ; 0.403      ;
; 0.277 ; RAM_IMG:RAM_INST|altsyncram:altsyncram_component|altsyncram_0kh1:auto_generated|sld_mod_ram_rom:mgl_prim2|ram_rom_addr_reg[11]                                                                                                                                                                                                                        ; RAM_IMG:RAM_INST|altsyncram:altsyncram_component|altsyncram_0kh1:auto_generated|sld_mod_ram_rom:mgl_prim2|ram_rom_addr_reg[10]                                                                                                                                                                                                                        ; altera_reserved_tck ; altera_reserved_tck ; 0.000        ; 0.042      ; 0.403      ;
; 0.277 ; RAM_IMG:RAM_INST|altsyncram:altsyncram_component|altsyncram_0kh1:auto_generated|sld_mod_ram_rom:mgl_prim2|ram_rom_addr_reg[13]                                                                                                                                                                                                                        ; RAM_IMG:RAM_INST|altsyncram:altsyncram_component|altsyncram_0kh1:auto_generated|sld_mod_ram_rom:mgl_prim2|ram_rom_addr_reg[12]                                                                                                                                                                                                                        ; altera_reserved_tck ; altera_reserved_tck ; 0.000        ; 0.042      ; 0.403      ;
; 0.281 ; sld_hub:auto_hub|alt_sld_fab_with_jtag_input:\instrumentation_fabric_with_node_gen:fabric_gen_new_way:with_jtag_input_gen:instrumentation_fabric|alt_sld_fab:instrumentation_fabric|alt_sld_fab_alt_sld_fab:alt_sld_fab|alt_sld_fab_alt_sld_fab_sldfabric:sldfabric|sld_jtag_hub:\jtag_hub_gen:real_sld_jtag_hub|sld_shadow_jsm:shadow_jsm|state[2]   ; sld_hub:auto_hub|alt_sld_fab_with_jtag_input:\instrumentation_fabric_with_node_gen:fabric_gen_new_way:with_jtag_input_gen:instrumentation_fabric|alt_sld_fab:instrumentation_fabric|alt_sld_fab_alt_sld_fab:alt_sld_fab|alt_sld_fab_alt_sld_fab_sldfabric:sldfabric|sld_jtag_hub:\jtag_hub_gen:real_sld_jtag_hub|sld_shadow_jsm:shadow_jsm|state[3]   ; altera_reserved_tck ; altera_reserved_tck ; 0.000        ; 0.044      ; 0.409      ;
; 0.284 ; sld_hub:auto_hub|alt_sld_fab_with_jtag_input:\instrumentation_fabric_with_node_gen:fabric_gen_new_way:with_jtag_input_gen:instrumentation_fabric|alt_sld_fab:instrumentation_fabric|alt_sld_fab_alt_sld_fab:alt_sld_fab|alt_sld_fab_alt_sld_fab_sldfabric:sldfabric|sld_jtag_hub:\jtag_hub_gen:real_sld_jtag_hub|sld_shadow_jsm:shadow_jsm|state[3]   ; sld_hub:auto_hub|alt_sld_fab_with_jtag_input:\instrumentation_fabric_with_node_gen:fabric_gen_new_way:with_jtag_input_gen:instrumentation_fabric|alt_sld_fab:instrumentation_fabric|alt_sld_fab_alt_sld_fab:alt_sld_fab|alt_sld_fab_alt_sld_fab_sldfabric:sldfabric|sld_jtag_hub:\jtag_hub_gen:real_sld_jtag_hub|sld_shadow_jsm:shadow_jsm|state[5]   ; altera_reserved_tck ; altera_reserved_tck ; 0.000        ; 0.040      ; 0.408      ;
; 0.287 ; sld_hub:auto_hub|alt_sld_fab_with_jtag_input:\instrumentation_fabric_with_node_gen:fabric_gen_new_way:with_jtag_input_gen:instrumentation_fabric|alt_sld_fab:instrumentation_fabric|alt_sld_fab_alt_sld_fab:alt_sld_fab|alt_sld_fab_alt_sld_fab_sldfabric:sldfabric|sld_jtag_hub:\jtag_hub_gen:real_sld_jtag_hub|sld_rom_sr:hub_info_reg|WORD_SR[3]   ; sld_hub:auto_hub|alt_sld_fab_with_jtag_input:\instrumentation_fabric_with_node_gen:fabric_gen_new_way:with_jtag_input_gen:instrumentation_fabric|alt_sld_fab:instrumentation_fabric|alt_sld_fab_alt_sld_fab:alt_sld_fab|alt_sld_fab_alt_sld_fab_sldfabric:sldfabric|sld_jtag_hub:\jtag_hub_gen:real_sld_jtag_hub|sld_rom_sr:hub_info_reg|WORD_SR[2]   ; altera_reserved_tck ; altera_reserved_tck ; 0.000        ; 0.042      ; 0.413      ;
; 0.288 ; sld_hub:auto_hub|alt_sld_fab_with_jtag_input:\instrumentation_fabric_with_node_gen:fabric_gen_new_way:with_jtag_input_gen:instrumentation_fabric|alt_sld_fab:instrumentation_fabric|alt_sld_fab_alt_sld_fab:alt_sld_fab|alt_sld_fab_alt_sld_fab_sldfabric:sldfabric|sld_jtag_hub:\jtag_hub_gen:real_sld_jtag_hub|sld_shadow_jsm:shadow_jsm|tms_cnt[1] ; sld_hub:auto_hub|alt_sld_fab_with_jtag_input:\instrumentation_fabric_with_node_gen:fabric_gen_new_way:with_jtag_input_gen:instrumentation_fabric|alt_sld_fab:instrumentation_fabric|alt_sld_fab_alt_sld_fab:alt_sld_fab|alt_sld_fab_alt_sld_fab_sldfabric:sldfabric|sld_jtag_hub:\jtag_hub_gen:real_sld_jtag_hub|sld_shadow_jsm:shadow_jsm|tms_cnt[2] ; altera_reserved_tck ; altera_reserved_tck ; 0.000        ; 0.042      ; 0.414      ;
+-------+-------------------------------------------------------------------------------------------------------------------------------------------------------------------------------------------------------------------------------------------------------------------------------------------------------------------------------------------------------+-------------------------------------------------------------------------------------------------------------------------------------------------------------------------------------------------------------------------------------------------------------------------------------------------------------------------------------------------------+---------------------+---------------------+--------------+------------+------------+


+------------------------------------------------------------------------------------------------------------------------------------------------------------------------------------------------------------------------------------------------------------------------------------------------------------------------------------------------------------------------------------------------------------------------------------------------------------------------------------------------------------------------------------------------------------------------------------------------------------------------------------------------------------------------------------------------------------------------------------------------------------------------------------------+
; Fast 1200mV 0C Model Recovery: 'altera_reserved_tck'                                                                                                                                                                                                                                                                                                                                                                                                                                                                                                                                                                                                                                                                                                                                     ;
+--------+-----------------------------------------------------------------------------------------------------------------------------------------------------------------------------------------------------------------------------------------------------------------------------------------------------------------------------------------------------+--------------------------------------------------------------------------------------------------------------------------------------------------------------------------------------------------------------------------------------------------------------------------------------------------------------------------------------+---------------------+---------------------+--------------+------------+------------+
; Slack  ; From Node                                                                                                                                                                                                                                                                                                                                           ; To Node                                                                                                                                                                                                                                                                                                                              ; Launch Clock        ; Latch Clock         ; Relationship ; Clock Skew ; Data Delay ;
+--------+-----------------------------------------------------------------------------------------------------------------------------------------------------------------------------------------------------------------------------------------------------------------------------------------------------------------------------------------------------+--------------------------------------------------------------------------------------------------------------------------------------------------------------------------------------------------------------------------------------------------------------------------------------------------------------------------------------+---------------------+---------------------+--------------+------------+------------+
; 98.703 ; sld_hub:auto_hub|alt_sld_fab_with_jtag_input:\instrumentation_fabric_with_node_gen:fabric_gen_new_way:with_jtag_input_gen:instrumentation_fabric|alt_sld_fab:instrumentation_fabric|alt_sld_fab_alt_sld_fab:alt_sld_fab|alt_sld_fab_alt_sld_fab_sldfabric:sldfabric|sld_jtag_hub:\jtag_hub_gen:real_sld_jtag_hub|irf_reg[1][3]                      ; RAM_IMG:RAM_INST|altsyncram:altsyncram_component|altsyncram_0kh1:auto_generated|sld_mod_ram_rom:mgl_prim2|ram_rom_data_shift_cntr_reg[1]                                                                                                                                                                                             ; altera_reserved_tck ; altera_reserved_tck ; 100.000      ; -0.058     ; 1.246      ;
; 98.703 ; sld_hub:auto_hub|alt_sld_fab_with_jtag_input:\instrumentation_fabric_with_node_gen:fabric_gen_new_way:with_jtag_input_gen:instrumentation_fabric|alt_sld_fab:instrumentation_fabric|alt_sld_fab_alt_sld_fab:alt_sld_fab|alt_sld_fab_alt_sld_fab_sldfabric:sldfabric|sld_jtag_hub:\jtag_hub_gen:real_sld_jtag_hub|irf_reg[1][3]                      ; RAM_IMG:RAM_INST|altsyncram:altsyncram_component|altsyncram_0kh1:auto_generated|sld_mod_ram_rom:mgl_prim2|ram_rom_data_shift_cntr_reg[0]                                                                                                                                                                                             ; altera_reserved_tck ; altera_reserved_tck ; 100.000      ; -0.058     ; 1.246      ;
; 98.703 ; sld_hub:auto_hub|alt_sld_fab_with_jtag_input:\instrumentation_fabric_with_node_gen:fabric_gen_new_way:with_jtag_input_gen:instrumentation_fabric|alt_sld_fab:instrumentation_fabric|alt_sld_fab_alt_sld_fab:alt_sld_fab|alt_sld_fab_alt_sld_fab_sldfabric:sldfabric|sld_jtag_hub:\jtag_hub_gen:real_sld_jtag_hub|irf_reg[1][3]                      ; RAM_IMG:RAM_INST|altsyncram:altsyncram_component|altsyncram_0kh1:auto_generated|sld_mod_ram_rom:mgl_prim2|ram_rom_data_shift_cntr_reg[2]                                                                                                                                                                                             ; altera_reserved_tck ; altera_reserved_tck ; 100.000      ; -0.058     ; 1.246      ;
; 98.778 ; sld_hub:auto_hub|alt_sld_fab_with_jtag_input:\instrumentation_fabric_with_node_gen:fabric_gen_new_way:with_jtag_input_gen:instrumentation_fabric|alt_sld_fab:instrumentation_fabric|alt_sld_fab_alt_sld_fab:alt_sld_fab|alt_sld_fab_alt_sld_fab_sldfabric:sldfabric|sld_jtag_hub:\jtag_hub_gen:real_sld_jtag_hub|irf_reg[1][0]                      ; RAM_IMG:RAM_INST|altsyncram:altsyncram_component|altsyncram_0kh1:auto_generated|sld_mod_ram_rom:mgl_prim2|ram_rom_addr_reg[1]                                                                                                                                                                                                        ; altera_reserved_tck ; altera_reserved_tck ; 100.000      ; -0.050     ; 1.179      ;
; 98.778 ; sld_hub:auto_hub|alt_sld_fab_with_jtag_input:\instrumentation_fabric_with_node_gen:fabric_gen_new_way:with_jtag_input_gen:instrumentation_fabric|alt_sld_fab:instrumentation_fabric|alt_sld_fab_alt_sld_fab:alt_sld_fab|alt_sld_fab_alt_sld_fab_sldfabric:sldfabric|sld_jtag_hub:\jtag_hub_gen:real_sld_jtag_hub|irf_reg[1][0]                      ; RAM_IMG:RAM_INST|altsyncram:altsyncram_component|altsyncram_0kh1:auto_generated|sld_mod_ram_rom:mgl_prim2|ram_rom_addr_reg[2]                                                                                                                                                                                                        ; altera_reserved_tck ; altera_reserved_tck ; 100.000      ; -0.050     ; 1.179      ;
; 98.778 ; sld_hub:auto_hub|alt_sld_fab_with_jtag_input:\instrumentation_fabric_with_node_gen:fabric_gen_new_way:with_jtag_input_gen:instrumentation_fabric|alt_sld_fab:instrumentation_fabric|alt_sld_fab_alt_sld_fab:alt_sld_fab|alt_sld_fab_alt_sld_fab_sldfabric:sldfabric|sld_jtag_hub:\jtag_hub_gen:real_sld_jtag_hub|irf_reg[1][0]                      ; RAM_IMG:RAM_INST|altsyncram:altsyncram_component|altsyncram_0kh1:auto_generated|sld_mod_ram_rom:mgl_prim2|ram_rom_addr_reg[3]                                                                                                                                                                                                        ; altera_reserved_tck ; altera_reserved_tck ; 100.000      ; -0.050     ; 1.179      ;
; 98.778 ; sld_hub:auto_hub|alt_sld_fab_with_jtag_input:\instrumentation_fabric_with_node_gen:fabric_gen_new_way:with_jtag_input_gen:instrumentation_fabric|alt_sld_fab:instrumentation_fabric|alt_sld_fab_alt_sld_fab:alt_sld_fab|alt_sld_fab_alt_sld_fab_sldfabric:sldfabric|sld_jtag_hub:\jtag_hub_gen:real_sld_jtag_hub|irf_reg[1][0]                      ; RAM_IMG:RAM_INST|altsyncram:altsyncram_component|altsyncram_0kh1:auto_generated|sld_mod_ram_rom:mgl_prim2|ram_rom_addr_reg[4]                                                                                                                                                                                                        ; altera_reserved_tck ; altera_reserved_tck ; 100.000      ; -0.050     ; 1.179      ;
; 98.778 ; sld_hub:auto_hub|alt_sld_fab_with_jtag_input:\instrumentation_fabric_with_node_gen:fabric_gen_new_way:with_jtag_input_gen:instrumentation_fabric|alt_sld_fab:instrumentation_fabric|alt_sld_fab_alt_sld_fab:alt_sld_fab|alt_sld_fab_alt_sld_fab_sldfabric:sldfabric|sld_jtag_hub:\jtag_hub_gen:real_sld_jtag_hub|irf_reg[1][0]                      ; RAM_IMG:RAM_INST|altsyncram:altsyncram_component|altsyncram_0kh1:auto_generated|sld_mod_ram_rom:mgl_prim2|ram_rom_addr_reg[5]                                                                                                                                                                                                        ; altera_reserved_tck ; altera_reserved_tck ; 100.000      ; -0.050     ; 1.179      ;
; 98.778 ; sld_hub:auto_hub|alt_sld_fab_with_jtag_input:\instrumentation_fabric_with_node_gen:fabric_gen_new_way:with_jtag_input_gen:instrumentation_fabric|alt_sld_fab:instrumentation_fabric|alt_sld_fab_alt_sld_fab:alt_sld_fab|alt_sld_fab_alt_sld_fab_sldfabric:sldfabric|sld_jtag_hub:\jtag_hub_gen:real_sld_jtag_hub|irf_reg[1][0]                      ; RAM_IMG:RAM_INST|altsyncram:altsyncram_component|altsyncram_0kh1:auto_generated|sld_mod_ram_rom:mgl_prim2|ram_rom_addr_reg[6]                                                                                                                                                                                                        ; altera_reserved_tck ; altera_reserved_tck ; 100.000      ; -0.050     ; 1.179      ;
; 98.778 ; sld_hub:auto_hub|alt_sld_fab_with_jtag_input:\instrumentation_fabric_with_node_gen:fabric_gen_new_way:with_jtag_input_gen:instrumentation_fabric|alt_sld_fab:instrumentation_fabric|alt_sld_fab_alt_sld_fab:alt_sld_fab|alt_sld_fab_alt_sld_fab_sldfabric:sldfabric|sld_jtag_hub:\jtag_hub_gen:real_sld_jtag_hub|irf_reg[1][0]                      ; RAM_IMG:RAM_INST|altsyncram:altsyncram_component|altsyncram_0kh1:auto_generated|sld_mod_ram_rom:mgl_prim2|ram_rom_addr_reg[7]                                                                                                                                                                                                        ; altera_reserved_tck ; altera_reserved_tck ; 100.000      ; -0.050     ; 1.179      ;
; 98.778 ; sld_hub:auto_hub|alt_sld_fab_with_jtag_input:\instrumentation_fabric_with_node_gen:fabric_gen_new_way:with_jtag_input_gen:instrumentation_fabric|alt_sld_fab:instrumentation_fabric|alt_sld_fab_alt_sld_fab:alt_sld_fab|alt_sld_fab_alt_sld_fab_sldfabric:sldfabric|sld_jtag_hub:\jtag_hub_gen:real_sld_jtag_hub|irf_reg[1][0]                      ; RAM_IMG:RAM_INST|altsyncram:altsyncram_component|altsyncram_0kh1:auto_generated|sld_mod_ram_rom:mgl_prim2|ram_rom_addr_reg[8]                                                                                                                                                                                                        ; altera_reserved_tck ; altera_reserved_tck ; 100.000      ; -0.050     ; 1.179      ;
; 98.778 ; sld_hub:auto_hub|alt_sld_fab_with_jtag_input:\instrumentation_fabric_with_node_gen:fabric_gen_new_way:with_jtag_input_gen:instrumentation_fabric|alt_sld_fab:instrumentation_fabric|alt_sld_fab_alt_sld_fab:alt_sld_fab|alt_sld_fab_alt_sld_fab_sldfabric:sldfabric|sld_jtag_hub:\jtag_hub_gen:real_sld_jtag_hub|irf_reg[1][0]                      ; RAM_IMG:RAM_INST|altsyncram:altsyncram_component|altsyncram_0kh1:auto_generated|sld_mod_ram_rom:mgl_prim2|ram_rom_addr_reg[9]                                                                                                                                                                                                        ; altera_reserved_tck ; altera_reserved_tck ; 100.000      ; -0.050     ; 1.179      ;
; 98.778 ; sld_hub:auto_hub|alt_sld_fab_with_jtag_input:\instrumentation_fabric_with_node_gen:fabric_gen_new_way:with_jtag_input_gen:instrumentation_fabric|alt_sld_fab:instrumentation_fabric|alt_sld_fab_alt_sld_fab:alt_sld_fab|alt_sld_fab_alt_sld_fab_sldfabric:sldfabric|sld_jtag_hub:\jtag_hub_gen:real_sld_jtag_hub|irf_reg[1][0]                      ; RAM_IMG:RAM_INST|altsyncram:altsyncram_component|altsyncram_0kh1:auto_generated|sld_mod_ram_rom:mgl_prim2|ram_rom_addr_reg[10]                                                                                                                                                                                                       ; altera_reserved_tck ; altera_reserved_tck ; 100.000      ; -0.050     ; 1.179      ;
; 98.778 ; sld_hub:auto_hub|alt_sld_fab_with_jtag_input:\instrumentation_fabric_with_node_gen:fabric_gen_new_way:with_jtag_input_gen:instrumentation_fabric|alt_sld_fab:instrumentation_fabric|alt_sld_fab_alt_sld_fab:alt_sld_fab|alt_sld_fab_alt_sld_fab_sldfabric:sldfabric|sld_jtag_hub:\jtag_hub_gen:real_sld_jtag_hub|irf_reg[1][0]                      ; RAM_IMG:RAM_INST|altsyncram:altsyncram_component|altsyncram_0kh1:auto_generated|sld_mod_ram_rom:mgl_prim2|ram_rom_addr_reg[11]                                                                                                                                                                                                       ; altera_reserved_tck ; altera_reserved_tck ; 100.000      ; -0.050     ; 1.179      ;
; 98.778 ; sld_hub:auto_hub|alt_sld_fab_with_jtag_input:\instrumentation_fabric_with_node_gen:fabric_gen_new_way:with_jtag_input_gen:instrumentation_fabric|alt_sld_fab:instrumentation_fabric|alt_sld_fab_alt_sld_fab:alt_sld_fab|alt_sld_fab_alt_sld_fab_sldfabric:sldfabric|sld_jtag_hub:\jtag_hub_gen:real_sld_jtag_hub|irf_reg[1][0]                      ; RAM_IMG:RAM_INST|altsyncram:altsyncram_component|altsyncram_0kh1:auto_generated|sld_mod_ram_rom:mgl_prim2|ram_rom_addr_reg[12]                                                                                                                                                                                                       ; altera_reserved_tck ; altera_reserved_tck ; 100.000      ; -0.050     ; 1.179      ;
; 98.778 ; sld_hub:auto_hub|alt_sld_fab_with_jtag_input:\instrumentation_fabric_with_node_gen:fabric_gen_new_way:with_jtag_input_gen:instrumentation_fabric|alt_sld_fab:instrumentation_fabric|alt_sld_fab_alt_sld_fab:alt_sld_fab|alt_sld_fab_alt_sld_fab_sldfabric:sldfabric|sld_jtag_hub:\jtag_hub_gen:real_sld_jtag_hub|irf_reg[1][0]                      ; RAM_IMG:RAM_INST|altsyncram:altsyncram_component|altsyncram_0kh1:auto_generated|sld_mod_ram_rom:mgl_prim2|ram_rom_addr_reg[13]                                                                                                                                                                                                       ; altera_reserved_tck ; altera_reserved_tck ; 100.000      ; -0.050     ; 1.179      ;
; 98.778 ; sld_hub:auto_hub|alt_sld_fab_with_jtag_input:\instrumentation_fabric_with_node_gen:fabric_gen_new_way:with_jtag_input_gen:instrumentation_fabric|alt_sld_fab:instrumentation_fabric|alt_sld_fab_alt_sld_fab:alt_sld_fab|alt_sld_fab_alt_sld_fab_sldfabric:sldfabric|sld_jtag_hub:\jtag_hub_gen:real_sld_jtag_hub|irf_reg[1][0]                      ; RAM_IMG:RAM_INST|altsyncram:altsyncram_component|altsyncram_0kh1:auto_generated|sld_mod_ram_rom:mgl_prim2|ram_rom_addr_reg[14]                                                                                                                                                                                                       ; altera_reserved_tck ; altera_reserved_tck ; 100.000      ; -0.050     ; 1.179      ;
; 98.778 ; sld_hub:auto_hub|alt_sld_fab_with_jtag_input:\instrumentation_fabric_with_node_gen:fabric_gen_new_way:with_jtag_input_gen:instrumentation_fabric|alt_sld_fab:instrumentation_fabric|alt_sld_fab_alt_sld_fab:alt_sld_fab|alt_sld_fab_alt_sld_fab_sldfabric:sldfabric|sld_jtag_hub:\jtag_hub_gen:real_sld_jtag_hub|irf_reg[1][0]                      ; RAM_IMG:RAM_INST|altsyncram:altsyncram_component|altsyncram_0kh1:auto_generated|sld_mod_ram_rom:mgl_prim2|ram_rom_addr_reg[15]                                                                                                                                                                                                       ; altera_reserved_tck ; altera_reserved_tck ; 100.000      ; -0.050     ; 1.179      ;
; 98.778 ; sld_hub:auto_hub|alt_sld_fab_with_jtag_input:\instrumentation_fabric_with_node_gen:fabric_gen_new_way:with_jtag_input_gen:instrumentation_fabric|alt_sld_fab:instrumentation_fabric|alt_sld_fab_alt_sld_fab:alt_sld_fab|alt_sld_fab_alt_sld_fab_sldfabric:sldfabric|sld_jtag_hub:\jtag_hub_gen:real_sld_jtag_hub|irf_reg[1][0]                      ; RAM_IMG:RAM_INST|altsyncram:altsyncram_component|altsyncram_0kh1:auto_generated|sld_mod_ram_rom:mgl_prim2|ram_rom_addr_reg[0]                                                                                                                                                                                                        ; altera_reserved_tck ; altera_reserved_tck ; 100.000      ; -0.050     ; 1.179      ;
; 98.876 ; sld_hub:auto_hub|alt_sld_fab_with_jtag_input:\instrumentation_fabric_with_node_gen:fabric_gen_new_way:with_jtag_input_gen:instrumentation_fabric|alt_sld_fab:instrumentation_fabric|alt_sld_fab_alt_sld_fab:alt_sld_fab|alt_sld_fab_alt_sld_fab_sldfabric:sldfabric|sld_jtag_hub:\jtag_hub_gen:real_sld_jtag_hub|irf_reg[1][0]                      ; RAM_IMG:RAM_INST|altsyncram:altsyncram_component|altsyncram_0kh1:auto_generated|sld_mod_ram_rom:mgl_prim2|ir_loaded_address_reg[1]                                                                                                                                                                                                   ; altera_reserved_tck ; altera_reserved_tck ; 100.000      ; -0.045     ; 1.086      ;
; 98.876 ; sld_hub:auto_hub|alt_sld_fab_with_jtag_input:\instrumentation_fabric_with_node_gen:fabric_gen_new_way:with_jtag_input_gen:instrumentation_fabric|alt_sld_fab:instrumentation_fabric|alt_sld_fab_alt_sld_fab:alt_sld_fab|alt_sld_fab_alt_sld_fab_sldfabric:sldfabric|sld_jtag_hub:\jtag_hub_gen:real_sld_jtag_hub|irf_reg[1][0]                      ; RAM_IMG:RAM_INST|altsyncram:altsyncram_component|altsyncram_0kh1:auto_generated|sld_mod_ram_rom:mgl_prim2|ir_loaded_address_reg[4]                                                                                                                                                                                                   ; altera_reserved_tck ; altera_reserved_tck ; 100.000      ; -0.045     ; 1.086      ;
; 98.876 ; sld_hub:auto_hub|alt_sld_fab_with_jtag_input:\instrumentation_fabric_with_node_gen:fabric_gen_new_way:with_jtag_input_gen:instrumentation_fabric|alt_sld_fab:instrumentation_fabric|alt_sld_fab_alt_sld_fab:alt_sld_fab|alt_sld_fab_alt_sld_fab_sldfabric:sldfabric|sld_jtag_hub:\jtag_hub_gen:real_sld_jtag_hub|irf_reg[1][0]                      ; RAM_IMG:RAM_INST|altsyncram:altsyncram_component|altsyncram_0kh1:auto_generated|sld_mod_ram_rom:mgl_prim2|ir_loaded_address_reg[6]                                                                                                                                                                                                   ; altera_reserved_tck ; altera_reserved_tck ; 100.000      ; -0.045     ; 1.086      ;
; 98.876 ; sld_hub:auto_hub|alt_sld_fab_with_jtag_input:\instrumentation_fabric_with_node_gen:fabric_gen_new_way:with_jtag_input_gen:instrumentation_fabric|alt_sld_fab:instrumentation_fabric|alt_sld_fab_alt_sld_fab:alt_sld_fab|alt_sld_fab_alt_sld_fab_sldfabric:sldfabric|sld_jtag_hub:\jtag_hub_gen:real_sld_jtag_hub|irf_reg[1][0]                      ; RAM_IMG:RAM_INST|altsyncram:altsyncram_component|altsyncram_0kh1:auto_generated|sld_mod_ram_rom:mgl_prim2|ir_loaded_address_reg[5]                                                                                                                                                                                                   ; altera_reserved_tck ; altera_reserved_tck ; 100.000      ; -0.045     ; 1.086      ;
; 98.876 ; sld_hub:auto_hub|alt_sld_fab_with_jtag_input:\instrumentation_fabric_with_node_gen:fabric_gen_new_way:with_jtag_input_gen:instrumentation_fabric|alt_sld_fab:instrumentation_fabric|alt_sld_fab_alt_sld_fab:alt_sld_fab|alt_sld_fab_alt_sld_fab_sldfabric:sldfabric|sld_jtag_hub:\jtag_hub_gen:real_sld_jtag_hub|irf_reg[1][0]                      ; RAM_IMG:RAM_INST|altsyncram:altsyncram_component|altsyncram_0kh1:auto_generated|sld_mod_ram_rom:mgl_prim2|ir_loaded_address_reg[3]                                                                                                                                                                                                   ; altera_reserved_tck ; altera_reserved_tck ; 100.000      ; -0.045     ; 1.086      ;
; 98.876 ; sld_hub:auto_hub|alt_sld_fab_with_jtag_input:\instrumentation_fabric_with_node_gen:fabric_gen_new_way:with_jtag_input_gen:instrumentation_fabric|alt_sld_fab:instrumentation_fabric|alt_sld_fab_alt_sld_fab:alt_sld_fab|alt_sld_fab_alt_sld_fab_sldfabric:sldfabric|sld_jtag_hub:\jtag_hub_gen:real_sld_jtag_hub|irf_reg[1][0]                      ; RAM_IMG:RAM_INST|altsyncram:altsyncram_component|altsyncram_0kh1:auto_generated|sld_mod_ram_rom:mgl_prim2|ir_loaded_address_reg[2]                                                                                                                                                                                                   ; altera_reserved_tck ; altera_reserved_tck ; 100.000      ; -0.045     ; 1.086      ;
; 98.876 ; sld_hub:auto_hub|alt_sld_fab_with_jtag_input:\instrumentation_fabric_with_node_gen:fabric_gen_new_way:with_jtag_input_gen:instrumentation_fabric|alt_sld_fab:instrumentation_fabric|alt_sld_fab_alt_sld_fab:alt_sld_fab|alt_sld_fab_alt_sld_fab_sldfabric:sldfabric|sld_jtag_hub:\jtag_hub_gen:real_sld_jtag_hub|irf_reg[1][0]                      ; RAM_IMG:RAM_INST|altsyncram:altsyncram_component|altsyncram_0kh1:auto_generated|sld_mod_ram_rom:mgl_prim2|ir_loaded_address_reg[0]                                                                                                                                                                                                   ; altera_reserved_tck ; altera_reserved_tck ; 100.000      ; -0.045     ; 1.086      ;
; 98.893 ; sld_hub:auto_hub|alt_sld_fab_with_jtag_input:\instrumentation_fabric_with_node_gen:fabric_gen_new_way:with_jtag_input_gen:instrumentation_fabric|alt_sld_fab:instrumentation_fabric|alt_sld_fab_alt_sld_fab:alt_sld_fab|alt_sld_fab_alt_sld_fab_sldfabric:sldfabric|sld_jtag_hub:\jtag_hub_gen:real_sld_jtag_hub|clr_reg                            ; sld_hub:auto_hub|alt_sld_fab_with_jtag_input:\instrumentation_fabric_with_node_gen:fabric_gen_new_way:with_jtag_input_gen:instrumentation_fabric|alt_sld_fab:instrumentation_fabric|alt_sld_fab_alt_sld_fab:alt_sld_fab|alt_sld_fab_alt_sld_fab_sldfabric:sldfabric|sld_jtag_hub:\jtag_hub_gen:real_sld_jtag_hub|irsr_reg[1]         ; altera_reserved_tck ; altera_reserved_tck ; 100.000      ; -0.044     ; 1.070      ;
; 98.893 ; sld_hub:auto_hub|alt_sld_fab_with_jtag_input:\instrumentation_fabric_with_node_gen:fabric_gen_new_way:with_jtag_input_gen:instrumentation_fabric|alt_sld_fab:instrumentation_fabric|alt_sld_fab_alt_sld_fab:alt_sld_fab|alt_sld_fab_alt_sld_fab_sldfabric:sldfabric|sld_jtag_hub:\jtag_hub_gen:real_sld_jtag_hub|clr_reg                            ; sld_hub:auto_hub|alt_sld_fab_with_jtag_input:\instrumentation_fabric_with_node_gen:fabric_gen_new_way:with_jtag_input_gen:instrumentation_fabric|alt_sld_fab:instrumentation_fabric|alt_sld_fab_alt_sld_fab:alt_sld_fab|alt_sld_fab_alt_sld_fab_sldfabric:sldfabric|sld_jtag_hub:\jtag_hub_gen:real_sld_jtag_hub|irsr_reg[0]         ; altera_reserved_tck ; altera_reserved_tck ; 100.000      ; -0.044     ; 1.070      ;
; 98.893 ; sld_hub:auto_hub|alt_sld_fab_with_jtag_input:\instrumentation_fabric_with_node_gen:fabric_gen_new_way:with_jtag_input_gen:instrumentation_fabric|alt_sld_fab:instrumentation_fabric|alt_sld_fab_alt_sld_fab:alt_sld_fab|alt_sld_fab_alt_sld_fab_sldfabric:sldfabric|sld_jtag_hub:\jtag_hub_gen:real_sld_jtag_hub|clr_reg                            ; sld_hub:auto_hub|alt_sld_fab_with_jtag_input:\instrumentation_fabric_with_node_gen:fabric_gen_new_way:with_jtag_input_gen:instrumentation_fabric|alt_sld_fab:instrumentation_fabric|alt_sld_fab_alt_sld_fab:alt_sld_fab|alt_sld_fab_alt_sld_fab_sldfabric:sldfabric|sld_jtag_hub:\jtag_hub_gen:real_sld_jtag_hub|irsr_reg[2]         ; altera_reserved_tck ; altera_reserved_tck ; 100.000      ; -0.044     ; 1.070      ;
; 98.893 ; sld_hub:auto_hub|alt_sld_fab_with_jtag_input:\instrumentation_fabric_with_node_gen:fabric_gen_new_way:with_jtag_input_gen:instrumentation_fabric|alt_sld_fab:instrumentation_fabric|alt_sld_fab_alt_sld_fab:alt_sld_fab|alt_sld_fab_alt_sld_fab_sldfabric:sldfabric|sld_jtag_hub:\jtag_hub_gen:real_sld_jtag_hub|clr_reg                            ; sld_hub:auto_hub|alt_sld_fab_with_jtag_input:\instrumentation_fabric_with_node_gen:fabric_gen_new_way:with_jtag_input_gen:instrumentation_fabric|alt_sld_fab:instrumentation_fabric|alt_sld_fab_alt_sld_fab:alt_sld_fab|alt_sld_fab_alt_sld_fab_sldfabric:sldfabric|sld_jtag_hub:\jtag_hub_gen:real_sld_jtag_hub|irsr_reg[4]         ; altera_reserved_tck ; altera_reserved_tck ; 100.000      ; -0.044     ; 1.070      ;
; 98.893 ; sld_hub:auto_hub|alt_sld_fab_with_jtag_input:\instrumentation_fabric_with_node_gen:fabric_gen_new_way:with_jtag_input_gen:instrumentation_fabric|alt_sld_fab:instrumentation_fabric|alt_sld_fab_alt_sld_fab:alt_sld_fab|alt_sld_fab_alt_sld_fab_sldfabric:sldfabric|sld_jtag_hub:\jtag_hub_gen:real_sld_jtag_hub|clr_reg                            ; sld_hub:auto_hub|alt_sld_fab_with_jtag_input:\instrumentation_fabric_with_node_gen:fabric_gen_new_way:with_jtag_input_gen:instrumentation_fabric|alt_sld_fab:instrumentation_fabric|alt_sld_fab_alt_sld_fab:alt_sld_fab|alt_sld_fab_alt_sld_fab_sldfabric:sldfabric|sld_jtag_hub:\jtag_hub_gen:real_sld_jtag_hub|irsr_reg[5]         ; altera_reserved_tck ; altera_reserved_tck ; 100.000      ; -0.044     ; 1.070      ;
; 98.893 ; sld_hub:auto_hub|alt_sld_fab_with_jtag_input:\instrumentation_fabric_with_node_gen:fabric_gen_new_way:with_jtag_input_gen:instrumentation_fabric|alt_sld_fab:instrumentation_fabric|alt_sld_fab_alt_sld_fab:alt_sld_fab|alt_sld_fab_alt_sld_fab_sldfabric:sldfabric|sld_jtag_hub:\jtag_hub_gen:real_sld_jtag_hub|clr_reg                            ; sld_hub:auto_hub|alt_sld_fab_with_jtag_input:\instrumentation_fabric_with_node_gen:fabric_gen_new_way:with_jtag_input_gen:instrumentation_fabric|alt_sld_fab:instrumentation_fabric|alt_sld_fab_alt_sld_fab:alt_sld_fab|alt_sld_fab_alt_sld_fab_sldfabric:sldfabric|sld_jtag_hub:\jtag_hub_gen:real_sld_jtag_hub|irsr_reg[6]         ; altera_reserved_tck ; altera_reserved_tck ; 100.000      ; -0.044     ; 1.070      ;
; 98.893 ; sld_hub:auto_hub|alt_sld_fab_with_jtag_input:\instrumentation_fabric_with_node_gen:fabric_gen_new_way:with_jtag_input_gen:instrumentation_fabric|alt_sld_fab:instrumentation_fabric|alt_sld_fab_alt_sld_fab:alt_sld_fab|alt_sld_fab_alt_sld_fab_sldfabric:sldfabric|sld_jtag_hub:\jtag_hub_gen:real_sld_jtag_hub|clr_reg                            ; sld_hub:auto_hub|alt_sld_fab_with_jtag_input:\instrumentation_fabric_with_node_gen:fabric_gen_new_way:with_jtag_input_gen:instrumentation_fabric|alt_sld_fab:instrumentation_fabric|alt_sld_fab_alt_sld_fab:alt_sld_fab|alt_sld_fab_alt_sld_fab_sldfabric:sldfabric|sld_jtag_hub:\jtag_hub_gen:real_sld_jtag_hub|irsr_reg[7]         ; altera_reserved_tck ; altera_reserved_tck ; 100.000      ; -0.044     ; 1.070      ;
; 98.893 ; sld_hub:auto_hub|alt_sld_fab_with_jtag_input:\instrumentation_fabric_with_node_gen:fabric_gen_new_way:with_jtag_input_gen:instrumentation_fabric|alt_sld_fab:instrumentation_fabric|alt_sld_fab_alt_sld_fab:alt_sld_fab|alt_sld_fab_alt_sld_fab_sldfabric:sldfabric|sld_jtag_hub:\jtag_hub_gen:real_sld_jtag_hub|clr_reg                            ; sld_hub:auto_hub|alt_sld_fab_with_jtag_input:\instrumentation_fabric_with_node_gen:fabric_gen_new_way:with_jtag_input_gen:instrumentation_fabric|alt_sld_fab:instrumentation_fabric|alt_sld_fab_alt_sld_fab:alt_sld_fab|alt_sld_fab_alt_sld_fab_sldfabric:sldfabric|sld_jtag_hub:\jtag_hub_gen:real_sld_jtag_hub|irf_reg[1][0]       ; altera_reserved_tck ; altera_reserved_tck ; 100.000      ; -0.044     ; 1.070      ;
; 98.893 ; sld_hub:auto_hub|alt_sld_fab_with_jtag_input:\instrumentation_fabric_with_node_gen:fabric_gen_new_way:with_jtag_input_gen:instrumentation_fabric|alt_sld_fab:instrumentation_fabric|alt_sld_fab_alt_sld_fab:alt_sld_fab|alt_sld_fab_alt_sld_fab_sldfabric:sldfabric|sld_jtag_hub:\jtag_hub_gen:real_sld_jtag_hub|clr_reg                            ; sld_hub:auto_hub|alt_sld_fab_with_jtag_input:\instrumentation_fabric_with_node_gen:fabric_gen_new_way:with_jtag_input_gen:instrumentation_fabric|alt_sld_fab:instrumentation_fabric|alt_sld_fab_alt_sld_fab:alt_sld_fab|alt_sld_fab_alt_sld_fab_sldfabric:sldfabric|sld_jtag_hub:\jtag_hub_gen:real_sld_jtag_hub|irf_reg[1][4]       ; altera_reserved_tck ; altera_reserved_tck ; 100.000      ; -0.044     ; 1.070      ;
; 98.893 ; sld_hub:auto_hub|alt_sld_fab_with_jtag_input:\instrumentation_fabric_with_node_gen:fabric_gen_new_way:with_jtag_input_gen:instrumentation_fabric|alt_sld_fab:instrumentation_fabric|alt_sld_fab_alt_sld_fab:alt_sld_fab|alt_sld_fab_alt_sld_fab_sldfabric:sldfabric|sld_jtag_hub:\jtag_hub_gen:real_sld_jtag_hub|clr_reg                            ; sld_hub:auto_hub|alt_sld_fab_with_jtag_input:\instrumentation_fabric_with_node_gen:fabric_gen_new_way:with_jtag_input_gen:instrumentation_fabric|alt_sld_fab:instrumentation_fabric|alt_sld_fab_alt_sld_fab:alt_sld_fab|alt_sld_fab_alt_sld_fab_sldfabric:sldfabric|sld_jtag_hub:\jtag_hub_gen:real_sld_jtag_hub|irf_reg[1][6]       ; altera_reserved_tck ; altera_reserved_tck ; 100.000      ; -0.044     ; 1.070      ;
; 98.893 ; sld_hub:auto_hub|alt_sld_fab_with_jtag_input:\instrumentation_fabric_with_node_gen:fabric_gen_new_way:with_jtag_input_gen:instrumentation_fabric|alt_sld_fab:instrumentation_fabric|alt_sld_fab_alt_sld_fab:alt_sld_fab|alt_sld_fab_alt_sld_fab_sldfabric:sldfabric|sld_jtag_hub:\jtag_hub_gen:real_sld_jtag_hub|clr_reg                            ; sld_hub:auto_hub|alt_sld_fab_with_jtag_input:\instrumentation_fabric_with_node_gen:fabric_gen_new_way:with_jtag_input_gen:instrumentation_fabric|alt_sld_fab:instrumentation_fabric|alt_sld_fab_alt_sld_fab:alt_sld_fab|alt_sld_fab_alt_sld_fab_sldfabric:sldfabric|sld_jtag_hub:\jtag_hub_gen:real_sld_jtag_hub|irf_reg[1][7]       ; altera_reserved_tck ; altera_reserved_tck ; 100.000      ; -0.044     ; 1.070      ;
; 98.968 ; sld_hub:auto_hub|alt_sld_fab_with_jtag_input:\instrumentation_fabric_with_node_gen:fabric_gen_new_way:with_jtag_input_gen:instrumentation_fabric|alt_sld_fab:instrumentation_fabric|alt_sld_fab_alt_sld_fab:alt_sld_fab|alt_sld_fab_alt_sld_fab_sldfabric:sldfabric|sld_jtag_hub:\jtag_hub_gen:real_sld_jtag_hub|clr_reg                            ; RAM_IMG:RAM_INST|altsyncram:altsyncram_component|altsyncram_0kh1:auto_generated|sld_mod_ram_rom:mgl_prim2|bypass_reg_out                                                                                                                                                                                                             ; altera_reserved_tck ; altera_reserved_tck ; 100.000      ; -0.039     ; 1.000      ;
; 98.970 ; sld_hub:auto_hub|alt_sld_fab_with_jtag_input:\instrumentation_fabric_with_node_gen:fabric_gen_new_way:with_jtag_input_gen:instrumentation_fabric|alt_sld_fab:instrumentation_fabric|alt_sld_fab_alt_sld_fab:alt_sld_fab|alt_sld_fab_alt_sld_fab_sldfabric:sldfabric|sld_jtag_hub:\jtag_hub_gen:real_sld_jtag_hub|clr_reg                            ; RAM_IMG:RAM_INST|altsyncram:altsyncram_component|altsyncram_0kh1:auto_generated|sld_mod_ram_rom:mgl_prim2|is_in_use_reg                                                                                                                                                                                                              ; altera_reserved_tck ; altera_reserved_tck ; 100.000      ; -0.046     ; 0.991      ;
; 98.972 ; sld_hub:auto_hub|alt_sld_fab_with_jtag_input:\instrumentation_fabric_with_node_gen:fabric_gen_new_way:with_jtag_input_gen:instrumentation_fabric|alt_sld_fab:instrumentation_fabric|alt_sld_fab_alt_sld_fab:alt_sld_fab|alt_sld_fab_alt_sld_fab_sldfabric:sldfabric|sld_jtag_hub:\jtag_hub_gen:real_sld_jtag_hub|sld_shadow_jsm:shadow_jsm|state[0] ; sld_hub:auto_hub|alt_sld_fab_with_jtag_input:\instrumentation_fabric_with_node_gen:fabric_gen_new_way:with_jtag_input_gen:instrumentation_fabric|alt_sld_fab:instrumentation_fabric|alt_sld_fab_alt_sld_fab:alt_sld_fab|alt_sld_fab_alt_sld_fab_sldfabric:sldfabric|sld_jtag_hub:\jtag_hub_gen:real_sld_jtag_hub|jtag_ir_reg[0]      ; altera_reserved_tck ; altera_reserved_tck ; 100.000      ; -0.041     ; 0.994      ;
; 98.972 ; sld_hub:auto_hub|alt_sld_fab_with_jtag_input:\instrumentation_fabric_with_node_gen:fabric_gen_new_way:with_jtag_input_gen:instrumentation_fabric|alt_sld_fab:instrumentation_fabric|alt_sld_fab_alt_sld_fab:alt_sld_fab|alt_sld_fab_alt_sld_fab_sldfabric:sldfabric|sld_jtag_hub:\jtag_hub_gen:real_sld_jtag_hub|sld_shadow_jsm:shadow_jsm|state[0] ; sld_hub:auto_hub|alt_sld_fab_with_jtag_input:\instrumentation_fabric_with_node_gen:fabric_gen_new_way:with_jtag_input_gen:instrumentation_fabric|alt_sld_fab:instrumentation_fabric|alt_sld_fab_alt_sld_fab:alt_sld_fab|alt_sld_fab_alt_sld_fab_sldfabric:sldfabric|sld_jtag_hub:\jtag_hub_gen:real_sld_jtag_hub|jtag_ir_reg[1]      ; altera_reserved_tck ; altera_reserved_tck ; 100.000      ; -0.041     ; 0.994      ;
; 98.972 ; sld_hub:auto_hub|alt_sld_fab_with_jtag_input:\instrumentation_fabric_with_node_gen:fabric_gen_new_way:with_jtag_input_gen:instrumentation_fabric|alt_sld_fab:instrumentation_fabric|alt_sld_fab_alt_sld_fab:alt_sld_fab|alt_sld_fab_alt_sld_fab_sldfabric:sldfabric|sld_jtag_hub:\jtag_hub_gen:real_sld_jtag_hub|sld_shadow_jsm:shadow_jsm|state[0] ; sld_hub:auto_hub|alt_sld_fab_with_jtag_input:\instrumentation_fabric_with_node_gen:fabric_gen_new_way:with_jtag_input_gen:instrumentation_fabric|alt_sld_fab:instrumentation_fabric|alt_sld_fab_alt_sld_fab:alt_sld_fab|alt_sld_fab_alt_sld_fab_sldfabric:sldfabric|sld_jtag_hub:\jtag_hub_gen:real_sld_jtag_hub|jtag_ir_reg[2]      ; altera_reserved_tck ; altera_reserved_tck ; 100.000      ; -0.041     ; 0.994      ;
; 98.972 ; sld_hub:auto_hub|alt_sld_fab_with_jtag_input:\instrumentation_fabric_with_node_gen:fabric_gen_new_way:with_jtag_input_gen:instrumentation_fabric|alt_sld_fab:instrumentation_fabric|alt_sld_fab_alt_sld_fab:alt_sld_fab|alt_sld_fab_alt_sld_fab_sldfabric:sldfabric|sld_jtag_hub:\jtag_hub_gen:real_sld_jtag_hub|sld_shadow_jsm:shadow_jsm|state[0] ; sld_hub:auto_hub|alt_sld_fab_with_jtag_input:\instrumentation_fabric_with_node_gen:fabric_gen_new_way:with_jtag_input_gen:instrumentation_fabric|alt_sld_fab:instrumentation_fabric|alt_sld_fab_alt_sld_fab:alt_sld_fab|alt_sld_fab_alt_sld_fab_sldfabric:sldfabric|sld_jtag_hub:\jtag_hub_gen:real_sld_jtag_hub|jtag_ir_reg[3]      ; altera_reserved_tck ; altera_reserved_tck ; 100.000      ; -0.041     ; 0.994      ;
; 98.972 ; sld_hub:auto_hub|alt_sld_fab_with_jtag_input:\instrumentation_fabric_with_node_gen:fabric_gen_new_way:with_jtag_input_gen:instrumentation_fabric|alt_sld_fab:instrumentation_fabric|alt_sld_fab_alt_sld_fab:alt_sld_fab|alt_sld_fab_alt_sld_fab_sldfabric:sldfabric|sld_jtag_hub:\jtag_hub_gen:real_sld_jtag_hub|sld_shadow_jsm:shadow_jsm|state[0] ; sld_hub:auto_hub|alt_sld_fab_with_jtag_input:\instrumentation_fabric_with_node_gen:fabric_gen_new_way:with_jtag_input_gen:instrumentation_fabric|alt_sld_fab:instrumentation_fabric|alt_sld_fab_alt_sld_fab:alt_sld_fab|alt_sld_fab_alt_sld_fab_sldfabric:sldfabric|sld_jtag_hub:\jtag_hub_gen:real_sld_jtag_hub|jtag_ir_reg[4]      ; altera_reserved_tck ; altera_reserved_tck ; 100.000      ; -0.041     ; 0.994      ;
; 98.972 ; sld_hub:auto_hub|alt_sld_fab_with_jtag_input:\instrumentation_fabric_with_node_gen:fabric_gen_new_way:with_jtag_input_gen:instrumentation_fabric|alt_sld_fab:instrumentation_fabric|alt_sld_fab_alt_sld_fab:alt_sld_fab|alt_sld_fab_alt_sld_fab_sldfabric:sldfabric|sld_jtag_hub:\jtag_hub_gen:real_sld_jtag_hub|sld_shadow_jsm:shadow_jsm|state[0] ; sld_hub:auto_hub|alt_sld_fab_with_jtag_input:\instrumentation_fabric_with_node_gen:fabric_gen_new_way:with_jtag_input_gen:instrumentation_fabric|alt_sld_fab:instrumentation_fabric|alt_sld_fab_alt_sld_fab:alt_sld_fab|alt_sld_fab_alt_sld_fab_sldfabric:sldfabric|sld_jtag_hub:\jtag_hub_gen:real_sld_jtag_hub|jtag_ir_reg[5]      ; altera_reserved_tck ; altera_reserved_tck ; 100.000      ; -0.041     ; 0.994      ;
; 98.972 ; sld_hub:auto_hub|alt_sld_fab_with_jtag_input:\instrumentation_fabric_with_node_gen:fabric_gen_new_way:with_jtag_input_gen:instrumentation_fabric|alt_sld_fab:instrumentation_fabric|alt_sld_fab_alt_sld_fab:alt_sld_fab|alt_sld_fab_alt_sld_fab_sldfabric:sldfabric|sld_jtag_hub:\jtag_hub_gen:real_sld_jtag_hub|sld_shadow_jsm:shadow_jsm|state[0] ; sld_hub:auto_hub|alt_sld_fab_with_jtag_input:\instrumentation_fabric_with_node_gen:fabric_gen_new_way:with_jtag_input_gen:instrumentation_fabric|alt_sld_fab:instrumentation_fabric|alt_sld_fab_alt_sld_fab:alt_sld_fab|alt_sld_fab_alt_sld_fab_sldfabric:sldfabric|sld_jtag_hub:\jtag_hub_gen:real_sld_jtag_hub|jtag_ir_reg[6]      ; altera_reserved_tck ; altera_reserved_tck ; 100.000      ; -0.041     ; 0.994      ;
; 98.972 ; sld_hub:auto_hub|alt_sld_fab_with_jtag_input:\instrumentation_fabric_with_node_gen:fabric_gen_new_way:with_jtag_input_gen:instrumentation_fabric|alt_sld_fab:instrumentation_fabric|alt_sld_fab_alt_sld_fab:alt_sld_fab|alt_sld_fab_alt_sld_fab_sldfabric:sldfabric|sld_jtag_hub:\jtag_hub_gen:real_sld_jtag_hub|sld_shadow_jsm:shadow_jsm|state[0] ; sld_hub:auto_hub|alt_sld_fab_with_jtag_input:\instrumentation_fabric_with_node_gen:fabric_gen_new_way:with_jtag_input_gen:instrumentation_fabric|alt_sld_fab:instrumentation_fabric|alt_sld_fab_alt_sld_fab:alt_sld_fab|alt_sld_fab_alt_sld_fab_sldfabric:sldfabric|sld_jtag_hub:\jtag_hub_gen:real_sld_jtag_hub|jtag_ir_reg[7]      ; altera_reserved_tck ; altera_reserved_tck ; 100.000      ; -0.041     ; 0.994      ;
; 98.972 ; sld_hub:auto_hub|alt_sld_fab_with_jtag_input:\instrumentation_fabric_with_node_gen:fabric_gen_new_way:with_jtag_input_gen:instrumentation_fabric|alt_sld_fab:instrumentation_fabric|alt_sld_fab_alt_sld_fab:alt_sld_fab|alt_sld_fab_alt_sld_fab_sldfabric:sldfabric|sld_jtag_hub:\jtag_hub_gen:real_sld_jtag_hub|sld_shadow_jsm:shadow_jsm|state[0] ; sld_hub:auto_hub|alt_sld_fab_with_jtag_input:\instrumentation_fabric_with_node_gen:fabric_gen_new_way:with_jtag_input_gen:instrumentation_fabric|alt_sld_fab:instrumentation_fabric|alt_sld_fab_alt_sld_fab:alt_sld_fab|alt_sld_fab_alt_sld_fab_sldfabric:sldfabric|sld_jtag_hub:\jtag_hub_gen:real_sld_jtag_hub|jtag_ir_reg[8]      ; altera_reserved_tck ; altera_reserved_tck ; 100.000      ; -0.041     ; 0.994      ;
; 98.972 ; sld_hub:auto_hub|alt_sld_fab_with_jtag_input:\instrumentation_fabric_with_node_gen:fabric_gen_new_way:with_jtag_input_gen:instrumentation_fabric|alt_sld_fab:instrumentation_fabric|alt_sld_fab_alt_sld_fab:alt_sld_fab|alt_sld_fab_alt_sld_fab_sldfabric:sldfabric|sld_jtag_hub:\jtag_hub_gen:real_sld_jtag_hub|sld_shadow_jsm:shadow_jsm|state[0] ; sld_hub:auto_hub|alt_sld_fab_with_jtag_input:\instrumentation_fabric_with_node_gen:fabric_gen_new_way:with_jtag_input_gen:instrumentation_fabric|alt_sld_fab:instrumentation_fabric|alt_sld_fab_alt_sld_fab:alt_sld_fab|alt_sld_fab_alt_sld_fab_sldfabric:sldfabric|sld_jtag_hub:\jtag_hub_gen:real_sld_jtag_hub|jtag_ir_reg[9]      ; altera_reserved_tck ; altera_reserved_tck ; 100.000      ; -0.041     ; 0.994      ;
; 99.000 ; sld_hub:auto_hub|alt_sld_fab_with_jtag_input:\instrumentation_fabric_with_node_gen:fabric_gen_new_way:with_jtag_input_gen:instrumentation_fabric|alt_sld_fab:instrumentation_fabric|alt_sld_fab_alt_sld_fab:alt_sld_fab|alt_sld_fab_alt_sld_fab_sldfabric:sldfabric|sld_jtag_hub:\jtag_hub_gen:real_sld_jtag_hub|clr_reg                            ; sld_hub:auto_hub|alt_sld_fab_with_jtag_input:\instrumentation_fabric_with_node_gen:fabric_gen_new_way:with_jtag_input_gen:instrumentation_fabric|alt_sld_fab:instrumentation_fabric|alt_sld_fab_alt_sld_fab:alt_sld_fab|alt_sld_fab_alt_sld_fab_sldfabric:sldfabric|sld_jtag_hub:\jtag_hub_gen:real_sld_jtag_hub|irf_reg[1][3]       ; altera_reserved_tck ; altera_reserved_tck ; 100.000      ; -0.039     ; 0.968      ;
; 99.000 ; sld_hub:auto_hub|alt_sld_fab_with_jtag_input:\instrumentation_fabric_with_node_gen:fabric_gen_new_way:with_jtag_input_gen:instrumentation_fabric|alt_sld_fab:instrumentation_fabric|alt_sld_fab_alt_sld_fab:alt_sld_fab|alt_sld_fab_alt_sld_fab_sldfabric:sldfabric|sld_jtag_hub:\jtag_hub_gen:real_sld_jtag_hub|clr_reg                            ; sld_hub:auto_hub|alt_sld_fab_with_jtag_input:\instrumentation_fabric_with_node_gen:fabric_gen_new_way:with_jtag_input_gen:instrumentation_fabric|alt_sld_fab:instrumentation_fabric|alt_sld_fab_alt_sld_fab:alt_sld_fab|alt_sld_fab_alt_sld_fab_sldfabric:sldfabric|sld_jtag_hub:\jtag_hub_gen:real_sld_jtag_hub|irf_reg[1][1]       ; altera_reserved_tck ; altera_reserved_tck ; 100.000      ; -0.039     ; 0.968      ;
; 99.000 ; sld_hub:auto_hub|alt_sld_fab_with_jtag_input:\instrumentation_fabric_with_node_gen:fabric_gen_new_way:with_jtag_input_gen:instrumentation_fabric|alt_sld_fab:instrumentation_fabric|alt_sld_fab_alt_sld_fab:alt_sld_fab|alt_sld_fab_alt_sld_fab_sldfabric:sldfabric|sld_jtag_hub:\jtag_hub_gen:real_sld_jtag_hub|clr_reg                            ; sld_hub:auto_hub|alt_sld_fab_with_jtag_input:\instrumentation_fabric_with_node_gen:fabric_gen_new_way:with_jtag_input_gen:instrumentation_fabric|alt_sld_fab:instrumentation_fabric|alt_sld_fab_alt_sld_fab:alt_sld_fab|alt_sld_fab_alt_sld_fab_sldfabric:sldfabric|sld_jtag_hub:\jtag_hub_gen:real_sld_jtag_hub|irf_reg[1][2]       ; altera_reserved_tck ; altera_reserved_tck ; 100.000      ; -0.039     ; 0.968      ;
; 99.000 ; sld_hub:auto_hub|alt_sld_fab_with_jtag_input:\instrumentation_fabric_with_node_gen:fabric_gen_new_way:with_jtag_input_gen:instrumentation_fabric|alt_sld_fab:instrumentation_fabric|alt_sld_fab_alt_sld_fab:alt_sld_fab|alt_sld_fab_alt_sld_fab_sldfabric:sldfabric|sld_jtag_hub:\jtag_hub_gen:real_sld_jtag_hub|clr_reg                            ; sld_hub:auto_hub|alt_sld_fab_with_jtag_input:\instrumentation_fabric_with_node_gen:fabric_gen_new_way:with_jtag_input_gen:instrumentation_fabric|alt_sld_fab:instrumentation_fabric|alt_sld_fab_alt_sld_fab:alt_sld_fab|alt_sld_fab_alt_sld_fab_sldfabric:sldfabric|sld_jtag_hub:\jtag_hub_gen:real_sld_jtag_hub|irf_reg[1][5]       ; altera_reserved_tck ; altera_reserved_tck ; 100.000      ; -0.039     ; 0.968      ;
; 99.049 ; sld_hub:auto_hub|alt_sld_fab_with_jtag_input:\instrumentation_fabric_with_node_gen:fabric_gen_new_way:with_jtag_input_gen:instrumentation_fabric|alt_sld_fab:instrumentation_fabric|alt_sld_fab_alt_sld_fab:alt_sld_fab|alt_sld_fab_alt_sld_fab_sldfabric:sldfabric|sld_jtag_hub:\jtag_hub_gen:real_sld_jtag_hub|irf_reg[1][4]                      ; RAM_IMG:RAM_INST|altsyncram:altsyncram_component|altsyncram_0kh1:auto_generated|sld_mod_ram_rom:mgl_prim2|ir_loaded_address_reg[1]                                                                                                                                                                                                   ; altera_reserved_tck ; altera_reserved_tck ; 100.000      ; -0.045     ; 0.913      ;
; 99.049 ; sld_hub:auto_hub|alt_sld_fab_with_jtag_input:\instrumentation_fabric_with_node_gen:fabric_gen_new_way:with_jtag_input_gen:instrumentation_fabric|alt_sld_fab:instrumentation_fabric|alt_sld_fab_alt_sld_fab:alt_sld_fab|alt_sld_fab_alt_sld_fab_sldfabric:sldfabric|sld_jtag_hub:\jtag_hub_gen:real_sld_jtag_hub|irf_reg[1][4]                      ; RAM_IMG:RAM_INST|altsyncram:altsyncram_component|altsyncram_0kh1:auto_generated|sld_mod_ram_rom:mgl_prim2|ir_loaded_address_reg[4]                                                                                                                                                                                                   ; altera_reserved_tck ; altera_reserved_tck ; 100.000      ; -0.045     ; 0.913      ;
; 99.049 ; sld_hub:auto_hub|alt_sld_fab_with_jtag_input:\instrumentation_fabric_with_node_gen:fabric_gen_new_way:with_jtag_input_gen:instrumentation_fabric|alt_sld_fab:instrumentation_fabric|alt_sld_fab_alt_sld_fab:alt_sld_fab|alt_sld_fab_alt_sld_fab_sldfabric:sldfabric|sld_jtag_hub:\jtag_hub_gen:real_sld_jtag_hub|irf_reg[1][4]                      ; RAM_IMG:RAM_INST|altsyncram:altsyncram_component|altsyncram_0kh1:auto_generated|sld_mod_ram_rom:mgl_prim2|ir_loaded_address_reg[6]                                                                                                                                                                                                   ; altera_reserved_tck ; altera_reserved_tck ; 100.000      ; -0.045     ; 0.913      ;
; 99.049 ; sld_hub:auto_hub|alt_sld_fab_with_jtag_input:\instrumentation_fabric_with_node_gen:fabric_gen_new_way:with_jtag_input_gen:instrumentation_fabric|alt_sld_fab:instrumentation_fabric|alt_sld_fab_alt_sld_fab:alt_sld_fab|alt_sld_fab_alt_sld_fab_sldfabric:sldfabric|sld_jtag_hub:\jtag_hub_gen:real_sld_jtag_hub|irf_reg[1][4]                      ; RAM_IMG:RAM_INST|altsyncram:altsyncram_component|altsyncram_0kh1:auto_generated|sld_mod_ram_rom:mgl_prim2|ir_loaded_address_reg[5]                                                                                                                                                                                                   ; altera_reserved_tck ; altera_reserved_tck ; 100.000      ; -0.045     ; 0.913      ;
; 99.049 ; sld_hub:auto_hub|alt_sld_fab_with_jtag_input:\instrumentation_fabric_with_node_gen:fabric_gen_new_way:with_jtag_input_gen:instrumentation_fabric|alt_sld_fab:instrumentation_fabric|alt_sld_fab_alt_sld_fab:alt_sld_fab|alt_sld_fab_alt_sld_fab_sldfabric:sldfabric|sld_jtag_hub:\jtag_hub_gen:real_sld_jtag_hub|irf_reg[1][4]                      ; RAM_IMG:RAM_INST|altsyncram:altsyncram_component|altsyncram_0kh1:auto_generated|sld_mod_ram_rom:mgl_prim2|ir_loaded_address_reg[3]                                                                                                                                                                                                   ; altera_reserved_tck ; altera_reserved_tck ; 100.000      ; -0.045     ; 0.913      ;
; 99.049 ; sld_hub:auto_hub|alt_sld_fab_with_jtag_input:\instrumentation_fabric_with_node_gen:fabric_gen_new_way:with_jtag_input_gen:instrumentation_fabric|alt_sld_fab:instrumentation_fabric|alt_sld_fab_alt_sld_fab:alt_sld_fab|alt_sld_fab_alt_sld_fab_sldfabric:sldfabric|sld_jtag_hub:\jtag_hub_gen:real_sld_jtag_hub|irf_reg[1][4]                      ; RAM_IMG:RAM_INST|altsyncram:altsyncram_component|altsyncram_0kh1:auto_generated|sld_mod_ram_rom:mgl_prim2|ir_loaded_address_reg[2]                                                                                                                                                                                                   ; altera_reserved_tck ; altera_reserved_tck ; 100.000      ; -0.045     ; 0.913      ;
; 99.049 ; sld_hub:auto_hub|alt_sld_fab_with_jtag_input:\instrumentation_fabric_with_node_gen:fabric_gen_new_way:with_jtag_input_gen:instrumentation_fabric|alt_sld_fab:instrumentation_fabric|alt_sld_fab_alt_sld_fab:alt_sld_fab|alt_sld_fab_alt_sld_fab_sldfabric:sldfabric|sld_jtag_hub:\jtag_hub_gen:real_sld_jtag_hub|irf_reg[1][4]                      ; RAM_IMG:RAM_INST|altsyncram:altsyncram_component|altsyncram_0kh1:auto_generated|sld_mod_ram_rom:mgl_prim2|ir_loaded_address_reg[0]                                                                                                                                                                                                   ; altera_reserved_tck ; altera_reserved_tck ; 100.000      ; -0.045     ; 0.913      ;
; 99.074 ; sld_hub:auto_hub|alt_sld_fab_with_jtag_input:\instrumentation_fabric_with_node_gen:fabric_gen_new_way:with_jtag_input_gen:instrumentation_fabric|alt_sld_fab:instrumentation_fabric|alt_sld_fab_alt_sld_fab:alt_sld_fab|alt_sld_fab_alt_sld_fab_sldfabric:sldfabric|sld_jtag_hub:\jtag_hub_gen:real_sld_jtag_hub|clr_reg                            ; sld_hub:auto_hub|alt_sld_fab_with_jtag_input:\instrumentation_fabric_with_node_gen:fabric_gen_new_way:with_jtag_input_gen:instrumentation_fabric|alt_sld_fab:instrumentation_fabric|alt_sld_fab_alt_sld_fab:alt_sld_fab|alt_sld_fab_alt_sld_fab_sldfabric:sldfabric|sld_jtag_hub:\jtag_hub_gen:real_sld_jtag_hub|irsr_reg[8]         ; altera_reserved_tck ; altera_reserved_tck ; 100.000      ; -0.038     ; 0.895      ;
; 99.074 ; sld_hub:auto_hub|alt_sld_fab_with_jtag_input:\instrumentation_fabric_with_node_gen:fabric_gen_new_way:with_jtag_input_gen:instrumentation_fabric|alt_sld_fab:instrumentation_fabric|alt_sld_fab_alt_sld_fab:alt_sld_fab|alt_sld_fab_alt_sld_fab_sldfabric:sldfabric|sld_jtag_hub:\jtag_hub_gen:real_sld_jtag_hub|clr_reg                            ; sld_hub:auto_hub|alt_sld_fab_with_jtag_input:\instrumentation_fabric_with_node_gen:fabric_gen_new_way:with_jtag_input_gen:instrumentation_fabric|alt_sld_fab:instrumentation_fabric|alt_sld_fab_alt_sld_fab:alt_sld_fab|alt_sld_fab_alt_sld_fab_sldfabric:sldfabric|sld_jtag_hub:\jtag_hub_gen:real_sld_jtag_hub|irsr_reg[3]         ; altera_reserved_tck ; altera_reserved_tck ; 100.000      ; -0.038     ; 0.895      ;
; 99.074 ; sld_hub:auto_hub|alt_sld_fab_with_jtag_input:\instrumentation_fabric_with_node_gen:fabric_gen_new_way:with_jtag_input_gen:instrumentation_fabric|alt_sld_fab:instrumentation_fabric|alt_sld_fab_alt_sld_fab:alt_sld_fab|alt_sld_fab_alt_sld_fab_sldfabric:sldfabric|sld_jtag_hub:\jtag_hub_gen:real_sld_jtag_hub|clr_reg                            ; sld_hub:auto_hub|alt_sld_fab_with_jtag_input:\instrumentation_fabric_with_node_gen:fabric_gen_new_way:with_jtag_input_gen:instrumentation_fabric|alt_sld_fab:instrumentation_fabric|alt_sld_fab_alt_sld_fab:alt_sld_fab|alt_sld_fab_alt_sld_fab_sldfabric:sldfabric|sld_jtag_hub:\jtag_hub_gen:real_sld_jtag_hub|hub_mode_reg[0]     ; altera_reserved_tck ; altera_reserved_tck ; 100.000      ; -0.036     ; 0.897      ;
; 99.074 ; sld_hub:auto_hub|alt_sld_fab_with_jtag_input:\instrumentation_fabric_with_node_gen:fabric_gen_new_way:with_jtag_input_gen:instrumentation_fabric|alt_sld_fab:instrumentation_fabric|alt_sld_fab_alt_sld_fab:alt_sld_fab|alt_sld_fab_alt_sld_fab_sldfabric:sldfabric|sld_jtag_hub:\jtag_hub_gen:real_sld_jtag_hub|clr_reg                            ; sld_hub:auto_hub|alt_sld_fab_with_jtag_input:\instrumentation_fabric_with_node_gen:fabric_gen_new_way:with_jtag_input_gen:instrumentation_fabric|alt_sld_fab:instrumentation_fabric|alt_sld_fab_alt_sld_fab:alt_sld_fab|alt_sld_fab_alt_sld_fab_sldfabric:sldfabric|sld_jtag_hub:\jtag_hub_gen:real_sld_jtag_hub|hub_mode_reg[1]     ; altera_reserved_tck ; altera_reserved_tck ; 100.000      ; -0.036     ; 0.897      ;
; 99.074 ; sld_hub:auto_hub|alt_sld_fab_with_jtag_input:\instrumentation_fabric_with_node_gen:fabric_gen_new_way:with_jtag_input_gen:instrumentation_fabric|alt_sld_fab:instrumentation_fabric|alt_sld_fab_alt_sld_fab:alt_sld_fab|alt_sld_fab_alt_sld_fab_sldfabric:sldfabric|sld_jtag_hub:\jtag_hub_gen:real_sld_jtag_hub|clr_reg                            ; sld_hub:auto_hub|alt_sld_fab_with_jtag_input:\instrumentation_fabric_with_node_gen:fabric_gen_new_way:with_jtag_input_gen:instrumentation_fabric|alt_sld_fab:instrumentation_fabric|alt_sld_fab_alt_sld_fab:alt_sld_fab|splitter_nodes_receive_0[3]                                                                                  ; altera_reserved_tck ; altera_reserved_tck ; 100.000      ; -0.038     ; 0.895      ;
; 99.164 ; sld_hub:auto_hub|alt_sld_fab_with_jtag_input:\instrumentation_fabric_with_node_gen:fabric_gen_new_way:with_jtag_input_gen:instrumentation_fabric|alt_sld_fab:instrumentation_fabric|alt_sld_fab_alt_sld_fab:alt_sld_fab|alt_sld_fab_alt_sld_fab_sldfabric:sldfabric|sld_jtag_hub:\jtag_hub_gen:real_sld_jtag_hub|virtual_ir_scan_reg                ; sld_hub:auto_hub|alt_sld_fab_with_jtag_input:\instrumentation_fabric_with_node_gen:fabric_gen_new_way:with_jtag_input_gen:instrumentation_fabric|alt_sld_fab:instrumentation_fabric|alt_sld_fab_alt_sld_fab:alt_sld_fab|alt_sld_fab_alt_sld_fab_sldfabric:sldfabric|sld_jtag_hub:\jtag_hub_gen:real_sld_jtag_hub|hub_mode_reg[2]     ; altera_reserved_tck ; altera_reserved_tck ; 100.000      ; -0.044     ; 0.799      ;
; 99.228 ; sld_hub:auto_hub|alt_sld_fab_with_jtag_input:\instrumentation_fabric_with_node_gen:fabric_gen_new_way:with_jtag_input_gen:instrumentation_fabric|alt_sld_fab:instrumentation_fabric|alt_sld_fab_alt_sld_fab:alt_sld_fab|alt_sld_fab_alt_sld_fab_sldfabric:sldfabric|sld_jtag_hub:\jtag_hub_gen:real_sld_jtag_hub|sld_shadow_jsm:shadow_jsm|state[0] ; sld_hub:auto_hub|alt_sld_fab_with_jtag_input:\instrumentation_fabric_with_node_gen:fabric_gen_new_way:with_jtag_input_gen:instrumentation_fabric|alt_sld_fab:instrumentation_fabric|alt_sld_fab_alt_sld_fab:alt_sld_fab|alt_sld_fab_alt_sld_fab_sldfabric:sldfabric|sld_jtag_hub:\jtag_hub_gen:real_sld_jtag_hub|virtual_ir_scan_reg ; altera_reserved_tck ; altera_reserved_tck ; 100.000      ; -0.042     ; 0.737      ;
; 99.228 ; sld_hub:auto_hub|alt_sld_fab_with_jtag_input:\instrumentation_fabric_with_node_gen:fabric_gen_new_way:with_jtag_input_gen:instrumentation_fabric|alt_sld_fab:instrumentation_fabric|alt_sld_fab_alt_sld_fab:alt_sld_fab|alt_sld_fab_alt_sld_fab_sldfabric:sldfabric|sld_jtag_hub:\jtag_hub_gen:real_sld_jtag_hub|sld_shadow_jsm:shadow_jsm|state[0] ; sld_hub:auto_hub|alt_sld_fab_with_jtag_input:\instrumentation_fabric_with_node_gen:fabric_gen_new_way:with_jtag_input_gen:instrumentation_fabric|alt_sld_fab:instrumentation_fabric|alt_sld_fab_alt_sld_fab:alt_sld_fab|alt_sld_fab_alt_sld_fab_sldfabric:sldfabric|sld_jtag_hub:\jtag_hub_gen:real_sld_jtag_hub|virtual_dr_scan_reg ; altera_reserved_tck ; altera_reserved_tck ; 100.000      ; -0.042     ; 0.737      ;
+--------+-----------------------------------------------------------------------------------------------------------------------------------------------------------------------------------------------------------------------------------------------------------------------------------------------------------------------------------------------------+--------------------------------------------------------------------------------------------------------------------------------------------------------------------------------------------------------------------------------------------------------------------------------------------------------------------------------------+---------------------+---------------------+--------------+------------+------------+


+-----------------------------------------------------------------------------------------------------------------------------------------------------------------------------------------------------------------------------------------------------------------------------------------------------------------------------------------------------------------------------------------------------------------------------------------------------------------------------------------------------------------------------------------------------------------------------------------------------------------------------------------------------------------------------------------------------------------------------------------------------------------------------------------+
; Fast 1200mV 0C Model Removal: 'altera_reserved_tck'                                                                                                                                                                                                                                                                                                                                                                                                                                                                                                                                                                                                                                                                                                                                     ;
+-------+-----------------------------------------------------------------------------------------------------------------------------------------------------------------------------------------------------------------------------------------------------------------------------------------------------------------------------------------------------+--------------------------------------------------------------------------------------------------------------------------------------------------------------------------------------------------------------------------------------------------------------------------------------------------------------------------------------+---------------------+---------------------+--------------+------------+------------+
; Slack ; From Node                                                                                                                                                                                                                                                                                                                                           ; To Node                                                                                                                                                                                                                                                                                                                              ; Launch Clock        ; Latch Clock         ; Relationship ; Clock Skew ; Data Delay ;
+-------+-----------------------------------------------------------------------------------------------------------------------------------------------------------------------------------------------------------------------------------------------------------------------------------------------------------------------------------------------------+--------------------------------------------------------------------------------------------------------------------------------------------------------------------------------------------------------------------------------------------------------------------------------------------------------------------------------------+---------------------+---------------------+--------------+------------+------------+
; 0.505 ; sld_hub:auto_hub|alt_sld_fab_with_jtag_input:\instrumentation_fabric_with_node_gen:fabric_gen_new_way:with_jtag_input_gen:instrumentation_fabric|alt_sld_fab:instrumentation_fabric|alt_sld_fab_alt_sld_fab:alt_sld_fab|alt_sld_fab_alt_sld_fab_sldfabric:sldfabric|sld_jtag_hub:\jtag_hub_gen:real_sld_jtag_hub|sld_shadow_jsm:shadow_jsm|state[0] ; sld_hub:auto_hub|alt_sld_fab_with_jtag_input:\instrumentation_fabric_with_node_gen:fabric_gen_new_way:with_jtag_input_gen:instrumentation_fabric|alt_sld_fab:instrumentation_fabric|alt_sld_fab_alt_sld_fab:alt_sld_fab|alt_sld_fab_alt_sld_fab_sldfabric:sldfabric|sld_jtag_hub:\jtag_hub_gen:real_sld_jtag_hub|virtual_ir_scan_reg ; altera_reserved_tck ; altera_reserved_tck ; 0.000        ; 0.042      ; 0.631      ;
; 0.505 ; sld_hub:auto_hub|alt_sld_fab_with_jtag_input:\instrumentation_fabric_with_node_gen:fabric_gen_new_way:with_jtag_input_gen:instrumentation_fabric|alt_sld_fab:instrumentation_fabric|alt_sld_fab_alt_sld_fab:alt_sld_fab|alt_sld_fab_alt_sld_fab_sldfabric:sldfabric|sld_jtag_hub:\jtag_hub_gen:real_sld_jtag_hub|sld_shadow_jsm:shadow_jsm|state[0] ; sld_hub:auto_hub|alt_sld_fab_with_jtag_input:\instrumentation_fabric_with_node_gen:fabric_gen_new_way:with_jtag_input_gen:instrumentation_fabric|alt_sld_fab:instrumentation_fabric|alt_sld_fab_alt_sld_fab:alt_sld_fab|alt_sld_fab_alt_sld_fab_sldfabric:sldfabric|sld_jtag_hub:\jtag_hub_gen:real_sld_jtag_hub|virtual_dr_scan_reg ; altera_reserved_tck ; altera_reserved_tck ; 0.000        ; 0.042      ; 0.631      ;
; 0.559 ; sld_hub:auto_hub|alt_sld_fab_with_jtag_input:\instrumentation_fabric_with_node_gen:fabric_gen_new_way:with_jtag_input_gen:instrumentation_fabric|alt_sld_fab:instrumentation_fabric|alt_sld_fab_alt_sld_fab:alt_sld_fab|alt_sld_fab_alt_sld_fab_sldfabric:sldfabric|sld_jtag_hub:\jtag_hub_gen:real_sld_jtag_hub|virtual_ir_scan_reg                ; sld_hub:auto_hub|alt_sld_fab_with_jtag_input:\instrumentation_fabric_with_node_gen:fabric_gen_new_way:with_jtag_input_gen:instrumentation_fabric|alt_sld_fab:instrumentation_fabric|alt_sld_fab_alt_sld_fab:alt_sld_fab|alt_sld_fab_alt_sld_fab_sldfabric:sldfabric|sld_jtag_hub:\jtag_hub_gen:real_sld_jtag_hub|hub_mode_reg[2]     ; altera_reserved_tck ; altera_reserved_tck ; 0.000        ; 0.040      ; 0.683      ;
; 0.656 ; sld_hub:auto_hub|alt_sld_fab_with_jtag_input:\instrumentation_fabric_with_node_gen:fabric_gen_new_way:with_jtag_input_gen:instrumentation_fabric|alt_sld_fab:instrumentation_fabric|alt_sld_fab_alt_sld_fab:alt_sld_fab|alt_sld_fab_alt_sld_fab_sldfabric:sldfabric|sld_jtag_hub:\jtag_hub_gen:real_sld_jtag_hub|clr_reg                            ; sld_hub:auto_hub|alt_sld_fab_with_jtag_input:\instrumentation_fabric_with_node_gen:fabric_gen_new_way:with_jtag_input_gen:instrumentation_fabric|alt_sld_fab:instrumentation_fabric|alt_sld_fab_alt_sld_fab:alt_sld_fab|alt_sld_fab_alt_sld_fab_sldfabric:sldfabric|sld_jtag_hub:\jtag_hub_gen:real_sld_jtag_hub|hub_mode_reg[0]     ; altera_reserved_tck ; altera_reserved_tck ; 0.000        ; 0.048      ; 0.788      ;
; 0.656 ; sld_hub:auto_hub|alt_sld_fab_with_jtag_input:\instrumentation_fabric_with_node_gen:fabric_gen_new_way:with_jtag_input_gen:instrumentation_fabric|alt_sld_fab:instrumentation_fabric|alt_sld_fab_alt_sld_fab:alt_sld_fab|alt_sld_fab_alt_sld_fab_sldfabric:sldfabric|sld_jtag_hub:\jtag_hub_gen:real_sld_jtag_hub|clr_reg                            ; sld_hub:auto_hub|alt_sld_fab_with_jtag_input:\instrumentation_fabric_with_node_gen:fabric_gen_new_way:with_jtag_input_gen:instrumentation_fabric|alt_sld_fab:instrumentation_fabric|alt_sld_fab_alt_sld_fab:alt_sld_fab|alt_sld_fab_alt_sld_fab_sldfabric:sldfabric|sld_jtag_hub:\jtag_hub_gen:real_sld_jtag_hub|hub_mode_reg[1]     ; altera_reserved_tck ; altera_reserved_tck ; 0.000        ; 0.048      ; 0.788      ;
; 0.658 ; sld_hub:auto_hub|alt_sld_fab_with_jtag_input:\instrumentation_fabric_with_node_gen:fabric_gen_new_way:with_jtag_input_gen:instrumentation_fabric|alt_sld_fab:instrumentation_fabric|alt_sld_fab_alt_sld_fab:alt_sld_fab|alt_sld_fab_alt_sld_fab_sldfabric:sldfabric|sld_jtag_hub:\jtag_hub_gen:real_sld_jtag_hub|clr_reg                            ; sld_hub:auto_hub|alt_sld_fab_with_jtag_input:\instrumentation_fabric_with_node_gen:fabric_gen_new_way:with_jtag_input_gen:instrumentation_fabric|alt_sld_fab:instrumentation_fabric|alt_sld_fab_alt_sld_fab:alt_sld_fab|alt_sld_fab_alt_sld_fab_sldfabric:sldfabric|sld_jtag_hub:\jtag_hub_gen:real_sld_jtag_hub|irsr_reg[8]         ; altera_reserved_tck ; altera_reserved_tck ; 0.000        ; 0.046      ; 0.788      ;
; 0.658 ; sld_hub:auto_hub|alt_sld_fab_with_jtag_input:\instrumentation_fabric_with_node_gen:fabric_gen_new_way:with_jtag_input_gen:instrumentation_fabric|alt_sld_fab:instrumentation_fabric|alt_sld_fab_alt_sld_fab:alt_sld_fab|alt_sld_fab_alt_sld_fab_sldfabric:sldfabric|sld_jtag_hub:\jtag_hub_gen:real_sld_jtag_hub|clr_reg                            ; sld_hub:auto_hub|alt_sld_fab_with_jtag_input:\instrumentation_fabric_with_node_gen:fabric_gen_new_way:with_jtag_input_gen:instrumentation_fabric|alt_sld_fab:instrumentation_fabric|alt_sld_fab_alt_sld_fab:alt_sld_fab|alt_sld_fab_alt_sld_fab_sldfabric:sldfabric|sld_jtag_hub:\jtag_hub_gen:real_sld_jtag_hub|irsr_reg[3]         ; altera_reserved_tck ; altera_reserved_tck ; 0.000        ; 0.046      ; 0.788      ;
; 0.658 ; sld_hub:auto_hub|alt_sld_fab_with_jtag_input:\instrumentation_fabric_with_node_gen:fabric_gen_new_way:with_jtag_input_gen:instrumentation_fabric|alt_sld_fab:instrumentation_fabric|alt_sld_fab_alt_sld_fab:alt_sld_fab|alt_sld_fab_alt_sld_fab_sldfabric:sldfabric|sld_jtag_hub:\jtag_hub_gen:real_sld_jtag_hub|clr_reg                            ; sld_hub:auto_hub|alt_sld_fab_with_jtag_input:\instrumentation_fabric_with_node_gen:fabric_gen_new_way:with_jtag_input_gen:instrumentation_fabric|alt_sld_fab:instrumentation_fabric|alt_sld_fab_alt_sld_fab:alt_sld_fab|splitter_nodes_receive_0[3]                                                                                  ; altera_reserved_tck ; altera_reserved_tck ; 0.000        ; 0.046      ; 0.788      ;
; 0.693 ; sld_hub:auto_hub|alt_sld_fab_with_jtag_input:\instrumentation_fabric_with_node_gen:fabric_gen_new_way:with_jtag_input_gen:instrumentation_fabric|alt_sld_fab:instrumentation_fabric|alt_sld_fab_alt_sld_fab:alt_sld_fab|alt_sld_fab_alt_sld_fab_sldfabric:sldfabric|sld_jtag_hub:\jtag_hub_gen:real_sld_jtag_hub|irf_reg[1][4]                      ; RAM_IMG:RAM_INST|altsyncram:altsyncram_component|altsyncram_0kh1:auto_generated|sld_mod_ram_rom:mgl_prim2|ir_loaded_address_reg[1]                                                                                                                                                                                                   ; altera_reserved_tck ; altera_reserved_tck ; 0.000        ; 0.040      ; 0.817      ;
; 0.693 ; sld_hub:auto_hub|alt_sld_fab_with_jtag_input:\instrumentation_fabric_with_node_gen:fabric_gen_new_way:with_jtag_input_gen:instrumentation_fabric|alt_sld_fab:instrumentation_fabric|alt_sld_fab_alt_sld_fab:alt_sld_fab|alt_sld_fab_alt_sld_fab_sldfabric:sldfabric|sld_jtag_hub:\jtag_hub_gen:real_sld_jtag_hub|irf_reg[1][4]                      ; RAM_IMG:RAM_INST|altsyncram:altsyncram_component|altsyncram_0kh1:auto_generated|sld_mod_ram_rom:mgl_prim2|ir_loaded_address_reg[4]                                                                                                                                                                                                   ; altera_reserved_tck ; altera_reserved_tck ; 0.000        ; 0.040      ; 0.817      ;
; 0.693 ; sld_hub:auto_hub|alt_sld_fab_with_jtag_input:\instrumentation_fabric_with_node_gen:fabric_gen_new_way:with_jtag_input_gen:instrumentation_fabric|alt_sld_fab:instrumentation_fabric|alt_sld_fab_alt_sld_fab:alt_sld_fab|alt_sld_fab_alt_sld_fab_sldfabric:sldfabric|sld_jtag_hub:\jtag_hub_gen:real_sld_jtag_hub|irf_reg[1][4]                      ; RAM_IMG:RAM_INST|altsyncram:altsyncram_component|altsyncram_0kh1:auto_generated|sld_mod_ram_rom:mgl_prim2|ir_loaded_address_reg[6]                                                                                                                                                                                                   ; altera_reserved_tck ; altera_reserved_tck ; 0.000        ; 0.040      ; 0.817      ;
; 0.693 ; sld_hub:auto_hub|alt_sld_fab_with_jtag_input:\instrumentation_fabric_with_node_gen:fabric_gen_new_way:with_jtag_input_gen:instrumentation_fabric|alt_sld_fab:instrumentation_fabric|alt_sld_fab_alt_sld_fab:alt_sld_fab|alt_sld_fab_alt_sld_fab_sldfabric:sldfabric|sld_jtag_hub:\jtag_hub_gen:real_sld_jtag_hub|irf_reg[1][4]                      ; RAM_IMG:RAM_INST|altsyncram:altsyncram_component|altsyncram_0kh1:auto_generated|sld_mod_ram_rom:mgl_prim2|ir_loaded_address_reg[5]                                                                                                                                                                                                   ; altera_reserved_tck ; altera_reserved_tck ; 0.000        ; 0.040      ; 0.817      ;
; 0.693 ; sld_hub:auto_hub|alt_sld_fab_with_jtag_input:\instrumentation_fabric_with_node_gen:fabric_gen_new_way:with_jtag_input_gen:instrumentation_fabric|alt_sld_fab:instrumentation_fabric|alt_sld_fab_alt_sld_fab:alt_sld_fab|alt_sld_fab_alt_sld_fab_sldfabric:sldfabric|sld_jtag_hub:\jtag_hub_gen:real_sld_jtag_hub|irf_reg[1][4]                      ; RAM_IMG:RAM_INST|altsyncram:altsyncram_component|altsyncram_0kh1:auto_generated|sld_mod_ram_rom:mgl_prim2|ir_loaded_address_reg[3]                                                                                                                                                                                                   ; altera_reserved_tck ; altera_reserved_tck ; 0.000        ; 0.040      ; 0.817      ;
; 0.693 ; sld_hub:auto_hub|alt_sld_fab_with_jtag_input:\instrumentation_fabric_with_node_gen:fabric_gen_new_way:with_jtag_input_gen:instrumentation_fabric|alt_sld_fab:instrumentation_fabric|alt_sld_fab_alt_sld_fab:alt_sld_fab|alt_sld_fab_alt_sld_fab_sldfabric:sldfabric|sld_jtag_hub:\jtag_hub_gen:real_sld_jtag_hub|irf_reg[1][4]                      ; RAM_IMG:RAM_INST|altsyncram:altsyncram_component|altsyncram_0kh1:auto_generated|sld_mod_ram_rom:mgl_prim2|ir_loaded_address_reg[2]                                                                                                                                                                                                   ; altera_reserved_tck ; altera_reserved_tck ; 0.000        ; 0.040      ; 0.817      ;
; 0.693 ; sld_hub:auto_hub|alt_sld_fab_with_jtag_input:\instrumentation_fabric_with_node_gen:fabric_gen_new_way:with_jtag_input_gen:instrumentation_fabric|alt_sld_fab:instrumentation_fabric|alt_sld_fab_alt_sld_fab:alt_sld_fab|alt_sld_fab_alt_sld_fab_sldfabric:sldfabric|sld_jtag_hub:\jtag_hub_gen:real_sld_jtag_hub|irf_reg[1][4]                      ; RAM_IMG:RAM_INST|altsyncram:altsyncram_component|altsyncram_0kh1:auto_generated|sld_mod_ram_rom:mgl_prim2|ir_loaded_address_reg[0]                                                                                                                                                                                                   ; altera_reserved_tck ; altera_reserved_tck ; 0.000        ; 0.040      ; 0.817      ;
; 0.710 ; sld_hub:auto_hub|alt_sld_fab_with_jtag_input:\instrumentation_fabric_with_node_gen:fabric_gen_new_way:with_jtag_input_gen:instrumentation_fabric|alt_sld_fab:instrumentation_fabric|alt_sld_fab_alt_sld_fab:alt_sld_fab|alt_sld_fab_alt_sld_fab_sldfabric:sldfabric|sld_jtag_hub:\jtag_hub_gen:real_sld_jtag_hub|clr_reg                            ; RAM_IMG:RAM_INST|altsyncram:altsyncram_component|altsyncram_0kh1:auto_generated|sld_mod_ram_rom:mgl_prim2|is_in_use_reg                                                                                                                                                                                                              ; altera_reserved_tck ; altera_reserved_tck ; 0.000        ; 0.066      ; 0.860      ;
; 0.716 ; sld_hub:auto_hub|alt_sld_fab_with_jtag_input:\instrumentation_fabric_with_node_gen:fabric_gen_new_way:with_jtag_input_gen:instrumentation_fabric|alt_sld_fab:instrumentation_fabric|alt_sld_fab_alt_sld_fab:alt_sld_fab|alt_sld_fab_alt_sld_fab_sldfabric:sldfabric|sld_jtag_hub:\jtag_hub_gen:real_sld_jtag_hub|clr_reg                            ; sld_hub:auto_hub|alt_sld_fab_with_jtag_input:\instrumentation_fabric_with_node_gen:fabric_gen_new_way:with_jtag_input_gen:instrumentation_fabric|alt_sld_fab:instrumentation_fabric|alt_sld_fab_alt_sld_fab:alt_sld_fab|alt_sld_fab_alt_sld_fab_sldfabric:sldfabric|sld_jtag_hub:\jtag_hub_gen:real_sld_jtag_hub|irf_reg[1][3]       ; altera_reserved_tck ; altera_reserved_tck ; 0.000        ; 0.045      ; 0.845      ;
; 0.716 ; sld_hub:auto_hub|alt_sld_fab_with_jtag_input:\instrumentation_fabric_with_node_gen:fabric_gen_new_way:with_jtag_input_gen:instrumentation_fabric|alt_sld_fab:instrumentation_fabric|alt_sld_fab_alt_sld_fab:alt_sld_fab|alt_sld_fab_alt_sld_fab_sldfabric:sldfabric|sld_jtag_hub:\jtag_hub_gen:real_sld_jtag_hub|clr_reg                            ; sld_hub:auto_hub|alt_sld_fab_with_jtag_input:\instrumentation_fabric_with_node_gen:fabric_gen_new_way:with_jtag_input_gen:instrumentation_fabric|alt_sld_fab:instrumentation_fabric|alt_sld_fab_alt_sld_fab:alt_sld_fab|alt_sld_fab_alt_sld_fab_sldfabric:sldfabric|sld_jtag_hub:\jtag_hub_gen:real_sld_jtag_hub|irf_reg[1][1]       ; altera_reserved_tck ; altera_reserved_tck ; 0.000        ; 0.045      ; 0.845      ;
; 0.716 ; sld_hub:auto_hub|alt_sld_fab_with_jtag_input:\instrumentation_fabric_with_node_gen:fabric_gen_new_way:with_jtag_input_gen:instrumentation_fabric|alt_sld_fab:instrumentation_fabric|alt_sld_fab_alt_sld_fab:alt_sld_fab|alt_sld_fab_alt_sld_fab_sldfabric:sldfabric|sld_jtag_hub:\jtag_hub_gen:real_sld_jtag_hub|clr_reg                            ; sld_hub:auto_hub|alt_sld_fab_with_jtag_input:\instrumentation_fabric_with_node_gen:fabric_gen_new_way:with_jtag_input_gen:instrumentation_fabric|alt_sld_fab:instrumentation_fabric|alt_sld_fab_alt_sld_fab:alt_sld_fab|alt_sld_fab_alt_sld_fab_sldfabric:sldfabric|sld_jtag_hub:\jtag_hub_gen:real_sld_jtag_hub|irf_reg[1][2]       ; altera_reserved_tck ; altera_reserved_tck ; 0.000        ; 0.045      ; 0.845      ;
; 0.716 ; sld_hub:auto_hub|alt_sld_fab_with_jtag_input:\instrumentation_fabric_with_node_gen:fabric_gen_new_way:with_jtag_input_gen:instrumentation_fabric|alt_sld_fab:instrumentation_fabric|alt_sld_fab_alt_sld_fab:alt_sld_fab|alt_sld_fab_alt_sld_fab_sldfabric:sldfabric|sld_jtag_hub:\jtag_hub_gen:real_sld_jtag_hub|clr_reg                            ; sld_hub:auto_hub|alt_sld_fab_with_jtag_input:\instrumentation_fabric_with_node_gen:fabric_gen_new_way:with_jtag_input_gen:instrumentation_fabric|alt_sld_fab:instrumentation_fabric|alt_sld_fab_alt_sld_fab:alt_sld_fab|alt_sld_fab_alt_sld_fab_sldfabric:sldfabric|sld_jtag_hub:\jtag_hub_gen:real_sld_jtag_hub|irf_reg[1][5]       ; altera_reserved_tck ; altera_reserved_tck ; 0.000        ; 0.045      ; 0.845      ;
; 0.719 ; sld_hub:auto_hub|alt_sld_fab_with_jtag_input:\instrumentation_fabric_with_node_gen:fabric_gen_new_way:with_jtag_input_gen:instrumentation_fabric|alt_sld_fab:instrumentation_fabric|alt_sld_fab_alt_sld_fab:alt_sld_fab|alt_sld_fab_alt_sld_fab_sldfabric:sldfabric|sld_jtag_hub:\jtag_hub_gen:real_sld_jtag_hub|sld_shadow_jsm:shadow_jsm|state[0] ; sld_hub:auto_hub|alt_sld_fab_with_jtag_input:\instrumentation_fabric_with_node_gen:fabric_gen_new_way:with_jtag_input_gen:instrumentation_fabric|alt_sld_fab:instrumentation_fabric|alt_sld_fab_alt_sld_fab:alt_sld_fab|alt_sld_fab_alt_sld_fab_sldfabric:sldfabric|sld_jtag_hub:\jtag_hub_gen:real_sld_jtag_hub|jtag_ir_reg[0]      ; altera_reserved_tck ; altera_reserved_tck ; 0.000        ; 0.042      ; 0.845      ;
; 0.719 ; sld_hub:auto_hub|alt_sld_fab_with_jtag_input:\instrumentation_fabric_with_node_gen:fabric_gen_new_way:with_jtag_input_gen:instrumentation_fabric|alt_sld_fab:instrumentation_fabric|alt_sld_fab_alt_sld_fab:alt_sld_fab|alt_sld_fab_alt_sld_fab_sldfabric:sldfabric|sld_jtag_hub:\jtag_hub_gen:real_sld_jtag_hub|sld_shadow_jsm:shadow_jsm|state[0] ; sld_hub:auto_hub|alt_sld_fab_with_jtag_input:\instrumentation_fabric_with_node_gen:fabric_gen_new_way:with_jtag_input_gen:instrumentation_fabric|alt_sld_fab:instrumentation_fabric|alt_sld_fab_alt_sld_fab:alt_sld_fab|alt_sld_fab_alt_sld_fab_sldfabric:sldfabric|sld_jtag_hub:\jtag_hub_gen:real_sld_jtag_hub|jtag_ir_reg[1]      ; altera_reserved_tck ; altera_reserved_tck ; 0.000        ; 0.042      ; 0.845      ;
; 0.719 ; sld_hub:auto_hub|alt_sld_fab_with_jtag_input:\instrumentation_fabric_with_node_gen:fabric_gen_new_way:with_jtag_input_gen:instrumentation_fabric|alt_sld_fab:instrumentation_fabric|alt_sld_fab_alt_sld_fab:alt_sld_fab|alt_sld_fab_alt_sld_fab_sldfabric:sldfabric|sld_jtag_hub:\jtag_hub_gen:real_sld_jtag_hub|sld_shadow_jsm:shadow_jsm|state[0] ; sld_hub:auto_hub|alt_sld_fab_with_jtag_input:\instrumentation_fabric_with_node_gen:fabric_gen_new_way:with_jtag_input_gen:instrumentation_fabric|alt_sld_fab:instrumentation_fabric|alt_sld_fab_alt_sld_fab:alt_sld_fab|alt_sld_fab_alt_sld_fab_sldfabric:sldfabric|sld_jtag_hub:\jtag_hub_gen:real_sld_jtag_hub|jtag_ir_reg[2]      ; altera_reserved_tck ; altera_reserved_tck ; 0.000        ; 0.042      ; 0.845      ;
; 0.719 ; sld_hub:auto_hub|alt_sld_fab_with_jtag_input:\instrumentation_fabric_with_node_gen:fabric_gen_new_way:with_jtag_input_gen:instrumentation_fabric|alt_sld_fab:instrumentation_fabric|alt_sld_fab_alt_sld_fab:alt_sld_fab|alt_sld_fab_alt_sld_fab_sldfabric:sldfabric|sld_jtag_hub:\jtag_hub_gen:real_sld_jtag_hub|sld_shadow_jsm:shadow_jsm|state[0] ; sld_hub:auto_hub|alt_sld_fab_with_jtag_input:\instrumentation_fabric_with_node_gen:fabric_gen_new_way:with_jtag_input_gen:instrumentation_fabric|alt_sld_fab:instrumentation_fabric|alt_sld_fab_alt_sld_fab:alt_sld_fab|alt_sld_fab_alt_sld_fab_sldfabric:sldfabric|sld_jtag_hub:\jtag_hub_gen:real_sld_jtag_hub|jtag_ir_reg[3]      ; altera_reserved_tck ; altera_reserved_tck ; 0.000        ; 0.042      ; 0.845      ;
; 0.719 ; sld_hub:auto_hub|alt_sld_fab_with_jtag_input:\instrumentation_fabric_with_node_gen:fabric_gen_new_way:with_jtag_input_gen:instrumentation_fabric|alt_sld_fab:instrumentation_fabric|alt_sld_fab_alt_sld_fab:alt_sld_fab|alt_sld_fab_alt_sld_fab_sldfabric:sldfabric|sld_jtag_hub:\jtag_hub_gen:real_sld_jtag_hub|sld_shadow_jsm:shadow_jsm|state[0] ; sld_hub:auto_hub|alt_sld_fab_with_jtag_input:\instrumentation_fabric_with_node_gen:fabric_gen_new_way:with_jtag_input_gen:instrumentation_fabric|alt_sld_fab:instrumentation_fabric|alt_sld_fab_alt_sld_fab:alt_sld_fab|alt_sld_fab_alt_sld_fab_sldfabric:sldfabric|sld_jtag_hub:\jtag_hub_gen:real_sld_jtag_hub|jtag_ir_reg[4]      ; altera_reserved_tck ; altera_reserved_tck ; 0.000        ; 0.042      ; 0.845      ;
; 0.719 ; sld_hub:auto_hub|alt_sld_fab_with_jtag_input:\instrumentation_fabric_with_node_gen:fabric_gen_new_way:with_jtag_input_gen:instrumentation_fabric|alt_sld_fab:instrumentation_fabric|alt_sld_fab_alt_sld_fab:alt_sld_fab|alt_sld_fab_alt_sld_fab_sldfabric:sldfabric|sld_jtag_hub:\jtag_hub_gen:real_sld_jtag_hub|sld_shadow_jsm:shadow_jsm|state[0] ; sld_hub:auto_hub|alt_sld_fab_with_jtag_input:\instrumentation_fabric_with_node_gen:fabric_gen_new_way:with_jtag_input_gen:instrumentation_fabric|alt_sld_fab:instrumentation_fabric|alt_sld_fab_alt_sld_fab:alt_sld_fab|alt_sld_fab_alt_sld_fab_sldfabric:sldfabric|sld_jtag_hub:\jtag_hub_gen:real_sld_jtag_hub|jtag_ir_reg[5]      ; altera_reserved_tck ; altera_reserved_tck ; 0.000        ; 0.042      ; 0.845      ;
; 0.719 ; sld_hub:auto_hub|alt_sld_fab_with_jtag_input:\instrumentation_fabric_with_node_gen:fabric_gen_new_way:with_jtag_input_gen:instrumentation_fabric|alt_sld_fab:instrumentation_fabric|alt_sld_fab_alt_sld_fab:alt_sld_fab|alt_sld_fab_alt_sld_fab_sldfabric:sldfabric|sld_jtag_hub:\jtag_hub_gen:real_sld_jtag_hub|sld_shadow_jsm:shadow_jsm|state[0] ; sld_hub:auto_hub|alt_sld_fab_with_jtag_input:\instrumentation_fabric_with_node_gen:fabric_gen_new_way:with_jtag_input_gen:instrumentation_fabric|alt_sld_fab:instrumentation_fabric|alt_sld_fab_alt_sld_fab:alt_sld_fab|alt_sld_fab_alt_sld_fab_sldfabric:sldfabric|sld_jtag_hub:\jtag_hub_gen:real_sld_jtag_hub|jtag_ir_reg[6]      ; altera_reserved_tck ; altera_reserved_tck ; 0.000        ; 0.042      ; 0.845      ;
; 0.719 ; sld_hub:auto_hub|alt_sld_fab_with_jtag_input:\instrumentation_fabric_with_node_gen:fabric_gen_new_way:with_jtag_input_gen:instrumentation_fabric|alt_sld_fab:instrumentation_fabric|alt_sld_fab_alt_sld_fab:alt_sld_fab|alt_sld_fab_alt_sld_fab_sldfabric:sldfabric|sld_jtag_hub:\jtag_hub_gen:real_sld_jtag_hub|sld_shadow_jsm:shadow_jsm|state[0] ; sld_hub:auto_hub|alt_sld_fab_with_jtag_input:\instrumentation_fabric_with_node_gen:fabric_gen_new_way:with_jtag_input_gen:instrumentation_fabric|alt_sld_fab:instrumentation_fabric|alt_sld_fab_alt_sld_fab:alt_sld_fab|alt_sld_fab_alt_sld_fab_sldfabric:sldfabric|sld_jtag_hub:\jtag_hub_gen:real_sld_jtag_hub|jtag_ir_reg[7]      ; altera_reserved_tck ; altera_reserved_tck ; 0.000        ; 0.042      ; 0.845      ;
; 0.719 ; sld_hub:auto_hub|alt_sld_fab_with_jtag_input:\instrumentation_fabric_with_node_gen:fabric_gen_new_way:with_jtag_input_gen:instrumentation_fabric|alt_sld_fab:instrumentation_fabric|alt_sld_fab_alt_sld_fab:alt_sld_fab|alt_sld_fab_alt_sld_fab_sldfabric:sldfabric|sld_jtag_hub:\jtag_hub_gen:real_sld_jtag_hub|sld_shadow_jsm:shadow_jsm|state[0] ; sld_hub:auto_hub|alt_sld_fab_with_jtag_input:\instrumentation_fabric_with_node_gen:fabric_gen_new_way:with_jtag_input_gen:instrumentation_fabric|alt_sld_fab:instrumentation_fabric|alt_sld_fab_alt_sld_fab:alt_sld_fab|alt_sld_fab_alt_sld_fab_sldfabric:sldfabric|sld_jtag_hub:\jtag_hub_gen:real_sld_jtag_hub|jtag_ir_reg[8]      ; altera_reserved_tck ; altera_reserved_tck ; 0.000        ; 0.042      ; 0.845      ;
; 0.719 ; sld_hub:auto_hub|alt_sld_fab_with_jtag_input:\instrumentation_fabric_with_node_gen:fabric_gen_new_way:with_jtag_input_gen:instrumentation_fabric|alt_sld_fab:instrumentation_fabric|alt_sld_fab_alt_sld_fab:alt_sld_fab|alt_sld_fab_alt_sld_fab_sldfabric:sldfabric|sld_jtag_hub:\jtag_hub_gen:real_sld_jtag_hub|sld_shadow_jsm:shadow_jsm|state[0] ; sld_hub:auto_hub|alt_sld_fab_with_jtag_input:\instrumentation_fabric_with_node_gen:fabric_gen_new_way:with_jtag_input_gen:instrumentation_fabric|alt_sld_fab:instrumentation_fabric|alt_sld_fab_alt_sld_fab:alt_sld_fab|alt_sld_fab_alt_sld_fab_sldfabric:sldfabric|sld_jtag_hub:\jtag_hub_gen:real_sld_jtag_hub|jtag_ir_reg[9]      ; altera_reserved_tck ; altera_reserved_tck ; 0.000        ; 0.042      ; 0.845      ;
; 0.735 ; sld_hub:auto_hub|alt_sld_fab_with_jtag_input:\instrumentation_fabric_with_node_gen:fabric_gen_new_way:with_jtag_input_gen:instrumentation_fabric|alt_sld_fab:instrumentation_fabric|alt_sld_fab_alt_sld_fab:alt_sld_fab|alt_sld_fab_alt_sld_fab_sldfabric:sldfabric|sld_jtag_hub:\jtag_hub_gen:real_sld_jtag_hub|clr_reg                            ; RAM_IMG:RAM_INST|altsyncram:altsyncram_component|altsyncram_0kh1:auto_generated|sld_mod_ram_rom:mgl_prim2|bypass_reg_out                                                                                                                                                                                                             ; altera_reserved_tck ; altera_reserved_tck ; 0.000        ; 0.045      ; 0.864      ;
; 0.785 ; sld_hub:auto_hub|alt_sld_fab_with_jtag_input:\instrumentation_fabric_with_node_gen:fabric_gen_new_way:with_jtag_input_gen:instrumentation_fabric|alt_sld_fab:instrumentation_fabric|alt_sld_fab_alt_sld_fab:alt_sld_fab|alt_sld_fab_alt_sld_fab_sldfabric:sldfabric|sld_jtag_hub:\jtag_hub_gen:real_sld_jtag_hub|clr_reg                            ; sld_hub:auto_hub|alt_sld_fab_with_jtag_input:\instrumentation_fabric_with_node_gen:fabric_gen_new_way:with_jtag_input_gen:instrumentation_fabric|alt_sld_fab:instrumentation_fabric|alt_sld_fab_alt_sld_fab:alt_sld_fab|alt_sld_fab_alt_sld_fab_sldfabric:sldfabric|sld_jtag_hub:\jtag_hub_gen:real_sld_jtag_hub|irsr_reg[1]         ; altera_reserved_tck ; altera_reserved_tck ; 0.000        ; 0.069      ; 0.938      ;
; 0.785 ; sld_hub:auto_hub|alt_sld_fab_with_jtag_input:\instrumentation_fabric_with_node_gen:fabric_gen_new_way:with_jtag_input_gen:instrumentation_fabric|alt_sld_fab:instrumentation_fabric|alt_sld_fab_alt_sld_fab:alt_sld_fab|alt_sld_fab_alt_sld_fab_sldfabric:sldfabric|sld_jtag_hub:\jtag_hub_gen:real_sld_jtag_hub|clr_reg                            ; sld_hub:auto_hub|alt_sld_fab_with_jtag_input:\instrumentation_fabric_with_node_gen:fabric_gen_new_way:with_jtag_input_gen:instrumentation_fabric|alt_sld_fab:instrumentation_fabric|alt_sld_fab_alt_sld_fab:alt_sld_fab|alt_sld_fab_alt_sld_fab_sldfabric:sldfabric|sld_jtag_hub:\jtag_hub_gen:real_sld_jtag_hub|irsr_reg[0]         ; altera_reserved_tck ; altera_reserved_tck ; 0.000        ; 0.069      ; 0.938      ;
; 0.785 ; sld_hub:auto_hub|alt_sld_fab_with_jtag_input:\instrumentation_fabric_with_node_gen:fabric_gen_new_way:with_jtag_input_gen:instrumentation_fabric|alt_sld_fab:instrumentation_fabric|alt_sld_fab_alt_sld_fab:alt_sld_fab|alt_sld_fab_alt_sld_fab_sldfabric:sldfabric|sld_jtag_hub:\jtag_hub_gen:real_sld_jtag_hub|clr_reg                            ; sld_hub:auto_hub|alt_sld_fab_with_jtag_input:\instrumentation_fabric_with_node_gen:fabric_gen_new_way:with_jtag_input_gen:instrumentation_fabric|alt_sld_fab:instrumentation_fabric|alt_sld_fab_alt_sld_fab:alt_sld_fab|alt_sld_fab_alt_sld_fab_sldfabric:sldfabric|sld_jtag_hub:\jtag_hub_gen:real_sld_jtag_hub|irsr_reg[2]         ; altera_reserved_tck ; altera_reserved_tck ; 0.000        ; 0.069      ; 0.938      ;
; 0.785 ; sld_hub:auto_hub|alt_sld_fab_with_jtag_input:\instrumentation_fabric_with_node_gen:fabric_gen_new_way:with_jtag_input_gen:instrumentation_fabric|alt_sld_fab:instrumentation_fabric|alt_sld_fab_alt_sld_fab:alt_sld_fab|alt_sld_fab_alt_sld_fab_sldfabric:sldfabric|sld_jtag_hub:\jtag_hub_gen:real_sld_jtag_hub|clr_reg                            ; sld_hub:auto_hub|alt_sld_fab_with_jtag_input:\instrumentation_fabric_with_node_gen:fabric_gen_new_way:with_jtag_input_gen:instrumentation_fabric|alt_sld_fab:instrumentation_fabric|alt_sld_fab_alt_sld_fab:alt_sld_fab|alt_sld_fab_alt_sld_fab_sldfabric:sldfabric|sld_jtag_hub:\jtag_hub_gen:real_sld_jtag_hub|irsr_reg[4]         ; altera_reserved_tck ; altera_reserved_tck ; 0.000        ; 0.069      ; 0.938      ;
; 0.785 ; sld_hub:auto_hub|alt_sld_fab_with_jtag_input:\instrumentation_fabric_with_node_gen:fabric_gen_new_way:with_jtag_input_gen:instrumentation_fabric|alt_sld_fab:instrumentation_fabric|alt_sld_fab_alt_sld_fab:alt_sld_fab|alt_sld_fab_alt_sld_fab_sldfabric:sldfabric|sld_jtag_hub:\jtag_hub_gen:real_sld_jtag_hub|clr_reg                            ; sld_hub:auto_hub|alt_sld_fab_with_jtag_input:\instrumentation_fabric_with_node_gen:fabric_gen_new_way:with_jtag_input_gen:instrumentation_fabric|alt_sld_fab:instrumentation_fabric|alt_sld_fab_alt_sld_fab:alt_sld_fab|alt_sld_fab_alt_sld_fab_sldfabric:sldfabric|sld_jtag_hub:\jtag_hub_gen:real_sld_jtag_hub|irsr_reg[5]         ; altera_reserved_tck ; altera_reserved_tck ; 0.000        ; 0.069      ; 0.938      ;
; 0.785 ; sld_hub:auto_hub|alt_sld_fab_with_jtag_input:\instrumentation_fabric_with_node_gen:fabric_gen_new_way:with_jtag_input_gen:instrumentation_fabric|alt_sld_fab:instrumentation_fabric|alt_sld_fab_alt_sld_fab:alt_sld_fab|alt_sld_fab_alt_sld_fab_sldfabric:sldfabric|sld_jtag_hub:\jtag_hub_gen:real_sld_jtag_hub|clr_reg                            ; sld_hub:auto_hub|alt_sld_fab_with_jtag_input:\instrumentation_fabric_with_node_gen:fabric_gen_new_way:with_jtag_input_gen:instrumentation_fabric|alt_sld_fab:instrumentation_fabric|alt_sld_fab_alt_sld_fab:alt_sld_fab|alt_sld_fab_alt_sld_fab_sldfabric:sldfabric|sld_jtag_hub:\jtag_hub_gen:real_sld_jtag_hub|irsr_reg[6]         ; altera_reserved_tck ; altera_reserved_tck ; 0.000        ; 0.069      ; 0.938      ;
; 0.785 ; sld_hub:auto_hub|alt_sld_fab_with_jtag_input:\instrumentation_fabric_with_node_gen:fabric_gen_new_way:with_jtag_input_gen:instrumentation_fabric|alt_sld_fab:instrumentation_fabric|alt_sld_fab_alt_sld_fab:alt_sld_fab|alt_sld_fab_alt_sld_fab_sldfabric:sldfabric|sld_jtag_hub:\jtag_hub_gen:real_sld_jtag_hub|clr_reg                            ; sld_hub:auto_hub|alt_sld_fab_with_jtag_input:\instrumentation_fabric_with_node_gen:fabric_gen_new_way:with_jtag_input_gen:instrumentation_fabric|alt_sld_fab:instrumentation_fabric|alt_sld_fab_alt_sld_fab:alt_sld_fab|alt_sld_fab_alt_sld_fab_sldfabric:sldfabric|sld_jtag_hub:\jtag_hub_gen:real_sld_jtag_hub|irsr_reg[7]         ; altera_reserved_tck ; altera_reserved_tck ; 0.000        ; 0.069      ; 0.938      ;
; 0.785 ; sld_hub:auto_hub|alt_sld_fab_with_jtag_input:\instrumentation_fabric_with_node_gen:fabric_gen_new_way:with_jtag_input_gen:instrumentation_fabric|alt_sld_fab:instrumentation_fabric|alt_sld_fab_alt_sld_fab:alt_sld_fab|alt_sld_fab_alt_sld_fab_sldfabric:sldfabric|sld_jtag_hub:\jtag_hub_gen:real_sld_jtag_hub|clr_reg                            ; sld_hub:auto_hub|alt_sld_fab_with_jtag_input:\instrumentation_fabric_with_node_gen:fabric_gen_new_way:with_jtag_input_gen:instrumentation_fabric|alt_sld_fab:instrumentation_fabric|alt_sld_fab_alt_sld_fab:alt_sld_fab|alt_sld_fab_alt_sld_fab_sldfabric:sldfabric|sld_jtag_hub:\jtag_hub_gen:real_sld_jtag_hub|irf_reg[1][0]       ; altera_reserved_tck ; altera_reserved_tck ; 0.000        ; 0.069      ; 0.938      ;
; 0.785 ; sld_hub:auto_hub|alt_sld_fab_with_jtag_input:\instrumentation_fabric_with_node_gen:fabric_gen_new_way:with_jtag_input_gen:instrumentation_fabric|alt_sld_fab:instrumentation_fabric|alt_sld_fab_alt_sld_fab:alt_sld_fab|alt_sld_fab_alt_sld_fab_sldfabric:sldfabric|sld_jtag_hub:\jtag_hub_gen:real_sld_jtag_hub|clr_reg                            ; sld_hub:auto_hub|alt_sld_fab_with_jtag_input:\instrumentation_fabric_with_node_gen:fabric_gen_new_way:with_jtag_input_gen:instrumentation_fabric|alt_sld_fab:instrumentation_fabric|alt_sld_fab_alt_sld_fab:alt_sld_fab|alt_sld_fab_alt_sld_fab_sldfabric:sldfabric|sld_jtag_hub:\jtag_hub_gen:real_sld_jtag_hub|irf_reg[1][4]       ; altera_reserved_tck ; altera_reserved_tck ; 0.000        ; 0.069      ; 0.938      ;
; 0.785 ; sld_hub:auto_hub|alt_sld_fab_with_jtag_input:\instrumentation_fabric_with_node_gen:fabric_gen_new_way:with_jtag_input_gen:instrumentation_fabric|alt_sld_fab:instrumentation_fabric|alt_sld_fab_alt_sld_fab:alt_sld_fab|alt_sld_fab_alt_sld_fab_sldfabric:sldfabric|sld_jtag_hub:\jtag_hub_gen:real_sld_jtag_hub|clr_reg                            ; sld_hub:auto_hub|alt_sld_fab_with_jtag_input:\instrumentation_fabric_with_node_gen:fabric_gen_new_way:with_jtag_input_gen:instrumentation_fabric|alt_sld_fab:instrumentation_fabric|alt_sld_fab_alt_sld_fab:alt_sld_fab|alt_sld_fab_alt_sld_fab_sldfabric:sldfabric|sld_jtag_hub:\jtag_hub_gen:real_sld_jtag_hub|irf_reg[1][6]       ; altera_reserved_tck ; altera_reserved_tck ; 0.000        ; 0.069      ; 0.938      ;
; 0.785 ; sld_hub:auto_hub|alt_sld_fab_with_jtag_input:\instrumentation_fabric_with_node_gen:fabric_gen_new_way:with_jtag_input_gen:instrumentation_fabric|alt_sld_fab:instrumentation_fabric|alt_sld_fab_alt_sld_fab:alt_sld_fab|alt_sld_fab_alt_sld_fab_sldfabric:sldfabric|sld_jtag_hub:\jtag_hub_gen:real_sld_jtag_hub|clr_reg                            ; sld_hub:auto_hub|alt_sld_fab_with_jtag_input:\instrumentation_fabric_with_node_gen:fabric_gen_new_way:with_jtag_input_gen:instrumentation_fabric|alt_sld_fab:instrumentation_fabric|alt_sld_fab_alt_sld_fab:alt_sld_fab|alt_sld_fab_alt_sld_fab_sldfabric:sldfabric|sld_jtag_hub:\jtag_hub_gen:real_sld_jtag_hub|irf_reg[1][7]       ; altera_reserved_tck ; altera_reserved_tck ; 0.000        ; 0.069      ; 0.938      ;
; 0.821 ; sld_hub:auto_hub|alt_sld_fab_with_jtag_input:\instrumentation_fabric_with_node_gen:fabric_gen_new_way:with_jtag_input_gen:instrumentation_fabric|alt_sld_fab:instrumentation_fabric|alt_sld_fab_alt_sld_fab:alt_sld_fab|alt_sld_fab_alt_sld_fab_sldfabric:sldfabric|sld_jtag_hub:\jtag_hub_gen:real_sld_jtag_hub|irf_reg[1][0]                      ; RAM_IMG:RAM_INST|altsyncram:altsyncram_component|altsyncram_0kh1:auto_generated|sld_mod_ram_rom:mgl_prim2|ir_loaded_address_reg[1]                                                                                                                                                                                                   ; altera_reserved_tck ; altera_reserved_tck ; 0.000        ; 0.040      ; 0.945      ;
; 0.821 ; sld_hub:auto_hub|alt_sld_fab_with_jtag_input:\instrumentation_fabric_with_node_gen:fabric_gen_new_way:with_jtag_input_gen:instrumentation_fabric|alt_sld_fab:instrumentation_fabric|alt_sld_fab_alt_sld_fab:alt_sld_fab|alt_sld_fab_alt_sld_fab_sldfabric:sldfabric|sld_jtag_hub:\jtag_hub_gen:real_sld_jtag_hub|irf_reg[1][0]                      ; RAM_IMG:RAM_INST|altsyncram:altsyncram_component|altsyncram_0kh1:auto_generated|sld_mod_ram_rom:mgl_prim2|ir_loaded_address_reg[4]                                                                                                                                                                                                   ; altera_reserved_tck ; altera_reserved_tck ; 0.000        ; 0.040      ; 0.945      ;
; 0.821 ; sld_hub:auto_hub|alt_sld_fab_with_jtag_input:\instrumentation_fabric_with_node_gen:fabric_gen_new_way:with_jtag_input_gen:instrumentation_fabric|alt_sld_fab:instrumentation_fabric|alt_sld_fab_alt_sld_fab:alt_sld_fab|alt_sld_fab_alt_sld_fab_sldfabric:sldfabric|sld_jtag_hub:\jtag_hub_gen:real_sld_jtag_hub|irf_reg[1][0]                      ; RAM_IMG:RAM_INST|altsyncram:altsyncram_component|altsyncram_0kh1:auto_generated|sld_mod_ram_rom:mgl_prim2|ir_loaded_address_reg[6]                                                                                                                                                                                                   ; altera_reserved_tck ; altera_reserved_tck ; 0.000        ; 0.040      ; 0.945      ;
; 0.821 ; sld_hub:auto_hub|alt_sld_fab_with_jtag_input:\instrumentation_fabric_with_node_gen:fabric_gen_new_way:with_jtag_input_gen:instrumentation_fabric|alt_sld_fab:instrumentation_fabric|alt_sld_fab_alt_sld_fab:alt_sld_fab|alt_sld_fab_alt_sld_fab_sldfabric:sldfabric|sld_jtag_hub:\jtag_hub_gen:real_sld_jtag_hub|irf_reg[1][0]                      ; RAM_IMG:RAM_INST|altsyncram:altsyncram_component|altsyncram_0kh1:auto_generated|sld_mod_ram_rom:mgl_prim2|ir_loaded_address_reg[5]                                                                                                                                                                                                   ; altera_reserved_tck ; altera_reserved_tck ; 0.000        ; 0.040      ; 0.945      ;
; 0.821 ; sld_hub:auto_hub|alt_sld_fab_with_jtag_input:\instrumentation_fabric_with_node_gen:fabric_gen_new_way:with_jtag_input_gen:instrumentation_fabric|alt_sld_fab:instrumentation_fabric|alt_sld_fab_alt_sld_fab:alt_sld_fab|alt_sld_fab_alt_sld_fab_sldfabric:sldfabric|sld_jtag_hub:\jtag_hub_gen:real_sld_jtag_hub|irf_reg[1][0]                      ; RAM_IMG:RAM_INST|altsyncram:altsyncram_component|altsyncram_0kh1:auto_generated|sld_mod_ram_rom:mgl_prim2|ir_loaded_address_reg[3]                                                                                                                                                                                                   ; altera_reserved_tck ; altera_reserved_tck ; 0.000        ; 0.040      ; 0.945      ;
; 0.821 ; sld_hub:auto_hub|alt_sld_fab_with_jtag_input:\instrumentation_fabric_with_node_gen:fabric_gen_new_way:with_jtag_input_gen:instrumentation_fabric|alt_sld_fab:instrumentation_fabric|alt_sld_fab_alt_sld_fab:alt_sld_fab|alt_sld_fab_alt_sld_fab_sldfabric:sldfabric|sld_jtag_hub:\jtag_hub_gen:real_sld_jtag_hub|irf_reg[1][0]                      ; RAM_IMG:RAM_INST|altsyncram:altsyncram_component|altsyncram_0kh1:auto_generated|sld_mod_ram_rom:mgl_prim2|ir_loaded_address_reg[2]                                                                                                                                                                                                   ; altera_reserved_tck ; altera_reserved_tck ; 0.000        ; 0.040      ; 0.945      ;
; 0.821 ; sld_hub:auto_hub|alt_sld_fab_with_jtag_input:\instrumentation_fabric_with_node_gen:fabric_gen_new_way:with_jtag_input_gen:instrumentation_fabric|alt_sld_fab:instrumentation_fabric|alt_sld_fab_alt_sld_fab:alt_sld_fab|alt_sld_fab_alt_sld_fab_sldfabric:sldfabric|sld_jtag_hub:\jtag_hub_gen:real_sld_jtag_hub|irf_reg[1][0]                      ; RAM_IMG:RAM_INST|altsyncram:altsyncram_component|altsyncram_0kh1:auto_generated|sld_mod_ram_rom:mgl_prim2|ir_loaded_address_reg[0]                                                                                                                                                                                                   ; altera_reserved_tck ; altera_reserved_tck ; 0.000        ; 0.040      ; 0.945      ;
; 0.923 ; sld_hub:auto_hub|alt_sld_fab_with_jtag_input:\instrumentation_fabric_with_node_gen:fabric_gen_new_way:with_jtag_input_gen:instrumentation_fabric|alt_sld_fab:instrumentation_fabric|alt_sld_fab_alt_sld_fab:alt_sld_fab|alt_sld_fab_alt_sld_fab_sldfabric:sldfabric|sld_jtag_hub:\jtag_hub_gen:real_sld_jtag_hub|irf_reg[1][0]                      ; RAM_IMG:RAM_INST|altsyncram:altsyncram_component|altsyncram_0kh1:auto_generated|sld_mod_ram_rom:mgl_prim2|ram_rom_addr_reg[1]                                                                                                                                                                                                        ; altera_reserved_tck ; altera_reserved_tck ; 0.000        ; 0.035      ; 1.042      ;
; 0.923 ; sld_hub:auto_hub|alt_sld_fab_with_jtag_input:\instrumentation_fabric_with_node_gen:fabric_gen_new_way:with_jtag_input_gen:instrumentation_fabric|alt_sld_fab:instrumentation_fabric|alt_sld_fab_alt_sld_fab:alt_sld_fab|alt_sld_fab_alt_sld_fab_sldfabric:sldfabric|sld_jtag_hub:\jtag_hub_gen:real_sld_jtag_hub|irf_reg[1][0]                      ; RAM_IMG:RAM_INST|altsyncram:altsyncram_component|altsyncram_0kh1:auto_generated|sld_mod_ram_rom:mgl_prim2|ram_rom_addr_reg[2]                                                                                                                                                                                                        ; altera_reserved_tck ; altera_reserved_tck ; 0.000        ; 0.035      ; 1.042      ;
; 0.923 ; sld_hub:auto_hub|alt_sld_fab_with_jtag_input:\instrumentation_fabric_with_node_gen:fabric_gen_new_way:with_jtag_input_gen:instrumentation_fabric|alt_sld_fab:instrumentation_fabric|alt_sld_fab_alt_sld_fab:alt_sld_fab|alt_sld_fab_alt_sld_fab_sldfabric:sldfabric|sld_jtag_hub:\jtag_hub_gen:real_sld_jtag_hub|irf_reg[1][0]                      ; RAM_IMG:RAM_INST|altsyncram:altsyncram_component|altsyncram_0kh1:auto_generated|sld_mod_ram_rom:mgl_prim2|ram_rom_addr_reg[3]                                                                                                                                                                                                        ; altera_reserved_tck ; altera_reserved_tck ; 0.000        ; 0.035      ; 1.042      ;
; 0.923 ; sld_hub:auto_hub|alt_sld_fab_with_jtag_input:\instrumentation_fabric_with_node_gen:fabric_gen_new_way:with_jtag_input_gen:instrumentation_fabric|alt_sld_fab:instrumentation_fabric|alt_sld_fab_alt_sld_fab:alt_sld_fab|alt_sld_fab_alt_sld_fab_sldfabric:sldfabric|sld_jtag_hub:\jtag_hub_gen:real_sld_jtag_hub|irf_reg[1][0]                      ; RAM_IMG:RAM_INST|altsyncram:altsyncram_component|altsyncram_0kh1:auto_generated|sld_mod_ram_rom:mgl_prim2|ram_rom_addr_reg[4]                                                                                                                                                                                                        ; altera_reserved_tck ; altera_reserved_tck ; 0.000        ; 0.035      ; 1.042      ;
; 0.923 ; sld_hub:auto_hub|alt_sld_fab_with_jtag_input:\instrumentation_fabric_with_node_gen:fabric_gen_new_way:with_jtag_input_gen:instrumentation_fabric|alt_sld_fab:instrumentation_fabric|alt_sld_fab_alt_sld_fab:alt_sld_fab|alt_sld_fab_alt_sld_fab_sldfabric:sldfabric|sld_jtag_hub:\jtag_hub_gen:real_sld_jtag_hub|irf_reg[1][0]                      ; RAM_IMG:RAM_INST|altsyncram:altsyncram_component|altsyncram_0kh1:auto_generated|sld_mod_ram_rom:mgl_prim2|ram_rom_addr_reg[5]                                                                                                                                                                                                        ; altera_reserved_tck ; altera_reserved_tck ; 0.000        ; 0.035      ; 1.042      ;
; 0.923 ; sld_hub:auto_hub|alt_sld_fab_with_jtag_input:\instrumentation_fabric_with_node_gen:fabric_gen_new_way:with_jtag_input_gen:instrumentation_fabric|alt_sld_fab:instrumentation_fabric|alt_sld_fab_alt_sld_fab:alt_sld_fab|alt_sld_fab_alt_sld_fab_sldfabric:sldfabric|sld_jtag_hub:\jtag_hub_gen:real_sld_jtag_hub|irf_reg[1][0]                      ; RAM_IMG:RAM_INST|altsyncram:altsyncram_component|altsyncram_0kh1:auto_generated|sld_mod_ram_rom:mgl_prim2|ram_rom_addr_reg[6]                                                                                                                                                                                                        ; altera_reserved_tck ; altera_reserved_tck ; 0.000        ; 0.035      ; 1.042      ;
; 0.923 ; sld_hub:auto_hub|alt_sld_fab_with_jtag_input:\instrumentation_fabric_with_node_gen:fabric_gen_new_way:with_jtag_input_gen:instrumentation_fabric|alt_sld_fab:instrumentation_fabric|alt_sld_fab_alt_sld_fab:alt_sld_fab|alt_sld_fab_alt_sld_fab_sldfabric:sldfabric|sld_jtag_hub:\jtag_hub_gen:real_sld_jtag_hub|irf_reg[1][0]                      ; RAM_IMG:RAM_INST|altsyncram:altsyncram_component|altsyncram_0kh1:auto_generated|sld_mod_ram_rom:mgl_prim2|ram_rom_addr_reg[7]                                                                                                                                                                                                        ; altera_reserved_tck ; altera_reserved_tck ; 0.000        ; 0.035      ; 1.042      ;
; 0.923 ; sld_hub:auto_hub|alt_sld_fab_with_jtag_input:\instrumentation_fabric_with_node_gen:fabric_gen_new_way:with_jtag_input_gen:instrumentation_fabric|alt_sld_fab:instrumentation_fabric|alt_sld_fab_alt_sld_fab:alt_sld_fab|alt_sld_fab_alt_sld_fab_sldfabric:sldfabric|sld_jtag_hub:\jtag_hub_gen:real_sld_jtag_hub|irf_reg[1][0]                      ; RAM_IMG:RAM_INST|altsyncram:altsyncram_component|altsyncram_0kh1:auto_generated|sld_mod_ram_rom:mgl_prim2|ram_rom_addr_reg[8]                                                                                                                                                                                                        ; altera_reserved_tck ; altera_reserved_tck ; 0.000        ; 0.035      ; 1.042      ;
; 0.923 ; sld_hub:auto_hub|alt_sld_fab_with_jtag_input:\instrumentation_fabric_with_node_gen:fabric_gen_new_way:with_jtag_input_gen:instrumentation_fabric|alt_sld_fab:instrumentation_fabric|alt_sld_fab_alt_sld_fab:alt_sld_fab|alt_sld_fab_alt_sld_fab_sldfabric:sldfabric|sld_jtag_hub:\jtag_hub_gen:real_sld_jtag_hub|irf_reg[1][0]                      ; RAM_IMG:RAM_INST|altsyncram:altsyncram_component|altsyncram_0kh1:auto_generated|sld_mod_ram_rom:mgl_prim2|ram_rom_addr_reg[9]                                                                                                                                                                                                        ; altera_reserved_tck ; altera_reserved_tck ; 0.000        ; 0.035      ; 1.042      ;
; 0.923 ; sld_hub:auto_hub|alt_sld_fab_with_jtag_input:\instrumentation_fabric_with_node_gen:fabric_gen_new_way:with_jtag_input_gen:instrumentation_fabric|alt_sld_fab:instrumentation_fabric|alt_sld_fab_alt_sld_fab:alt_sld_fab|alt_sld_fab_alt_sld_fab_sldfabric:sldfabric|sld_jtag_hub:\jtag_hub_gen:real_sld_jtag_hub|irf_reg[1][0]                      ; RAM_IMG:RAM_INST|altsyncram:altsyncram_component|altsyncram_0kh1:auto_generated|sld_mod_ram_rom:mgl_prim2|ram_rom_addr_reg[10]                                                                                                                                                                                                       ; altera_reserved_tck ; altera_reserved_tck ; 0.000        ; 0.035      ; 1.042      ;
; 0.923 ; sld_hub:auto_hub|alt_sld_fab_with_jtag_input:\instrumentation_fabric_with_node_gen:fabric_gen_new_way:with_jtag_input_gen:instrumentation_fabric|alt_sld_fab:instrumentation_fabric|alt_sld_fab_alt_sld_fab:alt_sld_fab|alt_sld_fab_alt_sld_fab_sldfabric:sldfabric|sld_jtag_hub:\jtag_hub_gen:real_sld_jtag_hub|irf_reg[1][0]                      ; RAM_IMG:RAM_INST|altsyncram:altsyncram_component|altsyncram_0kh1:auto_generated|sld_mod_ram_rom:mgl_prim2|ram_rom_addr_reg[11]                                                                                                                                                                                                       ; altera_reserved_tck ; altera_reserved_tck ; 0.000        ; 0.035      ; 1.042      ;
; 0.923 ; sld_hub:auto_hub|alt_sld_fab_with_jtag_input:\instrumentation_fabric_with_node_gen:fabric_gen_new_way:with_jtag_input_gen:instrumentation_fabric|alt_sld_fab:instrumentation_fabric|alt_sld_fab_alt_sld_fab:alt_sld_fab|alt_sld_fab_alt_sld_fab_sldfabric:sldfabric|sld_jtag_hub:\jtag_hub_gen:real_sld_jtag_hub|irf_reg[1][0]                      ; RAM_IMG:RAM_INST|altsyncram:altsyncram_component|altsyncram_0kh1:auto_generated|sld_mod_ram_rom:mgl_prim2|ram_rom_addr_reg[12]                                                                                                                                                                                                       ; altera_reserved_tck ; altera_reserved_tck ; 0.000        ; 0.035      ; 1.042      ;
; 0.923 ; sld_hub:auto_hub|alt_sld_fab_with_jtag_input:\instrumentation_fabric_with_node_gen:fabric_gen_new_way:with_jtag_input_gen:instrumentation_fabric|alt_sld_fab:instrumentation_fabric|alt_sld_fab_alt_sld_fab:alt_sld_fab|alt_sld_fab_alt_sld_fab_sldfabric:sldfabric|sld_jtag_hub:\jtag_hub_gen:real_sld_jtag_hub|irf_reg[1][0]                      ; RAM_IMG:RAM_INST|altsyncram:altsyncram_component|altsyncram_0kh1:auto_generated|sld_mod_ram_rom:mgl_prim2|ram_rom_addr_reg[13]                                                                                                                                                                                                       ; altera_reserved_tck ; altera_reserved_tck ; 0.000        ; 0.035      ; 1.042      ;
; 0.923 ; sld_hub:auto_hub|alt_sld_fab_with_jtag_input:\instrumentation_fabric_with_node_gen:fabric_gen_new_way:with_jtag_input_gen:instrumentation_fabric|alt_sld_fab:instrumentation_fabric|alt_sld_fab_alt_sld_fab:alt_sld_fab|alt_sld_fab_alt_sld_fab_sldfabric:sldfabric|sld_jtag_hub:\jtag_hub_gen:real_sld_jtag_hub|irf_reg[1][0]                      ; RAM_IMG:RAM_INST|altsyncram:altsyncram_component|altsyncram_0kh1:auto_generated|sld_mod_ram_rom:mgl_prim2|ram_rom_addr_reg[14]                                                                                                                                                                                                       ; altera_reserved_tck ; altera_reserved_tck ; 0.000        ; 0.035      ; 1.042      ;
; 0.923 ; sld_hub:auto_hub|alt_sld_fab_with_jtag_input:\instrumentation_fabric_with_node_gen:fabric_gen_new_way:with_jtag_input_gen:instrumentation_fabric|alt_sld_fab:instrumentation_fabric|alt_sld_fab_alt_sld_fab:alt_sld_fab|alt_sld_fab_alt_sld_fab_sldfabric:sldfabric|sld_jtag_hub:\jtag_hub_gen:real_sld_jtag_hub|irf_reg[1][0]                      ; RAM_IMG:RAM_INST|altsyncram:altsyncram_component|altsyncram_0kh1:auto_generated|sld_mod_ram_rom:mgl_prim2|ram_rom_addr_reg[15]                                                                                                                                                                                                       ; altera_reserved_tck ; altera_reserved_tck ; 0.000        ; 0.035      ; 1.042      ;
; 0.923 ; sld_hub:auto_hub|alt_sld_fab_with_jtag_input:\instrumentation_fabric_with_node_gen:fabric_gen_new_way:with_jtag_input_gen:instrumentation_fabric|alt_sld_fab:instrumentation_fabric|alt_sld_fab_alt_sld_fab:alt_sld_fab|alt_sld_fab_alt_sld_fab_sldfabric:sldfabric|sld_jtag_hub:\jtag_hub_gen:real_sld_jtag_hub|irf_reg[1][0]                      ; RAM_IMG:RAM_INST|altsyncram:altsyncram_component|altsyncram_0kh1:auto_generated|sld_mod_ram_rom:mgl_prim2|ram_rom_addr_reg[0]                                                                                                                                                                                                        ; altera_reserved_tck ; altera_reserved_tck ; 0.000        ; 0.035      ; 1.042      ;
; 0.951 ; sld_hub:auto_hub|alt_sld_fab_with_jtag_input:\instrumentation_fabric_with_node_gen:fabric_gen_new_way:with_jtag_input_gen:instrumentation_fabric|alt_sld_fab:instrumentation_fabric|alt_sld_fab_alt_sld_fab:alt_sld_fab|alt_sld_fab_alt_sld_fab_sldfabric:sldfabric|sld_jtag_hub:\jtag_hub_gen:real_sld_jtag_hub|irf_reg[1][3]                      ; RAM_IMG:RAM_INST|altsyncram:altsyncram_component|altsyncram_0kh1:auto_generated|sld_mod_ram_rom:mgl_prim2|ram_rom_data_shift_cntr_reg[1]                                                                                                                                                                                             ; altera_reserved_tck ; altera_reserved_tck ; 0.000        ; 0.054      ; 1.089      ;
; 0.951 ; sld_hub:auto_hub|alt_sld_fab_with_jtag_input:\instrumentation_fabric_with_node_gen:fabric_gen_new_way:with_jtag_input_gen:instrumentation_fabric|alt_sld_fab:instrumentation_fabric|alt_sld_fab_alt_sld_fab:alt_sld_fab|alt_sld_fab_alt_sld_fab_sldfabric:sldfabric|sld_jtag_hub:\jtag_hub_gen:real_sld_jtag_hub|irf_reg[1][3]                      ; RAM_IMG:RAM_INST|altsyncram:altsyncram_component|altsyncram_0kh1:auto_generated|sld_mod_ram_rom:mgl_prim2|ram_rom_data_shift_cntr_reg[0]                                                                                                                                                                                             ; altera_reserved_tck ; altera_reserved_tck ; 0.000        ; 0.054      ; 1.089      ;
; 0.951 ; sld_hub:auto_hub|alt_sld_fab_with_jtag_input:\instrumentation_fabric_with_node_gen:fabric_gen_new_way:with_jtag_input_gen:instrumentation_fabric|alt_sld_fab:instrumentation_fabric|alt_sld_fab_alt_sld_fab:alt_sld_fab|alt_sld_fab_alt_sld_fab_sldfabric:sldfabric|sld_jtag_hub:\jtag_hub_gen:real_sld_jtag_hub|irf_reg[1][3]                      ; RAM_IMG:RAM_INST|altsyncram:altsyncram_component|altsyncram_0kh1:auto_generated|sld_mod_ram_rom:mgl_prim2|ram_rom_data_shift_cntr_reg[2]                                                                                                                                                                                             ; altera_reserved_tck ; altera_reserved_tck ; 0.000        ; 0.054      ; 1.089      ;
+-------+-----------------------------------------------------------------------------------------------------------------------------------------------------------------------------------------------------------------------------------------------------------------------------------------------------------------------------------------------------+--------------------------------------------------------------------------------------------------------------------------------------------------------------------------------------------------------------------------------------------------------------------------------------------------------------------------------------+---------------------+---------------------+--------------+------------+------------+


----------------------------------------------
; Fast 1200mV 0C Model Metastability Summary ;
----------------------------------------------
The design MTBF is not calculated because there are no specified synchronizers in the design.
Number of Synchronizer Chains Found: 1
Shortest Synchronizer Chain: 5 Registers
Fraction of Chains for which MTBFs Could Not be Calculated: 1.000
Worst Case Available Settling Time: 347.109 ns




+----------------------------------------------------------------------------------+
; Multicorner Timing Analysis Summary                                              ;
+----------------------+--------+-------+----------+---------+---------------------+
; Clock                ; Setup  ; Hold  ; Recovery ; Removal ; Minimum Pulse Width ;
+----------------------+--------+-------+----------+---------+---------------------+
; Worst-case Slack     ; 45.275 ; 0.181 ; 97.507   ; 0.505   ; 49.455              ;
;  altera_reserved_tck ; 45.275 ; 0.181 ; 97.507   ; 0.505   ; 49.455              ;
; Design-wide TNS      ; 0.0    ; 0.0   ; 0.0      ; 0.0     ; 0.0                 ;
;  altera_reserved_tck ; 0.000  ; 0.000 ; 0.000    ; 0.000   ; 0.000               ;
+----------------------+--------+-------+----------+---------+---------------------+


+------------------------------------------------------------------------------------------------------------------------------------------------------------------------------------------------------------------------------------------------------------------------------------------------------------------------------------------------------------------------------------------------------------------------+
; Board Trace Model Assignments                                                                                                                                                                                                                                                                                                                                                                                          ;
+---------------------+--------------+-------------------+-------------------------+-------------------------+---------------+---------------------+----------------+------------------+--------+------------------+------------------------+------------------------+--------------+---------------+-----------------+-------+---------------------+--------------------+---------------+-----------------+-------------+
; Pin                 ; I/O Standard ; Near Tline Length ; Near Tline L per Length ; Near Tline C per Length ; Near Series R ; Near Differential R ; Near Pull-up R ; Near Pull-down R ; Near C ; Far Tline Length ; Far Tline L per Length ; Far Tline C per Length ; Far Series R ; Far Pull-up R ; Far Pull-down R ; Far C ; Termination Voltage ; Far Differential R ; EBD File Name ; EBD Signal Name ; EBD Far-end ;
+---------------------+--------------+-------------------+-------------------------+-------------------------+---------------+---------------------+----------------+------------------+--------+------------------+------------------------+------------------------+--------------+---------------+-----------------+-------+---------------------+--------------------+---------------+-----------------+-------------+
; LED[0]              ; 2.5 V        ; 0 in              ; 0 H/in                  ; 0 F/in                  ; short         ; -                   ; open           ; open             ; open   ; 0 in             ; 0 H/in                 ; 0 F/in                 ; short        ; open          ; open            ; open  ; 0 V                 ; -                  ; n/a           ; n/a             ; n/a         ;
; LED[1]              ; 2.5 V        ; 0 in              ; 0 H/in                  ; 0 F/in                  ; short         ; -                   ; open           ; open             ; open   ; 0 in             ; 0 H/in                 ; 0 F/in                 ; short        ; open          ; open            ; open  ; 0 V                 ; -                  ; n/a           ; n/a             ; n/a         ;
; LED[2]              ; 2.5 V        ; 0 in              ; 0 H/in                  ; 0 F/in                  ; short         ; -                   ; open           ; open             ; open   ; 0 in             ; 0 H/in                 ; 0 F/in                 ; short        ; open          ; open            ; open  ; 0 V                 ; -                  ; n/a           ; n/a             ; n/a         ;
; LED[3]              ; 2.5 V        ; 0 in              ; 0 H/in                  ; 0 F/in                  ; short         ; -                   ; open           ; open             ; open   ; 0 in             ; 0 H/in                 ; 0 F/in                 ; short        ; open          ; open            ; open  ; 0 V                 ; -                  ; n/a           ; n/a             ; n/a         ;
; LED[4]              ; 2.5 V        ; 0 in              ; 0 H/in                  ; 0 F/in                  ; short         ; -                   ; open           ; open             ; open   ; 0 in             ; 0 H/in                 ; 0 F/in                 ; short        ; open          ; open            ; open  ; 0 V                 ; -                  ; n/a           ; n/a             ; n/a         ;
; LED[5]              ; 2.5 V        ; 0 in              ; 0 H/in                  ; 0 F/in                  ; short         ; -                   ; open           ; open             ; open   ; 0 in             ; 0 H/in                 ; 0 F/in                 ; short        ; open          ; open            ; open  ; 0 V                 ; -                  ; n/a           ; n/a             ; n/a         ;
; LED[6]              ; 2.5 V        ; 0 in              ; 0 H/in                  ; 0 F/in                  ; short         ; -                   ; open           ; open             ; open   ; 0 in             ; 0 H/in                 ; 0 F/in                 ; short        ; open          ; open            ; open  ; 0 V                 ; -                  ; n/a           ; n/a             ; n/a         ;
; LED[7]              ; 2.5 V        ; 0 in              ; 0 H/in                  ; 0 F/in                  ; short         ; -                   ; open           ; open             ; open   ; 0 in             ; 0 H/in                 ; 0 F/in                 ; short        ; open          ; open            ; open  ; 0 V                 ; -                  ; n/a           ; n/a             ; n/a         ;
; altera_reserved_tdo ; 2.5 V        ; 0 in              ; 0 H/in                  ; 0 F/in                  ; short         ; -                   ; open           ; open             ; open   ; 0 in             ; 0 H/in                 ; 0 F/in                 ; short        ; open          ; open            ; open  ; 0 V                 ; -                  ; n/a           ; n/a             ; n/a         ;
; ~ALTERA_DCLK~       ; 2.5 V        ; 0 in              ; 0 H/in                  ; 0 F/in                  ; short         ; -                   ; open           ; open             ; open   ; 0 in             ; 0 H/in                 ; 0 F/in                 ; short        ; open          ; open            ; open  ; 0 V                 ; -                  ; n/a           ; n/a             ; n/a         ;
; ~ALTERA_nCEO~       ; 2.5 V        ; 0 in              ; 0 H/in                  ; 0 F/in                  ; short         ; -                   ; open           ; open             ; open   ; 0 in             ; 0 H/in                 ; 0 F/in                 ; short        ; open          ; open            ; open  ; 0 V                 ; -                  ; n/a           ; n/a             ; n/a         ;
+---------------------+--------------+-------------------+-------------------------+-------------------------+---------------+---------------------+----------------+------------------+--------+------------------+------------------------+------------------------+--------------+---------------+-----------------+-------+---------------------+--------------------+---------------+-----------------+-------------+


+----------------------------------------------------------------------------+
; Input Transition Times                                                     ;
+-------------------------+--------------+-----------------+-----------------+
; Pin                     ; I/O Standard ; 10-90 Rise Time ; 90-10 Fall Time ;
+-------------------------+--------------+-----------------+-----------------+
; CLK_50                  ; 2.5 V        ; 2000 ps         ; 2000 ps         ;
; RESET_n                 ; 2.5 V        ; 2000 ps         ; 2000 ps         ;
; altera_reserved_tms     ; 2.5 V        ; 2000 ps         ; 2000 ps         ;
; altera_reserved_tck     ; 2.5 V        ; 2000 ps         ; 2000 ps         ;
; altera_reserved_tdi     ; 2.5 V        ; 2000 ps         ; 2000 ps         ;
; ~ALTERA_ASDO_DATA1~     ; 2.5 V        ; 2000 ps         ; 2000 ps         ;
; ~ALTERA_FLASH_nCE_nCSO~ ; 2.5 V        ; 2000 ps         ; 2000 ps         ;
; ~ALTERA_DATA0~          ; 2.5 V        ; 2000 ps         ; 2000 ps         ;
+-------------------------+--------------+-----------------+-----------------+


+--------------------------------------------------------------------------------------------------------------------------------------------------------------------------------------------------------------------------------------------------------------------------------------------------------------------------------------------------------------------------------------------------------------------------------------------------------------------------------------------------------------------------------------------------------------------------------------------------------------------------------------------------------------------------------------------------+
; Signal Integrity Metrics (Slow 1200mv 0c Model)                                                                                                                                                                                                                                                                                                                                                                                                                                                                                                                                                                                                                                                  ;
+---------------------+--------------+---------------------+---------------------+------------------------------+------------------------------+---------------------+---------------------+--------------------------------------+--------------------------------------+-----------------------------+-----------------------------+----------------------------+----------------------------+-----------------------------+-----------------------------+--------------------+--------------------+-------------------------------------+-------------------------------------+----------------------------+----------------------------+---------------------------+---------------------------+
; Pin                 ; I/O Standard ; Board Delay on Rise ; Board Delay on Fall ; Steady State Voh at FPGA Pin ; Steady State Vol at FPGA Pin ; Voh Max at FPGA Pin ; Vol Min at FPGA Pin ; Ringback Voltage on Rise at FPGA Pin ; Ringback Voltage on Fall at FPGA Pin ; 10-90 Rise Time at FPGA Pin ; 90-10 Fall Time at FPGA Pin ; Monotonic Rise at FPGA Pin ; Monotonic Fall at FPGA Pin ; Steady State Voh at Far-end ; Steady State Vol at Far-end ; Voh Max at Far-end ; Vol Min at Far-end ; Ringback Voltage on Rise at Far-end ; Ringback Voltage on Fall at Far-end ; 10-90 Rise Time at Far-end ; 90-10 Fall Time at Far-end ; Monotonic Rise at Far-end ; Monotonic Fall at Far-end ;
+---------------------+--------------+---------------------+---------------------+------------------------------+------------------------------+---------------------+---------------------+--------------------------------------+--------------------------------------+-----------------------------+-----------------------------+----------------------------+----------------------------+-----------------------------+-----------------------------+--------------------+--------------------+-------------------------------------+-------------------------------------+----------------------------+----------------------------+---------------------------+---------------------------+
; LED[0]              ; 2.5 V        ; 0 s                 ; 0 s                 ; 2.32 V                       ; 4.49e-09 V                   ; 2.38 V              ; -0.00552 V          ; 0.096 V                              ; 0.019 V                              ; 4.18e-10 s                  ; 3.59e-10 s                  ; No                         ; Yes                        ; 2.32 V                      ; 4.49e-09 V                  ; 2.38 V             ; -0.00552 V         ; 0.096 V                             ; 0.019 V                             ; 4.18e-10 s                 ; 3.59e-10 s                 ; No                        ; Yes                       ;
; LED[1]              ; 2.5 V        ; 0 s                 ; 0 s                 ; 2.32 V                       ; 4.49e-09 V                   ; 2.38 V              ; -0.00552 V          ; 0.096 V                              ; 0.019 V                              ; 4.18e-10 s                  ; 3.59e-10 s                  ; No                         ; Yes                        ; 2.32 V                      ; 4.49e-09 V                  ; 2.38 V             ; -0.00552 V         ; 0.096 V                             ; 0.019 V                             ; 4.18e-10 s                 ; 3.59e-10 s                 ; No                        ; Yes                       ;
; LED[2]              ; 2.5 V        ; 0 s                 ; 0 s                 ; 2.32 V                       ; 4.49e-09 V                   ; 2.38 V              ; -0.00552 V          ; 0.096 V                              ; 0.019 V                              ; 4.18e-10 s                  ; 3.59e-10 s                  ; No                         ; Yes                        ; 2.32 V                      ; 4.49e-09 V                  ; 2.38 V             ; -0.00552 V         ; 0.096 V                             ; 0.019 V                             ; 4.18e-10 s                 ; 3.59e-10 s                 ; No                        ; Yes                       ;
; LED[3]              ; 2.5 V        ; 0 s                 ; 0 s                 ; 2.32 V                       ; 4.49e-09 V                   ; 2.38 V              ; -0.00552 V          ; 0.096 V                              ; 0.019 V                              ; 4.18e-10 s                  ; 3.59e-10 s                  ; No                         ; Yes                        ; 2.32 V                      ; 4.49e-09 V                  ; 2.38 V             ; -0.00552 V         ; 0.096 V                             ; 0.019 V                             ; 4.18e-10 s                 ; 3.59e-10 s                 ; No                        ; Yes                       ;
; LED[4]              ; 2.5 V        ; 0 s                 ; 0 s                 ; 2.32 V                       ; 4.49e-09 V                   ; 2.38 V              ; -0.00552 V          ; 0.096 V                              ; 0.019 V                              ; 4.18e-10 s                  ; 3.59e-10 s                  ; No                         ; Yes                        ; 2.32 V                      ; 4.49e-09 V                  ; 2.38 V             ; -0.00552 V         ; 0.096 V                             ; 0.019 V                             ; 4.18e-10 s                 ; 3.59e-10 s                 ; No                        ; Yes                       ;
; LED[5]              ; 2.5 V        ; 0 s                 ; 0 s                 ; 2.32 V                       ; 4.49e-09 V                   ; 2.38 V              ; -0.00552 V          ; 0.096 V                              ; 0.019 V                              ; 4.18e-10 s                  ; 3.59e-10 s                  ; No                         ; Yes                        ; 2.32 V                      ; 4.49e-09 V                  ; 2.38 V             ; -0.00552 V         ; 0.096 V                             ; 0.019 V                             ; 4.18e-10 s                 ; 3.59e-10 s                 ; No                        ; Yes                       ;
; LED[6]              ; 2.5 V        ; 0 s                 ; 0 s                 ; 2.32 V                       ; 4.49e-09 V                   ; 2.38 V              ; -0.00552 V          ; 0.096 V                              ; 0.019 V                              ; 4.18e-10 s                  ; 3.59e-10 s                  ; No                         ; Yes                        ; 2.32 V                      ; 4.49e-09 V                  ; 2.38 V             ; -0.00552 V         ; 0.096 V                             ; 0.019 V                             ; 4.18e-10 s                 ; 3.59e-10 s                 ; No                        ; Yes                       ;
; LED[7]              ; 2.5 V        ; 0 s                 ; 0 s                 ; 2.32 V                       ; 4.49e-09 V                   ; 2.38 V              ; -0.00552 V          ; 0.096 V                              ; 0.019 V                              ; 4.18e-10 s                  ; 3.59e-10 s                  ; No                         ; Yes                        ; 2.32 V                      ; 4.49e-09 V                  ; 2.38 V             ; -0.00552 V         ; 0.096 V                             ; 0.019 V                             ; 4.18e-10 s                 ; 3.59e-10 s                 ; No                        ; Yes                       ;
; altera_reserved_tdo ; 2.5 V        ; 0 s                 ; 0 s                 ; 2.32 V                       ; 2.07e-08 V                   ; 2.33 V              ; -0.0049 V           ; 0.041 V                              ; 0.094 V                              ; 8.74e-10 s                  ; 1.89e-09 s                  ; Yes                        ; Yes                        ; 2.32 V                      ; 2.07e-08 V                  ; 2.33 V             ; -0.0049 V          ; 0.041 V                             ; 0.094 V                             ; 8.74e-10 s                 ; 1.89e-09 s                 ; Yes                       ; Yes                       ;
; ~ALTERA_DCLK~       ; 2.5 V        ; 0 s                 ; 0 s                 ; 2.32 V                       ; 2.67e-09 V                   ; 2.38 V              ; -0.0485 V           ; 0.167 V                              ; 0.096 V                              ; 2.95e-10 s                  ; 2.73e-10 s                  ; Yes                        ; Yes                        ; 2.32 V                      ; 2.67e-09 V                  ; 2.38 V             ; -0.0485 V          ; 0.167 V                             ; 0.096 V                             ; 2.95e-10 s                 ; 2.73e-10 s                 ; Yes                       ; Yes                       ;
; ~ALTERA_nCEO~       ; 2.5 V        ; 0 s                 ; 0 s                 ; 2.32 V                       ; 4.18e-09 V                   ; 2.38 V              ; -0.00483 V          ; 0.152 V                              ; 0.012 V                              ; 4.81e-10 s                  ; 6.29e-10 s                  ; Yes                        ; Yes                        ; 2.32 V                      ; 4.18e-09 V                  ; 2.38 V             ; -0.00483 V         ; 0.152 V                             ; 0.012 V                             ; 4.81e-10 s                 ; 6.29e-10 s                 ; Yes                       ; Yes                       ;
+---------------------+--------------+---------------------+---------------------+------------------------------+------------------------------+---------------------+---------------------+--------------------------------------+--------------------------------------+-----------------------------+-----------------------------+----------------------------+----------------------------+-----------------------------+-----------------------------+--------------------+--------------------+-------------------------------------+-------------------------------------+----------------------------+----------------------------+---------------------------+---------------------------+


+--------------------------------------------------------------------------------------------------------------------------------------------------------------------------------------------------------------------------------------------------------------------------------------------------------------------------------------------------------------------------------------------------------------------------------------------------------------------------------------------------------------------------------------------------------------------------------------------------------------------------------------------------------------------------------------------------+
; Signal Integrity Metrics (Slow 1200mv 85c Model)                                                                                                                                                                                                                                                                                                                                                                                                                                                                                                                                                                                                                                                 ;
+---------------------+--------------+---------------------+---------------------+------------------------------+------------------------------+---------------------+---------------------+--------------------------------------+--------------------------------------+-----------------------------+-----------------------------+----------------------------+----------------------------+-----------------------------+-----------------------------+--------------------+--------------------+-------------------------------------+-------------------------------------+----------------------------+----------------------------+---------------------------+---------------------------+
; Pin                 ; I/O Standard ; Board Delay on Rise ; Board Delay on Fall ; Steady State Voh at FPGA Pin ; Steady State Vol at FPGA Pin ; Voh Max at FPGA Pin ; Vol Min at FPGA Pin ; Ringback Voltage on Rise at FPGA Pin ; Ringback Voltage on Fall at FPGA Pin ; 10-90 Rise Time at FPGA Pin ; 90-10 Fall Time at FPGA Pin ; Monotonic Rise at FPGA Pin ; Monotonic Fall at FPGA Pin ; Steady State Voh at Far-end ; Steady State Vol at Far-end ; Voh Max at Far-end ; Vol Min at Far-end ; Ringback Voltage on Rise at Far-end ; Ringback Voltage on Fall at Far-end ; 10-90 Rise Time at Far-end ; 90-10 Fall Time at Far-end ; Monotonic Rise at Far-end ; Monotonic Fall at Far-end ;
+---------------------+--------------+---------------------+---------------------+------------------------------+------------------------------+---------------------+---------------------+--------------------------------------+--------------------------------------+-----------------------------+-----------------------------+----------------------------+----------------------------+-----------------------------+-----------------------------+--------------------+--------------------+-------------------------------------+-------------------------------------+----------------------------+----------------------------+---------------------------+---------------------------+
; LED[0]              ; 2.5 V        ; 0 s                 ; 0 s                 ; 2.32 V                       ; 6.92e-07 V                   ; 2.35 V              ; -0.00996 V          ; 0.121 V                              ; 0.03 V                               ; 4.64e-10 s                  ; 4.47e-10 s                  ; Yes                        ; Yes                        ; 2.32 V                      ; 6.92e-07 V                  ; 2.35 V             ; -0.00996 V         ; 0.121 V                             ; 0.03 V                              ; 4.64e-10 s                 ; 4.47e-10 s                 ; Yes                       ; Yes                       ;
; LED[1]              ; 2.5 V        ; 0 s                 ; 0 s                 ; 2.32 V                       ; 6.92e-07 V                   ; 2.35 V              ; -0.00996 V          ; 0.121 V                              ; 0.03 V                               ; 4.64e-10 s                  ; 4.47e-10 s                  ; Yes                        ; Yes                        ; 2.32 V                      ; 6.92e-07 V                  ; 2.35 V             ; -0.00996 V         ; 0.121 V                             ; 0.03 V                              ; 4.64e-10 s                 ; 4.47e-10 s                 ; Yes                       ; Yes                       ;
; LED[2]              ; 2.5 V        ; 0 s                 ; 0 s                 ; 2.32 V                       ; 6.92e-07 V                   ; 2.35 V              ; -0.00996 V          ; 0.121 V                              ; 0.03 V                               ; 4.64e-10 s                  ; 4.47e-10 s                  ; Yes                        ; Yes                        ; 2.32 V                      ; 6.92e-07 V                  ; 2.35 V             ; -0.00996 V         ; 0.121 V                             ; 0.03 V                              ; 4.64e-10 s                 ; 4.47e-10 s                 ; Yes                       ; Yes                       ;
; LED[3]              ; 2.5 V        ; 0 s                 ; 0 s                 ; 2.32 V                       ; 6.92e-07 V                   ; 2.35 V              ; -0.00996 V          ; 0.121 V                              ; 0.03 V                               ; 4.64e-10 s                  ; 4.47e-10 s                  ; Yes                        ; Yes                        ; 2.32 V                      ; 6.92e-07 V                  ; 2.35 V             ; -0.00996 V         ; 0.121 V                             ; 0.03 V                              ; 4.64e-10 s                 ; 4.47e-10 s                 ; Yes                       ; Yes                       ;
; LED[4]              ; 2.5 V        ; 0 s                 ; 0 s                 ; 2.32 V                       ; 6.92e-07 V                   ; 2.35 V              ; -0.00996 V          ; 0.121 V                              ; 0.03 V                               ; 4.64e-10 s                  ; 4.47e-10 s                  ; Yes                        ; Yes                        ; 2.32 V                      ; 6.92e-07 V                  ; 2.35 V             ; -0.00996 V         ; 0.121 V                             ; 0.03 V                              ; 4.64e-10 s                 ; 4.47e-10 s                 ; Yes                       ; Yes                       ;
; LED[5]              ; 2.5 V        ; 0 s                 ; 0 s                 ; 2.32 V                       ; 6.92e-07 V                   ; 2.35 V              ; -0.00996 V          ; 0.121 V                              ; 0.03 V                               ; 4.64e-10 s                  ; 4.47e-10 s                  ; Yes                        ; Yes                        ; 2.32 V                      ; 6.92e-07 V                  ; 2.35 V             ; -0.00996 V         ; 0.121 V                             ; 0.03 V                              ; 4.64e-10 s                 ; 4.47e-10 s                 ; Yes                       ; Yes                       ;
; LED[6]              ; 2.5 V        ; 0 s                 ; 0 s                 ; 2.32 V                       ; 6.92e-07 V                   ; 2.35 V              ; -0.00996 V          ; 0.121 V                              ; 0.03 V                               ; 4.64e-10 s                  ; 4.47e-10 s                  ; Yes                        ; Yes                        ; 2.32 V                      ; 6.92e-07 V                  ; 2.35 V             ; -0.00996 V         ; 0.121 V                             ; 0.03 V                              ; 4.64e-10 s                 ; 4.47e-10 s                 ; Yes                       ; Yes                       ;
; LED[7]              ; 2.5 V        ; 0 s                 ; 0 s                 ; 2.32 V                       ; 6.92e-07 V                   ; 2.35 V              ; -0.00996 V          ; 0.121 V                              ; 0.03 V                               ; 4.64e-10 s                  ; 4.47e-10 s                  ; Yes                        ; Yes                        ; 2.32 V                      ; 6.92e-07 V                  ; 2.35 V             ; -0.00996 V         ; 0.121 V                             ; 0.03 V                              ; 4.64e-10 s                 ; 4.47e-10 s                 ; Yes                       ; Yes                       ;
; altera_reserved_tdo ; 2.5 V        ; 0 s                 ; 0 s                 ; 2.32 V                       ; 3.15e-06 V                   ; 2.33 V              ; 3.15e-06 V          ; 0.014 V                              ; 0.05 V                               ; 1.08e-09 s                  ; 2.51e-09 s                  ; Yes                        ; Yes                        ; 2.32 V                      ; 3.15e-06 V                  ; 2.33 V             ; 3.15e-06 V         ; 0.014 V                             ; 0.05 V                              ; 1.08e-09 s                 ; 2.51e-09 s                 ; Yes                       ; Yes                       ;
; ~ALTERA_DCLK~       ; 2.5 V        ; 0 s                 ; 0 s                 ; 2.32 V                       ; 3.75e-07 V                   ; 2.35 V              ; -0.0109 V           ; 0.084 V                              ; 0.027 V                              ; 4.31e-10 s                  ; 3.61e-10 s                  ; Yes                        ; Yes                        ; 2.32 V                      ; 3.75e-07 V                  ; 2.35 V             ; -0.0109 V          ; 0.084 V                             ; 0.027 V                             ; 4.31e-10 s                 ; 3.61e-10 s                 ; Yes                       ; Yes                       ;
; ~ALTERA_nCEO~       ; 2.5 V        ; 0 s                 ; 0 s                 ; 2.32 V                       ; 6.15e-07 V                   ; 2.35 V              ; -0.00712 V          ; 0.093 V                              ; 0.02 V                               ; 6.21e-10 s                  ; 7.9e-10 s                   ; Yes                        ; Yes                        ; 2.32 V                      ; 6.15e-07 V                  ; 2.35 V             ; -0.00712 V         ; 0.093 V                             ; 0.02 V                              ; 6.21e-10 s                 ; 7.9e-10 s                  ; Yes                       ; Yes                       ;
+---------------------+--------------+---------------------+---------------------+------------------------------+------------------------------+---------------------+---------------------+--------------------------------------+--------------------------------------+-----------------------------+-----------------------------+----------------------------+----------------------------+-----------------------------+-----------------------------+--------------------+--------------------+-------------------------------------+-------------------------------------+----------------------------+----------------------------+---------------------------+---------------------------+


+--------------------------------------------------------------------------------------------------------------------------------------------------------------------------------------------------------------------------------------------------------------------------------------------------------------------------------------------------------------------------------------------------------------------------------------------------------------------------------------------------------------------------------------------------------------------------------------------------------------------------------------------------------------------------------------------------+
; Signal Integrity Metrics (Fast 1200mv 0c Model)                                                                                                                                                                                                                                                                                                                                                                                                                                                                                                                                                                                                                                                  ;
+---------------------+--------------+---------------------+---------------------+------------------------------+------------------------------+---------------------+---------------------+--------------------------------------+--------------------------------------+-----------------------------+-----------------------------+----------------------------+----------------------------+-----------------------------+-----------------------------+--------------------+--------------------+-------------------------------------+-------------------------------------+----------------------------+----------------------------+---------------------------+---------------------------+
; Pin                 ; I/O Standard ; Board Delay on Rise ; Board Delay on Fall ; Steady State Voh at FPGA Pin ; Steady State Vol at FPGA Pin ; Voh Max at FPGA Pin ; Vol Min at FPGA Pin ; Ringback Voltage on Rise at FPGA Pin ; Ringback Voltage on Fall at FPGA Pin ; 10-90 Rise Time at FPGA Pin ; 90-10 Fall Time at FPGA Pin ; Monotonic Rise at FPGA Pin ; Monotonic Fall at FPGA Pin ; Steady State Voh at Far-end ; Steady State Vol at Far-end ; Voh Max at Far-end ; Vol Min at Far-end ; Ringback Voltage on Rise at Far-end ; Ringback Voltage on Fall at Far-end ; 10-90 Rise Time at Far-end ; 90-10 Fall Time at Far-end ; Monotonic Rise at Far-end ; Monotonic Fall at Far-end ;
+---------------------+--------------+---------------------+---------------------+------------------------------+------------------------------+---------------------+---------------------+--------------------------------------+--------------------------------------+-----------------------------+-----------------------------+----------------------------+----------------------------+-----------------------------+-----------------------------+--------------------+--------------------+-------------------------------------+-------------------------------------+----------------------------+----------------------------+---------------------------+---------------------------+
; LED[0]              ; 2.5 V        ; 0 s                 ; 0 s                 ; 2.62 V                       ; 4.05e-08 V                   ; 2.72 V              ; -0.0349 V           ; 0.173 V                              ; 0.1 V                                ; 2.72e-10 s                  ; 2.69e-10 s                  ; Yes                        ; Yes                        ; 2.62 V                      ; 4.05e-08 V                  ; 2.72 V             ; -0.0349 V          ; 0.173 V                             ; 0.1 V                               ; 2.72e-10 s                 ; 2.69e-10 s                 ; Yes                       ; Yes                       ;
; LED[1]              ; 2.5 V        ; 0 s                 ; 0 s                 ; 2.62 V                       ; 4.05e-08 V                   ; 2.72 V              ; -0.0349 V           ; 0.173 V                              ; 0.1 V                                ; 2.72e-10 s                  ; 2.69e-10 s                  ; Yes                        ; Yes                        ; 2.62 V                      ; 4.05e-08 V                  ; 2.72 V             ; -0.0349 V          ; 0.173 V                             ; 0.1 V                               ; 2.72e-10 s                 ; 2.69e-10 s                 ; Yes                       ; Yes                       ;
; LED[2]              ; 2.5 V        ; 0 s                 ; 0 s                 ; 2.62 V                       ; 4.05e-08 V                   ; 2.72 V              ; -0.0349 V           ; 0.173 V                              ; 0.1 V                                ; 2.72e-10 s                  ; 2.69e-10 s                  ; Yes                        ; Yes                        ; 2.62 V                      ; 4.05e-08 V                  ; 2.72 V             ; -0.0349 V          ; 0.173 V                             ; 0.1 V                               ; 2.72e-10 s                 ; 2.69e-10 s                 ; Yes                       ; Yes                       ;
; LED[3]              ; 2.5 V        ; 0 s                 ; 0 s                 ; 2.62 V                       ; 4.05e-08 V                   ; 2.72 V              ; -0.0349 V           ; 0.173 V                              ; 0.1 V                                ; 2.72e-10 s                  ; 2.69e-10 s                  ; Yes                        ; Yes                        ; 2.62 V                      ; 4.05e-08 V                  ; 2.72 V             ; -0.0349 V          ; 0.173 V                             ; 0.1 V                               ; 2.72e-10 s                 ; 2.69e-10 s                 ; Yes                       ; Yes                       ;
; LED[4]              ; 2.5 V        ; 0 s                 ; 0 s                 ; 2.62 V                       ; 4.05e-08 V                   ; 2.72 V              ; -0.0349 V           ; 0.173 V                              ; 0.1 V                                ; 2.72e-10 s                  ; 2.69e-10 s                  ; Yes                        ; Yes                        ; 2.62 V                      ; 4.05e-08 V                  ; 2.72 V             ; -0.0349 V          ; 0.173 V                             ; 0.1 V                               ; 2.72e-10 s                 ; 2.69e-10 s                 ; Yes                       ; Yes                       ;
; LED[5]              ; 2.5 V        ; 0 s                 ; 0 s                 ; 2.62 V                       ; 4.05e-08 V                   ; 2.72 V              ; -0.0349 V           ; 0.173 V                              ; 0.1 V                                ; 2.72e-10 s                  ; 2.69e-10 s                  ; Yes                        ; Yes                        ; 2.62 V                      ; 4.05e-08 V                  ; 2.72 V             ; -0.0349 V          ; 0.173 V                             ; 0.1 V                               ; 2.72e-10 s                 ; 2.69e-10 s                 ; Yes                       ; Yes                       ;
; LED[6]              ; 2.5 V        ; 0 s                 ; 0 s                 ; 2.62 V                       ; 4.05e-08 V                   ; 2.72 V              ; -0.0349 V           ; 0.173 V                              ; 0.1 V                                ; 2.72e-10 s                  ; 2.69e-10 s                  ; Yes                        ; Yes                        ; 2.62 V                      ; 4.05e-08 V                  ; 2.72 V             ; -0.0349 V          ; 0.173 V                             ; 0.1 V                               ; 2.72e-10 s                 ; 2.69e-10 s                 ; Yes                       ; Yes                       ;
; LED[7]              ; 2.5 V        ; 0 s                 ; 0 s                 ; 2.62 V                       ; 4.05e-08 V                   ; 2.72 V              ; -0.0349 V           ; 0.173 V                              ; 0.1 V                                ; 2.72e-10 s                  ; 2.69e-10 s                  ; Yes                        ; Yes                        ; 2.62 V                      ; 4.05e-08 V                  ; 2.72 V             ; -0.0349 V          ; 0.173 V                             ; 0.1 V                               ; 2.72e-10 s                 ; 2.69e-10 s                 ; Yes                       ; Yes                       ;
; altera_reserved_tdo ; 2.5 V        ; 0 s                 ; 0 s                 ; 2.62 V                       ; 1.77e-07 V                   ; 2.65 V              ; -0.0108 V           ; 0.18 V                               ; 0.17 V                               ; 6.63e-10 s                  ; 1.56e-09 s                  ; Yes                        ; Yes                        ; 2.62 V                      ; 1.77e-07 V                  ; 2.65 V             ; -0.0108 V          ; 0.18 V                              ; 0.17 V                              ; 6.63e-10 s                 ; 1.56e-09 s                 ; Yes                       ; Yes                       ;
; ~ALTERA_DCLK~       ; 2.5 V        ; 0 s                 ; 0 s                 ; 2.62 V                       ; 2.22e-08 V                   ; 2.74 V              ; -0.06 V             ; 0.158 V                              ; 0.08 V                               ; 2.68e-10 s                  ; 2.19e-10 s                  ; Yes                        ; Yes                        ; 2.62 V                      ; 2.22e-08 V                  ; 2.74 V             ; -0.06 V            ; 0.158 V                             ; 0.08 V                              ; 2.68e-10 s                 ; 2.19e-10 s                 ; Yes                       ; Yes                       ;
; ~ALTERA_nCEO~       ; 2.5 V        ; 0 s                 ; 0 s                 ; 2.62 V                       ; 3.54e-08 V                   ; 2.7 V               ; -0.00943 V          ; 0.276 V                              ; 0.035 V                              ; 3.19e-10 s                  ; 4.99e-10 s                  ; No                         ; Yes                        ; 2.62 V                      ; 3.54e-08 V                  ; 2.7 V              ; -0.00943 V         ; 0.276 V                             ; 0.035 V                             ; 3.19e-10 s                 ; 4.99e-10 s                 ; No                        ; Yes                       ;
+---------------------+--------------+---------------------+---------------------+------------------------------+------------------------------+---------------------+---------------------+--------------------------------------+--------------------------------------+-----------------------------+-----------------------------+----------------------------+----------------------------+-----------------------------+-----------------------------+--------------------+--------------------+-------------------------------------+-------------------------------------+----------------------------+----------------------------+---------------------------+---------------------------+


+---------------------------------------------------------------------------------------+
; Setup Transfers                                                                       ;
+---------------------+---------------------+----------+----------+----------+----------+
; From Clock          ; To Clock            ; RR Paths ; FR Paths ; RF Paths ; FF Paths ;
+---------------------+---------------------+----------+----------+----------+----------+
; altera_reserved_tck ; altera_reserved_tck ; 2642     ; 0        ; 32       ; 0        ;
+---------------------+---------------------+----------+----------+----------+----------+
Entries labeled "false path" only account for clock-to-clock false paths and not path-based false paths. As a result, actual path counts may be lower than reported.


+---------------------------------------------------------------------------------------+
; Hold Transfers                                                                        ;
+---------------------+---------------------+----------+----------+----------+----------+
; From Clock          ; To Clock            ; RR Paths ; FR Paths ; RF Paths ; FF Paths ;
+---------------------+---------------------+----------+----------+----------+----------+
; altera_reserved_tck ; altera_reserved_tck ; 2642     ; 0        ; 32       ; 0        ;
+---------------------+---------------------+----------+----------+----------+----------+
Entries labeled "false path" only account for clock-to-clock false paths and not path-based false paths. As a result, actual path counts may be lower than reported.


+---------------------------------------------------------------------------------------+
; Recovery Transfers                                                                    ;
+---------------------+---------------------+----------+----------+----------+----------+
; From Clock          ; To Clock            ; RR Paths ; FR Paths ; RF Paths ; FF Paths ;
+---------------------+---------------------+----------+----------+----------+----------+
; altera_reserved_tck ; altera_reserved_tck ; 68       ; 0        ; 0        ; 0        ;
+---------------------+---------------------+----------+----------+----------+----------+
Entries labeled "false path" only account for clock-to-clock false paths and not path-based false paths. As a result, actual path counts may be lower than reported.


+---------------------------------------------------------------------------------------+
; Removal Transfers                                                                     ;
+---------------------+---------------------+----------+----------+----------+----------+
; From Clock          ; To Clock            ; RR Paths ; FR Paths ; RF Paths ; FF Paths ;
+---------------------+---------------------+----------+----------+----------+----------+
; altera_reserved_tck ; altera_reserved_tck ; 68       ; 0        ; 0        ; 0        ;
+---------------------+---------------------+----------+----------+----------+----------+
Entries labeled "false path" only account for clock-to-clock false paths and not path-based false paths. As a result, actual path counts may be lower than reported.


---------------
; Report TCCS ;
---------------
No dedicated SERDES Transmitter circuitry present in device or used in design


---------------
; Report RSKM ;
---------------
No non-DPA dedicated SERDES Receiver circuitry present in device or used in design


+------------------------------------------------+
; Unconstrained Paths Summary                    ;
+---------------------------------+-------+------+
; Property                        ; Setup ; Hold ;
+---------------------------------+-------+------+
; Illegal Clocks                  ; 0     ; 0    ;
; Unconstrained Clocks            ; 1     ; 1    ;
; Unconstrained Input Ports       ; 3     ; 3    ;
; Unconstrained Input Port Paths  ; 185   ; 185  ;
; Unconstrained Output Ports      ; 2     ; 2    ;
; Unconstrained Output Port Paths ; 2     ; 2    ;
+---------------------------------+-------+------+


+------------------------------------------------------------------+
; Clock Status Summary                                             ;
+---------------------+---------------------+------+---------------+
; Target              ; Clock               ; Type ; Status        ;
+---------------------+---------------------+------+---------------+
; CLK_50              ;                     ; Base ; Unconstrained ;
; altera_reserved_tck ; altera_reserved_tck ; Base ; Constrained   ;
+---------------------+---------------------+------+---------------+


+------------------------------------------------------------------------------------------------------------+
; Unconstrained Input Ports                                                                                  ;
+---------------------+--------------------------------------------------------------------------------------+
; Input Port          ; Comment                                                                              ;
+---------------------+--------------------------------------------------------------------------------------+
; RESET_n             ; No input delay, min/max delays, false-path exceptions, or max skew assignments found ;
; altera_reserved_tdi ; No input delay, min/max delays, false-path exceptions, or max skew assignments found ;
; altera_reserved_tms ; No input delay, min/max delays, false-path exceptions, or max skew assignments found ;
+---------------------+--------------------------------------------------------------------------------------+


+-------------------------------------------------------------------------------------------------------------+
; Unconstrained Output Ports                                                                                  ;
+---------------------+---------------------------------------------------------------------------------------+
; Output Port         ; Comment                                                                               ;
+---------------------+---------------------------------------------------------------------------------------+
; LED[0]              ; No output delay, min/max delays, false-path exceptions, or max skew assignments found ;
; altera_reserved_tdo ; No output delay, min/max delays, false-path exceptions, or max skew assignments found ;
+---------------------+---------------------------------------------------------------------------------------+


+------------------------------------------------------------------------------------------------------------+
; Unconstrained Input Ports                                                                                  ;
+---------------------+--------------------------------------------------------------------------------------+
; Input Port          ; Comment                                                                              ;
+---------------------+--------------------------------------------------------------------------------------+
; RESET_n             ; No input delay, min/max delays, false-path exceptions, or max skew assignments found ;
; altera_reserved_tdi ; No input delay, min/max delays, false-path exceptions, or max skew assignments found ;
; altera_reserved_tms ; No input delay, min/max delays, false-path exceptions, or max skew assignments found ;
+---------------------+--------------------------------------------------------------------------------------+


+-------------------------------------------------------------------------------------------------------------+
; Unconstrained Output Ports                                                                                  ;
+---------------------+---------------------------------------------------------------------------------------+
; Output Port         ; Comment                                                                               ;
+---------------------+---------------------------------------------------------------------------------------+
; LED[0]              ; No output delay, min/max delays, false-path exceptions, or max skew assignments found ;
; altera_reserved_tdo ; No output delay, min/max delays, false-path exceptions, or max skew assignments found ;
+---------------------+---------------------------------------------------------------------------------------+


+--------------------------+
; Timing Analyzer Messages ;
+--------------------------+
Info: *******************************************************************
Info: Running Quartus Prime Timing Analyzer
    Info: Version 20.1.1 Build 720 11/11/2020 SJ Lite Edition
    Info: Processing started: Sat Nov 29 12:49:39 2025
Info: Command: quartus_sta top -c top
Info: qsta_default_script.tcl version: #1
Warning (18236): Number of processors has not been specified which may cause overloading on shared machines.  Set the global assignment NUM_PARALLEL_PROCESSORS in your QSF to an appropriate value for best performance.
Info (20030): Parallel compilation is enabled and will use 2 of the 2 processors detected
Info (21077): Low junction temperature is 0 degrees C
Info (21077): High junction temperature is 85 degrees C
Info (332164): Evaluating HDL-embedded SDC commands
    Info (332165): Entity sld_hub
        Info (332166): create_clock -name altera_reserved_tck [get_ports {altera_reserved_tck}] -period 10MHz   
        Info (332166): set_clock_groups -asynchronous -group {altera_reserved_tck}
Critical Warning (332012): Synopsys Design Constraints File file not found: 'top.sdc'. A Synopsys Design Constraints File is required by the Timing Analyzer to get proper timing constraints. Without it, the Compiler will not properly optimize the design.
Warning (332060): Node: CLK_50 was determined to be a clock but was found without an associated clock assignment.
    Info (13166): Register RAM_IMG:RAM_INST|altsyncram:altsyncram_component|altsyncram_0kh1:auto_generated|altsyncram_2u72:altsyncram1|ram_block3a39~porta_we_reg is being clocked by CLK_50
Critical Warning (332168): The following clock transfers have no clock uncertainty assignment. For more accurate results, apply clock uncertainty assignments or use the derive_clock_uncertainty command.
    Critical Warning (332169): From altera_reserved_tck (Rise) to altera_reserved_tck (Rise) (setup and hold)
    Critical Warning (332169): From altera_reserved_tck (Rise) to altera_reserved_tck (Fall) (setup and hold)
Info: Found TIMING_ANALYZER_REPORT_SCRIPT_INCLUDE_DEFAULT_ANALYSIS = ON
Info: Analyzing Slow 1200mV 85C Model
Info (332146): Worst-case setup slack is 45.275
    Info (332119):     Slack       End Point TNS Clock 
    Info (332119): ========= =================== =====================
    Info (332119):    45.275               0.000 altera_reserved_tck 
Info (332146): Worst-case hold slack is 0.402
    Info (332119):     Slack       End Point TNS Clock 
    Info (332119): ========= =================== =====================
    Info (332119):     0.402               0.000 altera_reserved_tck 
Info (332146): Worst-case recovery slack is 97.507
    Info (332119):     Slack       End Point TNS Clock 
    Info (332119): ========= =================== =====================
    Info (332119):    97.507               0.000 altera_reserved_tck 
Info (332146): Worst-case removal slack is 1.063
    Info (332119):     Slack       End Point TNS Clock 
    Info (332119): ========= =================== =====================
    Info (332119):     1.063               0.000 altera_reserved_tck 
Info (332146): Worst-case minimum pulse width slack is 49.568
    Info (332119):     Slack       End Point TNS Clock 
    Info (332119): ========= =================== =====================
    Info (332119):    49.568               0.000 altera_reserved_tck 
Info (332114): Report Metastability: Found 1 synchronizer chains.
    Info (332114): The design MTBF is not calculated because there are no specified synchronizers in the design.
    Info (332114): Number of Synchronizer Chains Found: 1
    Info (332114): Shortest Synchronizer Chain: 5 Registers
    Info (332114): Fraction of Chains for which MTBFs Could Not be Calculated: 1.000
    Info (332114): Worst Case Available Settling Time: 343.438 ns
    Info (332114): 
Info: Analyzing Slow 1200mV 0C Model
Info (334003): Started post-fitting delay annotation
Info (334004): Delay annotation completed successfully
Warning (332060): Node: CLK_50 was determined to be a clock but was found without an associated clock assignment.
    Info (13166): Register RAM_IMG:RAM_INST|altsyncram:altsyncram_component|altsyncram_0kh1:auto_generated|altsyncram_2u72:altsyncram1|ram_block3a39~porta_we_reg is being clocked by CLK_50
Critical Warning (332168): The following clock transfers have no clock uncertainty assignment. For more accurate results, apply clock uncertainty assignments or use the derive_clock_uncertainty command.
    Critical Warning (332169): From altera_reserved_tck (Rise) to altera_reserved_tck (Rise) (setup and hold)
    Critical Warning (332169): From altera_reserved_tck (Rise) to altera_reserved_tck (Fall) (setup and hold)
Info (332146): Worst-case setup slack is 45.698
    Info (332119):     Slack       End Point TNS Clock 
    Info (332119): ========= =================== =====================
    Info (332119):    45.698               0.000 altera_reserved_tck 
Info (332146): Worst-case hold slack is 0.354
    Info (332119):     Slack       End Point TNS Clock 
    Info (332119): ========= =================== =====================
    Info (332119):     0.354               0.000 altera_reserved_tck 
Info (332146): Worst-case recovery slack is 97.730
    Info (332119):     Slack       End Point TNS Clock 
    Info (332119): ========= =================== =====================
    Info (332119):    97.730               0.000 altera_reserved_tck 
Info (332146): Worst-case removal slack is 0.968
    Info (332119):     Slack       End Point TNS Clock 
    Info (332119): ========= =================== =====================
    Info (332119):     0.968               0.000 altera_reserved_tck 
Info (332146): Worst-case minimum pulse width slack is 49.498
    Info (332119):     Slack       End Point TNS Clock 
    Info (332119): ========= =================== =====================
    Info (332119):    49.498               0.000 altera_reserved_tck 
Info (332114): Report Metastability: Found 1 synchronizer chains.
    Info (332114): The design MTBF is not calculated because there are no specified synchronizers in the design.
    Info (332114): Number of Synchronizer Chains Found: 1
    Info (332114): Shortest Synchronizer Chain: 5 Registers
    Info (332114): Fraction of Chains for which MTBFs Could Not be Calculated: 1.000
    Info (332114): Worst Case Available Settling Time: 344.121 ns
    Info (332114): 
Info: Analyzing Fast 1200mV 0C Model
Warning (332060): Node: CLK_50 was determined to be a clock but was found without an associated clock assignment.
    Info (13166): Register RAM_IMG:RAM_INST|altsyncram:altsyncram_component|altsyncram_0kh1:auto_generated|altsyncram_2u72:altsyncram1|ram_block3a39~porta_we_reg is being clocked by CLK_50
Critical Warning (332168): The following clock transfers have no clock uncertainty assignment. For more accurate results, apply clock uncertainty assignments or use the derive_clock_uncertainty command.
    Critical Warning (332169): From altera_reserved_tck (Rise) to altera_reserved_tck (Rise) (setup and hold)
    Critical Warning (332169): From altera_reserved_tck (Rise) to altera_reserved_tck (Fall) (setup and hold)
Info (332146): Worst-case setup slack is 47.781
    Info (332119):     Slack       End Point TNS Clock 
    Info (332119): ========= =================== =====================
    Info (332119):    47.781               0.000 altera_reserved_tck 
Info (332146): Worst-case hold slack is 0.181
    Info (332119):     Slack       End Point TNS Clock 
    Info (332119): ========= =================== =====================
    Info (332119):     0.181               0.000 altera_reserved_tck 
Info (332146): Worst-case recovery slack is 98.703
    Info (332119):     Slack       End Point TNS Clock 
    Info (332119): ========= =================== =====================
    Info (332119):    98.703               0.000 altera_reserved_tck 
Info (332146): Worst-case removal slack is 0.505
    Info (332119):     Slack       End Point TNS Clock 
    Info (332119): ========= =================== =====================
    Info (332119):     0.505               0.000 altera_reserved_tck 
Info (332146): Worst-case minimum pulse width slack is 49.455
    Info (332119):     Slack       End Point TNS Clock 
    Info (332119): ========= =================== =====================
    Info (332119):    49.455               0.000 altera_reserved_tck 
Info (332114): Report Metastability: Found 1 synchronizer chains.
    Info (332114): The design MTBF is not calculated because there are no specified synchronizers in the design.
    Info (332114): Number of Synchronizer Chains Found: 1
    Info (332114): Shortest Synchronizer Chain: 5 Registers
    Info (332114): Fraction of Chains for which MTBFs Could Not be Calculated: 1.000
    Info (332114): Worst Case Available Settling Time: 347.109 ns
    Info (332114): 
Info (332102): Design is not fully constrained for setup requirements
Info (332102): Design is not fully constrained for hold requirements
Info: Quartus Prime Timing Analyzer was successful. 0 errors, 14 warnings
    Info: Peak virtual memory: 4836 megabytes
    Info: Processing ended: Sat Nov 29 12:49:48 2025
    Info: Elapsed time: 00:00:09
    Info: Total CPU time (on all processors): 00:00:05


